order_id,lines,units,order_sales,order_profit
CA-2014-145317,7,25,23661.228,-1789.7327
CA-2016-118689,5,18,18336.74,8762.3891
CA-2017-140151,3,9,14052.48,6734.472000000001
CA-2017-127180,4,18,13716.458,4597.1657000000005
CA-2014-139892,7,37,10539.896,-1878.7892
CA-2017-166709,1,3,10499.97,5039.9856
CA-2014-116904,4,17,9900.19,4668.693499999999
CA-2016-117121,1,13,9892.74,4946.37
US-2016-107440,3,14,9135.19,2381.1596
CA-2016-158841,3,20,8805.04,2825.2862
CA-2016-143714,4,10,8539.02,1094.9532
CA-2014-143917,3,17,8319.289999999999,376.83239999999995
US-2017-168116,2,6,8167.419999999999,-3825.3394000000003
US-2015-126977,10,40,7678.228,543.2819000000001
CA-2017-100111,14,52,7359.918,1571.7964
CA-2014-145541,1,4,6999.96,2239.9872
CA-2015-145352,4,12,6412.7699999999995,3192.0681999999997
CA-2014-128209,2,13,6160.616,676.4639000000001
US-2016-143819,4,18,6125.822,2253.4265
CA-2015-114811,5,16,5850.514,2509.0870999999997
CA-2017-138289,3,14,5802.7,2602.0939
US-2014-106992,2,10,5579.9400000000005,-761.9928
US-2016-140158,3,13,5549.41,2640.4798
CA-2017-143112,3,10,5509.142,1398.3494
CA-2017-135909,3,13,5325.884,1938.3775999999998
CA-2017-149881,2,10,5282.648,445.1748
CA-2016-108196,3,10,5016.549,-6892.3748000000005
CA-2016-136301,2,5,4940.87,203.8564
US-2015-128587,2,9,4909.610000000001,2306.7423
CA-2016-128818,6,32,4835.976,1322.131
CA-2016-100300,3,8,4823.09,626.4
CA-2014-164973,5,14,4807.372,2242.8404
CA-2017-158379,3,10,4749.327,-1030.6439
CA-2016-138478,3,12,4685.076,1691.3097
CA-2014-168494,3,21,4630.5105,242.9916
US-2017-167402,4,19,4619.33,206.6524
CA-2015-111829,3,12,4607.2699999999995,1930.4623000000001
CA-2017-129021,5,28,4590.344,358.546
CA-2014-144624,1,7,4548.81,1228.1787
CA-2017-121559,5,20,4472.32,1372.366
CA-2016-129714,5,12,4438.686,1453.4346
CA-2017-118892,1,9,4416.174,-630.882
CA-2016-103982,4,14,4406.072,-747.1021000000001
CA-2015-117086,1,5,4404.9,1013.127
CA-2014-167199,7,24,4374.88,1343.4814
US-2017-102183,2,13,4337.639999999999,1464.3546000000001
CA-2016-113831,3,22,4317.3,1069.944
CA-2015-116638,1,13,4297.644,-1862.3124
CA-2014-160766,7,35,4283.792,1599.6806
CA-2014-102988,5,22,4251.92,112.2737
CA-2015-137113,5,27,4210.650000000001,598.0776000000001
CA-2015-147830,4,17,4190.206,-1980.3794
CA-2017-127432,4,13,4189.38,1455.5515
CA-2016-159016,2,13,4173.812,371.0568
CA-2017-168109,4,13,4150.972,981.3004999999999
CA-2016-107104,4,25,4104.174,487.8992
CA-2015-120782,2,4,3999.7019999999998,1947.981
CA-2016-122903,3,11,3963.57,921.1416
CA-2017-117457,9,46,3955.507,431.81620000000004
CA-2015-149846,4,22,3862.098,425.8189
CA-2017-119809,3,19,3859.488,1255.2411
CA-2014-116246,1,6,3785.292,420.588
CA-2014-163223,5,22,3769.56,1038.5751
CA-2015-102491,3,14,3747.93,1605.7021
CA-2014-131926,5,24,3745.63,1154.6735
CA-2017-102204,3,11,3740.51,-457.7308
CA-2014-115812,7,38,3714.304,300.7687
CA-2015-158421,9,37,3631.96,756.0033
US-2017-110576,5,34,3629.936,-543.6026
CA-2016-124590,5,26,3588.096,4.565399999999997
CA-2016-160717,3,14,3528.488,391.759
CA-2014-125997,6,25,3519.3700000000003,992.7092
CA-2017-165323,2,8,3505.84,1676.3121999999998
CA-2017-137596,3,13,3480.96,1234.3688
US-2014-148838,5,25,3455.13,-1031.6701
CA-2015-124891,3,17,3419.872,480.6405
CA-2017-166093,7,30,3397.732,902.0742
CA-2015-164301,1,8,3393.68,610.8624
CA-2015-131338,10,35,3385.614,800.0789000000001
US-2015-160857,5,18,3384.518,1082.9506999999999
CA-2016-169663,2,6,3384.45,382.8315
CA-2017-133865,1,6,3359.952,1049.985
CA-2016-145625,2,14,3354.98,639.577
US-2016-126452,7,32,3339.122,275.9
CA-2014-117639,2,10,3333.8999999999996,1449.5187
US-2015-134558,3,18,3332.9739999999997,426.8139
US-2015-150630,7,28,3329.4339999999997,-1647.9386000000002
CA-2017-122490,4,23,3321.2780000000002,354.8955
CA-2017-143567,4,19,3291.0699999999997,829.6397
CA-2014-144414,3,11,3290.516,1073.143
CA-2015-135580,5,18,3251.34,490.60380000000004
US-2014-131275,3,13,3247.1580000000004,764.5337999999999
CA-2016-133711,4,23,3236.41,1556.6952
US-2015-163825,2,5,3184.356,1177.386
CA-2015-121720,8,25,3165.744,-129.5882
CA-2016-135265,3,10,3136.868,965.8569
CA-2014-119375,3,15,3116.49,833.7633
CA-2017-133263,3,10,3098.6099999999997,1488.0236000000002
CA-2017-141439,5,14,3083.94,905.6228
CA-2017-159366,1,2,3059.982,679.996
CA-2017-152912,4,17,3013.78,991.3618
US-2017-105935,2,11,3002.6499999999996,788.8426
CA-2017-161956,8,26,2971.792,926.335
CA-2017-145219,2,9,2970.4320000000002,1041.9132
CA-2017-119284,7,31,2942.784,286.35949999999997
US-2017-163300,3,17,2911.7839999999997,895.6084999999999
US-2016-163881,3,16,2904.572,618.7338
CA-2017-115602,4,30,2888.518,669.7832
CA-2014-136567,4,14,2884.37,623.1933
US-2016-116729,3,21,2875.544,355.6392
CA-2014-120474,2,12,2854.48,686.4744000000001
CA-2014-133592,5,19,2846.22,1071.7254
CA-2016-129630,2,8,2824.23,953.7237
CA-2015-164777,1,5,2803.92,0.0
US-2015-100377,1,5,2799.96,874.9875
CA-2016-163804,3,16,2781.77,782.5165999999999
CA-2017-157854,2,9,2747.25,1280.5143
US-2017-141677,5,24,2737.672,370.8056
CA-2014-154627,1,6,2735.952,341.994
CA-2015-139731,2,8,2717.31,-307.6095
CA-2014-127299,2,9,2692.329,-937.4184
CA-2017-123967,2,14,2690.74,247.7558
US-2016-164196,1,6,2678.94,241.1046
CA-2015-111038,1,9,2676.672,267.6672
CA-2016-163167,4,18,2673.69,431.2023
CA-2015-124450,3,14,2670.19,974.3135
CA-2016-114489,4,27,2657.81,775.9808
CA-2014-169019,6,31,2656.716,-3791.1634
CA-2015-146563,4,29,2645.021,-133.18769999999998
CA-2015-123113,2,11,2643.06,739.5186
CA-2017-112333,2,9,2633.5099999999998,632.4618999999999
CA-2015-160227,1,11,2621.322,553.3902
CA-2016-108987,4,13,2620.9376,-345.6218
CA-2017-134845,5,22,2613.309,-3424.3546
US-2017-161935,6,33,2610.73,-201.0476
CA-2017-107174,3,12,2595.388,326.268
CA-2014-141313,3,15,2583.19,654.9194
CA-2015-155306,5,17,2572.5,625.8474
CA-2015-120677,1,8,2567.84,770.352
CA-2017-156776,8,22,2563.314,533.3393
CA-2016-169670,1,8,2563.056,313.2624
CA-2015-164882,9,26,2562.171,349.8456
US-2016-114013,9,31,2550.587,-928.2666
CA-2016-168354,4,19,2545.12,757.561
CA-2015-162782,1,2,2541.98,1270.99
CA-2015-105627,5,22,2531.88,596.7203
CA-2017-168858,2,10,2521.4799999999996,634.555
CA-2015-109575,5,21,2503.82,497.44079999999997
CA-2016-104157,3,14,2503.47,421.22339999999997
CA-2017-160885,1,4,2479.96,743.988
US-2017-118087,8,21,2457.141,-344.0748
CA-2016-105081,2,8,2445.602,681.3864
US-2017-162558,7,23,2437.672,-1034.8361
US-2017-135013,1,5,2399.96,839.986
CA-2016-107202,1,10,2396.4,179.73
CA-2017-128363,7,28,2382.926,-1145.1882
CA-2016-147256,2,10,2377.56,972.2454
CA-2016-105732,10,46,2374.73,696.2947
CA-2017-138975,4,23,2361.52,617.5645
CA-2014-122931,6,27,2358.672,-413.5152
CA-2014-126683,2,11,2354.98,402.2562
CA-2017-121027,2,11,2340.06,595.74
CA-2015-169796,2,5,2339.84,1117.5618
CA-2016-114727,5,14,2331.84,16.2408
CA-2014-126403,4,16,2304.37,543.5698
CA-2015-137974,4,19,2298.9,397.94480000000004
US-2016-113677,2,7,2294.9,599.6619999999999
CA-2017-120376,4,15,2283.43,577.1258
CA-2017-150091,4,15,2258.28,160.4214
CA-2017-157987,12,40,2255.868,297.8179
CA-2015-135685,5,25,2233.02,538.0962
CA-2017-149048,5,13,2229.1800000000003,754.7022
CA-2015-113145,5,21,2220.06,841.9446
CA-2014-110408,3,14,2216.8,444.6902
CA-2015-130659,3,15,2201.864,578.5957999999999
US-2015-128090,4,16,2200.328,319.16429999999997
CA-2017-142090,2,10,2165.658,-571.6885
CA-2015-121783,5,12,2165.12,644.3432
CA-2014-128524,3,10,2158.694,784.8075
CA-2015-121797,2,10,2147.3360000000002,297.8469
CA-2016-143805,2,12,2145.25,706.3045
CA-2014-126361,6,27,2126.034,576.5563
CA-2014-145387,7,20,2116.506,472.0844
CA-2017-121790,4,11,2113.567,209.14659999999998
CA-2017-117212,5,23,2110.72,299.1056
CA-2017-149559,3,12,2089.412,273.873
CA-2015-135622,2,17,2079.112,281.1181
US-2016-108504,11,41,2075.5099999999998,688.7151
CA-2016-131737,3,13,2073.35,640.1885
CA-2016-168032,3,10,2067.7960000000003,-397.12760000000003
CA-2014-166954,3,13,2061.01,290.8953
CA-2014-169726,1,7,2060.744,643.9825
CA-2017-123372,2,13,2059.85,530.9545
CA-2016-133935,3,20,2056.006,131.242
CA-2014-131450,4,18,2049.8160000000003,604.5839
CA-2017-141733,4,10,2049.534,568.1281
CA-2015-113404,2,9,2048.8559999999998,-140.3973
US-2014-135972,2,5,2046.354,729.7065
CA-2017-111738,2,11,2031.3919999999998,685.6176
CA-2016-125087,3,12,2027.1879999999999,-82.8626
CA-2014-134313,2,7,2027.144,252.3136
CA-2015-125976,2,17,2026.7800000000002,631.269
CA-2015-121188,6,26,2017.5320000000002,356.63239999999996
US-2017-118941,3,13,2017.3200000000002,438.408
US-2017-167318,2,8,2012.3020000000001,705.274
CA-2017-107517,2,10,2011.9,501.156
US-2016-131611,5,26,2007.9048,-366.6311
CA-2016-155530,1,6,2003.52,-325.572
CA-2014-163748,2,9,2003.1200000000001,616.4554999999999
CA-2016-157791,1,4,1999.96,899.982
CA-2017-123491,6,30,1993.772,557.3313
CA-2017-155880,3,11,1986.52,482.5819
CA-2016-133725,1,9,1979.928,148.4946
CA-2014-120768,3,21,1979.8899999999999,240.6027
CA-2015-110863,3,12,1971.46,439.31379999999996
CA-2015-111514,4,16,1966.557,343.9643
CA-2017-167752,2,9,1958.544,316.5442
CA-2015-114069,3,13,1952.808,330.80159999999995
CA-2016-142335,2,6,1949.31,311.4315
CA-2015-157084,2,8,1941.81,641.469
CA-2016-165330,11,43,1937.924,272.3826
CA-2017-136308,1,3,1919.976,215.9973
CA-2015-102582,3,12,1918.79,506.9794
US-2017-112347,7,36,1915.624,-316.464
CA-2015-160171,2,8,1910.7,556.596
CA-2014-154893,2,9,1897.92,184.908
CA-2017-159100,2,9,1893.786,-964.4829
CA-2014-126760,4,17,1891.316,110.6962
US-2017-122714,1,5,1889.99,-2929.4845
CA-2014-151330,3,19,1885.27,312.9472
CA-2015-140984,3,17,1884.144,592.242
CA-2017-147760,2,8,1883.7240000000002,-73.0503
CA-2017-144491,4,11,1875.128,-98.07039999999999
CA-2015-126725,7,30,1873.606,175.3879
US-2017-105998,2,17,1872.934,108.8048
US-2014-147627,6,27,1859.4,437.2475
CA-2016-106950,6,31,1854.241,162.19879999999998
CA-2017-151799,5,14,1843.402,432.3557
CA-2014-154599,4,28,1840.043,120.8373
US-2017-167920,7,21,1827.51,764.8837
US-2017-142188,5,26,1820.208,494.4205
CA-2015-146262,5,21,1816.696,-1196.0596
CA-2017-117324,5,16,1816.3600000000001,419.3294
US-2017-158526,5,14,1814.6799999999998,494.86490000000003
CA-2014-124688,3,12,1812.01,481.4421
CA-2017-119452,1,6,1805.88,523.7052
CA-2016-126732,6,27,1804.2479999999998,136.618
CA-2015-134719,1,6,1801.632,-337.806
US-2017-117723,1,6,1801.632,-337.806
CA-2016-105459,2,8,1800.168,220.1534
CA-2014-116666,1,5,1799.97,239.996
CA-2014-152268,1,2,1793.98,843.1706
CA-2016-101546,1,2,1793.98,843.1706
CA-2017-141789,1,2,1793.98,843.1706
US-2015-127040,4,21,1782.17,162.96679999999998
CA-2017-112515,7,21,1782.104,247.5869
CA-2014-107818,4,21,1771.52,235.2232
CA-2017-152975,4,14,1770.1899999999998,329.6405
CA-2014-103310,4,14,1769.784,187.6596
CA-2016-153598,2,11,1761.8500000000001,711.4540000000001
CA-2015-141243,3,17,1757.8536,-352.0866
CA-2017-105669,4,19,1749.902,4.223400000000001
CA-2016-169838,3,18,1745.9099999999999,400.1121
CA-2015-147788,3,14,1745.71,209.63500000000002
CA-2015-126557,7,28,1745.3990000000001,109.9847
CA-2014-108147,2,8,1745.3600000000001,109.524
US-2017-100930,5,13,1735.8505,-361.5705
CA-2014-125829,5,21,1729.416,159.6372
CA-2017-131254,3,14,1729.286,-2330.2698
US-2015-126214,2,14,1717.9699999999998,392.8934
CA-2015-115567,2,11,1716.16,410.2088
CA-2017-113418,1,11,1704.89,767.2005
CA-2016-152555,3,17,1702.3799999999999,40.7136
CA-2017-145884,2,9,1702.0300000000002,437.28560000000004
US-2016-102239,2,8,1691.6080000000002,322.322
CA-2017-105914,2,12,1687.2600000000002,246.8132
US-2015-163279,3,9,1685.4560000000001,250.16940000000002
CA-2014-131387,1,5,1679.96,125.997
CA-2014-157147,3,13,1679.749,249.14939999999999
US-2016-121013,2,5,1678.0,325.83680000000004
US-2016-165505,3,21,1672.31,452.4404
US-2016-100461,2,13,1671.93,456.9723
CA-2016-162390,3,22,1671.08,482.662
CA-2017-148446,1,4,1669.6,116.872
CA-2015-102281,5,26,1668.988,210.9114
CA-2017-158729,1,2,1665.62,33.3124
CA-2015-141565,2,10,1664.1319999999998,-972.0496
CA-2014-105984,2,8,1661.028,-244.9116
CA-2016-125220,1,5,1649.75,544.4175
CA-2017-143063,3,17,1645.87,438.68039999999996
CA-2014-140858,5,23,1639.711,106.72200000000001
CA-2014-165309,7,27,1639.496,-1340.5041
CA-2015-167010,8,32,1636.356,-257.9199
CA-2015-155600,2,11,1635.018,-1053.3600000000001
US-2017-120390,1,4,1633.188,-1306.5504
CA-2016-127138,4,17,1632.3619999999999,139.0491
CA-2017-118724,2,11,1629.712,123.654
CA-2016-121370,3,10,1628.6100000000001,167.994
CA-2016-130946,3,17,1616.704,-1790.2708
CA-2014-150798,4,17,1614.124,72.1372
CA-2016-102162,2,9,1611.01,757.3965
CA-2014-124856,4,18,1609.32,445.9008
CA-2016-105207,2,9,1604.73,355.773
CA-2016-128594,1,4,1603.136,100.196
CA-2016-152247,1,4,1603.136,100.196
CA-2016-150350,6,29,1599.864,115.09819999999999
CA-2016-109869,5,20,1588.323,-857.1918000000001
CA-2017-163006,3,7,1584.866,-63.961200000000005
CA-2017-103877,1,3,1577.94,757.4112
CA-2017-146983,1,3,1577.94,757.4112
CA-2014-150245,1,7,1573.488,196.686
CA-2015-101889,2,12,1568.862,-457.9902
CA-2016-165848,4,11,1562.694,397.3915
CA-2016-146934,6,24,1562.086,356.8186
CA-2017-111556,4,15,1559.6680000000001,344.053
CA-2015-156482,3,15,1558.4199999999998,350.5498
CA-2016-107783,3,14,1556.694,-990.543
CA-2015-142944,2,9,1555.244,473.7518
CA-2014-151995,4,15,1549.77,379.4924
CA-2015-138009,4,20,1542.47,444.2672
CA-2017-103212,3,11,1541.51,363.6841
CA-2014-153850,2,11,1537.5439999999999,-240.7248
CA-2015-166947,1,9,1522.638,169.182
US-2014-119137,4,24,1520.376,144.46079999999998
US-2017-109253,7,32,1520.1499999999999,203.8471
CA-2014-144666,6,27,1517.574,201.21099999999998
CA-2016-142594,4,14,1517.049,335.35560000000004
US-2017-109316,2,4,1515.186,137.4528
CA-2014-125731,2,12,1508.768,156.30880000000002
CA-2014-127614,3,11,1508.13,186.7374
CA-2016-114867,2,7,1507.938,-372.3033
CA-2016-135776,7,16,1506.02,133.46620000000001
CA-2016-139997,1,5,1499.95,449.985
CA-2017-116680,2,14,1491.616,96.72879999999999
CA-2016-114972,4,18,1489.724,469.9156
CA-2014-103492,4,19,1488.774,117.4008
US-2017-134481,1,7,1488.424,-297.6848
CA-2015-146675,2,7,1483.528,481.08869999999996
CA-2014-114251,5,17,1476.834,-127.15079999999999
CA-2017-162691,2,10,1476.27,-251.2959
CA-2016-131289,3,15,1475.584,-171.2236
US-2017-155425,5,28,1475.0539999999999,-256.5716
CA-2016-158694,7,33,1467.134,485.1744
CA-2016-169103,2,8,1466.32,81.409
CA-2016-163328,6,23,1465.032,134.03719999999998
US-2014-138247,6,17,1461.172,188.7825
CA-2017-162015,2,10,1455.55,288.3215
CA-2016-123540,1,5,1454.9,378.274
US-2015-122784,4,16,1454.838,-169.703
CA-2015-100146,4,13,1452.7875,151.5779
CA-2017-109085,5,18,1448.853,-127.2337
CA-2015-162047,1,10,1448.82,209.274
CA-2017-146535,2,13,1446.8400000000001,376.8408
CA-2015-132486,6,26,1446.7839999999999,161.109
CA-2015-159534,5,18,1445.674,456.5333
CA-2017-127397,2,10,1443.72,253.1925
CA-2014-132612,1,7,1441.3,245.021
CA-2016-147417,1,4,1439.976,191.9968
US-2017-147886,7,26,1435.96,106.9836
CA-2017-116988,3,11,1433.19,294.3627
CA-2016-129868,6,15,1431.078,80.7403
CA-2016-144764,3,10,1427.308,-17.953899999999997
US-2016-143448,1,5,1424.9,356.225
CA-2015-153381,2,14,1423.34,401.126
CA-2016-158099,2,8,1422.252,-807.777
CA-2014-108609,1,8,1421.664,-734.5264
CA-2017-143686,2,9,1418.21,608.1851
CA-2014-114321,3,16,1417.35,575.9101
US-2016-160528,3,18,1416.304,-216.2264
CA-2016-112697,3,14,1410.066,-349.37050000000005
US-2017-133200,3,22,1407.2048,-195.9448
CA-2014-124247,1,5,1403.92,70.196
CA-2016-146913,1,5,1403.92,70.196
CA-2016-155845,1,7,1399.944,52.4979
CA-2016-159891,2,9,1396.35,694.4142
CA-2014-165764,4,18,1395.673,-362.66679999999997
CA-2014-119151,2,7,1393.872,17.952600000000004
CA-2016-113243,3,11,1388.78,-191.56
CA-2015-104626,4,14,1388.46,409.8546
CA-2016-111213,3,15,1384.924,312.4121
CA-2017-102379,3,15,1378.948,80.4412
CA-2016-147137,4,16,1376.445,255.59060000000002
CA-2017-153045,4,11,1370.535,-143.0117
CA-2014-163552,5,25,1368.6200000000001,413.6125
CA-2014-111192,1,8,1367.84,259.8896
CA-2016-110492,2,10,1366.04,182.99800000000002
CA-2014-110786,7,36,1365.6299999999999,479.94960000000003
CA-2017-122364,2,6,1365.48,252.37800000000001
CA-2016-105256,1,5,1363.96,85.2475
CA-2015-119879,2,13,1363.674,-504.2467
CA-2017-104640,2,5,1362.056,439.2271
CA-2015-105571,2,14,1361.6309999999999,-1044.4553
CA-2017-157966,7,18,1358.866,344.8139
US-2017-111423,2,7,1358.484,400.0254
CA-2016-138968,2,6,1356.576,86.1492
CA-2014-166863,7,24,1353.5296,-220.376
CA-2015-154284,4,15,1349.63,253.3058
CA-2017-107167,1,8,1347.52,84.22
US-2015-114741,3,9,1347.27,248.6358
CA-2015-140410,3,13,1345.418,160.5256
US-2017-169551,6,16,1344.838,-62.289500000000004
CA-2016-149279,3,11,1344.42,152.41559999999998
CA-2014-143903,3,10,1340.9759999999999,-115.8528
US-2015-129007,6,23,1336.352,272.583
CA-2017-105851,1,2,1332.496,-299.8116
CA-2017-142034,3,13,1331.82,469.614
CA-2016-101791,3,14,1328.128,62.269200000000005
CA-2014-128146,2,9,1326.69,358.2815
CA-2017-108574,3,26,1324.574,198.86939999999998
CA-2017-147207,4,12,1322.75,-151.3382
CA-2017-102750,1,3,1322.352,-99.1764
CA-2016-147375,2,10,1321.467,156.8385
US-2016-138408,1,4,1319.96,527.984
CA-2016-139269,3,15,1311.97,167.6508
CA-2017-111689,2,8,1311.372,285.4993
CA-2016-133550,4,12,1311.03,301.0482
CA-2014-166471,2,6,1310.3359999999998,24.364399999999996
CA-2014-136399,4,13,1308.196,142.8458
CA-2015-157322,5,18,1305.81,-39.8683
CA-2016-162355,2,10,1302.83,301.0897
US-2014-115196,1,2,1299.99,-571.9956
US-2017-142573,5,16,1298.896,-482.5883
CA-2017-100650,1,2,1295.78,310.9872
CA-2017-142342,4,17,1295.0249999999999,255.23700000000002
US-2016-150140,1,5,1294.75,336.635
CA-2016-128223,1,7,1293.488,80.843
CA-2015-113152,2,4,1293.4679999999998,427.51199999999994
CA-2015-148635,4,11,1288.848,91.1622
CA-2016-117590,2,12,1288.4640000000002,-24.4893
CA-2016-134887,1,5,1287.45,244.6155
CA-2014-162775,5,20,1287.26,326.5672
CA-2016-109722,2,11,1284.8000000000002,266.1728
CA-2015-133585,2,8,1283.3264,-29.893200000000004
CA-2016-152730,8,33,1282.6100000000001,509.11740000000003
CA-2014-106376,2,12,1280.992,174.2904
CA-2017-126067,4,16,1278.158,295.57620000000003
CA-2014-127446,6,17,1273.6229999999998,-117.8601
CA-2015-112452,5,9,1273.606,326.2746
US-2014-144078,3,12,1272.704,104.2478
US-2014-123183,4,21,1271.42,353.61240000000004
CA-2017-167395,3,14,1271.17,364.6807
CA-2015-120621,3,21,1270.3790000000001,242.5149
US-2016-141544,5,25,1269.8700000000001,-316.8514
CA-2016-145905,3,7,1264.14,207.2624
CA-2016-142545,5,21,1263.67,98.2864
CA-2014-106726,1,7,1261.33,327.9458
CA-2016-162187,5,19,1252.636,-263.5685
CA-2014-101931,5,17,1252.602,18.614
CA-2017-128265,1,3,1247.64,349.3392
CA-2017-122693,1,7,1245.86,361.2994
US-2015-139675,2,12,1242.896,194.7256
CA-2017-110443,3,14,1242.632,185.4324
CA-2017-150266,4,19,1240.418,-162.94140000000002
CA-2017-127026,5,18,1239.833,362.3067
CA-2015-160472,6,25,1238.33,279.5512
US-2015-138121,5,21,1233.61,252.88649999999998
CA-2017-105214,2,9,1231.5,99.6858
CA-2015-111780,3,11,1230.5,239.23950000000002
CA-2015-117415,4,19,1228.9532,15.048
CA-2014-164315,3,15,1220.67,341.38239999999996
CA-2016-163573,1,5,1219.96,381.2375
CA-2017-123085,2,11,1219.7920000000001,423.7296
CA-2015-153423,1,2,1217.568,456.588
US-2014-117968,3,10,1217.3799999999999,318.929
US-2014-118997,1,8,1215.92,316.1392
US-2016-155768,4,9,1215.72,258.4088
CA-2015-150714,5,31,1215.269,-56.351399999999984
CA-2014-141796,1,3,1214.85,352.3065
CA-2014-139192,2,13,1213.494,163.2654
CA-2014-152100,1,8,1212.96,-69.312
CA-2016-113607,2,9,1203.89,327.8429
CA-2015-166219,2,6,1203.441,66.23570000000001
CA-2016-110499,1,3,1199.976,374.9925
CA-2014-111871,1,10,1198.33,70.49
US-2017-166688,3,16,1196.316,92.0209
CA-2014-121006,6,17,1194.8700000000001,299.7966
US-2014-137869,2,7,1190.84,109.5012
CA-2014-134572,3,12,1190.53,-222.016
CA-2016-152289,2,8,1184.6999999999998,14.718000000000004
CA-2016-110975,2,5,1179.822,53.27839999999999
CA-2016-155516,4,17,1179.27,311.3476
CA-2014-116932,3,8,1173.616,103.1748
CA-2015-103835,2,7,1173.03,340.4769
CA-2017-152933,3,12,1171.792,160.1547
CA-2015-130974,7,24,1170.918,242.671
CA-2015-146486,4,18,1170.72,70.6522
CA-2017-130841,3,9,1170.5639999999999,108.05359999999999
CA-2017-125451,6,22,1169.98,-54.1212
CA-2017-121839,1,3,1169.694,-253.4337
US-2016-169040,7,27,1169.454,297.4051
CA-2014-163419,3,8,1167.296,132.29399999999998
US-2016-167339,2,9,1167.056,70.25280000000001
CA-2015-153549,1,5,1166.92,131.2785
CA-2014-146283,3,13,1166.7160000000001,53.919200000000004
US-2016-150861,5,18,1165.328,46.3184
CA-2016-123946,4,15,1159.06,314.6962
US-2017-163790,6,31,1158.882,282.4405
CA-2014-159520,3,14,1158.448,-292.18989999999997
CA-2017-158561,1,5,1158.12,130.2885
CA-2016-114601,5,15,1157.98,328.6762
CA-2016-134803,5,23,1157.68,219.8832
US-2017-162670,5,16,1152.87,287.244
CA-2016-116911,2,7,1148.806,266.1649
CA-2014-104563,4,18,1143.822,85.5106
CA-2015-165624,7,30,1142.43,364.3753
CA-2014-130428,3,14,1142.165,89.4226
US-2014-125521,1,4,1139.92,284.98
US-2016-111290,4,16,1137.4,197.5665
CA-2015-136469,3,13,1136.896,260.1058
CA-2014-117464,4,20,1136.092,162.7472
CA-2015-132626,9,41,1133.82,435.0198
CA-2015-117800,2,5,1132.8400000000001,288.6394
CA-2017-130036,2,17,1132.56,213.93900000000002
CA-2016-109344,1,3,1127.976,126.8973
CA-2015-110016,2,13,1126.8300000000002,131.1225
CA-2017-160633,3,11,1126.2939999999999,78.646
CA-2014-168984,3,12,1122.968,-249.494
CA-2016-136406,1,2,1121.568,0.0
CA-2016-157280,3,10,1120.73,165.8033
CA-2016-142958,2,6,1120.368,43.995000000000005
CA-2016-148852,5,23,1119.148,76.94850000000001
CA-2015-165162,1,4,1117.92,55.896
CA-2016-136812,1,4,1117.92,55.896
US-2015-161991,2,12,1116.48,372.678
CA-2017-100097,2,10,1115.25,302.4705
CA-2016-132304,1,7,1115.17,334.551
CA-2015-123141,2,7,1114.192,119.5878
CA-2017-140872,8,25,1111.698,48.0533
CA-2016-153178,2,5,1111.4180000000001,383.943
CA-2014-138128,2,7,1110.6480000000001,135.5822
CA-2016-163776,6,24,1110.5,363.4222
CA-2016-106530,5,11,1110.344,104.23349999999999
CA-2015-158491,2,5,1109.95,431.98199999999997
CA-2014-124478,5,15,1109.7250000000001,436.102
CA-2014-163468,5,20,1109.372,-284.74739999999997
CA-2017-122035,6,22,1107.68,329.9336
CA-2014-103100,2,4,1107.66,498.5208
CA-2016-162236,3,14,1106.924,-322.89880000000005
CA-2014-154963,3,11,1106.77,-20.0355
CA-2015-126697,3,14,1102.472,148.9446
CA-2017-138149,4,13,1100.62,367.0544
CA-2015-154956,1,4,1099.96,285.9896
CA-2017-150420,1,10,1099.5,362.835
US-2015-116981,2,10,1098.53,285.6178
CA-2017-102407,3,12,1096.488,93.2382
CA-2016-112123,3,15,1094.25,428.9291
CA-2016-158001,3,16,1091.44,297.67080000000004
CA-2014-166086,4,12,1091.3500000000001,215.8138
CA-2017-150910,5,23,1090.348,-220.5622
CA-2016-160108,2,10,1085.87,209.27140000000003
CA-2016-155978,2,4,1085.688,104.7642
CA-2016-144218,1,7,1085.42,282.2092
CA-2017-164112,1,7,1085.42,282.2092
CA-2015-127509,4,16,1085.16,243.861
CA-2017-162789,2,10,1083.07,175.34310000000002
CA-2015-132465,4,8,1082.1499999999999,167.11100000000002
CA-2017-121888,4,13,1081.69,338.0639
US-2017-165456,1,6,1079.316,-15.4188
CA-2017-161774,5,16,1078.4379999999999,36.7115
CA-2017-151981,3,19,1077.47,327.6762
CA-2014-140662,3,12,1075.3700000000001,432.7264
CA-2017-117702,3,11,1071.74,281.054
US-2017-117534,5,23,1069.132,188.8396
US-2017-128951,3,8,1065.8400000000001,213.7332
US-2017-106145,5,21,1065.2160000000001,371.9775
CA-2016-115917,2,9,1064.624,277.8048
US-2015-168704,3,9,1061.328,-140.5778
US-2016-125402,7,25,1059.088,250.74169999999998
CA-2016-124352,6,23,1058.27,339.7367
CA-2015-112130,7,25,1058.1879999999999,-20.4353
CA-2017-108560,4,14,1058.108,502.9244
CA-2017-152310,6,27,1057.168,271.22450000000003
CA-2016-102092,1,7,1056.86,158.529
CA-2015-109638,3,16,1055.142,432.9348
CA-2016-146633,2,8,1054.928,394.6446
CA-2017-131828,2,7,1051.912,116.1207
CA-2014-112158,3,17,1050.6,-41.93959999999999
CA-2014-143371,2,14,1049.97,43.2636
US-2017-164056,1,5,1048.35,-69.89
CA-2015-133242,5,12,1046.47,250.8226
CA-2016-137743,2,6,1045.872,54.952400000000004
CA-2016-105816,2,12,1045.21,304.9421
CA-2015-106320,1,3,1044.63,240.2649
US-2017-102890,1,5,1044.63,-295.9785
CA-2014-102673,4,29,1044.44,127.9659
CA-2015-124800,7,32,1044.075,-126.5346
CA-2016-129280,6,20,1043.041,-237.2885
CA-2014-131002,5,17,1040.19,291.99269999999996
CA-2015-130890,1,5,1038.84,51.942
CA-2017-124205,4,17,1038.26,265.5332
US-2014-157385,4,11,1037.19,-27.319900000000004
CA-2015-145758,1,4,1035.8,269.308
CA-2015-143105,4,16,1033.234,357.36310000000003
CA-2017-100622,4,8,1030.742,316.938
CA-2016-132997,5,14,1030.494,274.0774
CA-2016-101672,4,10,1027.676,155.737
CA-2017-148404,5,18,1027.21,18.174299999999988
CA-2016-158778,4,17,1024.637,-70.4747
CA-2015-135174,1,5,1022.97,-255.7425
CA-2014-129091,4,13,1022.61,460.34450000000004
CA-2016-146206,2,10,1020.8900000000001,19.604999999999997
CA-2017-145233,5,19,1020.2629999999999,91.39
US-2016-103674,7,41,1018.3019999999999,227.83679999999998
US-2015-157154,1,4,1018.104,-373.3048
CA-2017-115882,2,7,1017.136,117.5134
CA-2016-107328,3,13,1016.184,154.77720000000002
CA-2014-153913,2,11,1015.816,102.0528
US-2016-144057,5,22,1013.7919999999999,-46.03800000000001
CA-2015-153388,2,10,1011.696,-172.5108
CA-2015-142601,2,9,1009.13,37.3537
CA-2014-103660,1,7,1007.944,75.5958
CA-2014-106439,9,45,1007.9359999999999,122.54350000000001
CA-2017-147956,1,6,1003.62,0.0
CA-2016-168753,2,10,1002.7,285.761
US-2015-134026,3,11,1001.76,-131.3742
CA-2016-140249,1,2,1001.584,125.198
CA-2015-150875,2,5,1001.1959999999999,183.03480000000002
CA-2014-160094,2,10,1000.95,260.247
CA-2015-121650,4,7,1000.4300000000001,235.84480000000002
CA-2017-138380,1,7,1000.02,290.0058
CA-2015-156104,1,2,999.98,449.991
CA-2016-166429,1,2,999.98,449.991
CA-2014-121629,1,5,998.85,-199.77
CA-2016-140382,4,15,997.9340000000001,142.005
CA-2017-164756,8,35,997.83,349.1955
CA-2017-121489,3,14,994.464,84.8382
CA-2016-152156,2,5,993.9000000000001,261.49559999999997
CA-2014-145254,4,17,992.828,115.0252
CA-2015-130113,2,11,991.26,136.55700000000002
CA-2017-121048,7,22,988.204,155.0037
US-2017-141558,4,10,987.188,-233.054
CA-2017-166436,2,7,983.172,176.622
US-2015-108966,2,7,979.9455,-380.51460000000003
US-2017-166324,3,12,979.626,-52.07
CA-2015-137946,3,7,979.104,342.0882
CA-2017-105410,4,18,976.8280000000001,-27.878
CA-2016-112669,2,8,976.512,109.3204
CA-2015-109512,3,14,976.347,146.2125
CA-2015-104941,4,17,976.2900000000001,346.28430000000003
US-2017-113992,1,4,974.988,-97.4988
CA-2015-154326,3,10,974.9,287.3705
CA-2017-134915,6,17,972.08,76.7596
CA-2015-166583,1,3,971.88,109.3365
CA-2014-146969,5,10,968.3000000000001,299.0266
CA-2016-145730,3,9,962.406,-82.0947
US-2016-164630,1,4,959.968,119.996
CA-2016-114104,2,9,959.55,243.10389999999998
US-2017-116652,5,21,959.1999999999999,179.03480000000002
CA-2017-112753,2,15,956.8035,94.6449
US-2016-110170,1,7,956.6648,-225.0976
CA-2017-151750,7,39,954.902,-390.9563
CA-2017-108441,4,14,954.548,173.3126
CA-2017-104731,7,29,951.98,195.56519999999998
CA-2017-147277,2,4,949.7719999999999,-9.289599999999993
CA-2014-148383,1,6,946.764,-694.2936
CA-2015-110548,1,7,946.344,118.293
US-2014-155502,7,34,944.61,105.5586
US-2016-115441,5,23,941.1800000000001,265.9253
CA-2015-162201,7,35,937.6080000000001,96.51010000000001
US-2017-130953,4,10,935.74,283.5701
CA-2014-120838,2,8,935.1519999999999,123.701
CA-2016-156748,4,16,933.95,82.9499
CA-2017-132290,1,4,933.408,-173.3472
CA-2017-139199,3,7,927.44,252.709
CA-2014-124429,2,14,926.44,-21.169600000000003
CA-2015-136805,2,14,925.83,265.2858
CA-2017-128944,3,18,921.228,-34.634100000000004
CA-2016-132829,5,20,921.024,104.4948
CA-2015-142755,4,14,919.49,258.2784
CA-2016-100993,4,14,918.9659999999999,32.561499999999995
CA-2017-143245,2,6,916.59,260.5332
CA-2017-119578,2,7,916.14,85.58340000000001
CA-2017-104801,3,8,914.12,367.2789
CA-2017-107132,4,14,913.168,291.0276
CA-2015-120362,1,5,912.75,118.6575
CA-2017-142622,3,12,911.82,8.863000000000003
CA-2016-156685,2,12,911.256,111.5262
CA-2015-133452,2,7,910.792,-27.7534
CA-2017-154410,1,8,909.12,9.0912
CA-2017-128853,1,9,908.82,227.205
CA-2014-140396,4,16,907.5600000000001,251.172
US-2014-141215,3,9,906.43,-90.1178
CA-2017-116519,1,5,904.9,253.372
US-2014-165659,2,13,904.13,238.4038
CA-2017-161410,2,17,904.116,114.5788
CA-2016-168893,5,16,903.7700000000001,183.6164
CA-2016-118745,1,3,902.712,33.8517
CA-2017-155460,2,6,901.1999999999999,304.74899999999997
CA-2016-150945,1,4,900.08,117.0104
CA-2015-103933,1,9,899.91,395.9604
CA-2016-145177,9,42,899.59,18.497
CA-2017-105333,3,10,899.1099999999999,170.87900000000002
CA-2015-108665,4,15,896.38,229.51500000000001
CA-2015-149342,3,11,896.3100000000001,381.66270000000003
CA-2017-130302,1,7,895.944,190.3881
CA-2017-147291,1,4,895.92,421.0824
US-2016-123750,4,16,895.06,-14.743599999999995
CA-2015-107678,4,13,893.09,228.89280000000002
CA-2017-115154,1,2,892.98,80.3682
CA-2015-161452,1,3,892.224,89.2224
CA-2016-123358,4,19,891.962,147.1346
CA-2014-109897,2,11,891.7760000000001,82.00880000000001
CA-2017-111332,5,24,891.53,216.5907
CA-2017-127782,4,11,891.504,-181.3609
CA-2014-137274,1,3,890.841,-152.7156
US-2017-100048,3,11,889.29,313.0254
CA-2016-161907,2,7,887.966,-191.16740000000001
CA-2014-168130,1,7,887.103,177.4206
US-2014-106299,3,9,886.28,248.02759999999998
CA-2016-127761,2,8,885.5699999999999,221.8475
CA-2016-133795,3,9,885.03,179.7389
CA-2016-114860,2,10,884.6800000000001,213.16240000000002
CA-2015-135538,1,4,883.84,99.432
CA-2016-160535,2,12,883.3199999999999,185.97840000000002
CA-2017-135937,6,22,882.99,-142.1216
CA-2017-121853,3,13,878.816,180.272
CA-2016-164399,2,6,878.328,17.0676
CA-2014-125556,2,17,876.7299999999999,254.2444
CA-2017-113705,6,18,874.8000000000001,144.8492
US-2016-105578,5,10,874.308,33.042699999999996
CA-2017-168389,4,12,873.811,-447.3414
CA-2017-147032,3,9,872.5,401.9111
CA-2016-113292,1,3,871.8,87.18
US-2017-124821,1,4,871.4,148.138
CA-2017-121503,2,10,871.028,142.2009
CA-2016-148684,4,19,870.0400000000001,364.8721
CA-2017-166695,3,10,868.452,-55.2156
CA-2016-100944,2,10,868.14,199.627
CA-2015-145814,2,6,867.744,252.1544
CA-2014-124702,2,6,867.74,149.942
CA-2016-118514,1,4,866.4,225.264
CA-2017-155705,1,4,866.4,225.264
CA-2014-102274,4,13,865.5,323.127
CA-2017-117401,3,19,865.0,220.95100000000002
CA-2016-127698,1,9,863.928,86.3928
CA-2017-117079,1,3,863.88,107.985
CA-2016-144148,1,7,863.128,-32.3673
CA-2014-137092,5,10,862.202,97.99130000000001
CA-2015-143364,4,15,860.916,-199.99999999999997
CA-2015-154746,2,5,860.07,339.16290000000004
CA-2016-108056,1,3,859.2,75.18
CA-2016-137043,2,9,859.14,249.1506
CA-2014-111451,5,22,855.272,20.8692
CA-2014-142839,1,6,853.092,-227.4912
CA-2017-128734,2,7,850.92,107.2194
CA-2017-140326,3,15,849.846,-111.468
CA-2017-121083,4,17,847.46,262.18539999999996
CA-2015-140025,2,14,847.2,-1133.2884000000001
CA-2015-138898,1,13,845.728,84.5728
US-2016-162852,1,8,845.488,-12.0784
CA-2017-101042,2,8,843.84,224.4492
CA-2016-149797,1,2,841.568,294.5488
CA-2014-121573,3,8,840.712,240.6926
CA-2016-157336,2,10,840.0,190.9008
CA-2016-153682,1,2,839.988,69.999
CA-2016-152471,2,7,839.9440000000001,56.4925
CA-2017-155376,1,3,839.43,218.2518
CA-2017-161046,4,15,839.25,336.78499999999997
US-2017-105389,3,11,837.796,46.1593
CA-2016-127649,1,3,837.6,62.82
US-2015-130512,5,16,837.444,-230.1632
US-2016-142685,1,7,835.17,16.7034
CA-2017-132178,2,10,832.96,65.27199999999999
US-2015-126753,7,20,832.446,-115.9042
CA-2014-162992,4,16,832.1379999999999,104.4785
CA-2016-168046,4,16,831.502,-76.43669999999999
CA-2017-167941,5,23,831.368,-1.4835999999999974
CA-2017-157931,2,7,830.24,238.18959999999998
CA-2017-160325,2,5,829.83,241.1094
CA-2014-136336,1,6,828.84,0.0
CA-2015-110765,1,3,824.97,214.4922
CA-2017-140963,3,12,823.7249999999999,2.0524999999999984
US-2016-168620,3,14,823.61,9.002999999999997
US-2015-164308,1,6,821.94,213.7044
CA-2017-122504,2,10,821.514,80.42819999999999
CA-2016-169943,5,26,821.2239999999999,112.773
CA-2017-114055,4,12,819.28,372.80580000000003
CA-2017-144498,3,20,817.829,57.6973
CA-2014-111962,2,7,817.798,156.61249999999998
US-2016-146066,1,9,815.292,-339.705
CA-2016-131835,3,6,815.12,352.7596
US-2017-116897,3,12,814.526,66.0072
CA-2016-164770,2,19,812.6800000000001,-128.346
CA-2017-137022,1,8,811.28,24.3384
CA-2015-115798,4,15,810.2,214.5488
US-2014-140914,2,6,808.928,-64.9594
CA-2017-110905,8,30,808.9200000000001,125.3079
CA-2015-157770,4,14,808.6659999999999,101.8869
US-2017-165358,3,11,807.898,56.948499999999996
CA-2014-158372,6,32,807.6859999999999,136.8365
CA-2015-146255,4,10,807.5400000000001,271.4153
CA-2015-102876,3,10,806.4090000000001,-142.9152
CA-2017-120168,4,17,806.05,228.1843
CA-2017-118199,5,15,805.99,226.07160000000002
CA-2014-101602,2,8,803.9599999999999,-30.961
CA-2014-127558,3,8,803.0400000000001,155.3241
CA-2016-145919,3,19,802.02,110.13300000000001
CA-2015-165050,3,13,801.988,233.9924
US-2016-157490,4,19,801.5500000000001,-961.5321
CA-2014-120670,1,10,799.92,239.976
CA-2016-157259,1,9,799.56,207.8856
CA-2017-153871,3,14,798.9300000000001,355.8785
CA-2015-124975,1,7,796.425,-525.6405
US-2015-159982,4,22,796.324,32.6808
CA-2017-102925,8,22,796.036,118.909
CA-2014-141649,1,6,795.408,59.6556
CA-2015-161718,4,14,794.5740000000001,98.19680000000001
CA-2015-113628,6,19,792.5079999999999,-51.941900000000004
CA-2014-100916,3,10,788.86,122.9662
US-2014-119081,4,12,787.85,180.4258
CA-2015-110457,1,3,787.53,165.3813
CA-2016-136770,3,9,787.044,-56.7554
CA-2016-153318,1,5,783.96,78.396
CA-2014-114790,4,11,782.63,223.9838
CA-2017-100524,3,13,782.4000000000001,220.2306
CA-2017-106859,5,34,780.086,322.9391
CA-2014-103373,1,2,779.796,-168.9558
CA-2017-130386,3,15,779.16,28.2711
US-2015-138093,5,23,776.44,220.1711
CA-2017-126914,2,5,776.0799999999999,48.489999999999995
US-2014-115189,2,9,775.7280000000001,-242.43959999999998
US-2015-123218,3,9,775.01,-8.619199999999996
US-2015-132836,4,17,774.47,290.681
CA-2014-166051,2,6,773.7,230.9727
US-2016-124163,4,19,773.59,243.6661
CA-2016-161025,1,4,772.68,108.1752
CA-2017-121419,2,6,771.8,199.606
CA-2014-149104,4,16,770.61,50.844300000000004
CA-2017-124436,4,15,770.2099999999999,35.7941
CA-2015-168746,3,7,769.332,-191.64319999999998
CA-2015-131856,3,17,769.024,95.29660000000001
CA-2014-163447,1,14,767.214,161.9674
US-2017-124968,1,7,765.625,-566.5625
CA-2014-103429,4,14,765.494,239.3599
CA-2015-102260,5,13,763.5079999999999,-65.819
CA-2017-152093,1,3,762.594,-1143.891
US-2017-148551,1,5,760.98,-1141.47
CA-2017-135279,6,17,760.8,116.9461
CA-2014-138940,1,6,758.352,265.4232
CA-2015-144806,5,31,757.712,68.6566
CA-2016-120369,1,5,756.8,75.68
US-2016-157945,2,5,756.486,-92.7666
US-2015-138303,3,10,755.096,-137.481
CA-2016-156300,1,5,754.45,60.356
CA-2016-102981,2,5,754.212,101.445
CA-2017-131807,6,22,753.112,-14.044500000000001
CA-2014-128846,2,8,752.9200000000001,224.0423
US-2016-100839,2,8,752.4100000000001,-461.2
CA-2017-137631,1,2,751.984,84.5982
CA-2014-129189,4,14,751.886,-79.1232
CA-2015-109386,5,23,750.93,205.24439999999998
CA-2017-121741,1,2,750.68,37.534
CA-2017-112529,2,10,749.8919999999999,-63.0732
CA-2016-107146,2,7,749.488,41.0352
US-2015-154389,1,8,748.752,-162.2296
CA-2017-108539,3,9,745.2800000000001,217.327
CA-2016-151561,4,14,744.15,301.425
CA-2016-133816,1,2,743.988,-123.998
CA-2015-127173,3,19,743.4259999999999,340.9117
US-2014-167262,1,8,742.336,83.5128
CA-2015-120880,3,13,740.73,219.0102
CA-2017-129462,4,8,740.5899999999999,210.16479999999999
CA-2017-113481,3,13,740.214,-61.5156
CA-2016-127243,5,22,740.0880000000001,-108.6367
CA-2017-103380,5,10,739.736,71.974
CA-2015-168207,4,19,738.899,49.093
CA-2017-137449,3,8,738.7052,-190.5318
CA-2016-121223,2,11,737.394,-155.2983
US-2014-102715,4,15,737.2,129.5495
CA-2015-124107,4,18,736.4730000000001,152.51579999999998
CA-2016-140130,4,11,736.26,100.7796
CA-2017-150497,1,2,735.98,331.191
US-2014-137155,3,12,733.5600000000001,246.954
CA-2015-130785,3,13,733.283,-15.831800000000001
US-2017-159205,2,12,732.93,213.7604
CA-2014-134551,3,15,732.312,87.4533
CA-2016-139395,4,18,732.17,203.25420000000003
CA-2016-164574,2,8,732.156,6.338100000000001
CA-2014-119144,3,10,730.8525,17.552400000000002
CA-2015-104346,9,41,730.038,-332.41360000000003
US-2014-159926,5,14,730.009,-161.257
CA-2017-113558,2,6,729.648,47.8878
CA-2017-164378,5,15,729.396,107.24640000000001
CA-2017-165204,2,7,728.968,-59.6666
CA-2016-108882,2,14,727.8779999999999,260.706
CA-2017-161053,2,9,726.9100000000001,333.6796
CA-2017-113530,4,16,726.828,55.8998
CA-2014-128055,2,4,726.548,267.4224
CA-2017-163979,1,4,725.84,210.4936
CA-2014-159310,3,14,725.332,1.3483
US-2017-165344,3,21,725.079,-934.3099000000001
CA-2016-112109,4,16,725.072,53.891
CA-2017-166184,3,7,724.846,160.7012
CA-2016-116736,3,7,724.55,144.6682
CA-2017-124765,1,5,723.92,-81.441
CA-2015-104948,3,13,723.164,-23.258799999999997
CA-2015-106257,2,4,721.488,26.895000000000003
CA-2014-127131,4,19,721.476,79.7394
CA-2017-100951,1,5,720.76,54.057
CA-2014-140473,1,3,719.976,134.9955
US-2014-140116,2,7,719.576,-6.553799999999999
CA-2017-134565,5,18,719.408,197.9385
CA-2017-154074,2,9,719.298,50.5413
US-2017-117247,2,8,719.095,-473.26980000000003
CA-2016-100790,2,10,718.95,91.125
CA-2015-142202,1,9,717.12,152.388
CA-2016-112585,1,2,715.64,178.91
CA-2015-162887,1,3,715.2,178.8
CA-2017-113670,2,8,715.19,106.8035
CA-2014-162089,3,19,714.966,192.3929
US-2016-152051,3,13,714.498,-96.8898
CA-2015-158659,1,5,714.3,207.147
CA-2016-127369,1,5,714.3,207.147
US-2017-101539,3,5,712.966,54.468999999999994
CA-2017-124296,2,7,712.85,300.53380000000004
US-2015-156496,3,15,711.784,21.885399999999997
CA-2014-152443,3,16,711.6800000000001,297.08840000000004
CA-2017-141929,3,8,711.394,219.5875
CA-2017-149888,2,9,710.322,-212.1348
CA-2014-169775,3,9,709.0425,-436.74309999999997
CA-2014-167927,8,26,708.616,183.5546
CA-2014-140732,3,15,707.628,115.3796
CA-2016-168543,1,7,706.86,197.9208
CA-2014-129924,2,5,706.064,-14.6632
CA-2014-169061,5,16,705.562,261.1901
CA-2016-118626,1,7,705.544,70.5544
CA-2015-137925,2,19,705.068,53.4716
CA-2017-163265,5,15,705.002,-10.7121
US-2016-156097,2,4,703.68,-53.56
CA-2017-159149,3,11,702.8424,-52.062599999999996
US-2015-147242,3,13,702.74,224.8294
CA-2017-169327,3,15,702.52,190.42100000000002
CA-2017-143756,1,2,701.96,168.4704
US-2017-109610,1,2,701.96,168.4704
CA-2014-155887,1,3,700.056,-130.0104
CA-2017-100902,2,12,699.4000000000001,201.674
CA-2014-100090,2,9,699.192,-19.089
CA-2016-144309,2,7,698.5,229.7008
CA-2015-105690,3,5,697.8208000000001,92.93280000000001
CA-2017-143378,4,16,697.612,-41.105
CA-2017-161067,4,9,697.525,209.5822
CA-2014-130624,3,9,697.32,196.5762
CA-2016-127670,1,4,697.16,146.4036
CA-2014-100678,4,11,697.074,61.7937
CA-2017-107321,2,7,696.08,79.72680000000001
CA-2017-118885,2,7,695.944,-21.598200000000002
CA-2016-147368,1,2,695.7,-27.828
CA-2017-143574,3,14,694.6700000000001,201.79160000000002
CA-2014-156594,4,10,694.534,216.3634
CA-2014-156160,4,12,693.992,125.92
CA-2017-121300,6,15,693.13,-123.27420000000001
CA-2016-154662,1,3,692.94,173.235
US-2015-136987,2,6,692.728,240.2588
CA-2016-120355,2,5,692.5020000000001,166.5056
CA-2015-166975,1,11,692.472,190.4298
CA-2015-137064,3,8,692.2139999999999,-126.35340000000001
CA-2017-144526,2,8,691.476,-167.366
CA-2017-159667,2,7,691.144,69.5932
CA-2015-163587,2,7,688.46,323.411
CA-2014-169803,2,5,687.4499999999999,113.1375
CA-2015-103954,1,5,687.4,48.118
CA-2016-158260,1,2,686.4,77.22
CA-2016-126158,4,23,686.244,163.2002
US-2014-133130,2,7,685.9,85.4642
CA-2017-147361,2,12,685.26,27.2532
CA-2017-148922,3,14,684.78,280.7697
CA-2017-136448,5,12,684.11,-378.93080000000003
CA-2017-102337,3,13,683.022,-120.46860000000001
CA-2014-158274,3,11,682.91,180.26559999999998
US-2017-136868,3,10,681.91,133.2009
CA-2016-131968,2,5,681.432,43.4442
US-2015-166520,2,13,680.78,231.5992
US-2016-167472,7,23,678.87,280.8057
CA-2017-116715,3,13,678.1,208.81019999999998
CA-2016-157749,7,25,677.949,-462.9528
CA-2015-142237,6,33,676.734,-39.3858
CA-2017-163902,2,9,676.716,67.5516
CA-2017-146192,1,3,675.06,87.7578
CA-2017-168655,2,8,674.872,125.152
US-2014-161613,1,3,674.058,-19.2588
US-2015-115343,2,8,673.576,-1.4697000000000005
CA-2017-130505,1,3,673.344,-76.9536
CA-2015-110744,1,7,671.93,20.1579
CA-2015-163181,6,25,671.0020000000001,-142.6601
CA-2014-159835,2,7,670.3779999999999,-90.1
CA-2015-156734,3,11,670.001,59.0374
US-2017-120418,5,14,668.744,2.8781999999999943
CA-2017-155698,2,10,668.5400000000001,178.3744
CA-2015-130456,2,7,667.378,37.7332
CA-2014-105893,1,6,665.88,13.3176
CA-2015-107937,1,6,665.88,106.5408
CA-2016-137050,6,24,663.9639999999999,48.5239
US-2016-135720,3,12,663.952,8.3077
US-2017-120089,1,4,663.936,82.992
US-2017-124779,6,25,663.87,11.276400000000011
CA-2014-124646,2,6,663.75,9.7164
CA-2014-107811,2,7,661.5039999999999,68.949
CA-2016-125080,1,2,661.176,-231.4116
CA-2017-117198,1,2,659.9,217.767
CA-2015-124499,2,8,659.8800000000001,89.07929999999999
CA-2016-120530,1,3,658.746,146.388
CA-2016-132731,1,6,657.552,49.3164
CA-2017-139717,2,10,656.6400000000001,68.3856
US-2016-139087,7,25,656.4,163.4177
CA-2017-159506,2,9,656.22,296.8818
CA-2015-141040,2,8,655.88,314.1048
CA-2016-111682,7,25,655.09,102.2808
CA-2015-164084,5,16,654.772,-80.6772
CA-2017-131954,6,22,654.242,164.42659999999998
CA-2017-130764,2,9,652.505,41.291
CA-2015-116876,2,10,652.414,197.3757
CA-2014-113880,2,9,651.588,-166.4388
CA-2016-142398,2,8,651.496,-27.291600000000003
US-2016-127334,2,5,651.363,-295.9485
CA-2014-135608,2,7,649.5999999999999,66.3068
CA-2017-109183,1,2,649.0,-272.58
CA-2014-136644,1,8,647.84,32.392
US-2015-120161,1,9,646.776,-145.5246
CA-2015-163055,3,7,646.63,138.1268
CA-2014-163034,1,5,646.2,-8.0775
US-2016-113649,3,15,645.136,78.1812
CA-2015-124058,2,10,644.904,20.301899999999996
US-2016-100720,3,9,644.198,-143.42079999999999
CA-2014-117765,4,11,643.78,178.271
CA-2017-156951,4,21,643.52,81.7
CA-2016-113978,3,6,642.016,-69.8378
CA-2016-100510,2,7,641.98,307.7496
CA-2016-157245,1,2,641.96,179.7488
CA-2014-151295,2,5,641.024,37.3136
US-2017-148362,3,9,639.83,103.9546
US-2014-156559,1,9,638.82,172.4814
CA-2017-133004,1,9,638.73,166.0698
CA-2017-146164,2,4,638.68,104.9932
CA-2015-154823,3,6,637.27,-55.6242
US-2017-127292,4,9,637.1800000000001,196.316
CA-2016-115756,6,21,634.46,129.3967
CA-2016-160745,3,11,633.1759999999999,60.3462
CA-2016-109666,7,19,633.04,54.9122
CA-2015-135020,4,13,632.856,197.7903
CA-2015-144267,4,11,632.148,82.6192
CA-2017-119193,2,8,631.5989999999999,93.18090000000001
CA-2017-155075,1,4,631.176,-462.8624
CA-2014-122336,4,39,630.746,-388.396
CA-2016-130820,1,4,630.024,-199.5076
CA-2017-159156,1,5,629.95,163.787
CA-2017-128755,4,11,629.86,189.9348
CA-2017-103968,1,9,629.64,107.0388
CA-2016-159373,3,12,628.937,22.3656
CA-2015-169397,6,22,627.924,-365.987
CA-2017-101805,3,21,627.84,41.8846
CA-2015-112144,2,6,627.664,48.6246
CA-2015-116092,5,21,627.48,189.9751
CA-2017-104885,4,18,627.48,177.7068
CA-2014-105648,1,3,626.352,-23.4882
US-2016-161396,2,7,624.576,88.65679999999999
CA-2015-139248,1,5,623.96,38.9975
CA-2016-135461,1,5,623.96,38.9975
CA-2017-120404,3,7,623.9300000000001,181.5081
CA-2014-154158,5,12,619.848,11.261399999999998
US-2014-134614,1,6,617.7,-407.682
CA-2014-134215,3,24,617.12,256.9266
CA-2016-140501,5,19,616.16,174.263
CA-2014-104283,3,10,616.14,76.1052
US-2016-115455,2,5,615.606,-308.50980000000004
CA-2016-161746,4,11,615.4060000000001,26.804199999999998
CA-2015-130183,1,3,613.9992,-18.0588
CA-2015-137526,3,16,612.458,155.4968
US-2016-146570,3,15,612.14,268.48199999999997
CA-2016-122063,2,3,611.94,112.8474
CA-2016-126004,6,14,611.028,90.6378
CA-2016-145261,7,25,610.418,-298.70239999999995
US-2015-165512,2,13,610.3069999999999,-176.59189999999998
CA-2015-143147,3,8,610.1560000000001,-113.0912
CA-2014-104738,5,13,609.614,63.2508
CA-2014-129147,3,16,609.4380000000001,-131.5086
CA-2015-149972,2,6,609.4359999999999,2.528
CA-2017-162565,3,5,608.552,-77.3036
CA-2017-162173,2,12,608.4300000000001,173.8755
CA-2014-153983,2,7,606.3199999999999,87.19
CA-2016-116799,2,12,606.2139999999999,-40.833800000000004
CA-2017-154039,2,4,605.752,-258.4183
CA-2014-100895,3,7,605.47,176.9272
CA-2014-115084,1,6,605.34,145.2816
CA-2014-132451,2,6,604.9920000000001,82.5252
CA-2017-157273,1,4,604.768,60.4768
CA-2014-128888,1,9,604.656,204.0714
US-2015-103471,2,10,604.098,-785.1645
US-2015-131359,4,12,603.434,153.466
CA-2014-127866,4,11,602.43,185.3866
CA-2015-120915,2,8,601.5,165.6294
CA-2015-129322,3,11,601.44,255.429
US-2014-152030,1,3,600.558,-8.5794
CA-2015-158939,1,1,599.99,233.9961
CA-2017-159282,1,5,599.985,-479.988
CA-2015-104129,2,9,599.9,-27.1642
CA-2014-148915,2,8,599.896,-39.7414
CA-2016-144939,1,6,599.292,93.2232
US-2016-108497,1,5,599.165,35.245
CA-2015-117884,2,16,598.352,55.74700000000001
US-2017-132297,2,5,598.3100000000001,162.9957
CA-2017-128041,2,8,598.1600000000001,149.1876
CA-2014-108189,7,18,598.144,133.76319999999998
CA-2017-158169,2,7,597.86,171.7944
CA-2014-138681,5,15,596.664,69.8868
CA-2015-109470,4,24,596.48,278.3802
CA-2016-103464,1,5,595.0,95.2
CA-2017-120019,2,4,594.5,88.4765
CA-2015-131884,3,11,594.002,-108.6522
CA-2017-152436,1,6,592.74,160.0398
US-2014-150119,4,16,592.568,-21.5416
CA-2017-153822,4,10,592.308,17.511400000000002
CA-2014-103989,7,23,590.7620000000001,68.6353
CA-2015-142475,1,6,590.352,206.6232
CA-2016-121671,5,16,589.52,91.8224
CA-2014-166891,1,5,589.41,-6.549
CA-2016-167115,1,2,588.784,183.995
CA-2017-117667,5,24,588.008,-20.3828
CA-2014-166744,3,8,587.14,113.5934
CA-2014-123225,2,6,586.336,46.8264
US-2014-141257,1,3,585.552,73.194
CA-2016-133613,3,8,584.77,159.67669999999998
CA-2014-152618,2,4,583.358,158.68699999999998
CA-2015-130848,1,8,582.336,-29.1168
CA-2017-130141,2,8,582.304,-31.491200000000003
CA-2017-130211,2,5,582.0699999999999,78.0919
CA-2014-160773,2,8,581.1039999999999,68.3612
US-2017-136721,2,5,580.8599999999999,151.0236
CA-2015-147690,1,6,577.584,43.3188
CA-2016-153577,2,10,577.1220000000001,4.466400000000001
CA-2016-119865,3,13,576.2719999999999,29.0968
CA-2014-156349,3,6,576.234,79.00919999999999
CA-2014-131009,4,20,574.194,-61.157700000000006
CA-2016-113845,3,11,574.056,39.8041
CA-2016-134334,4,13,573.741,-38.3121
CA-2016-136329,2,6,573.286,87.40960000000001
CA-2016-122581,1,7,573.174,63.686
CA-2015-156566,1,2,572.8,50.12
CA-2015-119291,7,29,570.492,113.4179
CA-2016-102813,2,13,569.9019999999999,14.5152
CA-2015-129917,3,12,569.336,73.9472
CA-2015-153416,4,20,568.86,94.60679999999999
CA-2015-147501,2,4,564.768,44.0292
CA-2017-133256,3,13,564.38,143.4358
CA-2016-138597,1,3,563.94,112.788
CA-2016-140935,2,4,563.9399999999999,116.868
CA-2016-118332,1,5,563.92,7.049
CA-2017-128965,6,32,562.702,59.487899999999996
US-2017-130687,3,7,562.6519999999999,76.2656
CA-2017-115546,2,5,562.5500000000001,140.8633
CA-2016-118073,1,7,562.2925,-255.5875
CA-2017-144904,4,15,562.0260000000001,118.9848
CA-2014-142769,8,21,561.73,201.5525
CA-2016-109365,7,32,561.73,255.44420000000002
CA-2016-166674,6,22,560.78,116.34880000000001
CA-2014-121762,3,7,560.55,114.1104
CA-2014-134278,1,1,559.992,174.9975
CA-2015-140557,1,7,559.93,167.979
CA-2014-158281,1,3,559.71,-121.2705
CA-2017-108112,2,8,559.2,55.016
CA-2017-108791,2,9,558.81,140.00029999999998
CA-2016-146171,2,8,558.24,156.6804
CA-2016-117681,1,5,556.665,6.549
CA-2015-157805,1,5,555.96,41.697
CA-2014-161508,4,15,554.1659999999999,-4.5604
CA-2017-104864,5,29,552.856,34.89619999999999
CA-2016-122133,1,4,552.56,0.0
CA-2017-116953,1,10,552.0,34.5
US-2014-169789,1,5,551.985,-459.9875
US-2017-107384,3,11,551.55,176.522
US-2015-145436,2,10,551.264,15.566400000000002
CA-2017-117632,4,12,551.038,2.6339999999999995
CA-2016-149272,2,12,550.8159999999999,-179.2486
CA-2016-145982,6,25,549.775,165.8769
CA-2016-112830,2,5,548.96,34.974
CA-2016-143406,2,7,547.997,-387.67589999999996
CA-2016-118101,3,14,547.97,229.0057
CA-2016-164091,2,5,547.33,165.29379999999998
CA-2017-132234,1,13,547.3,175.136
US-2015-147739,1,4,547.136,-68.392
CA-2015-109190,3,12,546.792,172.15429999999998
CA-2016-120824,7,30,546.616,-271.0642
CA-2014-109232,1,6,545.94,87.3504
CA-2014-155796,2,6,545.928,-242.75119999999998
CA-2015-136798,3,8,545.91,138.97799999999998
CA-2017-140053,1,9,545.85,114.6285
CA-2016-149762,4,16,545.01,7.845999999999999
US-2016-133879,3,10,544.9899999999999,-3.2454
US-2015-163433,9,21,544.41,22.2872
CA-2017-130309,1,3,544.38,157.8702
CA-2017-148474,2,6,544.14,109.893
CA-2014-101560,4,19,542.34,110.8402
CA-2015-111948,2,9,542.178,163.9204
CA-2016-134180,2,8,542.155,0.9670000000000005
CA-2017-129294,4,16,540.934,165.28130000000002
CA-2014-122882,4,10,539.0740000000001,-561.1412
CA-2015-138485,1,9,538.92,80.838
CA-2016-140081,4,19,538.022,32.4336
CA-2017-167899,2,8,538.02,78.0183
US-2016-129469,2,8,537.616,-26.328200000000002
CA-2017-162075,1,7,537.544,47.0351
CA-2017-113355,2,8,536.858,6.6099
CA-2017-124744,3,15,536.48,262.8752
US-2017-135986,2,9,536.36,141.542
CA-2016-168774,1,3,535.41,160.623
CA-2015-115938,4,16,535.36,174.25940000000003
CA-2014-168368,6,14,535.27,106.7911
US-2017-125717,6,14,535.264,-52.2346
CA-2016-167241,4,13,533.0899999999999,75.0936
CA-2016-108875,2,11,532.496,-88.31899999999999
CA-2017-148411,2,5,531.888,-11.1576
CA-2014-142587,2,7,531.382,-109.1754
US-2016-135923,3,16,530.272,-56.9024
CA-2015-103177,3,8,529.14,51.1548
CA-2017-167640,4,19,528.7139999999999,177.5779
CA-2016-128531,6,19,527.224,19.5371
CA-2014-118976,4,14,526.96,141.77280000000002
CA-2015-134075,2,5,526.88,115.3438
CA-2015-127453,3,9,526.736,51.652
CA-2017-145128,1,5,526.45,31.587
CA-2017-157091,1,5,526.45,31.587
US-2017-106551,1,4,526.344,-75.192
CA-2015-103135,4,32,525.95,174.0094
CA-2017-159464,5,18,524.85,166.22050000000002
CA-2016-116722,3,16,524.616,21.936
US-2017-160836,3,10,524.018,-66.8442
CA-2016-106243,1,5,523.92,-26.196
CA-2017-119494,1,3,523.392,52.3392
CA-2015-164539,1,5,523.25,141.2775
CA-2016-128517,2,4,523.18,137.0828
CA-2017-153843,3,8,523.1600000000001,148.8568
CA-2017-121580,4,7,522.7900000000001,147.521
CA-2017-143126,1,2,521.96,88.7332
CA-2014-153087,2,9,521.92,195.9808
CA-2014-125542,2,11,521.2239999999999,87.38589999999999
CA-2015-163237,2,5,520.03,160.2692
US-2014-134733,2,5,519.9830000000001,52.0116
CA-2015-111206,1,4,519.96,176.7864
CA-2016-112277,1,7,519.68,58.464
CA-2017-168641,4,15,518.8679999999999,76.4546
CA-2017-117114,2,7,518.68,41.379000000000005
CA-2017-165841,3,11,517.9100000000001,178.99779999999998
CA-2015-143119,1,6,517.5,155.25
CA-2017-141705,1,5,517.405,-81.3065
CA-2017-156237,6,19,517.257,-226.00869999999998
CA-2014-135657,1,6,515.88,113.4936
CA-2017-126928,2,7,514.05,235.134
CA-2014-157784,3,8,514.03,179.39239999999998
CA-2014-168312,2,6,513.861,-34.445100000000004
CA-2015-111164,3,9,513.73,159.3106
CA-2016-131065,3,5,513.52,121.2536
US-2017-132031,4,10,513.496,-13.240799999999998
CA-2017-127474,4,9,512.3679999999999,146.2936
CA-2017-167094,3,5,512.064,56.407399999999996
CA-2016-139010,4,17,511.948,27.1952
CA-2016-116596,4,25,511.522,98.00729999999999
CA-2017-147354,2,7,510.82399999999996,69.6355
CA-2017-113908,3,12,508.78799999999995,-57.02040000000001
CA-2014-100762,4,11,508.62,219.0774
CA-2015-109337,4,16,508.11,197.9888
CA-2014-110184,2,17,505.68600000000004,73.7478
US-2016-155103,3,7,505.368,173.313
US-2014-164406,5,17,505.282,93.7844
CA-2017-116855,1,5,504.9,80.784
CA-2017-129357,2,14,504.59000000000003,208.82129999999998
CA-2014-120411,2,7,504.55,-67.015
CA-2017-132199,5,18,504.50600000000003,-164.4722
CA-2017-111269,2,11,503.872,109.7832
CA-2016-142902,4,10,503.4,59.8556
CA-2017-122707,2,6,503.22,11.1036
CA-2014-150518,2,7,503.13,136.4532
CA-2017-162978,3,9,502.474,40.432199999999995
US-2016-155173,3,6,502.221,-85.99849999999999
US-2014-160444,2,14,502.2,-79.3332
CA-2017-129000,1,3,501.81,0.0
CA-2014-150581,2,5,499.55199999999996,142.4758
CA-2016-109827,5,10,499.303,-393.3384
CA-2015-134257,2,7,498.93,244.2543
CA-2016-167556,4,22,498.608,155.2339
CA-2015-162950,2,9,498.492,-371.25
CA-2017-145653,1,7,498.26,134.5302
CA-2017-118003,3,7,498.15,65.2902
CA-2017-156958,5,21,497.04400000000004,125.8218
CA-2015-129896,4,14,496.896,-41.9724
CA-2017-140949,9,43,496.634,140.9972
CA-2015-141012,2,7,495.736,101.1671
CA-2017-120936,2,5,495.3,128.778
US-2016-126893,1,3,494.982,-115.4958
CA-2016-145548,6,17,492.966,76.2816
US-2016-143280,3,9,492.84999999999997,75.9713
CA-2016-119165,1,5,492.835,-14.081
CA-2017-114258,1,4,492.768,55.4364
CA-2015-166464,2,6,492.584,66.04599999999999
US-2016-131149,2,7,492.28000000000003,-16.452
CA-2017-108035,2,7,491.888,67.831
CA-2014-144281,1,5,491.55,240.8595
CA-2017-132682,3,9,490.392,59.4036
CA-2016-119025,1,9,490.32,137.2896
CA-2014-124723,1,2,489.23,41.934
CA-2015-109197,1,2,487.984,152.495
CA-2017-105823,1,2,487.96,146.388
US-2016-111528,2,5,487.704,127.2978
CA-2016-103730,5,29,487.5,167.151
CA-2016-149979,2,8,487.22,115.4659
CA-2017-135419,1,4,486.368,36.4776
CA-2015-137302,4,12,485.784,78.489
CA-2015-122756,2,5,485.29999999999995,-336.861
CA-2014-111500,4,20,484.78999999999996,187.7404
CA-2015-126445,1,3,484.65,92.0835
US-2017-147669,4,23,484.323,-60.5964
US-2016-166660,2,5,483.748,-52.062799999999996
CA-2017-145765,3,12,483.48,79.4328
US-2014-126571,2,5,483.336,78.5547
CA-2016-156265,3,7,482.584,53.413799999999995
CA-2016-123512,3,12,482.006,132.6196
US-2015-164448,4,26,481.69800000000004,216.2889
US-2017-133361,6,22,481.59,96.4755
CA-2017-128076,3,6,481.524,61.694199999999995
CA-2017-152807,4,15,481.472,-49.569599999999994
CA-2015-161767,1,2,479.988,55.9986
CA-2014-124618,1,2,479.984,89.997
CA-2017-126662,1,2,479.984,89.997
CA-2016-138233,1,3,479.97,177.5889
CA-2016-168830,1,3,479.97,163.1898
CA-2014-122749,1,4,479.96,134.3888
US-2015-153374,1,6,479.952,89.991
CA-2014-145926,1,5,479.9,81.583
CA-2016-125094,1,4,479.72,52.7692
CA-2015-149083,3,8,479.716,51.871199999999995
CA-2016-129126,6,17,479.05,230.96630000000002
CA-2015-109001,3,11,479.026,-96.3098
CA-2014-147543,1,2,478.48,47.848
CA-2017-151484,4,9,478.416,58.9811
CA-2017-112900,1,8,478.24,219.9904
CA-2017-148929,1,8,478.08,133.8624
CA-2016-148747,1,2,477.666,84.294
CA-2017-160899,1,11,477.51,219.6546
CA-2016-116526,6,21,477.5,114.6576
CA-2017-136882,1,5,477.3,138.417
CA-2016-119186,4,11,477.142,-87.1517
CA-2017-121293,5,17,477.092,-46.1199
CA-2014-106971,1,7,475.944,95.1888
US-2014-133949,1,7,475.944,59.493
CA-2016-154767,5,12,475.86,175.7344
CA-2014-144029,3,8,475.788,5.7378
CA-2016-100244,5,19,475.69399999999996,175.6262
US-2014-112949,2,8,475.41999999999996,157.41660000000002
CA-2017-149699,1,5,474.95,142.485
CA-2017-144463,1,11,474.43,199.2606
CA-2015-123155,2,8,473.4,52.2915
CA-2014-118962,3,12,472.044,84.36160000000001
CA-2014-157609,1,2,471.92,29.495
CA-2016-134936,3,14,471.624,-230.6928
US-2016-139262,3,8,471.07800000000003,2.949399999999998
CA-2017-112039,1,3,470.376,47.0376
CA-2017-126788,1,3,470.376,52.9173
CA-2015-107902,1,11,470.36,122.2936
CA-2017-140480,5,23,469.65999999999997,127.4088
CA-2015-123939,3,9,469.398,55.5471
CA-2014-105165,5,13,469.043,-12.3729
CA-2014-140795,1,6,468.9,206.316
CA-2015-135251,4,13,467.6532,-91.21629999999999
CA-2015-109708,1,4,467.04,58.38
CA-2017-143259,3,14,466.84200000000004,34.6365
US-2017-160465,3,16,466.81399999999996,-50.25
CA-2014-157924,2,6,465.488,-56.736000000000004
CA-2015-156755,1,3,465.18,120.9468
CA-2016-108434,1,3,465.18,120.9468
CA-2016-131744,3,7,465.074,89.005
CA-2017-154011,2,6,464.373,-95.9823
CA-2014-154095,4,20,463.04,169.0512
CA-2017-143035,3,10,462.52000000000004,91.8899
CA-2017-152737,2,8,461.592,152.76119999999997
CA-2015-150770,4,11,460.844,164.1658
CA-2014-113362,2,8,460.21999999999997,14.0752
CA-2014-105249,3,10,460.092,15.18
CA-2016-121748,2,6,459.98,42.5988
CA-2016-123666,1,5,459.95,18.398
US-2015-168935,2,6,459.4335,-158.0592
CA-2017-147228,4,12,458.98400000000004,61.160199999999996
CA-2016-142405,3,19,458.574,157.006
CA-2017-137785,1,5,458.43,-124.431
CA-2016-127236,2,9,458.351,-204.94039999999998
US-2015-153500,3,13,458.072,29.532399999999996
CA-2015-129532,2,6,457.96000000000004,44.5592
CA-2014-156244,6,27,457.74399999999997,72.60040000000001
CA-2014-104269,1,2,457.568,51.4764
CA-2017-107629,4,18,457.176,-299.65259999999995
CA-2015-154291,2,11,457.03999999999996,88.6738
CA-2017-125199,3,15,456.512,-40.1114
CA-2015-157287,2,9,456.193,1.6784
US-2014-112991,3,11,455.63199999999995,58.6966
US-2014-150434,4,6,455.23,100.99640000000001
CA-2015-149650,1,8,454.272,-73.8192
CA-2015-132101,1,3,453.576,39.6879
CA-2016-138695,2,21,452.464,-4.957000000000001
CA-2014-153969,6,24,451.284,110.4268
CA-2015-134117,4,14,450.194,108.685
CA-2015-109862,2,6,450.09000000000003,117.02340000000001
CA-2016-118311,1,5,450.0,162.0
US-2017-166037,1,9,449.91,157.4685
CA-2017-136350,2,5,449.454,82.4374
CA-2015-168088,2,6,449.0496,-43.8962
US-2017-139465,3,17,448.81800000000004,129.0747
CA-2016-112102,3,10,448.81,124.5025
CA-2016-101980,3,13,448.792,154.1413
CA-2016-118759,2,5,448.44599999999997,83.0488
US-2016-127971,3,15,448.418,-34.0652
CA-2016-138520,4,17,448.404,21.7512
CA-2015-122406,4,8,448.21,107.5103
CA-2014-140816,1,7,447.944,89.5888
CA-2015-125416,1,9,447.93,49.2723
CA-2014-162278,2,9,447.88,41.592
CA-2014-159338,1,5,447.84,11.196
CA-2016-104276,2,8,447.783,-99.7584
CA-2017-142636,2,11,446.99600000000004,92.6086
CA-2014-129938,1,7,445.802,-108.2662
CA-2017-152135,1,8,445.44,-81.664
CA-2016-114482,2,10,445.4,129.1592
CA-2017-108329,1,4,444.768,44.4768
CA-2015-101154,1,4,443.92,8.8784
CA-2016-146941,2,10,442.5,185.4264
CA-2016-132479,1,7,442.372,-729.9138
CA-2017-112431,2,14,441.71999999999997,132.33960000000002
CA-2016-101987,1,9,440.91,123.4548
CA-2017-150987,2,9,440.31,212.8185
CA-2016-136686,2,9,440.15999999999997,138.5904
CA-2015-141327,3,12,440.144,30.782400000000003
CA-2014-151946,4,10,440.048,-12.374399999999998
CA-2015-149097,2,10,439.536,51.281400000000005
CA-2017-144484,2,9,438.96000000000004,125.4976
CA-2017-166317,4,21,438.01,158.2877
CA-2017-152695,2,10,437.65000000000003,128.8733
CA-2016-152688,2,2,436.96000000000004,160.60860000000002
CA-2015-134894,2,7,436.86,112.2738
CA-2017-135076,1,6,436.704,-38.2116
CA-2017-169894,2,10,436.596,-56.784800000000004
CA-2014-153808,3,8,436.48800000000006,174.20219999999998
CA-2017-109393,1,3,435.999,5.1294
CA-2016-153269,4,13,435.84999999999997,124.1886
CA-2015-151589,2,6,435.53999999999996,163.92079999999999
CA-2017-137505,2,4,435.168,7.324800000000001
US-2014-167738,2,7,435.132,59.6964
CA-2016-139556,1,3,434.646,62.7822
CA-2017-145226,4,12,433.78000000000003,51.5692
US-2015-136749,2,11,433.78,121.11259999999999
CA-2014-166191,2,9,433.56,78.5007
US-2015-107944,2,14,432.69,178.8948
CA-2017-139402,2,8,432.405,136.8195
US-2016-109260,1,3,431.976,-75.5958
CA-2017-138310,1,9,431.928,64.7892
US-2016-147711,4,15,430.94,68.6802
US-2017-128447,2,6,429.592,122.30120000000001
US-2017-134642,2,7,428.70399999999995,-16.340200000000003
CA-2017-125913,2,11,427.59200000000004,-6.8909
US-2015-147662,5,13,427.548,-92.83680000000001
CA-2014-169684,2,6,426.942,-172.4535
US-2014-117163,3,8,426.67,9.6827
CA-2016-157217,2,5,425.954,137.0878
US-2014-117135,3,5,425.67,98.9298
CA-2017-111591,4,20,425.056,24.317
US-2016-146794,1,5,424.9575,19.998
CA-2014-124737,6,31,424.376,98.5848
CA-2017-121398,2,5,424.172,54.53
CA-2014-154669,1,11,423.28,110.0528
CA-2016-160941,2,6,423.04999999999995,198.865
CA-2017-122539,3,13,422.909,-28.9195
CA-2015-169656,1,3,422.856,15.8571
CA-2016-128412,5,18,422.662,151.2443
CA-2017-100384,2,17,421.42,123.6446
CA-2014-166716,1,2,421.372,-6.0196
CA-2017-147410,1,2,421.1,105.275
CA-2015-144274,5,20,420.64000000000004,142.1284
CA-2017-137463,5,20,420.234,110.207
CA-2016-101966,1,7,419.944,52.493
CA-2017-102820,1,7,419.944,52.493
CA-2016-159912,4,17,419.87,-143.5582
CA-2017-105487,4,9,419.832,133.6767
CA-2015-110814,3,10,419.726,102.354
CA-2017-129490,1,4,419.136,-57.6312
CA-2017-148999,1,4,419.136,-68.1096
CA-2017-105921,1,3,418.296,5.2287
CA-2015-118871,3,11,418.192,144.25639999999999
CA-2016-105781,2,6,416.616,79.5102
CA-2017-140242,2,10,415.15200000000004,77.2803
CA-2015-143980,1,2,414.96,124.488
CA-2014-124730,5,24,414.63,139.1934
CA-2015-115945,3,8,413.942,42.1019
CA-2017-129378,4,20,413.784,91.3466
US-2016-161683,2,8,413.008,79.2152
CA-2017-104619,3,8,412.996,104.9548
US-2015-101511,2,12,412.682,-15.108699999999999
CA-2015-130883,3,16,412.664,106.6904
CA-2015-134747,3,9,412.23999999999995,112.2084
CA-2017-101245,2,13,410.71000000000004,174.7561
CA-2014-110555,3,15,410.104,124.94579999999999
CA-2016-141397,5,17,409.76,36.1662
US-2017-132444,5,17,409.548,114.1184
CA-2014-115889,2,4,409.30400000000003,110.46499999999999
US-2017-105046,3,11,408.96000000000004,129.9066
CA-2014-102330,2,10,408.76800000000003,80.3964
CA-2014-116834,2,16,408.47,77.691
US-2015-114839,1,2,408.422,-5.8346
CA-2016-161389,1,3,407.976,132.5922
US-2016-162859,2,7,407.072,128.0602
CA-2017-128300,2,10,406.93999999999994,196.91320000000002
CA-2016-160304,2,5,405.91999999999996,105.541
CA-2014-140165,2,10,405.45599999999996,-329.56239999999997
CA-2016-133368,2,10,405.344,64.046
US-2016-168410,3,10,405.3,110.9779
CA-2015-144519,2,12,403.94,64.2482
CA-2016-143609,1,5,403.92,25.245
US-2016-164189,1,4,403.168,25.198
US-2014-123519,3,3,403.114,-9.147799999999998
US-2016-108777,2,9,402.645,62.45910000000001
CA-2017-113453,2,5,401.36400000000003,-81.4582
CA-2017-116127,1,1,400.784,-5.0098
CA-2017-144848,3,4,400.61,51.6661
CA-2017-163510,2,8,400.39,85.70649999999999
CA-2017-118346,1,5,399.95,143.982
CA-2017-117513,1,7,399.672,-14.9877
CA-2017-134096,2,8,399.53,26.978
CA-2015-125934,5,21,399.49,163.888
CA-2017-118773,4,10,397.74399999999997,-436.2648
CA-2017-100223,5,28,396.394,-359.7987
CA-2016-134208,1,4,396.0,190.08
CA-2016-130162,2,9,395.436,48.735
CA-2017-112956,3,11,394.47999999999996,172.95919999999998
CA-2016-145611,1,5,393.25,129.7725
CA-2015-132388,2,6,393.18600000000004,-39.416399999999996
US-2015-140200,1,3,393.165,-204.4458
US-2016-122245,1,3,393.165,-204.4458
CA-2014-161032,1,3,392.94,43.2234
CA-2015-168004,1,3,392.94,43.2234
CA-2016-123533,3,11,392.832,16.158
US-2017-140907,3,11,392.21999999999997,49.1856
CA-2016-162082,3,13,392.06,4.0569
CA-2017-122196,1,2,391.98,113.6742
CA-2017-116225,1,5,390.75,171.93
CA-2014-132010,4,14,389.74,35.273
CA-2015-128608,5,13,389.43399999999997,-58.142
CA-2014-148040,2,6,388.70399999999995,-12.129600000000003
CA-2017-132339,1,1,387.99,182.3553
CA-2016-135636,1,5,387.72,-67.851
CA-2015-118444,1,4,387.136,24.196
CA-2016-139549,1,4,387.136,4.8392
CA-2016-165995,2,9,387.0,58.4886
CA-2017-137414,2,13,386.62,38.237899999999996
CA-2015-111395,3,8,386.488,79.149
CA-2016-165169,3,7,386.48,103.36120000000001
CA-2016-115224,2,5,386.43,90.5814
CA-2014-109680,1,2,386.34,54.0876
CA-2017-150623,2,6,386.14,113.5333
CA-2016-161816,2,7,385.288,47.2729
CA-2014-138317,6,16,385.261,-137.9707
CA-2015-165085,2,7,384.85999999999996,117.3894
CA-2017-141425,1,2,384.592,-81.7258
CA-2017-144589,2,8,384.176,138.47729999999999
CA-2017-160423,2,14,383.992,1.841000000000001
CA-2017-157903,1,4,383.84,47.98
CA-2016-148796,1,5,383.8,38.38
CA-2015-140144,2,9,383.616,147.7206
CA-2015-105347,2,14,383.61,187.3809
CA-2016-140928,1,4,383.438,-167.3184
CA-2016-152170,5,21,383.14,163.172
CA-2016-153661,3,20,381.804,106.2516
CA-2017-140515,1,7,381.36,106.7808
CA-2016-136924,1,8,380.864,38.0864
CA-2014-109855,2,5,380.744,65.43039999999999
CA-2016-110772,4,20,380.546,18.6194
CA-2017-121258,3,8,380.136,48.3464
CA-2016-132661,1,10,379.4,178.318
CA-2014-146591,4,24,378.594,-287.9976
US-2015-156867,3,12,378.138,-56.5317
CA-2014-100006,1,3,377.97,109.6113
CA-2016-155005,1,3,377.97,94.4925
CA-2015-163965,4,14,377.902,-91.074
US-2017-121251,2,6,377.52799999999996,4.612399999999997
CA-2016-164784,3,6,377.346,-142.787
CA-2015-117611,2,4,376.97,69.3546
CA-2016-129861,1,3,376.866,-213.5574
US-2016-116365,3,10,376.64,2.097999999999999
CA-2017-135860,5,20,376.09999999999997,68.8809
CA-2017-168123,4,11,375.71,131.8881
CA-2014-154641,1,1,375.34,18.767
CA-2017-106782,1,1,375.34,18.767
CA-2017-141117,4,26,374.618,-386.2183
CA-2017-147039,2,5,374.48,96.505
CA-2017-137099,1,3,374.376,46.797
CA-2015-141810,2,9,374.076,-8.215999999999994
CA-2017-102155,2,4,373.94,99.9364
CA-2015-118738,3,12,373.281,-60.4002
CA-2016-116561,2,5,372.812,19.6172
CA-2017-135587,2,8,372.64,113.17920000000001
CA-2017-100314,3,9,372.44599999999997,56.8968
CA-2014-114181,2,12,372.28499999999997,-211.6773
CA-2014-169446,3,9,372.12,34.1499
US-2015-120502,3,6,372.096,64.7964
CA-2015-114300,2,10,371.65999999999997,101.18539999999999
CA-2014-164721,3,13,371.52,115.872
CA-2016-123932,2,6,371.504,52.2742
CA-2014-149958,5,14,370.782,33.598
US-2017-116659,1,3,370.782,-92.6955
CA-2016-142895,2,8,370.184,2.0358
CA-2015-101000,1,3,370.14,144.3546
US-2017-133312,2,4,369.97900000000004,-26.7762
CA-2015-142027,1,3,369.912,-13.8717
CA-2015-141593,4,8,369.56,45.6519
CA-2017-128370,2,5,369.536,29.421400000000002
US-2016-153815,4,8,368.432,20.89
CA-2017-123022,2,8,367.53000000000003,114.387
CA-2015-139164,3,8,366.99,29.829
CA-2014-148586,1,7,366.786,65.2064
CA-2016-169957,3,15,366.78,101.9774
CA-2015-104871,1,4,366.744,-110.0232
CA-2016-109400,1,4,366.744,-110.0232
CA-2015-111339,3,12,366.666,-87.3009
CA-2015-128139,2,4,365.91,149.48430000000002
US-2015-159499,3,13,365.496,32.4028
CA-2016-140571,2,16,365.44,168.1024
CA-2014-149538,4,12,364.93,67.975
CA-2017-141873,4,14,364.388,3.684400000000001
CA-2017-102197,3,11,364.272,171.44400000000002
CA-2015-119480,4,13,364.07,131.0797
CA-2014-151162,5,13,362.466,-36.781800000000004
CA-2016-154018,5,18,362.342,-133.22269999999997
US-2014-127978,3,16,362.24199999999996,-204.7542
CA-2014-116407,3,9,362.176,37.3976
CA-2014-139598,4,11,361.608,-22.6371
CA-2016-148740,1,2,361.376,27.1032
CA-2017-161130,1,2,361.376,27.1032
CA-2016-158834,2,7,361.104,33.004799999999996
US-2017-108343,3,8,361.044,63.1536
CA-2016-110044,1,3,359.976,35.9976
CA-2017-122994,1,3,359.97,79.1934
US-2015-145422,1,3,359.499,-29.6058
CA-2015-118423,1,3,359.058,-35.9058
CA-2017-113278,8,24,358.7,111.1794
CA-2014-133158,2,9,358.696,48.6048
CA-2016-116337,2,8,358.548,1.8465000000000025
CA-2015-133445,2,5,357.462,-118.41900000000001
CA-2017-121706,1,7,356.79,99.9012
CA-2017-167913,2,9,356.65,98.50399999999999
CA-2014-145800,1,3,355.455,-184.8366
CA-2016-136133,1,9,355.32,99.4896
CA-2014-116239,1,5,354.9,17.745
CA-2017-145807,1,5,354.9,17.745
US-2016-106600,1,5,354.9,88.725
US-2017-107888,4,12,354.77,77.1936
CA-2015-117772,1,6,353.88,17.694
CA-2016-113621,2,5,352.47,96.7425
US-2015-113327,4,14,352.168,114.55760000000001
US-2016-128909,2,8,351.968,-18.9824
CA-2015-129546,4,14,351.916,87.8361
CA-2017-119011,3,12,351.65999999999997,79.3908
CA-2016-162138,2,7,351.51,116.7405
US-2014-165862,1,3,351.216,4.3902
CA-2015-130365,2,5,349.082,-79.0382
CA-2015-154620,1,2,348.928,34.8928
US-2017-148831,1,8,348.56,104.568
US-2016-148110,1,7,347.802,-24.843
CA-2017-136511,1,3,347.58,17.379
CA-2017-100615,3,10,347.378,-20.7596
US-2015-109015,2,3,346.37,103.4915
US-2015-164238,2,10,346.158,-201.648
CA-2016-117583,4,17,345.46999999999997,160.9451
CA-2016-130393,3,11,345.324,-49.83
CA-2015-149748,3,8,345.26,154.42139999999998
CA-2017-159226,1,7,344.981,28.4102
CA-2014-164469,3,17,344.91999999999996,38.5212
US-2014-143581,1,3,344.91,10.3473
CA-2017-121643,1,2,344.704,38.7792
CA-2015-110891,1,4,344.372,-93.4724
US-2014-151015,3,20,344.274,102.7609
US-2015-138919,1,2,344.22,-103.266
CA-2016-144092,3,9,344.01800000000003,100.4089
CA-2016-142097,3,16,342.76,163.3604
CA-2017-145702,2,10,342.23999999999995,-25.255200000000002
CA-2016-164924,1,3,341.991,-319.1916
CA-2017-161739,1,5,341.96,-427.45
CA-2017-101322,1,6,340.704,-34.0704
US-2014-112914,4,14,340.31280000000004,-89.928
CA-2017-104220,6,20,340.21999999999997,105.9391
CA-2014-113859,1,6,340.116,-9.7176
CA-2016-159940,4,20,339.98,-33.0869
CA-2015-129476,1,5,339.96,67.992
CA-2015-143490,2,11,339.334,52.8206
CA-2017-128328,3,17,338.86,156.541
CA-2016-160220,3,15,338.53999999999996,88.4908
CA-2017-106068,4,9,337.81800000000004,-74.3062
US-2017-106131,2,16,337.688,-0.03850000000000087
CA-2016-155747,1,2,337.176,-118.0116
CA-2014-114335,1,4,337.088,16.8544
CA-2017-166142,2,6,336.993,-35.7744
CA-2014-113383,2,9,336.82,98.58840000000001
US-2016-168095,2,8,335.8,57.321999999999996
CA-2015-142930,1,4,335.52,117.432
CA-2016-111913,3,8,335.12,41.2868
CA-2014-146640,1,7,334.768,108.7996
CA-2014-111003,2,9,334.68,104.7888
CA-2017-105235,3,10,334.52,93.0864
CA-2015-115392,2,7,334.43,103.92099999999999
CA-2016-113733,3,8,334.256,46.5934
US-2016-108637,3,8,334.2,106.5112
US-2014-126340,1,3,333.576,25.0182
US-2017-123862,4,22,332.8,80.6888
CA-2014-103191,1,3,331.536,-82.884
CA-2016-167682,2,8,331.08,146.828
CA-2016-158155,4,12,330.82,127.699
CA-2017-122763,2,9,330.76800000000003,121.91159999999999
CA-2016-139157,1,1,330.588,-115.7058
US-2014-117380,1,1,330.588,-143.2548
CA-2017-106432,2,5,330.4712,-95.281
CA-2015-153878,2,10,330.15,92.44200000000001
CA-2016-119963,4,12,329.972,5.3195999999999986
US-2015-155369,2,6,329.96,-564.9804
CA-2015-119627,4,16,329.44,-23.007600000000004
US-2014-112872,2,4,328.914,-166.1292
CA-2014-113257,2,11,328.59200000000004,93.4032
CA-2016-100041,3,6,328.54,157.3777
CA-2016-125318,1,4,328.224,28.7196
CA-2016-124100,1,6,327.996,54.666
CA-2017-124674,1,2,327.7328,-14.4588
CA-2015-126739,1,4,327.564,21.8376
CA-2014-143210,3,7,327.56,97.6772
US-2016-105452,2,10,327.42,-388.28
CA-2017-113474,1,2,325.86,149.8956
CA-2015-110870,2,13,325.7,129.4894
CA-2017-157413,1,3,324.744,-77.1267
CA-2016-165316,3,5,324.387,-102.3419
CA-2015-135853,3,14,324.21999999999997,103.178
CA-2015-147529,2,7,324.10999999999996,152.5909
CA-2017-132353,1,3,323.976,20.2485
CA-2016-108105,2,5,323.88,37.5988
CA-2017-126242,2,10,323.71,83.35849999999999
CA-2014-110849,4,15,323.458,108.1437
CA-2015-162369,1,2,323.1,61.389
CA-2017-151358,1,2,323.1,61.389
CA-2015-136196,1,3,322.59,64.518
CA-2014-126193,3,13,321.978,-536.1275999999999
CA-2016-154739,1,2,321.568,28.1372
CA-2017-152142,1,2,321.568,28.1372
CA-2014-131905,3,10,321.56,91.2541
CA-2014-100867,1,6,321.552,20.097
CA-2017-152583,3,10,321.39,-72.56660000000001
CA-2017-143798,2,4,321.248,26.9448
CA-2017-163125,2,10,321.202,-26.7895
CA-2016-130911,2,5,320.12600000000003,-239.5436
US-2016-125969,2,5,319.98400000000004,17.0814
CA-2015-158351,1,2,319.984,91.9954
CA-2015-123232,1,4,319.968,35.9964
CA-2017-131366,2,9,319.53200000000004,68.2117
CA-2017-110198,2,5,318.96,-14.219999999999999
CA-2017-144596,1,9,318.96,149.9112
CA-2014-131947,6,31,318.293,59.6202
CA-2017-124401,2,10,317.624,82.83890000000001
CA-2014-120278,4,14,317.48,90.4306
CA-2017-149160,2,10,316.32,149.2776
CA-2016-106558,1,4,316.0,31.6
CA-2017-103443,3,7,315.896,77.41460000000001
CA-2017-161172,5,15,315.041,44.2162
CA-2017-166296,1,3,314.55,150.984
US-2014-140452,6,20,314.55,-180.1676
US-2017-132381,1,2,314.532,-83.8752
CA-2016-144344,4,13,314.39300000000003,25.108199999999997
CA-2016-102561,3,22,313.84,32.829
CA-2015-152891,2,6,313.626,-15.325499999999998
CA-2016-130288,1,2,313.176,-120.0508
US-2016-151827,2,5,312.76599999999996,-59.636700000000005
CA-2017-137085,1,9,312.552,101.5794
CA-2016-152072,3,7,311.97,117.7404
US-2017-126179,2,4,311.96000000000004,83.26960000000001
CA-2014-106810,1,2,310.88,23.316
CA-2016-103709,3,12,310.86,84.563
CA-2014-152254,1,7,310.688,108.7408
CA-2016-130638,2,13,310.55999999999995,33.1044
US-2014-155544,3,11,310.528,17.8716
CA-2015-139584,2,4,310.364,-64.1304
CA-2014-127586,1,2,310.12,80.6312
CA-2014-156587,3,7,309.592,15.0033
CA-2017-146269,2,4,309.488,33.8598
CA-2016-110898,4,14,309.082,-303.15700000000004
CA-2017-108070,2,5,308.753,-3.9898000000000002
US-2014-147704,4,20,308.59999999999997,107.7118
US-2016-159856,1,5,307.92,-34.641
CA-2017-111577,1,7,307.776,111.5688
US-2017-148054,3,8,307.74,87.222
CA-2017-104003,1,2,307.666,-14.4784
CA-2015-112711,1,4,307.168,30.7168
CA-2017-118017,8,38,306.36,50.2934
CA-2014-155264,5,18,306.11199999999997,97.8651
CA-2016-160500,2,8,305.49600000000004,9.8214
US-2017-137491,1,2,305.312,-8.7232
CA-2016-156503,6,12,305.248,79.1866
CA-2015-162964,3,11,304.224,61.0262
CA-2017-140186,5,13,304.046,74.0986
CA-2016-108210,2,10,303.92,19.194000000000003
CA-2016-118129,1,5,303.92,-30.392
US-2017-110604,3,5,303.544,46.303200000000004
US-2017-147221,2,9,303.372,-769.7316
CA-2017-140627,3,14,303.32,-34.4301
CA-2014-100881,1,3,302.376,22.6782
CA-2014-110100,1,3,302.376,37.797
CA-2017-100202,1,3,302.376,22.6782
CA-2015-108119,1,2,301.96,45.294
CA-2015-146087,1,2,301.96,60.392
CA-2016-115378,1,2,301.96,33.2156
CA-2017-140088,1,2,301.96,33.2156
CA-2015-141250,2,5,301.742,-21.712200000000003
CA-2017-127096,1,1,300.904,11.2839
US-2014-159611,2,5,300.512,-43.3442
CA-2014-115791,4,14,299.964,-5.933499999999999
US-2017-143770,2,4,299.96,65.962
CA-2015-123673,1,2,299.9,74.975
US-2017-146906,1,2,299.9,74.975
CA-2015-146948,3,14,299.75,112.33359999999999
CA-2017-161655,1,9,299.52,149.76
US-2016-169369,2,9,299.07,43.0824
CA-2016-108616,3,15,298.83,109.377
CA-2017-127460,1,6,298.464,26.1156
CA-2017-167549,1,6,298.116,-4.2588
CA-2017-137498,3,16,298.0,9.467
CA-2017-133046,4,14,297.99,61.673
CA-2017-123036,2,6,296.952,-47.51
CA-2014-101364,1,13,296.712,100.1403
US-2016-110156,8,37,296.668,28.1341
CA-2016-142524,2,7,296.51,74.9712
US-2017-119438,4,12,296.022,-364.3734
CA-2015-145394,3,7,295.968,13.082099999999999
US-2015-103996,4,15,295.68,134.8101
CA-2016-131093,1,5,295.4,-62.7725
CA-2017-165008,1,9,295.056,106.9578
US-2014-120740,2,6,294.71999999999997,108.0
US-2014-146353,2,9,292.82,27.1956
CA-2016-109953,3,14,292.796,72.6159
CA-2017-145429,3,7,291.988,47.8326
CA-2017-117485,1,4,291.96,102.186
CA-2016-131205,4,16,291.74,79.0364
CA-2016-123337,2,6,291.146,-8.333599999999999
CA-2017-104850,1,4,291.136,-25.4744
CA-2016-120873,1,1,290.98,75.6548
CA-2017-167703,2,5,290.781,31.510800000000003
CA-2014-115161,1,2,290.666,3.4196
CA-2015-123092,4,12,288.85,-50.5032
CA-2014-112326,3,8,288.06,-65.9901
CA-2015-151722,1,4,288.0,57.6
CA-2017-135377,1,3,287.976,7.1994
CA-2014-113768,2,8,287.456,24.7992
CA-2017-148810,2,9,287.42400000000004,-8.9958
CA-2016-123274,2,5,287.4,24.3894
CA-2017-164707,3,8,287.326,62.4082
CA-2015-152611,1,7,286.79,74.5654
CA-2014-153927,2,16,286.65000000000003,104.8788
CA-2017-140585,3,5,286.485,61.2374
CA-2016-121377,1,1,286.4,25.06
CA-2014-137589,1,3,286.344,-64.4274
CA-2017-169978,2,5,286.14,53.1655
CA-2017-163629,2,6,286.09,84.4434
CA-2017-126144,1,4,285.576,-57.1152
CA-2017-123001,3,12,284.984,52.325
CA-2015-103870,5,18,284.44,14.429800000000002
CA-2017-122154,3,7,284.19,79.625
CA-2015-101910,1,5,283.92,17.745
US-2017-110996,1,5,283.92,-46.137
CA-2017-117947,5,17,283.774,90.7187
US-2017-129777,2,12,283.46,104.74719999999999
CA-2017-169285,2,6,283.17999999999995,135.9842
US-2016-127425,2,11,282.95,95.7325
CA-2017-122595,3,7,282.688,46.9312
CA-2016-106278,2,6,281.916,28.2921
US-2014-118486,3,6,281.85200000000003,-16.404200000000003
US-2015-115238,5,22,281.16,89.1994
CA-2017-111815,2,3,280.96,90.0462
CA-2014-114510,5,21,280.276,46.9632
US-2016-144547,1,7,279.944,48.9902
US-2017-147984,1,5,279.9,137.151
CA-2015-135489,1,14,279.86,134.3328
CA-2016-101336,4,15,279.81,76.42949999999999
CA-2016-101161,5,18,279.67,99.8526
US-2017-111024,3,12,279.004,-81.6628
CA-2016-160815,1,3,278.4,80.736
CA-2017-162481,2,5,278.23,55.1765
CA-2017-115994,2,6,277.71,39.2283
CA-2015-127824,3,8,277.634,27.6248
CA-2015-161998,3,12,277.632,29.748
US-2014-143287,3,11,277.57,133.6953
CA-2015-112767,1,4,277.5,-188.7
CA-2016-126102,1,2,276.784,89.9548
CA-2014-169642,1,2,276.28,0.0
CA-2017-126074,4,22,275.65,107.6926
CA-2015-119550,1,3,275.058,-90.3762
CA-2016-103107,3,11,274.856,37.5995
CA-2017-154760,1,3,274.491,-228.7425
CA-2017-155621,1,10,274.2,112.422
CA-2014-142510,3,11,274.096,23.541599999999995
CA-2014-149643,1,2,273.96,10.9584
CA-2017-154116,3,10,273.926,41.7843
CA-2016-149503,1,8,273.92,99.296
US-2017-101840,2,10,273.7,81.56939999999999
CA-2016-159212,2,5,273.59,124.4453
CA-2017-139353,3,8,273.08799999999997,2.3374000000000006
CA-2017-113460,1,3,272.97,43.6752
CA-2017-100636,1,3,272.94,0.0
CA-2017-134810,2,6,272.23199999999997,47.8908
CA-2017-161333,3,10,272.1,84.6396
CA-2016-152121,1,1,271.992,23.7993
CA-2017-133235,1,5,271.96,16.9975
CA-2015-150791,1,2,271.764,60.392
CA-2017-122308,1,2,271.764,60.392
CA-2017-131695,2,8,270.8,76.8951
CA-2016-105662,2,7,270.728,51.4377
CA-2015-113173,3,17,270.356,-3.1479999999999997
US-2015-119312,1,14,270.34,75.6952
CA-2015-135314,1,3,269.982,40.4973
US-2015-100069,1,2,269.98,72.8946
CA-2017-167381,2,11,269.68,54.4388
US-2014-168501,2,6,269.592,17.298299999999998
CA-2015-128027,1,3,269.49,5.3898
CA-2017-134495,4,12,269.4,-20.9436
CA-2014-101392,1,7,269.36,70.0336
CA-2014-106229,1,3,268.935,-209.7693
CA-2017-141782,1,4,268.576,90.6444
CA-2015-106187,3,7,268.4,102.0138
CA-2017-113873,2,7,267.7912,-21.0854
CA-2014-132962,2,8,267.552,58.993199999999995
CA-2017-117646,3,7,266.52,29.9409
CA-2015-127754,1,3,266.352,13.3176
CA-2015-135545,4,15,266.294,106.8083
CA-2017-165491,1,7,265.93,63.8232
CA-2015-153794,1,7,265.86,79.758
CA-2014-129364,8,39,265.784,13.8141
CA-2014-157882,2,4,265.784,17.3504
CA-2017-155957,2,10,265.408,33.7788
US-2017-122672,2,7,265.072,-49.9172
CA-2014-164742,2,3,264.92,36.5278
CA-2014-106572,1,2,264.32,19.824
CA-2017-121195,1,2,264.32,19.824
CA-2016-146150,1,7,264.18,68.6868
US-2015-151407,1,4,263.96,76.5484
CA-2015-102855,2,14,263.78,32.8302
CA-2015-132941,3,11,262.72,49.8082
CA-2016-144015,3,9,262.1,26.152
CA-2017-151225,2,6,261.536,16.674799999999998
CA-2017-122770,4,19,261.52,83.5272
CA-2016-136126,2,9,261.1,112.123
CA-2014-103940,4,12,260.79,77.1793
CA-2015-103772,2,7,260.31,97.2226
CA-2015-137512,2,6,259.942,-25.9938
CA-2015-138674,3,12,259.864,36.8418
CA-2017-163139,3,11,259.44,19.7043
CA-2014-165806,2,12,259.29,78.2361
CA-2014-123295,1,4,259.136,-25.9136
CA-2016-168081,1,3,258.696,64.674
CA-2017-149895,1,2,258.528,-47.3968
CA-2015-122210,3,14,258.495,-108.9542
CA-2014-153976,1,3,258.279,-70.1043
CA-2015-100454,3,11,258.01800000000003,28.9647
CA-2014-107769,1,2,257.98,74.8142
CA-2016-139878,1,2,257.98,74.8142
CA-2014-122070,2,11,257.752,124.78689999999999
CA-2017-111220,3,11,257.508,-53.7226
CA-2016-108735,1,3,257.499,24.2352
CA-2015-140221,4,11,257.32,-483.2092
CA-2014-116190,3,18,256.47999999999996,104.14150000000001
CA-2017-164168,6,16,256.36,-66.7672
CA-2015-123568,4,14,256.35,92.6823
CA-2016-145583,7,33,256.19599999999997,97.5074
US-2015-160563,2,9,255.99,92.4768
CA-2015-100769,1,4,255.968,31.996
CA-2016-134474,3,10,255.904,46.4568
US-2014-134054,1,7,255.85,112.574
CA-2015-153717,4,7,255.57999999999998,50.3498
US-2017-163657,2,7,255.248,3.5953999999999997
CA-2016-142370,2,7,254.98999999999998,107.6297
CA-2014-128839,2,12,254.97,111.8871
US-2015-101399,1,7,254.744,-312.0614
CA-2017-152702,1,14,254.604,-18.186
CA-2017-169054,1,3,254.352,0.0
CA-2017-125472,3,6,253.86,38.7854
CA-2017-144694,2,6,253.82399999999998,87.9882
CA-2016-162943,1,2,253.764,31.0156
CA-2017-135692,2,8,253.3856,-30.5176
CA-2015-118955,3,8,253.34,-6.1662
CA-2017-131233,2,6,253.12800000000001,12.5904
CA-2016-158435,3,13,253.03,43.0947
US-2014-150574,2,7,252.61200000000002,-22.2742
CA-2016-137729,2,4,252.148,22.5563
CA-2016-150483,4,12,252.007,-40.7078
CA-2017-155152,1,4,252.0,93.24
CA-2017-121314,1,3,251.64,88.074
CA-2016-137239,3,6,251.15800000000002,51.184200000000004
CA-2017-131282,2,9,251.112,-426.274
CA-2016-156251,2,5,250.48000000000002,28.370800000000003
CA-2016-163594,3,9,250.416,-13.375800000000002
CA-2014-150203,1,6,250.26,72.5754
CA-2014-118339,5,31,249.92000000000002,108.1918
CA-2017-101434,2,5,249.79,76.8028
CA-2014-138450,3,16,249.472,-12.213999999999999
CA-2016-104150,2,15,248.82,61.742999999999995
CA-2017-128783,2,9,248.82,84.4272
CA-2014-147298,2,9,248.568,28.743
CA-2017-156622,4,12,248.481,1.8752999999999993
CA-2017-102610,4,16,248.396,-18.0329
CA-2017-167101,2,6,247.92,118.22160000000001
CA-2014-109932,2,5,247.784,24.4867
CA-2017-141572,1,8,247.44,101.4504
CA-2015-108532,2,9,246.5,47.0866
US-2017-107272,2,9,246.38,28.6682
CA-2015-140718,4,15,246.364,55.2796
CA-2015-150308,1,3,246.168,21.5397
CA-2015-124919,3,17,244.78,95.839
CA-2014-143336,3,9,244.76,25.8774
CA-2017-108553,2,9,244.64999999999998,72.1756
CA-2017-115175,1,5,244.55,114.9385
US-2016-141264,2,3,244.3,-187.96040000000002
CA-2015-110289,2,9,244.24,119.3436
US-2016-128902,1,2,244.006,-31.3722
CA-2017-118402,1,5,243.92,-54.882
CA-2016-115525,1,5,243.88,27.4365
CA-2014-109043,2,10,243.60000000000002,46.819
CA-2017-108854,4,9,243.584,93.8998
CA-2017-119914,1,2,243.16,72.948
US-2014-106334,2,6,243.12,28.805999999999997
CA-2017-116288,1,3,242.94,9.7176
CA-2016-124149,3,13,242.56,73.5726
CA-2014-103317,3,10,242.54600000000002,14.4922
US-2017-152842,1,3,242.352,15.147
CA-2016-160241,1,4,242.176,-302.72
CA-2017-166128,2,12,241.81,36.2269
CA-2016-163048,1,4,241.5,0.0
CA-2017-137624,1,2,241.424,-36.2136
US-2015-124219,2,7,241.34,47.1344
US-2014-138758,2,4,241.19400000000002,-34.6598
CA-2017-115105,1,1,240.784,30.098
CA-2014-134103,2,4,240.5,11.6502
CA-2017-119746,3,8,240.368,16.814799999999998
CA-2017-118213,3,14,240.15,115.5072
CA-2016-155551,2,5,240.04,-45.6933
CA-2016-110086,1,2,239.984,23.9984
CA-2014-151792,1,3,239.976,53.9946
CA-2016-121020,1,3,239.976,17.9982
CA-2016-127775,1,3,239.97,71.991
CA-2017-163531,1,3,239.97,67.1916
CA-2017-141719,1,5,239.96,83.986
US-2017-102904,1,8,239.92,23.992
CA-2015-164427,1,6,239.7,105.468
US-2017-153255,1,2,239.666,14.098
CA-2016-117604,1,5,239.5,114.96
CA-2016-155166,2,4,239.43,32.97
CA-2016-131296,1,2,239.372,-23.9372
CA-2017-111717,1,3,239.358,-47.8716
US-2017-152492,1,1,239.24,23.924
CA-2015-161263,6,22,239.204,-70.1181
US-2017-111241,1,5,239.12,77.714
CA-2017-148691,4,9,238.684,72.9897
CA-2015-145835,2,6,238.384,22.278799999999997
CA-2017-105809,2,3,238.19799999999998,26.2331
CA-2015-113215,1,3,238.152,89.307
CA-2015-121608,2,3,238.11,85.6753
CA-2014-124709,1,2,238.0,38.08
CA-2017-145037,3,8,237.64,113.8064
CA-2017-110821,2,5,237.608,-38.5469
US-2017-103247,2,10,236.722,28.798399999999997
US-2015-137008,3,10,235.97,100.932
CA-2016-140018,3,13,235.851,-17.796599999999998
US-2014-102071,2,7,235.76999999999998,44.3808
CA-2017-165904,2,4,235.44,20.3978
CA-2016-133669,1,8,235.152,-47.0304
US-2015-129637,3,8,234.688,-34.0126
CA-2015-100818,4,14,234.516,-11.901399999999997
CA-2017-123687,2,5,234.2,63.30479999999999
CA-2017-156664,4,13,233.53199999999998,38.4219
CA-2016-139381,2,8,233.48,63.0396
CA-2014-112291,3,7,233.45,85.6044
CA-2014-102869,4,13,233.24399999999997,-26.0068
CA-2015-136147,2,11,233.064,-102.3195
US-2017-139969,1,3,233.058,-53.2704
CA-2014-125150,1,5,232.88,17.466
CA-2016-113236,2,8,232.62400000000002,25.8328
CA-2016-111416,1,5,232.4,78.435
US-2015-149629,1,5,231.92,5.798
CA-2017-135069,2,7,231.776,28.3668
US-2014-135881,3,8,231.16,62.1914
CA-2017-104136,2,11,230.69,111.1411
US-2017-119662,1,3,230.376,-48.9549
CA-2016-151148,2,7,230.088,14.3805
US-2017-135062,1,7,229.544,83.2097
CA-2015-163734,1,5,228.92,14.3075
CA-2017-132122,1,5,228.92,14.3075
CA-2016-136231,4,15,228.586,-45.4718
US-2017-132059,2,4,228.572,-240.1842
CA-2017-155873,3,9,228.28,105.90480000000001
CA-2017-112809,3,12,228.188,-32.0998
CA-2016-134138,1,2,227.96,36.4736
CA-2016-157707,3,5,227.65800000000002,-180.26250000000002
US-2017-155866,2,10,226.64,95.644
CA-2015-155334,3,13,226.13,98.7874
CA-2015-120103,3,11,225.928,50.114799999999995
CA-2016-105494,2,10,225.82799999999997,66.57419999999999
CA-2017-140676,3,17,225.60999999999999,91.8274
CA-2015-164567,1,3,225.576,22.5576
US-2017-108315,2,9,225.54600000000002,-11.827200000000001
CA-2014-158029,1,2,225.296,22.5296
CA-2016-154690,1,2,225.296,22.5296
CA-2014-103849,3,7,225.016,-70.7293
CA-2015-138954,3,15,224.93400000000003,68.0811
CA-2016-127208,2,4,224.9,64.2384
CA-2016-153157,1,5,224.75,62.93
CA-2017-164028,1,14,223.58,87.1962
CA-2016-154081,1,2,222.384,22.2384
CA-2017-137428,4,11,222.03199999999998,31.0424
CA-2015-125234,2,6,221.79,76.1691
CA-2014-133690,2,3,221.35,-161.5825
US-2016-140172,2,8,221.044,52.0866
CA-2017-166576,1,2,221.024,-55.256
CA-2017-166835,1,2,221.024,-55.256
CA-2017-122700,1,8,220.752,-40.4712
CA-2015-168480,2,5,220.31,38.6283
CA-2017-144456,2,8,220.056,19.2549
CA-2016-115483,1,5,219.84,79.692
CA-2016-159730,2,4,219.472,17.884
CA-2016-125738,4,24,219.12,95.8439
US-2017-152380,1,3,219.075,-131.445
CA-2017-148264,3,14,218.81,52.9647
CA-2016-147109,2,13,217.44,11.933999999999997
CA-2014-151708,2,7,217.352,-13.8317
CA-2016-118570,1,7,217.056,78.6828
CA-2014-146864,1,4,216.4,56.264
CA-2016-146325,2,12,216.22400000000002,25.887800000000002
CA-2017-111388,1,3,215.976,-2.6997
CA-2017-158246,1,3,215.976,-2.6997
CA-2016-134789,3,14,215.83999999999997,59.0848
CA-2016-100965,1,5,215.65,73.321
US-2017-167570,1,4,215.544,-58.5048
CA-2015-145849,2,10,215.18,19.720399999999998
US-2015-164175,1,5,213.115,-15.2225
US-2017-136679,2,8,212.992,-22.788200000000003
CA-2014-108903,3,10,212.952,5.5236
CA-2014-140487,1,3,212.94,57.4938
CA-2017-102309,2,7,212.91,70.2048
CA-2016-139885,1,6,212.88,0.0
CA-2015-124933,1,6,212.64,99.9408
CA-2014-123344,1,4,211.96,8.4784
CA-2014-146703,1,4,211.96,8.4784
CA-2016-164672,1,2,211.96,42.392
CA-2017-155985,1,8,211.84,76.2624
US-2014-114188,3,20,211.66000000000003,81.3994
CA-2014-140228,3,8,211.57600000000002,-33.1954
CA-2016-151092,1,4,211.168,18.4772
CA-2015-110667,4,11,210.992,58.2019
CA-2017-145142,1,2,210.98,21.098
CA-2015-149909,3,12,210.82,88.0671
US-2014-122959,1,2,210.392,-336.6272
CA-2014-163867,3,14,210.176,-24.8722
CA-2014-158225,2,7,210.13,42.769299999999994
CA-2017-131037,1,1,210.008,2.6251
US-2017-139647,1,7,209.979,-356.9643
CA-2014-120096,2,6,209.96800000000002,65.3808
CA-2016-163755,1,3,209.88,35.6796
CA-2017-127726,2,8,209.88,57.5508
CA-2017-158673,1,2,209.7,100.656
CA-2015-159786,1,1,209.67,-13.978
CA-2017-103499,1,2,209.568,-23.5764
CA-2015-115742,4,15,209.55,73.3529
CA-2017-126221,1,2,209.3,56.511
CA-2015-115511,2,6,208.008,64.2852
CA-2017-157252,1,3,207.846,2.3094
US-2015-123960,5,22,207.82,68.9878
CA-2016-123806,1,4,207.76,85.1816
CA-2016-131499,1,1,207.48,62.244
CA-2014-142314,1,11,207.24,58.0272
CA-2015-131422,1,3,207.0,25.875
CA-2015-139094,1,2,206.962,-32.5226
US-2017-103828,4,17,206.67000000000002,55.8441
US-2016-152415,2,6,206.64,67.60679999999999
CA-2015-112557,1,3,206.43,90.8292
CA-2015-155761,2,5,206.328,40.6308
US-2017-150595,3,7,205.922,-54.7089
CA-2017-121125,3,4,205.744,14.2053
CA-2015-121965,3,6,205.73,94.87389999999999
CA-2014-131247,1,2,205.666,-12.098
CA-2015-116484,2,5,205.37599999999998,-16.967399999999998
CA-2017-154907,1,2,205.3328,-36.2352
CA-2017-139311,4,21,205.296,3.8081999999999985
CA-2015-141740,1,2,205.164,13.6776
CA-2017-104066,1,7,205.03,67.6599
CA-2017-155292,4,18,204.98000000000002,38.321
US-2017-113201,1,5,204.95,100.4255
CA-2015-137750,1,5,204.85,57.358
CA-2017-142461,1,1,204.6664,-6.0196
CA-2015-112571,1,2,204.6,53.196
CA-2017-147333,2,9,204.55,78.8145
CA-2015-121405,2,10,204.48000000000002,22.098
US-2014-157070,2,9,204.07999999999998,78.8848
CA-2017-124086,1,2,203.983,16.7986
CA-2015-146038,1,5,203.92,22.941
CA-2016-112256,5,14,203.648,10.2258
CA-2016-123050,3,7,203.63,53.2902
US-2014-159618,5,18,203.1212,17.785
US-2016-113985,4,11,203.108,75.6516
CA-2014-117345,4,10,202.89600000000002,57.644800000000004
CA-2014-159709,2,8,201.73,81.8437
CA-2016-161928,1,2,201.584,12.599
US-2015-122910,1,2,201.584,20.1584
CA-2015-122826,1,4,201.568,22.6764
CA-2017-132934,2,8,201.262,33.5956
CA-2017-151211,2,9,201.09,58.1931
CA-2015-149734,1,7,200.984,62.8075
CA-2017-140844,2,10,200.94,56.2874
CA-2015-102316,2,5,200.73600000000002,-19.585800000000003
CA-2016-166275,1,1,199.99,85.9957
CA-2014-102652,4,13,199.98999999999998,64.5077
CA-2014-137575,1,2,199.98,83.9916
CA-2017-102834,1,2,199.98,69.993
CA-2014-167486,1,5,199.9,39.98
CA-2015-118843,2,10,199.86,44.4615
CA-2017-142391,1,10,199.8,71.928
CA-2016-120803,1,5,199.75,87.89
CA-2015-102036,1,6,199.74,47.9376
CA-2017-130351,3,11,199.73,74.8437
CA-2015-131534,2,6,199.64000000000001,40.968
CA-2017-112004,2,7,199.49099999999999,-49.254599999999996
CA-2014-123400,2,7,199.296,1.347999999999999
CA-2014-115259,4,25,199.256,67.7109
CA-2016-157161,6,26,199.18,71.7182
CA-2017-158743,3,11,199.17,92.93079999999999
CA-2016-104633,2,8,198.84,89.8668
US-2016-104815,1,4,198.744,0.0
CA-2016-102127,3,10,198.67000000000002,31.645899999999997
CA-2017-112844,2,7,198.54999999999998,43.198
US-2017-126060,1,8,198.272,-32.2192
CA-2016-140438,1,3,197.97,53.4519
CA-2016-159009,2,7,197.96800000000002,-16.3242
CA-2015-138002,2,5,197.916,76.9434
CA-2015-120810,2,6,197.76,70.9218
CA-2015-138625,1,4,197.72,55.3616
US-2017-107979,3,11,197.29999999999998,-44.432100000000005
US-2016-102232,1,7,197.05,59.115
CA-2016-124793,1,2,196.784,-22.1382
CA-2014-142048,1,6,196.752,56.5662
CA-2015-150560,1,2,196.62,96.3438
CA-2017-118857,1,5,196.45,70.722
US-2016-165078,3,12,196.33,91.46079999999999
CA-2014-109302,1,7,196.21,98.105
CA-2016-137337,3,12,196.016,73.2276
US-2016-103646,3,15,195.976,-206.9232
CA-2017-166919,1,5,195.96,19.596
CA-2016-141957,4,12,195.92,6.1411999999999995
US-2017-120607,1,4,195.64,91.9508
CA-2015-138534,1,2,195.466,-13.7976
CA-2016-149314,1,1,195.184,19.5184
US-2016-114293,1,4,195.136,-12.196
US-2017-129203,1,4,195.136,-43.9056
CA-2016-157686,1,4,194.848,12.178
CA-2017-107209,1,4,194.848,12.178
CA-2016-113341,1,3,194.352,19.4352
US-2014-109456,2,6,194.322,91.4088
CA-2015-117828,1,4,194.32,56.3528
CA-2015-122266,2,2,194.1395,-76.1798
CA-2017-117870,3,9,193.974,-34.2405
CA-2017-132619,1,3,193.95,9.6975
CA-2014-167850,2,5,193.93599999999998,27.7412
CA-2017-116946,3,14,193.63400000000001,-197.232
US-2017-151316,2,6,193.266,-317.02950000000004
CA-2015-102015,6,13,193.26,44.7494
CA-2014-131541,3,18,193.15200000000002,34.6984
CA-2016-146766,1,4,192.8,55.912
CA-2014-138527,3,8,192.424,24.6807
CA-2015-104241,1,14,192.22,69.1992
CA-2014-163412,1,3,192.186,36.3018
CA-2016-133319,1,4,192.16,92.2368
CA-2017-114636,1,5,192.16,67.256
CA-2017-161480,1,2,191.984,4.7996
CA-2015-135727,1,7,191.968,16.7972
US-2017-162124,1,4,191.968,28.7952
CA-2014-168473,1,6,191.88,19.188
CA-2016-140543,1,6,191.88,19.188
CA-2016-124772,1,3,191.82,74.8098
CA-2016-124254,3,7,191.808,-24.403200000000002
CA-2017-123638,1,3,191.646,31.941
CA-2015-117961,4,15,191.62,67.76559999999999
US-2014-122021,2,4,191.34,-4.9704
US-2016-148901,7,29,191.018,-37.6126
CA-2014-160157,1,3,190.848,-21.4704
CA-2015-102848,1,1,190.72,11.92
CA-2017-102519,2,10,190.67,75.3001
US-2017-153948,5,17,190.04999999999998,83.95920000000001
CA-2017-102974,3,10,190.01,42.4073
CA-2015-165057,2,12,189.99,53.198100000000004
CA-2017-106831,3,12,189.918,-26.916199999999996
US-2016-120929,1,3,189.882,-94.941
CA-2017-117443,2,8,189.71200000000002,41.6096
CA-2015-145184,2,6,188.94,30.8595
US-2016-114174,2,7,188.7,20.8524
CA-2015-122371,2,5,188.63,77.1055
CA-2017-139773,1,7,188.552,-2.6936
CA-2017-109960,4,18,188.24,76.977
CA-2015-113901,2,11,188.23,62.5938
CA-2015-149713,3,20,187.94,90.7036
US-2016-162677,2,8,187.61599999999999,-12.077900000000001
US-2016-137295,3,12,187.228,-7.8320000000000025
CA-2016-154060,1,9,187.056,11.691
CA-2016-144911,2,10,186.95,85.298
CA-2014-127166,4,12,186.90800000000002,-37.6056
CA-2016-168844,2,9,186.85199999999998,90.3774
CA-2017-123778,2,8,186.78400000000002,57.32639999999999
CA-2015-154921,1,3,186.69,87.7443
CA-2015-110877,2,9,186.67199999999997,27.739199999999997
CA-2016-163174,1,3,186.54,41.0388
CA-2017-168942,1,3,186.54,50.3658
CA-2014-116568,1,4,186.304,13.9728
CA-2016-124051,1,6,186.048,67.4424
CA-2016-113747,1,6,185.88,50.1876
CA-2016-108224,1,7,185.528,48.7011
CA-2015-156853,1,7,184.66,84.9436
CA-2017-124898,1,7,184.66,84.9436
CA-2016-159023,2,10,184.149,-255.4524
CA-2017-166926,2,9,183.82,60.005399999999995
CA-2014-159800,2,10,183.61,46.7761
CA-2017-168228,3,9,183.61,51.455799999999996
CA-2017-147452,3,6,183.59,89.06439999999999
CA-2017-119655,2,11,183.42000000000002,88.7728
CA-2015-156335,3,9,183.4,79.403
CA-2017-136651,3,15,183.38,64.6962
CA-2017-165386,1,2,183.372,-36.6744
CA-2016-130400,3,17,183.168,43.6122
CA-2017-160122,2,8,182.97,-4.633199999999999
CA-2014-112851,1,3,182.94,85.9818
CA-2015-132318,1,3,182.91,53.0439
CA-2015-109603,1,8,182.72,84.0512
CA-2017-142909,1,2,182.55,-135.087
CA-2017-127929,1,3,181.95,38.2095
CA-2017-122056,1,7,181.86,50.9208
CA-2017-157483,1,7,181.86,50.9208
CA-2016-140746,1,1,181.797,-15.5826
CA-2014-164210,2,6,181.78799999999998,-86.73360000000001
CA-2014-107139,1,6,180.96,67.86
CA-2015-109169,1,2,180.96,81.432
CA-2014-143840,2,3,180.93,46.580999999999996
CA-2016-125661,2,8,180.71200000000002,-7.461500000000001
CA-2016-148516,1,3,179.97,86.3856
CA-2015-139374,1,1,179.886,-2.5698
CA-2016-145303,3,15,179.5368,-91.1114
CA-2017-109701,5,19,178.89,58.3446
CA-2015-130204,3,10,178.79,58.4918
CA-2015-140921,2,5,178.37,62.0658
CA-2017-132647,2,7,178.20999999999998,45.7104
CA-2015-136728,2,5,177.89600000000002,-9.213999999999999
CA-2016-159142,2,6,177.78,19.0695
CA-2014-160276,1,2,177.68,46.1968
CA-2017-134404,2,6,177.636,-31.974200000000003
CA-2017-116939,1,5,177.55,47.9385
CA-2015-156328,1,3,177.48,19.9665
US-2016-139710,1,3,177.48,19.9665
CA-2017-101581,1,5,177.225,-120.513
CA-2017-145443,1,5,177.2,83.284
US-2014-143231,2,8,177.17000000000002,50.7368
CA-2017-102736,3,12,177.07999999999998,11.5196
US-2016-108098,1,3,177.0,30.09
CA-2014-123260,1,8,176.8,22.984
US-2016-112977,1,1,176.784,-22.098
CA-2014-130421,1,3,176.772,-459.6072
CA-2015-104038,2,8,176.63,16.3896
CA-2014-141726,4,10,176.494,78.7312
CA-2014-146815,2,4,176.28400000000002,15.126800000000001
CA-2014-104178,4,14,176.14,58.698
CA-2017-168396,2,8,175.70999999999998,35.9964
CA-2017-142643,2,6,175.37,79.5342
CA-2017-154109,2,5,175.324,-14.749399999999998
CA-2015-101868,3,13,175.32,-77.9315
CA-2015-167255,3,6,175.29,83.97359999999999
CA-2017-127306,5,19,175.08599999999998,19.9304
CA-2017-104080,2,7,174.56,65.0736
CA-2015-142454,2,10,174.49,47.1123
CA-2015-156146,2,4,174.304,-5.3644
CA-2017-107713,1,3,174.3,81.921
CA-2017-166198,2,4,174.14,37.608000000000004
CA-2015-153752,1,6,173.94,50.4426
CA-2017-119305,1,5,173.8,43.45
US-2017-155999,2,7,173.72,22.639499999999998
CA-2016-152765,1,7,173.488,54.215
US-2017-165869,2,10,173.4,62.9676
CA-2015-148712,3,17,172.606,60.6615
CA-2017-161578,2,7,172.26,14.357800000000001
CA-2014-121769,1,1,172.11,-94.6605
CA-2014-113271,4,14,172.097,29.4738
CA-2015-112116,1,2,171.96,44.7096
CA-2017-117422,3,7,171.848,12.5556
US-2017-169320,2,7,171.43,16.6721
CA-2017-101749,1,3,171.288,-6.4233
CA-2017-167003,1,3,171.288,-6.4233
CA-2016-114748,2,3,170.976,0.1584
CA-2017-157469,2,11,170.916,-23.4718
CA-2016-102456,1,3,170.88,49.5552
US-2017-120147,2,3,170.872,20.6063
CA-2016-105746,1,1,170.786,0.0
CA-2017-163160,3,10,170.572,-131.409
CA-2015-161627,1,3,170.352,-17.0352
US-2014-109162,1,3,170.352,10.647
CA-2015-131597,1,3,170.136,-8.5068
CA-2015-153535,2,8,169.54399999999998,15.479199999999999
CA-2017-118437,2,4,169.28,50.6437
US-2017-106663,3,12,169.253,-74.9161
CA-2017-107958,2,9,169.192,51.3259
CA-2017-124716,3,7,168.57999999999998,80.2436
CA-2016-112739,2,13,168.168,20.564100000000003
US-2017-115609,1,5,168.1,43.706
CA-2017-111647,1,4,167.968,62.988
CA-2016-118899,1,7,167.888,14.6902
CA-2015-136735,1,2,167.86,78.8942
CA-2016-129728,1,8,167.84,11.7488
CA-2017-144862,2,12,167.638,44.7732
CA-2015-124653,3,16,167.31,80.30879999999999
CA-2016-162313,1,6,167.292,29.7408
CA-2015-116687,2,6,167.232,16.8468
CA-2016-168956,4,14,167.182,-224.60940000000002
CA-2015-120341,2,7,166.998,-110.0988
CA-2015-129525,1,13,166.92,-116.844
US-2017-110646,3,13,166.692,-2.9785000000000013
CA-2014-100972,1,3,166.44,79.8912
CA-2017-136875,1,3,166.44,79.8912
US-2017-109582,1,3,166.44,79.8912
CA-2016-129238,2,6,166.292,36.0024
US-2015-137960,1,1,166.24,24.936
CA-2014-127691,2,4,165.94,59.261599999999994
CA-2016-143154,1,3,165.6,-6.21
CA-2016-148208,2,7,165.55200000000002,-4.372500000000002
CA-2014-164224,2,7,165.168,9.5076
CA-2016-105585,2,8,165.13,74.6154
CA-2014-154592,1,3,164.88,80.7912
CA-2017-144225,1,3,164.88,80.7912
CA-2014-166555,1,3,164.85,47.8065
CA-2017-141992,2,3,164.768,-31.797800000000002
CA-2017-135307,2,5,164.34,52.5888
CA-2017-145737,1,5,163.96,59.4355
CA-2017-160416,1,4,163.96,70.5028
US-2017-136784,1,4,163.96,80.3404
CA-2016-166772,1,2,163.88,40.97
CA-2014-125612,3,14,163.62,51.1464
CA-2017-159597,2,3,163.55,47.1736
CA-2017-160395,2,9,163.408,55.5597
CA-2017-166898,2,9,163.392,27.325200000000002
CA-2017-106180,3,9,163.38,76.4616
CA-2016-115476,2,4,162.51999999999998,78.335
CA-2016-158568,3,13,162.388,8.781500000000001
CA-2016-165218,2,4,162.344,49.594300000000004
US-2017-158218,2,9,162.16,-69.062
CA-2015-157812,3,12,162.072,-41.7939
CA-2015-120901,3,6,162.064,-27.4784
US-2017-150070,1,2,161.568,-28.2744
CA-2016-148096,1,2,161.28,12.096
CA-2017-161200,2,8,161.14000000000001,30.7104
CA-2014-127964,3,9,161.07,54.6459
CA-2017-161809,1,3,160.776,10.0485
CA-2014-138240,2,4,160.59199999999998,38.9355
CA-2016-129686,2,8,160.384,-4.995999999999999
US-2015-165743,3,15,160.27200000000002,-258.5952
CA-2017-134194,5,26,160.162,-122.60159999999999
US-2017-111745,1,1,159.99,54.3966
US-2016-151862,1,2,159.984,13.9986
CA-2014-132983,1,2,159.98,57.5928
CA-2016-158358,1,2,159.98,57.5928
CA-2017-123029,1,2,159.98,47.994
US-2017-146213,1,4,159.96,51.1872
CA-2016-130267,1,7,159.88,73.5448
US-2017-164147,3,16,159.73,24.343200000000003
US-2017-128398,1,4,159.56,59.0372
CA-2016-110254,4,14,158.81,63.3456
CA-2014-158771,4,18,158.71,50.7928
CA-2015-168564,3,5,158.672,15.819
US-2014-115413,2,6,158.61,54.9951
CA-2014-131800,2,10,158.388,43.5849
US-2015-110261,1,3,158.376,13.8579
CA-2016-159695,1,7,158.368,13.8572
CA-2017-132521,3,6,158.28,44.3996
CA-2016-166282,2,11,158.256,48.355999999999995
US-2015-136476,1,1,157.794,-115.7156
CA-2015-134201,2,7,156.70999999999998,44.3655
US-2016-115819,6,21,156.516,51.2064
CA-2016-114944,1,4,156.512,52.8228
US-2017-105830,1,4,156.512,-35.2152
CA-2017-116645,1,6,155.94,45.2226
US-2015-164966,1,6,155.88,38.97
CA-2014-156790,1,4,155.456,-7.7728
CA-2017-120061,1,2,155.372,-35.5136
US-2014-143721,1,2,155.372,-35.5136
US-2016-134488,1,2,155.372,-13.3176
CA-2017-146360,1,6,155.34,55.9224
CA-2015-112305,3,11,155.16,43.3824
CA-2017-149076,1,5,154.9,69.705
CA-2014-111157,2,4,154.624,33.2
CA-2016-144729,1,3,154.44,1.5444
CA-2015-128013,2,6,154.14000000000001,73.5864
CA-2014-115049,1,11,153.824,38.456
CA-2017-122175,4,14,153.41,57.7628
CA-2014-122609,2,5,153.112,18.686600000000002
CA-2017-133487,1,3,152.94,41.2938
CA-2015-151253,2,6,152.916,24.444300000000002
CA-2015-134943,1,5,152.8,76.4
CA-2014-167997,2,4,152.64000000000001,44.7684
CA-2017-100055,2,5,152.59,46.1733
CA-2016-122017,2,8,152.51999999999998,46.9392
CA-2017-155607,2,11,152.07399999999998,47.3529
CA-2015-157133,1,5,151.96,-182.352
CA-2015-163923,1,4,151.96,36.4704
CA-2017-132262,2,4,151.96,41.5092
CA-2014-110065,2,8,151.95000000000002,43.7397
CA-2017-110842,3,9,151.93,51.6826
CA-2016-128671,3,14,151.82,70.48519999999999
CA-2014-158540,1,4,151.72,27.3096
CA-2017-151008,2,6,151.72,58.0272
CA-2016-107790,1,1,151.192,13.2293
CA-2017-154676,1,9,151.056,7.5528
CA-2015-100734,2,6,150.76,-32.2976
CA-2014-146843,2,11,150.232,-13.014600000000002
CA-2015-101707,3,9,150.22,63.233599999999996
CA-2017-118577,2,4,150.17999999999998,72.0864
CA-2014-114433,1,3,149.97,52.4895
US-2015-156797,2,4,149.96,37.6096
CA-2014-103366,1,5,149.95,65.978
CA-2016-116547,2,6,149.9,47.6618
US-2014-114377,1,5,149.9,40.473
CA-2017-100230,3,6,149.872,42.3643
CA-2014-159184,2,7,149.56,56.1248
US-2015-152128,2,5,149.2,68.2124
US-2017-102288,3,10,148.884,41.19
CA-2017-134796,1,2,148.48,16.704
CA-2017-141201,1,3,148.257,15.6978
US-2017-132675,5,15,148.16,45.2831
CA-2017-101014,1,3,148.02,41.4456
CA-2016-164511,3,9,147.91199999999998,25.784799999999997
US-2017-104661,4,15,147.636,-31.3862
CA-2017-138156,1,2,147.568,-3.6892
CA-2015-148250,2,6,147.44,41.185599999999994
CA-2014-146731,2,11,147.344,49.7286
CA-2016-123120,3,10,147.26,51.9779
CA-2017-120705,1,2,147.184,-29.4368
CA-2017-120999,1,4,147.168,16.5564
CA-2017-169691,3,11,146.89,53.8191
CA-2016-112942,1,3,146.82,73.41
US-2017-157896,1,3,146.82,73.41
US-2015-139759,2,5,146.744,34.257
CA-2015-122973,3,4,146.698,40.063900000000004
US-2014-139640,2,9,146.688,18.1296
US-2016-102141,1,8,146.688,45.84
CA-2017-146346,1,3,146.352,-32.9292
CA-2016-153101,1,1,146.04,-12.7785
CA-2015-168529,1,5,145.9,62.737
CA-2017-133249,1,5,145.9,62.737
CA-2016-143910,1,2,145.764,-8.098
US-2017-168613,1,2,145.764,3.2392
US-2014-151925,1,2,145.568,0.0
CA-2015-164007,2,5,145.504,-392.85949999999997
CA-2016-139941,2,6,145.5,60.219
CA-2014-106803,2,6,144.35999999999999,54.796800000000005
CA-2016-124506,2,6,143.96,-0.8572
CA-2014-164385,1,3,143.952,14.3952
US-2017-103814,1,9,143.856,48.5514
CA-2017-133102,5,15,143.808,-123.5122
CA-2017-135650,1,2,143.728,-32.3388
CA-2016-153836,2,8,143.702,42.2492
CA-2016-117849,1,3,143.7,68.976
CA-2015-158701,2,12,143.51999999999998,41.1372
CA-2017-107825,4,11,143.48,41.7572
CA-2016-124667,2,4,143.32999999999998,35.832499999999996
CA-2016-165918,4,10,143.24,61.9622
CA-2014-105270,2,4,143.128,19.1896
CA-2017-115119,2,8,142.98000000000002,-78.4845
CA-2017-139913,4,21,142.92,56.6044
CA-2014-133753,3,5,142.344,17.154
CA-2017-112725,3,11,142.344,-5.473800000000001
CA-2016-132066,1,1,142.182,-37.9152
CA-2015-114237,1,2,141.96,39.7488
CA-2015-151680,1,2,141.96,22.7136
CA-2017-100412,1,2,141.96,35.49
CA-2016-146157,3,6,141.576,17.1082
CA-2016-115574,1,2,141.372,-14.1372
US-2016-123470,2,6,141.21,-1.6140000000000008
CA-2017-105620,2,5,141.0,-1.4249999999999998
US-2015-110569,2,11,140.986,0.9055999999999997
CA-2017-169999,2,5,140.86800000000002,10.224599999999999
CA-2016-157763,1,1,140.81,39.4268
CA-2014-121664,1,8,140.736,52.776
CA-2015-161445,1,4,140.736,12.3144
CA-2016-101525,3,7,140.52,67.5444
CA-2015-136420,2,8,139.816,57.192400000000006
CA-2014-123855,1,5,139.8,12.2325
CA-2017-151281,1,7,139.58,39.0824
US-2015-157014,4,10,139.544,-40.1648
CA-2014-163559,1,3,139.44,47.061
CA-2015-166135,1,4,139.424,17.428
CA-2015-105102,3,6,139.216,37.3324
CA-2017-158876,4,11,138.696,0.4618000000000002
CA-2016-166380,2,11,138.53,39.6192
CA-2017-139080,4,16,138.43200000000002,31.0752
CA-2017-143021,2,10,138.382,-11.071299999999997
US-2017-104437,1,3,137.94,35.8644
CA-2014-140403,2,5,137.632,21.2518
CA-2014-108861,1,4,136.96,51.36
CA-2015-157959,1,4,136.92,41.076
US-2015-123918,2,7,136.72,-93.3772
CA-2017-139304,3,12,136.526,44.766999999999996
US-2016-126431,3,13,136.43,53.9888
CA-2017-107125,2,10,136.328,47.14960000000001
CA-2017-145506,1,9,136.26,5.4504
CA-2017-160927,4,11,136.2,59.875699999999995
CA-2016-160234,1,1,135.95,39.4255
US-2015-146745,2,4,135.936,-10.807599999999999
CA-2016-121447,1,7,135.8,66.542
CA-2017-169859,3,22,134.91,54.300000000000004
CA-2016-167759,1,3,134.85,37.758
CA-2014-160262,3,12,134.6,55.312000000000005
CA-2017-164826,4,21,134.524,56.4337
CA-2015-137897,3,9,134.5,42.866
CA-2014-131310,2,8,134.4,17.6544
CA-2015-159863,1,3,134.376,6.7188
US-2016-164945,1,8,134.272,46.9952
US-2017-125647,3,12,133.89600000000002,-199.314
CA-2017-138464,4,13,133.576,45.6732
US-2016-157728,2,9,133.54000000000002,44.1476
CA-2016-146143,1,6,133.38,58.6872
CA-2014-104472,2,9,133.128,41.4336
US-2017-147998,1,5,133.12,49.92
CA-2016-133697,3,12,132.95,9.2561
CA-2015-125185,2,4,132.94,-12.5528
CA-2016-133340,3,4,132.809,51.639
US-2016-156986,4,11,132.709,-22.145899999999997
CA-2017-156818,1,6,132.6,17.238
CA-2017-106103,1,4,132.52,54.3332
CA-2017-157448,2,6,132.35999999999999,28.4592
CA-2016-125017,1,4,132.224,-18.1808
US-2016-134908,2,7,132.168,-20.718
CA-2014-109918,3,11,131.84,48.520399999999995
CA-2015-148180,3,14,131.48,37.2649
CA-2016-149783,3,7,131.104,21.1644
CA-2017-159793,1,2,130.98,-89.0664
CA-2014-124394,2,8,130.756,-35.2444
CA-2017-136364,2,10,130.602,12.080300000000001
CA-2017-162572,2,11,130.56799999999998,36.916199999999996
CA-2015-161711,2,11,130.4,57.1984
CA-2016-143924,2,9,130.36,63.0588
CA-2016-108868,2,7,130.328,27.892699999999998
US-2015-122140,3,12,130.288,-79.3074
CA-2015-127481,2,7,130.28,64.816
CA-2014-127187,1,2,129.98,62.3904
CA-2016-104969,2,7,129.976,-97.7039
CA-2017-123134,1,3,129.93,12.993
CA-2014-117429,1,5,129.92,21.112
CA-2014-151967,1,4,129.92,10.3936
CA-2017-161340,2,7,129.832,-59.909000000000006
US-2015-168732,3,11,129.64,34.3474
CA-2017-134152,2,9,129.6,17.676000000000002
US-2014-110674,1,2,129.568,-24.294
CA-2015-111094,2,5,129.52,62.038000000000004
CA-2014-100706,2,8,129.44,17.7202
CA-2017-169124,1,3,129.39,54.3438
CA-2014-158470,2,14,129.32999999999998,60.9174
CA-2017-164329,1,2,129.3,6.465
US-2014-113124,1,2,129.3,6.465
CA-2017-143252,2,8,129.29,33.8443
CA-2016-166226,2,2,129.032,24.436
CA-2015-119690,4,16,128.928,-4.352399999999998
CA-2017-129581,1,3,128.85,3.8655
CA-2015-139738,1,7,128.744,12.8744
US-2016-123610,2,7,128.67,49.140899999999995
CA-2015-148376,2,9,128.51999999999998,41.3672
CA-2016-121356,1,3,128.4,62.916
CA-2016-164637,1,3,128.4,64.2
CA-2015-100685,3,9,128.36,60.4876
CA-2016-135965,1,6,128.34,37.2186
CA-2015-142419,2,6,128.322,47.9097
CA-2016-146374,3,9,128.07,60.326899999999995
CA-2017-156895,1,3,128.058,-23.7822
CA-2017-157980,1,2,127.984,25.5968
CA-2014-112837,1,3,127.95,21.7515
CA-2016-154235,1,3,127.95,21.7515
CA-2017-129028,1,3,127.95,21.7515
CA-2014-110219,1,3,127.869,-9.1335
CA-2015-142734,1,2,127.764,2.8392
CA-2017-130771,2,3,127.688,16.0696
CA-2017-147942,2,15,127.46000000000001,40.7416
CA-2016-155474,2,4,127.28,15.4786
CA-2017-115931,4,15,126.98,26.9093
CA-2017-118731,2,10,126.656,43.9322
CA-2014-127859,1,6,126.624,41.1528
CA-2016-137848,3,16,126.176,53.794399999999996
CA-2017-163860,4,12,125.98,-9.7236
US-2015-136427,1,7,125.944,15.743
CA-2015-146290,1,7,125.93,35.2604
CA-2016-125843,2,11,125.91999999999999,62.5136
CA-2016-141082,2,5,125.81,57.909499999999994
US-2015-148817,2,8,125.64,47.3544
CA-2017-158386,1,5,124.75,57.385
CA-2016-145898,4,16,124.58,44.4003
CA-2015-121776,2,10,124.55,58.5385
US-2017-123834,1,4,124.404,-21.3264
CA-2017-144827,1,2,124.36,33.5772
CA-2014-107454,2,13,124.2,40.157399999999996
US-2016-144211,2,6,124.056,13.7547
CA-2014-119977,1,4,123.92,55.764
CA-2016-104983,1,5,123.92,38.725
CA-2016-158547,1,5,123.92,9.294
CA-2016-124485,4,11,123.656,26.2924
CA-2017-138611,2,12,123.588,13.1952
US-2014-155894,1,3,123.552,-29.3436
CA-2014-135699,2,4,123.28,60.273599999999995
CA-2014-123323,1,7,123.144,46.179
US-2017-152002,1,3,122.97,60.2553
CA-2015-151869,2,4,122.62199999999999,16.458
CA-2017-145877,2,11,122.6,36.898
CA-2017-122798,2,6,122.53,36.2185
CA-2016-122448,1,3,122.352,13.7646
CA-2016-114307,4,16,122.34,47.3484
CA-2016-122728,2,6,122.22,34.8606
US-2017-101784,1,3,122.136,-13.7403
CA-2014-119172,2,12,122.05199999999999,-166.87859999999998
US-2016-155971,2,12,121.95,57.537000000000006
CA-2015-125563,2,5,121.888,24.4176
US-2016-112396,2,5,121.83,50.73779999999999
CA-2017-167661,3,11,121.816,48.5818
CA-2016-162159,1,2,121.78,30.445
CA-2017-110940,1,4,121.536,15.192
US-2016-139486,2,5,121.436,14.751999999999999
CA-2014-146500,2,8,121.24,21.485
CA-2016-136021,2,9,121.09200000000001,43.238400000000006
CA-2017-105991,3,20,120.783,-152.8739
CA-2015-128125,2,6,120.756,27.8283
CA-2014-102295,1,1,120.712,-18.1068
CA-2015-126137,1,2,120.666,18.4548
CA-2016-163972,1,2,120.666,21.294
CA-2017-163097,1,8,120.576,33.1584
US-2015-104185,1,1,120.33,31.2858
US-2014-105137,2,4,120.258,-84.7894
CA-2016-144554,1,3,119.976,22.4955
CA-2015-103205,1,5,119.96,11.996
CA-2017-118864,1,1,119.96,7.4975
US-2017-118598,1,6,119.94,5.997
CA-2015-154886,1,2,119.9,43.164
CA-2014-132864,1,5,119.8,29.95
CA-2014-144071,2,5,119.32,39.7648
CA-2016-119935,2,4,119.25999999999999,56.4988
CA-2017-126354,2,5,119.17800000000001,37.7656
CA-2017-144932,3,9,118.32,28.923000000000002
CA-2016-147431,1,2,117.96,5.898
CA-2016-101693,2,4,117.958,-32.2586
CA-2015-165799,1,1,117.882,1.3098
CA-2014-148488,2,9,117.704,42.446
CA-2017-133095,2,10,117.62,58.428399999999996
CA-2017-110884,2,9,117.51,51.2034
CA-2015-142433,1,3,117.456,44.046
CA-2014-107181,2,7,117.136,45.1064
CA-2016-169887,3,7,116.96,36.0402
CA-2014-163293,2,7,116.85,43.055099999999996
CA-2017-152856,1,4,116.832,33.5892
CA-2017-127313,2,8,116.512,16.183
CA-2017-117023,2,12,116.47999999999999,31.6896
CA-2015-139780,1,8,116.4,52.38
CA-2017-149706,1,7,116.312,23.2624
CA-2014-143413,1,3,116.28,56.9772
CA-2016-137673,1,8,116.0,29.0
US-2017-115301,1,2,115.96,25.5112
CA-2014-113929,3,12,115.952,44.2956
CA-2017-158071,3,8,115.916,17.0961
CA-2016-105354,1,8,115.84,54.4448
CA-2016-134516,2,3,115.47999999999999,-10.001100000000001
CA-2016-130407,2,4,115.46000000000001,29.619799999999998
US-2015-113593,1,3,115.44,30.0144
CA-2015-104514,3,8,115.39999999999999,34.511199999999995
CA-2014-107755,1,7,115.36,49.6048
US-2014-157231,1,7,115.36,56.5264
CA-2015-111199,1,3,115.296,40.3536
CA-2017-136609,1,3,115.296,40.3536
CA-2016-111318,1,8,115.136,11.5136
CA-2016-134425,1,5,114.95,2.299
CA-2017-131625,1,5,114.9,39.066
CA-2017-140508,1,4,114.848,35.89
US-2016-146710,4,11,114.84,-1.9188
US-2014-117744,3,17,114.78399999999999,-47.3384
US-2017-119816,3,7,114.684,-76.1086
CA-2016-111976,2,6,114.55999999999999,-26.680799999999998
CA-2016-125206,1,2,114.46,28.615
CA-2017-103352,2,9,114.414,38.2827
CA-2017-132976,4,15,114.376,24.6492
CA-2015-137708,3,15,114.37,47.5602
CA-2014-151379,1,5,114.2,52.532
US-2014-154879,2,8,113.72,32.9398
CA-2016-113425,1,2,113.568,12.7764
CA-2017-168102,1,2,113.568,-21.294
US-2017-169502,2,8,113.41,32.4527
CA-2015-110947,1,3,113.1,56.55
CA-2014-157546,2,9,112.542,41.0079
CA-2016-151372,3,6,112.12,51.848
CA-2015-105970,2,7,112.03999999999999,53.581599999999995
CA-2016-127642,1,2,111.96,54.8604
CA-2016-159345,1,2,111.96,54.8604
CA-2017-140494,1,4,111.96,21.2724
CA-2014-159121,1,7,111.93,34.6983
US-2015-130519,4,10,111.904,8.0564
CA-2016-144792,1,7,111.888,22.3776
CA-2014-167360,1,7,111.79,43.5981
CA-2017-141138,1,7,111.79,43.5981
CA-2015-148873,2,8,111.76,-1.7688000000000006
CA-2016-155992,2,7,111.75,29.754
CA-2016-100671,1,9,111.672,6.9795
CA-2016-169334,1,9,111.672,6.9795
CA-2016-118052,3,11,111.496,28.8301
CA-2017-166856,2,10,111.42,11.635200000000001
CA-2014-122217,1,5,111.15,48.906
CA-2016-111283,1,7,111.104,8.3328
CA-2014-164182,4,7,111.05000000000001,-10.3644
CA-2015-134082,1,4,110.528,38.6848
US-2017-118556,2,6,110.43299999999999,-35.2443
CA-2014-153479,2,7,110.098,37.8771
CA-2017-132213,2,14,109.968,12.048
CA-2016-138079,1,5,109.9,37.366
CA-2017-143658,1,5,109.9,32.97
CA-2014-114517,2,5,109.83600000000001,-3.7235999999999994
CA-2015-100657,1,2,109.764,8.5372
CA-2017-167626,2,5,109.704,24.759
CA-2017-147844,3,13,109.62,38.3642
CA-2015-127110,2,8,109.36,-6.721200000000001
CA-2016-158211,2,7,109.252,-79.594
CA-2017-122077,2,5,109.208,13.894400000000001
CA-2014-158337,1,14,108.92,49.014
CA-2017-107748,2,6,108.80000000000001,40.962799999999994
CA-2014-130673,4,12,108.44399999999999,-19.3413
US-2016-150147,3,7,108.42,-37.9432
CA-2017-161557,1,5,108.4,-105.69
CA-2017-104927,3,15,108.13,25.8185
CA-2017-149489,3,6,107.986,5.6562
CA-2015-114923,1,3,107.982,-26.9955
CA-2015-123330,1,3,107.976,37.7916
CA-2017-125381,1,3,107.97,22.6737
CA-2016-140774,1,3,107.94,26.985
CA-2016-111794,2,4,107.864,30.4407
CA-2016-106894,2,7,107.83,24.6018
US-2015-125374,1,2,107.772,-29.2524
CA-2015-129217,2,7,107.75399999999999,-187.9406
CA-2017-155712,1,2,107.648,33.64
US-2014-131982,1,2,107.648,33.64
US-2017-117450,2,4,107.55199999999999,9.7028
CA-2014-132801,1,10,107.44,10.744
CA-2016-157511,3,6,107.396,-5.125
CA-2014-166961,4,10,107.346,34.3677
CA-2016-169824,3,16,107.07000000000001,34.6771
CA-2014-125136,2,10,106.944,35.024
CA-2015-107685,2,8,106.88,41.5872
CA-2015-138331,1,10,106.8,10.68
CA-2015-108672,1,6,106.68,33.0708
CA-2015-102722,1,6,106.5,41.535
CA-2016-108581,2,6,106.336,30.020000000000003
CA-2017-107265,1,3,106.32,49.9704
CA-2017-125115,2,5,106.104,23.972700000000003
CA-2015-155054,3,6,106.08,32.2658
CA-2016-166373,1,6,106.08,-9.282
CA-2017-136539,2,4,106.02080000000001,-8.8792
CA-2015-113110,4,14,105.688,41.582
CA-2014-159681,1,4,105.52,48.5392
CA-2016-108350,1,4,105.52,48.5392
CA-2016-154067,1,4,105.52,48.5392
CA-2015-134782,1,2,105.42,51.6558
CA-2017-119004,3,10,105.408,20.774800000000003
US-2014-130379,2,4,104.91999999999999,-190.509
CA-2016-112060,1,1,104.85,50.328
CA-2017-117807,1,1,104.85,50.328
US-2017-139577,1,5,104.75,21.9975
CA-2016-109743,2,11,104.712,10.1817
CA-2016-108959,1,1,104.696,6.5435
CA-2015-162537,4,16,104.51,36.8692
CA-2016-158575,1,6,103.968,16.8948
CA-2017-158407,2,4,103.96799999999999,27.1934
CA-2014-149594,1,4,103.936,16.8896
CA-2014-144407,1,7,103.6,51.8
US-2014-164763,5,14,103.5,42.8123
CA-2017-169404,2,6,103.48,-5.279399999999999
CA-2016-128867,2,8,103.19999999999999,36.1356
CA-2017-108910,1,3,103.056,24.4758
CA-2016-162383,3,10,103.054,-15.1722
CA-2017-132955,1,3,102.93,48.3771
CA-2017-126536,2,6,102.83,37.3526
US-2017-100398,1,3,102.72,37.236
CA-2017-127285,2,5,102.65599999999999,32.949
CA-2017-106747,1,1,102.3,26.598
CA-2016-121755,2,5,102.21799999999999,15.996500000000001
CA-2017-136623,2,11,101.752,14.7089
CA-2014-151001,2,8,101.728,7.6296
CA-2014-154781,2,3,101.57,31.5238
CA-2017-146626,1,8,101.12,37.4144
CA-2017-133823,3,11,101.062,43.9519
CA-2015-122287,4,17,101.004,15.6262
CA-2017-132346,1,7,100.94,33.3102
CA-2017-161893,2,4,100.922,8.3768
CA-2015-105613,2,9,100.86,-183.1062
CA-2015-137071,1,2,100.8,21.42
CA-2016-163153,2,3,100.716,-0.9156
CA-2014-101175,1,6,100.704,-1.2588
CA-2016-160129,3,14,100.616,18.6496
CA-2016-134775,2,10,100.49600000000001,42.8176
CA-2014-123498,2,6,100.398,-17.325599999999998
CA-2014-130449,2,14,100.36,39.6308
US-2016-108455,3,14,100.25,41.0732
CA-2014-151897,1,10,100.24,33.831
CA-2016-109806,3,6,100.164,18.0216
CA-2016-113516,2,6,100.16,35.056
CA-2014-103058,1,2,99.98,7.9984
CA-2014-152233,1,2,99.98,34.993
CA-2016-155138,2,7,99.87199999999999,31.8076
CA-2017-100825,1,3,99.87,23.9688
US-2017-143175,1,3,99.87,23.9688
CA-2015-142993,2,4,99.85999999999999,3.401
CA-2016-120796,1,9,99.846,-83.205
CA-2016-130225,1,2,99.568,33.6042
CA-2016-105963,1,3,99.39,40.7499
CA-2015-149587,3,7,99.26,38.9066
CA-2015-143616,1,5,99.2,25.792
US-2017-141509,1,5,99.2,25.792
CA-2016-133123,2,5,99.15599999999999,27.5286
CA-2014-164259,1,4,99.136,8.6744
US-2016-134656,1,4,99.136,30.98
CA-2017-139822,2,4,98.6,21.61
US-2017-149510,3,13,98.446,-7.7228
CA-2015-131072,1,3,98.352,35.6526
CA-2017-168193,2,4,98.35,28.6879
US-2016-141880,1,3,98.328,9.8328
CA-2016-111493,1,6,98.16,9.816
CA-2016-130477,3,7,97.96,18.438399999999998
US-2017-158505,2,10,97.91799999999999,13.8308
CA-2017-138548,1,2,97.84,25.4384
CA-2015-113131,5,16,97.684,12.598199999999999
US-2015-131842,1,2,97.424,10.9602
CA-2017-137918,1,7,97.3,28.217
US-2017-152366,1,4,97.264,-243.16
US-2017-131961,2,6,97.236,-17.3538
CA-2017-153787,1,2,97.16,28.1764
CA-2014-111059,2,5,97.11200000000001,31.5614
CA-2017-103478,2,11,97.056,-169.41840000000002
CA-2015-105725,2,3,96.604,27.198999999999998
CA-2017-161018,1,7,96.53,40.5426
CA-2017-137323,1,6,96.36,25.0536
US-2015-111927,2,5,96.1,36.0302
CA-2017-135034,1,2,95.984,5.999
CA-2017-137365,1,3,95.976,-10.7973
CA-2014-131527,1,4,95.968,9.5968
CA-2017-122105,1,8,95.92,25.8984
CA-2015-104052,1,4,95.84,34.742
CA-2016-103891,1,6,95.76,7.182
CA-2017-167227,2,12,95.66000000000001,26.7374
CA-2017-139619,1,2,95.616,9.5616
CA-2017-137876,2,6,95.52,36.4112
CA-2017-131492,4,16,95.388,26.4606
US-2017-145366,2,4,94.78399999999999,14.1494
CA-2014-134726,2,3,94.732,19.7177
CA-2015-153038,3,21,94.688,28.424799999999998
CA-2017-140298,4,7,94.508,-19.1493
CA-2016-126529,3,8,94.452,16.147199999999998
US-2014-102631,1,3,94.428,-42.4926
CA-2017-149944,2,5,94.36,31.1948
CA-2014-114195,3,7,94.264,-4.235199999999999
CA-2017-126634,1,5,94.2,39.564
CA-2016-117919,2,6,94.08,29.034000000000002
CA-2016-169166,1,2,93.98,13.1572
CA-2016-131380,2,5,93.9,3.8094
CA-2014-110072,1,4,93.888,12.9096
CA-2015-149601,2,6,93.78999999999999,24.15
CA-2017-101308,2,5,93.724,-16.023799999999998
CA-2017-161102,2,9,93.52000000000001,26.7288
US-2016-152373,1,3,93.456,-17.523
CA-2016-139808,1,12,93.36,0.9336
CA-2014-124079,2,5,93.17399999999999,3.5253000000000005
US-2016-119046,3,18,93.06,36.5364
CA-2014-128986,1,3,93.024,33.7212
CA-2016-101189,1,2,93.02,3.7208
CA-2017-126865,1,3,92.94,41.823
CA-2014-108273,2,9,92.856,-62.2518
CA-2016-119074,3,7,92.7,35.8254
CA-2014-132787,1,6,92.52,24.9804
CA-2014-143385,1,9,92.52,18.504
CA-2017-120222,2,6,92.39399999999999,36.267
CA-2014-128237,4,14,92.36,31.462
CA-2015-124541,5,22,92.052,-16.3542
CA-2017-169439,2,7,92.032,-5.202400000000001
CA-2017-120761,1,4,91.96,39.5428
CA-2014-152422,1,5,91.92,11.49
CA-2017-144638,4,8,91.726,4.230000000000001
CA-2014-148761,1,3,91.68,45.84
US-2014-131870,2,15,91.488,15.5892
CA-2016-140977,1,1,91.475,-1.8295
CA-2017-119424,2,6,91.416,18.328200000000002
CA-2017-117653,1,1,91.275,-67.5435
CA-2016-144540,2,12,91.23,-162.1275
US-2017-110149,2,6,91.193,12.8767
CA-2017-108749,2,10,91.14,44.662800000000004
CA-2014-100293,1,6,91.056,31.8696
CA-2017-123239,1,3,91.032,-2.2758
CA-2015-127327,1,1,90.882,15.147
CA-2017-122007,1,7,90.86,26.3494
CA-2017-154809,1,8,90.64,38.9752
CA-2014-157721,2,2,90.60999999999999,13.9047
US-2017-133081,2,5,90.6,36.67
CA-2014-133830,3,16,90.58,42.193400000000004
US-2017-113852,1,3,90.57,11.7741
CA-2016-146836,2,6,90.51599999999999,28.534799999999997
CA-2016-150077,1,2,90.48,23.5248
CA-2016-161669,4,12,90.396,30.633
CA-2014-113579,1,6,90.24,41.5104
CA-2015-108588,3,7,90.168,28.299599999999998
CA-2016-126270,2,10,90.05799999999999,42.5419
CA-2016-147536,1,3,89.97,18.8937
CA-2017-142293,1,3,89.97,37.7874
US-2014-124625,1,3,89.97,18.8937
US-2016-144351,1,3,89.97,25.1916
CA-2016-137939,1,5,89.95,43.176
CA-2017-141103,1,5,89.95,43.176
CA-2015-162621,3,17,89.86,-47.729
US-2015-118906,1,6,89.82,25.1496
CA-2017-142174,1,2,89.568,32.4684
CA-2015-140830,2,4,89.36,40.5616
US-2016-156692,2,4,89.32000000000001,19.7976
CA-2017-125388,2,7,89.26,23.2076
CA-2015-151547,1,8,88.96,10.008
CA-2017-115448,1,5,88.92,14.4495
US-2015-120712,1,4,88.8,-2.22
CA-2014-148782,1,3,88.776,7.7679
CA-2014-137911,1,2,88.768,31.0688
CA-2017-121538,1,2,88.768,31.0688
CA-2015-145821,1,3,88.752,11.094
CA-2016-109176,2,6,88.704,13.424
CA-2016-157588,2,6,88.15,32.633
US-2014-104759,2,9,88.118,0.16939999999999955
US-2017-147655,1,7,88.074,-58.716
CA-2017-130631,2,7,88.06,30.142
CA-2016-149902,1,4,88.04,22.8904
US-2017-154872,3,8,87.994,-37.027
CA-2017-106033,1,4,87.92,26.376
CA-2017-139437,1,4,87.92,0.8792
CA-2016-138282,1,8,87.84,23.7168
US-2015-142811,1,5,87.8,32.925
CA-2017-133648,3,11,87.688,25.255300000000002
CA-2017-104577,1,5,87.6,42.048
CA-2014-120887,1,3,87.54,37.6422
CA-2017-126956,3,13,87.52,35.0868
US-2016-101616,1,8,87.28,41.0216
CA-2015-141145,1,3,87.168,10.896
CA-2014-105417,2,10,87.15799999999999,-71.9621
CA-2015-100251,2,14,87.1,31.244
CA-2015-169201,2,5,86.82,29.5218
CA-2016-113061,1,2,86.62,8.662
CA-2016-162747,1,7,86.45,38.038
CA-2014-126032,1,3,86.376,1.0797
CA-2016-148698,1,3,86.352,5.397
CA-2016-140613,1,5,86.2,24.998
US-2015-151435,1,1,85.98,22.3548
CA-2015-142377,1,7,85.96,40.4012
US-2014-164616,2,6,85.96,-57.7136
CA-2015-100216,2,9,85.92,28.7016
CA-2016-113551,2,9,85.908,26.9798
CA-2015-153906,1,2,85.9,2.577
CA-2015-156013,2,7,85.848,37.7204
CA-2015-134859,2,7,85.68,13.751999999999999
CA-2017-152709,1,2,85.52,22.2352
CA-2017-167150,2,6,85.50399999999999,30.1756
CA-2016-152163,3,6,85.5,40.756
CA-2015-127593,1,2,85.3,14.501
US-2016-148803,1,3,85.224,7.4571
CA-2016-129308,4,13,85.209,-22.3352
CA-2017-126396,1,6,85.2,20.235
CA-2015-104297,1,3,85.056,28.7064
CA-2017-147403,1,3,85.056,28.7064
CA-2014-135993,2,10,85.00800000000001,7.9488
CA-2015-114503,1,6,84.96,6.372
CA-2017-102771,1,5,84.95,22.087
CA-2014-120852,2,7,84.872,-57.7316
CA-2016-109925,1,3,84.84,22.9068
CA-2014-133228,2,5,84.83,26.1601
CA-2016-116344,1,2,84.784,-16.9568
CA-2016-134544,1,2,84.784,-20.1362
CA-2016-114209,2,11,84.62,27.755399999999998
CA-2015-153108,2,9,84.61,23.0839
CA-2015-104486,3,6,84.556,25.3814
CA-2017-145779,1,4,84.416,27.4352
CA-2016-129847,1,2,84.272,-75.8448
US-2016-113509,1,3,83.976,-13.6461
US-2016-100566,1,3,83.952,-90.2484
CA-2014-110611,1,5,83.92,-13.637
CA-2017-144750,1,1,83.88,29.358
CA-2017-115364,1,12,83.76,1.6752
CA-2016-101651,2,14,83.72,37.150400000000005
CA-2015-132948,1,5,83.7,3.348
CA-2016-126284,1,5,83.7,41.013
CA-2016-155187,2,7,83.66,23.787200000000002
CA-2017-125269,2,6,83.214,-36.4485
CA-2016-157266,4,10,83.15,36.983
CA-2017-123624,1,5,82.95,29.0325
US-2016-161844,2,5,82.92,-31.386
CA-2016-110366,1,2,82.8,10.35
CA-2015-132570,2,4,82.74,36.7048
CA-2014-109491,2,7,82.63,29.3404
CA-2016-134110,2,7,82.408,12.2392
US-2017-136189,1,6,82.38,25.5378
US-2016-101196,1,2,82.368,-19.5624
CA-2016-113726,1,3,82.26,33.7266
US-2017-161193,2,7,82.256,29.7014
CA-2016-166912,1,2,81.98,40.1702
US-2014-147648,1,2,81.98,40.1702
CA-2016-143749,1,1,81.94,20.485
CA-2017-128769,1,2,81.568,7.1372
CA-2017-126550,1,5,81.4,21.164
CA-2016-164735,1,5,81.2,12.18
CA-2015-108259,4,20,81.135,-14.378999999999998
US-2017-104451,1,4,81.08,22.7024
CA-2015-135391,2,6,80.88,-17.0556
CA-2014-166989,2,4,80.624,19.848
CA-2017-122987,2,7,80.564,-12.0292
CA-2017-123351,1,1,80.48,24.144
CA-2015-134992,2,7,80.38,26.5874
CA-2017-136007,2,10,80.36,25.522
CA-2016-147123,1,12,80.28,36.9288
CA-2017-163321,1,1,79.992,21.9978
CA-2015-127544,1,1,79.99,28.7964
CA-2017-159688,1,1,79.99,28.7964
CA-2015-137106,1,5,79.96,27.986
CA-2017-104388,1,4,79.96,22.3888
CA-2015-135272,1,4,79.92,28.7712
CA-2015-155040,1,2,79.9,35.156
CA-2016-137330,2,14,79.80000000000001,20.747999999999998
CA-2016-110982,2,10,79.792,22.7292
US-2016-117793,4,10,79.74000000000001,34.3419
US-2014-105767,3,13,79.638,-10.362
CA-2014-107594,2,3,79.56,22.1508
CA-2014-140039,1,5,79.4,5.955
CA-2016-141019,1,1,79.384,29.769
CA-2015-105844,1,4,79.36,23.808
CA-2015-132374,1,4,79.36,20.6336
CA-2017-104745,2,8,79.344,14.0706
CA-2016-145247,1,3,79.14,36.4044
CA-2017-134635,1,3,79.14,36.4044
US-2016-159415,1,5,79.12,13.846
CA-2017-163335,2,10,79.0,27.8791
US-2016-158288,1,9,78.759,-57.7566
CA-2017-118640,2,3,78.504,2.9992
CA-2015-155068,3,11,78.456,-9.9809
CA-2015-112375,2,8,78.19200000000001,23.8458
CA-2014-150490,3,5,78.11999999999999,15.1416
CA-2017-144064,3,15,78.04,14.977
CA-2015-152527,1,2,77.88,3.894
CA-2016-101343,1,2,77.88,3.894
CA-2016-149223,1,6,77.88,22.5852
CA-2014-166590,2,4,77.86,36.5546
US-2017-158512,2,8,77.75999999999999,35.064
US-2015-117492,1,9,77.58,20.1708
CA-2015-161214,1,5,77.55,21.714
US-2016-111563,2,7,77.488,-89.9808
CA-2015-101126,1,5,77.24,7.724
CA-2014-111150,2,14,77.21000000000001,27.7354
CA-2015-162376,2,7,77.06,33.1366
US-2016-163461,1,2,76.864,26.9024
CA-2017-155740,1,4,76.776,-53.7432
CA-2015-126669,1,2,76.64,26.824
US-2017-128118,2,10,76.521,16.536
CA-2014-127012,3,4,76.28,26.8774
CA-2014-169460,1,3,76.14,26.649
CA-2014-139423,1,2,76.12,22.0748
CA-2017-121615,3,10,75.9,24.8724
CA-2016-119823,1,2,75.88,35.6636
CA-2017-102946,1,3,75.792,25.5798
CA-2014-168592,3,8,75.64,30.5209
CA-2017-150189,1,6,75.18,35.3346
CA-2014-152562,2,5,75.16,21.1012
CA-2016-166163,2,4,75.126,8.7096
CA-2015-115091,2,6,75.04,22.453200000000002
CA-2017-104913,1,5,74.95,36.7255
CA-2015-130022,3,8,74.94,34.1838
CA-2017-128335,2,8,74.89,35.1983
CA-2017-138870,2,6,74.88,32.6776
CA-2015-103093,1,9,74.52,35.0244
CA-2017-127117,1,5,74.45,20.1015
CA-2015-103793,1,3,74.352,23.235
CA-2017-160031,1,3,74.352,23.235
CA-2017-162712,1,3,74.352,23.235
CA-2016-136322,2,10,74.32,-11.401600000000002
CA-2015-111612,2,7,74.128,10.343
CA-2015-101091,2,8,74.048,-19.3826
CA-2017-161459,2,11,74.03999999999999,18.8325
CA-2016-110009,2,8,74.0,28.8644
CA-2014-138177,1,1,73.915,-45.8273
CA-2016-144645,1,2,73.784,-77.4732
CA-2015-164336,2,6,73.776,-0.2610000000000001
US-2014-120313,1,2,73.584,8.2782
CA-2017-144113,2,3,73.56,11.967600000000001
US-2016-151260,1,4,73.536,9.192
CA-2017-133718,2,12,73.512,33.5007
CA-2016-132549,1,7,73.36,19.8072
CA-2016-145135,2,5,73.33,21.4053
CA-2015-121272,1,4,73.28,21.2512
CA-2016-102498,1,5,73.2,21.228
CA-2014-138359,2,6,73.19999999999999,5.736
CA-2017-100335,1,9,73.008,26.4654
CA-2016-154711,3,9,72.892,22.7764
CA-2017-121804,1,5,72.8,19.656
CA-2015-131352,1,3,72.78,-70.9605
US-2014-138828,2,8,72.69,23.1918
CA-2015-112214,4,16,72.65,-19.77
US-2014-100853,2,6,72.608,-124.56800000000001
CA-2016-106383,1,1,72.294,-98.8018
CA-2015-149811,2,8,72.24000000000001,35.4732
CA-2016-160486,1,4,72.224,25.2784
CA-2017-128475,1,2,71.98,15.1158
US-2015-159513,1,3,71.976,24.2919
US-2017-148768,1,3,71.976,8.997
CA-2014-110639,2,8,71.84,34.9424
US-2017-156909,1,2,71.372,-1.0196
US-2015-118983,2,8,71.354,-127.674
CA-2016-155481,3,15,71.156,10.532
US-2017-165953,2,8,71.096,11.789200000000001
CA-2016-126165,1,2,71.088,-1.7772
CA-2016-164889,1,2,71.088,-1.7772
CA-2017-109589,1,4,71.0,27.69
CA-2017-142888,1,1,70.98,20.5842
CA-2016-165484,2,10,70.97200000000001,5.6982
CA-2017-147725,1,3,70.95,18.447
CA-2016-106460,1,2,70.88,33.3136
CA-2016-158869,1,2,70.88,33.3136
CA-2014-105872,1,4,70.368,26.388
CA-2016-114405,2,6,70.27199999999999,6.189
CA-2016-125164,2,4,70.216,24.207099999999997
CA-2015-164441,2,14,70.212,25.7148
CA-2017-164042,4,11,70.148,-59.6544
CA-2015-122259,1,4,70.12,21.036
CA-2017-168172,1,4,70.12,21.036
US-2016-128678,2,12,70.064,25.8738
CA-2014-101476,1,1,69.99,30.0957
US-2017-128832,1,2,69.98,4.8986
CA-2016-164938,1,7,69.93,0.6993
CA-2017-159352,1,7,69.93,32.1678
CA-2014-142727,2,5,69.9,21.6012
US-2014-148194,2,11,69.86,22.932000000000002
CA-2017-122735,2,9,69.66,31.347
CA-2016-158610,1,2,69.52,17.38
CA-2017-117926,1,1,69.48,20.844
CA-2017-140760,2,11,69.26400000000001,23.841
CA-2014-140886,1,6,69.216,11.2476
CA-2017-110310,3,13,68.967,17.2347
CA-2016-156811,2,7,68.952,19.6809
US-2017-166611,1,9,68.742,-48.1194
CA-2017-140802,2,7,68.712,15.6534
CA-2014-125514,3,6,68.71000000000001,21.5198
CA-2014-114125,3,11,68.70400000000001,19.6202
CA-2015-159779,1,2,68.62,32.2514
CA-2014-144974,3,12,68.53,3.2926
CA-2016-152457,1,3,68.52,31.5192
CA-2017-153080,1,7,68.46,25.3302
CA-2016-125724,1,7,68.432,8.554
CA-2017-148642,2,6,68.416,6.4864
CA-2015-162166,2,11,68.28,12.717600000000001
US-2014-103905,2,11,68.204,-42.5674
CA-2016-129196,1,3,68.112,17.8794
CA-2015-135510,1,4,67.96,12.2328
US-2017-152898,1,5,67.9,20.37
CA-2017-147767,1,6,67.86,-45.24
US-2017-152569,2,4,67.824,22.6126
CA-2017-125101,1,2,67.78,16.945
US-2014-155817,2,5,67.75999999999999,5.082000000000001
CA-2016-164350,1,3,67.56,8.445
CA-2014-133305,2,9,67.4,29.4844
CA-2017-102967,1,5,67.4,17.524
CA-2016-146423,2,11,67.32000000000001,29.3724
CA-2017-115651,2,14,67.304,-143.1765
US-2014-147774,1,1,67.194,-51.5154
CA-2014-141173,1,5,67.15,16.7875
US-2016-117387,1,4,67.136,25.176
CA-2014-141110,4,9,67.112,22.444200000000002
CA-2016-146682,1,5,67.0,32.16
CA-2016-139934,1,7,66.976,6.6976
CA-2016-149916,2,5,66.92,23.133000000000003
CA-2016-169194,2,5,66.8,11.054
CA-2014-121286,2,8,66.616,7.8182
CA-2015-147102,1,4,66.36,23.226
CA-2014-138436,1,3,66.3,8.619
CA-2016-168536,1,3,66.3,8.619
CA-2016-169971,2,4,66.288,8.0442
US-2017-116701,1,2,66.284,-178.9668
US-2016-118780,2,3,66.17,11.999400000000001
CA-2014-124513,1,3,66.03,17.1678
CA-2017-123981,1,1,65.99,17.1574
CA-2014-104402,1,3,65.97,31.0059
CA-2016-167507,3,15,65.944,-17.1064
CA-2015-158456,2,8,65.856,28.8092
CA-2017-121160,4,15,65.84,-34.463
CA-2014-168305,2,8,65.8,31.83
US-2014-150126,1,11,65.78,32.2322
CA-2017-111262,3,7,65.728,-0.5287999999999999
US-2015-142020,2,7,65.72,26.302
CA-2017-168739,1,4,65.424,-52.3392
CA-2016-121034,2,7,65.12,21.164
CA-2017-132437,1,4,65.12,16.9312
CA-2016-140417,2,10,65.07000000000001,19.0026
CA-2016-125850,2,8,65.05,31.698999999999998
CA-2017-157350,1,5,64.96,-43.848
US-2014-169390,1,4,64.96,9.744
CA-2014-123477,1,4,64.864,6.4864
CA-2017-127516,1,1,64.784,-12.9568
US-2016-128293,1,1,64.784,-12.9568
CA-2015-121699,1,5,64.75,29.1375
CA-2015-133396,1,7,64.68,8.085
CA-2016-149965,2,4,64.59,24.2049
CA-2017-156272,1,1,64.384,8.048
CA-2017-156363,2,9,64.38,4.547999999999999
CA-2016-145709,2,6,64.248,22.357799999999997
CA-2014-133704,2,7,64.152,18.433799999999998
US-2015-144771,2,4,64.072,-1.6072000000000002
CA-2015-139850,2,6,64.032,11.5872
US-2014-120175,1,6,64.02,29.4492
CA-2016-166653,1,2,63.968,19.99
CA-2017-158344,1,4,63.96,19.8276
CA-2014-103702,1,7,63.924,-46.8776
US-2016-117037,4,15,63.922,-2.934600000000002
CA-2017-117821,1,2,63.92,19.176
CA-2014-150301,1,1,63.882,10.647
CA-2016-100153,1,4,63.88,24.9132
CA-2017-157672,1,2,63.824,13.5626
US-2017-160759,1,1,63.686,-9.098
CA-2016-118255,2,4,63.44,27.977600000000002
CA-2014-169257,2,3,63.381,21.5708
CA-2017-101798,2,6,63.339999999999996,21.4772
US-2017-101721,1,3,63.312,20.5764
CA-2014-143168,2,3,63.304,28.352400000000003
US-2016-147340,1,5,63.2,23.384
CA-2015-156510,3,5,63.14,28.388599999999997
CA-2014-162866,2,10,62.967999999999996,-16.7696
CA-2017-151911,1,4,62.96,28.332
CA-2014-141005,1,3,62.94,30.2112
CA-2017-165603,2,4,62.92,15.7132
CA-2014-115357,1,3,62.91,22.6476
CA-2016-127194,1,9,62.82,29.5254
CA-2014-149055,1,3,62.808,21.1977
CA-2015-145485,1,4,62.8,15.7
US-2016-135209,2,13,62.752,21.9632
CA-2017-131303,1,5,62.65,29.4455
CA-2015-125066,2,4,62.459999999999994,17.7352
US-2017-132220,1,6,62.352,-10.9116
CA-2014-103590,1,4,62.28,29.2716
CA-2014-156342,1,2,62.016,22.4808
CA-2014-149524,1,4,61.96,-53.2856
CA-2015-115847,1,2,61.96,4.3372
US-2016-162026,1,2,61.96,27.882
CA-2017-155824,2,5,61.876,-6.378400000000001
CA-2015-132507,1,4,61.792,6.1792
CA-2016-103947,2,7,61.70399999999999,12.876900000000001
CA-2015-154970,1,1,61.584,-6.9282
CA-2017-152660,1,2,61.568,4.6176
US-2017-156356,3,6,61.486,-56.785799999999995
CA-2015-168760,1,3,61.44,16.5888
CA-2016-134376,1,3,61.44,16.5888
CA-2017-141481,1,3,61.44,16.5888
CA-2016-149671,1,6,61.38,15.9588
CA-2017-101483,3,10,61.216,8.2912
CA-2016-108630,1,5,61.12,22.156
CA-2016-105753,1,5,61.1,18.33
CA-2015-127019,1,7,60.984,4.5738
CA-2015-131758,2,8,60.870000000000005,20.349
CA-2015-149517,1,3,60.84,19.4688
CA-2017-113208,1,3,60.84,23.1192
CA-2016-118913,1,3,60.81,17.0268
CA-2017-142125,2,11,60.72,29.922
CA-2016-120005,2,6,60.63,19.6002
CA-2017-145772,3,8,60.622,15.155899999999999
CA-2016-156573,3,8,60.485,6.2349000000000006
US-2016-132577,5,24,60.44,-13.632200000000001
CA-2014-104773,1,2,60.416,6.0416
CA-2017-119389,1,3,60.312,5.2773
CA-2014-133424,2,6,60.239999999999995,22.2
US-2014-157847,2,12,60.208,19.817
CA-2016-149685,1,6,60.144,20.2986
CA-2017-146031,1,9,60.12,22.2444
CA-2014-141838,3,8,60.08,13.1468
CA-2016-113656,1,7,59.99,21.5964
US-2016-119298,1,2,59.98,17.994
CA-2016-164154,2,8,59.94800000000001,-14.1904
CA-2014-101462,1,4,59.92,27.5632
US-2017-108014,1,7,59.913,-45.9333
CA-2015-114468,4,16,59.848,-4.898000000000001
CA-2017-103065,4,9,59.824,8.8804
CA-2017-129910,1,1,59.76,16.7328
CA-2016-121601,1,7,59.752,19.4194
CA-2014-124807,2,13,59.696,16.2758
CA-2017-143665,2,11,59.620000000000005,28.6036
CA-2016-120082,1,3,59.52,17.856
CA-2015-130218,2,8,59.480000000000004,14.7604
CA-2017-167668,1,4,59.2,29.6
CA-2017-101049,2,11,59.176,-31.916000000000004
US-2014-158057,2,9,59.109,-45.3169
CA-2016-106397,2,4,58.94,19.0952
CA-2015-153325,1,4,58.72,27.0112
CA-2016-107615,1,2,58.58,19.3314
CA-2017-100748,1,8,58.48,27.4856
US-2016-131674,1,2,58.416,16.7946
CA-2016-133872,2,6,58.4,-24.316
CA-2015-112319,1,9,58.32,27.9936
CA-2014-131051,1,3,58.2,28.518
CA-2015-168459,2,8,58.05,16.5354
CA-2017-121216,2,16,57.984,-64.352
CA-2014-120775,5,15,57.908,-23.2796
CA-2016-116379,1,2,57.584,20.1544
CA-2016-144400,1,3,57.576,21.591
CA-2017-133207,1,4,57.568,5.7568
CA-2017-134838,2,6,57.510000000000005,15.5277
CA-2015-104493,1,6,57.504,20.1264
US-2014-107699,1,9,57.42,26.4132
CA-2015-139962,2,5,57.32000000000001,28.2712
CA-2014-152345,2,4,57.266,2.2953
CA-2016-157000,2,6,57.239999999999995,9.9774
CA-2017-162033,2,5,57.01,22.083499999999997
US-2017-169488,2,7,56.86,26.5552
CA-2016-101448,1,3,56.82,28.41
CA-2015-167374,2,9,56.80799999999999,17.5428
US-2017-157224,1,9,56.7,26.082
CA-2014-103219,1,9,56.52,21.4776
CA-2017-131016,2,4,56.512,-2.4160000000000004
US-2016-140809,1,5,56.45,14.677
US-2014-163146,1,3,56.4,3.384
CA-2015-115693,1,2,56.3,15.764
CA-2015-154340,1,2,56.3,15.764
CA-2017-101182,2,5,56.136,21.3324
CA-2016-162110,1,1,55.992,3.4995
CA-2015-104115,1,2,55.984,4.1988
CA-2016-163398,3,11,55.972,-72.1581
US-2014-150532,1,5,55.92,6.291
CA-2017-133074,1,7,55.86,27.93
US-2014-137680,2,7,55.672,18.789299999999997
CA-2017-102729,1,2,55.616,5.5616
CA-2014-167164,1,2,55.5,9.99
CA-2017-118542,2,9,55.488,25.444200000000002
CA-2014-113887,1,1,55.48,26.6304
CA-2015-154144,1,1,55.48,26.6304
CA-2015-119907,1,2,55.424,19.3984
CA-2016-149111,2,9,55.416,10.4247
CA-2016-112893,1,4,55.36,18.684
CA-2017-157420,1,3,55.176,-12.4146
CA-2016-141887,1,14,54.992,8.9362
CA-2016-111143,1,3,54.96,15.9384
CA-2016-155565,1,5,54.9,15.372
CA-2016-167416,1,5,54.9,26.901
CA-2017-102659,1,5,54.9,26.901
CA-2017-104010,1,5,54.9,15.372
CA-2017-124576,1,2,54.896,18.5274
CA-2014-149020,2,2,54.83,22.6537
CA-2017-121909,1,3,54.816,17.8152
CA-2016-118969,1,6,54.792,-40.1808
CA-2017-156769,1,6,54.66,18.0378
CA-2017-162929,2,8,54.64,20.3448
CA-2016-163986,1,5,54.5,14.17
US-2016-146857,1,1,54.48,15.2544
CA-2014-139542,2,6,54.474000000000004,-9.078899999999999
CA-2015-103716,2,8,54.45,11.4345
CA-2015-119697,1,2,54.384,1.3596
US-2017-112613,1,4,54.368,4.0776
US-2017-145597,1,4,54.336,5.4336
CA-2017-117261,1,4,54.32,0.5432
US-2015-106873,3,11,54.239999999999995,5.6708
CA-2014-154165,1,14,54.208,8.8088
CA-2015-155586,3,9,54.169999999999995,24.4443
CA-2017-130967,1,3,53.982,-10.7964
CA-2014-126522,1,3,53.94,15.6426
CA-2017-146493,1,5,53.9,25.872
CA-2014-135090,1,9,53.82,24.219
CA-2017-132584,1,4,53.72,13.9672
CA-2016-107216,4,11,53.7,18.316
CA-2016-115588,2,8,53.696,-5.747999999999999
CA-2014-157644,2,6,53.67,20.168100000000003
CA-2016-130778,2,7,53.49,22.857400000000002
CA-2016-132094,2,5,53.456,14.837200000000001
CA-2016-102932,2,9,53.370000000000005,20.8197
CA-2014-142965,2,4,53.344,-27.0848
CA-2015-122168,2,15,53.28,18.2472
CA-2016-148908,1,2,53.248,19.968
CA-2015-110093,2,4,53.232,16.1266
CA-2015-106208,1,7,53.088,-108.8304
CA-2015-145828,1,3,53.04,-4.641
CA-2015-167745,3,6,52.98,20.8076
CA-2014-122588,1,2,52.96,20.1248
CA-2017-114804,1,1,52.792,4.6193
CA-2017-111759,1,2,52.76,24.2696
CA-2014-115133,3,12,52.752,12.828
CA-2017-121818,2,10,52.696,4.4919
US-2014-117170,2,3,52.608000000000004,14.8718
CA-2015-111017,1,3,52.59,15.777
CA-2017-105130,2,6,52.495999999999995,17.942
US-2017-114657,1,4,52.44,24.1224
CA-2016-112389,2,6,52.410000000000004,3.4415999999999998
CA-2017-132185,2,6,52.344,5.124899999999999
CA-2015-157343,3,12,52.248000000000005,-2.1340000000000012
CA-2015-111297,1,9,52.2,23.49
CA-2016-124016,3,14,52.153,1.9730000000000008
CA-2016-121958,1,7,52.136,5.8653
CA-2016-149195,3,15,52.096000000000004,18.165599999999998
CA-2014-132227,1,4,52.064,18.8732
CA-2017-146920,2,11,52.064,17.272
CA-2017-102099,3,10,51.99,23.5629
CA-2015-154200,1,2,51.98,15.0742
CA-2015-138492,1,2,51.968,-10.3936
CA-2015-106565,1,8,51.84,24.8832
US-2016-126844,1,8,51.712,-32.32
CA-2015-149566,2,7,51.6,23.598
CA-2015-111073,1,1,51.588,-15.4764
CA-2015-132906,1,4,51.52,1.5456
CA-2015-119102,1,3,51.45,13.8915
US-2017-126053,2,5,51.41,15.445599999999999
CA-2017-157833,1,3,51.312,17.9592
CA-2016-119123,1,7,51.184,19.194
US-2014-115987,1,4,51.184,-79.3352
CA-2017-148138,1,2,51.168,-6.396
CA-2014-135755,2,6,51.072,18.5136
CA-2015-120439,1,6,51.072,5.1072
US-2014-107993,1,7,51.016,8.2901
CA-2017-138163,1,3,50.94,14.2632
CA-2015-161830,2,5,50.912,15.8485
CA-2015-112014,1,5,50.8,13.208
CA-2016-119018,3,9,50.768,22.763
CA-2016-165827,1,6,50.496,8.2056
CA-2015-162761,3,12,50.461999999999996,-2.4326000000000003
CA-2017-165757,3,10,50.415000000000006,-30.7927
CA-2017-144883,1,8,50.4,23.184
CA-2017-112473,1,3,50.136,-11.2806
CA-2016-135594,1,7,50.12,-0.6265
CA-2015-132080,1,6,50.112,16.2864
CA-2017-142328,1,6,50.04,25.02
CA-2015-111458,1,2,50.0,12.0
CA-2015-126347,1,2,50.0,10.5
CA-2014-132500,1,2,49.98,8.4966
CA-2017-102414,3,6,49.896,5.0588999999999995
US-2014-163797,1,8,49.792,-11.8256
CA-2017-109757,4,15,49.704,-19.1424
CA-2017-100160,3,11,49.687999999999995,16.9641
CA-2014-169033,1,5,49.65,20.853
CA-2014-151078,1,4,49.632,4.9632
CA-2017-114370,1,2,49.616,4.9616
CA-2014-127383,1,2,49.568,17.9684
CA-2014-154837,1,2,49.568,17.3488
US-2017-151127,1,7,49.56,18.8328
CA-2016-118500,1,5,49.5,13.365
CA-2016-131576,1,3,49.44,24.2256
US-2014-158400,1,4,49.408,18.528
CA-2015-151841,2,7,49.400000000000006,3.997
CA-2015-129770,1,4,49.12,23.0864
CA-2017-147564,1,4,49.12,23.0864
US-2017-146822,1,4,49.12,23.0864
CA-2017-136672,1,3,49.08,4.908
CA-2016-158806,2,8,48.996,-1.889100000000001
CA-2014-102008,1,1,48.94,24.47
CA-2014-111857,1,1,48.91,22.9877
CA-2017-110212,1,5,48.9,18.093
CA-2017-107503,1,4,48.896,8.5568
CA-2017-163209,2,11,48.88,19.1
CA-2017-155159,1,9,48.87,23.9463
CA-2017-100601,1,7,48.86,0.9772
CA-2015-110632,2,3,48.84,11.834999999999999
CA-2015-155635,1,3,48.81,23.9169
CA-2017-133641,1,9,48.69,23.8581
CA-2015-123456,1,2,48.632,-121.58
CA-2015-166492,2,6,48.5,18.3124
CA-2014-129574,1,5,48.4,23.232
CA-2014-165477,1,5,48.36,6.045
CA-2016-132143,1,7,48.16,22.1536
CA-2017-128699,1,1,47.992,7.1988
CA-2017-149181,1,2,47.992,-2.0568
CA-2015-151043,1,2,47.984,-1.1996
CA-2017-118367,1,2,47.98,23.99
CA-2015-165414,1,3,47.976,4.7976
CA-2017-169901,1,3,47.976,4.7976
US-2016-163538,1,3,47.97,14.8707
US-2015-163685,2,18,47.968,4.0352
CA-2017-164917,1,5,47.96,4.1965
CA-2015-100888,1,3,47.952,16.1838
US-2017-129441,1,3,47.94,2.397
CA-2017-124940,1,1,47.904,-2.994
CA-2014-133634,1,3,47.79,16.2486
CA-2014-156006,1,3,47.79,16.2486
CA-2014-107524,2,7,47.76,22.8112
CA-2017-100811,2,6,47.744,6.5696
CA-2015-122623,1,2,47.516,-2.0364
US-2014-149034,1,1,47.496,-1.1874
US-2015-117184,2,8,47.368,-44.989200000000004
CA-2017-167871,2,2,47.328,14.872
CA-2014-111934,2,3,47.32,22.0028
CA-2014-116757,2,11,47.232,16.2648
US-2017-141852,1,8,47.12,20.7328
CA-2017-164364,3,8,47.1,14.9838
CA-2017-160983,1,8,46.96,22.5408
CA-2015-145457,1,5,46.9,13.132
CA-2014-150329,1,7,46.872,3.5154
CA-2014-139017,1,2,46.864,7.6154
CA-2014-117709,1,4,46.8,21.06
CA-2016-165015,1,5,46.72,17.52
CA-2015-144043,1,4,46.688,-2.918
US-2014-157021,2,6,46.688,20.3536
CA-2015-169572,1,9,46.62,21.4452
CA-2016-113096,1,3,46.53,12.0978
CA-2016-155383,1,3,46.53,13.0284
CA-2017-151183,1,4,46.36,15.2988
CA-2016-148593,1,5,46.35,21.7845
CA-2015-143238,1,4,46.32,18.0648
CA-2014-107153,1,3,46.26,12.4902
CA-2017-107720,1,3,46.26,12.0276
CA-2017-148145,1,4,46.2,21.252
CA-2015-119634,1,3,46.152,12.1149
CA-2014-120544,3,12,46.088,-88.0328
CA-2017-116358,2,9,46.019999999999996,18.287399999999998
CA-2016-161473,3,8,46.001999999999995,17.8854
CA-2015-128083,3,10,45.976,8.234
CA-2016-116603,1,2,45.96,13.788
CA-2017-120327,1,4,45.92,21.5824
CA-2017-132430,1,4,45.888,9.1776
CA-2015-147879,1,2,45.68,21.0128
CA-2017-155089,1,5,45.66,-33.484
CA-2016-163384,2,9,45.616,20.0124
CA-2015-151470,1,11,45.584,16.5242
CA-2016-114713,1,7,45.584,5.1282
CA-2017-158722,1,3,45.528,15.9348
CA-2015-109736,1,7,45.36,21.7728
CA-2015-164497,1,4,45.28,15.3952
CA-2014-160738,1,2,45.248,3.9592
CA-2017-134306,3,7,45.08,18.79
CA-2015-142937,1,2,45.04,4.504
CA-2014-136742,1,6,44.91,-35.928
CA-2016-134222,1,6,44.856,-35.8848
CA-2017-134880,1,1,44.784,16.2342
US-2017-106705,1,5,44.75,20.585
CA-2015-130792,3,10,44.66,-36.523900000000005
CA-2015-156440,1,2,44.46,14.6718
CA-2016-122322,1,5,44.4,12.432
CA-2017-166849,1,2,44.4,-52.17
CA-2014-163650,2,6,44.34,18.3786
CA-2016-152534,2,8,44.040000000000006,20.004
CA-2016-155488,1,2,44.02,11.4452
US-2016-131114,3,9,43.964,-11.646600000000001
CA-2017-115322,1,3,43.92,12.7368
US-2017-100482,2,4,43.888000000000005,-3.2788000000000004
CA-2017-129833,2,10,43.85,20.483
US-2017-116505,1,6,43.8,20.586
CA-2014-120950,1,6,43.68,20.9664
CA-2015-119214,2,5,43.66,20.8106
CA-2016-139409,1,4,43.6,12.208
US-2017-110989,1,3,43.5,10.875
CA-2016-100468,2,4,43.46,6.4334
US-2017-144582,1,7,43.372,-69.3952
CA-2014-111899,2,8,43.312000000000005,4.6848
CA-2014-141607,1,1,43.31,4.331
CA-2014-137351,1,7,43.176,13.4925
CA-2015-144722,1,1,43.13,18.1146
CA-2015-143882,1,9,43.056,15.6078
CA-2014-148950,3,9,43.016,-10.3947
CA-2015-105158,2,5,43.0,20.271600000000003
CA-2017-118360,1,9,42.93,19.3185
CA-2017-107909,2,6,42.91,14.8186
CA-2017-151596,1,1,42.76,11.1176
CA-2016-134348,3,14,42.622,-5.9478
US-2017-122637,1,7,42.616,-68.1856
CA-2015-103072,2,9,42.32,17.1976
CA-2017-168403,2,7,42.28,12.1134
CA-2016-128811,3,10,42.244,17.7831
CA-2014-155390,1,2,42.208,13.7176
CA-2016-112578,2,3,41.99,11.3383
CA-2015-119508,2,11,41.98,15.2818
CA-2017-146780,1,2,41.96,10.9096
CA-2017-169012,1,3,41.91,10.8966
CA-2016-133802,1,6,41.904,14.1426
CA-2015-125395,1,2,41.9,8.799
CA-2016-137736,1,7,41.86,10.465
CA-2015-110324,3,7,41.62,19.064200000000003
CA-2016-137393,1,4,41.6,14.144
CA-2016-137204,1,2,41.568,2.598
US-2015-107349,1,6,41.568,-66.5088
US-2016-132423,2,12,41.528,8.7749
CA-2017-107797,1,8,41.472,14.5152
CA-2017-125752,1,2,41.424,8.2848
CA-2017-103506,1,4,41.4,19.872
CA-2015-105599,2,5,41.374,-13.8847
CA-2017-143329,1,3,41.37,17.3754
CA-2016-161095,2,5,41.32,14.5589
CA-2017-149468,1,2,41.28,19.8144
CA-2017-109099,1,1,40.99,20.0851
CA-2015-163090,1,5,40.92,3.069
CA-2016-139689,2,7,40.896,-29.8968
CA-2016-161781,1,7,40.88,10.6288
CA-2017-126123,2,10,40.852000000000004,-66.0118
CA-2014-118192,2,9,40.846000000000004,10.5716
US-2017-101518,1,3,40.776,0.5097
CA-2015-145415,1,3,40.74,0.4074
CA-2016-145842,1,3,40.74,0.4074
US-2017-138086,1,3,40.74,12.222
CA-2016-159989,1,3,40.68,-9.153
CA-2017-113075,1,3,40.68,-7.119
CA-2016-146010,1,7,40.635,-32.508
CA-2014-135405,2,5,40.544,10.918
CA-2014-166457,3,7,40.54,17.6846
CA-2014-143637,1,2,40.48,14.5728
CA-2016-113082,1,2,40.48,14.5728
CA-2017-152786,1,9,40.41,18.5886
CA-2017-137344,1,3,40.29,10.4754
CA-2017-125290,2,6,40.28,15.7488
CA-2016-152632,1,3,40.2,19.296
CA-2017-136000,1,3,40.176,14.5638
CA-2017-152485,3,13,40.096,6.747199999999999
CA-2014-102645,1,6,40.08,19.2384
CA-2014-123925,1,3,40.05,11.214
US-2017-131583,1,6,40.032,15.012
CA-2016-138667,1,2,40.0,0.5
US-2016-122182,1,1,39.992,7.4985
CA-2016-153353,1,1,39.99,11.5971
CA-2017-169362,1,2,39.984,-1.4994
CA-2015-105508,1,1,39.98,17.991
CA-2015-145324,1,2,39.96,14.3856
CA-2015-107020,1,2,39.92,12.974
US-2016-116400,1,4,39.92,11.1776
CA-2017-169929,1,5,39.9,10.374
CA-2017-140781,1,3,39.816,7.4655
US-2016-114230,1,4,39.808,3.9808
CA-2017-131212,2,9,39.792,13.804200000000002
CA-2014-142979,1,2,39.68,16.2688
CA-2016-128111,1,2,39.68,10.3168
CA-2016-146437,1,2,39.68,10.3168
CA-2017-125990,1,3,39.624,13.8684
CA-2015-107083,4,12,39.608000000000004,-82.59320000000001
CA-2014-124464,1,1,39.48,11.0544
US-2015-100531,2,5,39.368,-35.3712
CA-2017-151855,2,8,39.252,-9.7101
CA-2014-166730,1,1,39.128,-8.8038
CA-2014-155208,1,6,39.072,9.768
CA-2016-145492,1,12,39.0,11.31
CA-2014-126802,1,3,38.976,-50.6688
CA-2016-147473,1,6,38.88,18.6624
US-2015-140851,1,6,38.88,18.6624
US-2017-114034,1,6,38.88,18.6624
US-2017-158946,1,7,38.864,7.7728
CA-2014-148614,2,4,38.66,15.082799999999999
US-2014-161305,2,5,38.572,-33.3918
CA-2015-105221,2,4,38.528,-3.8068
CA-2015-159380,2,9,38.519999999999996,17.334
CA-2017-130148,2,8,38.379999999999995,17.4192
CA-2017-156139,1,3,38.376,13.4316
CA-2016-105263,1,9,38.34,15.7194
CA-2016-166443,1,7,38.29,16.4647
CA-2016-130680,1,4,38.24,-9.56
US-2017-118038,3,9,38.196,-5.0352
CA-2016-140641,1,5,38.19,-26.733
CA-2017-163188,1,9,38.16,19.08
CA-2016-103919,1,5,38.08,-29.512
CA-2014-126200,2,6,38.064,-59.6184
US-2017-108700,1,6,38.016,13.7808
CA-2015-142055,1,2,37.94,18.2112
CA-2016-154998,1,2,37.94,18.2112
CA-2017-118521,1,2,37.94,18.2112
CA-2017-169411,1,1,37.93,6.8274
CA-2015-132276,2,8,37.775999999999996,10.5336
CA-2016-141523,2,5,37.768,12.5795
CA-2015-153738,1,6,37.68,16.956
CA-2017-150707,1,7,37.66,18.4534
CA-2016-166618,2,3,37.629999999999995,10.0634
US-2017-133781,1,3,37.608,12.6927
CA-2017-120614,1,4,37.52,18.0096
CA-2014-138709,2,8,37.44,18.564
CA-2017-104647,1,6,37.44,16.848
US-2016-144477,1,4,37.312,2.7984
US-2014-139500,1,2,37.296,-1.0656
CA-2016-123414,2,6,37.263999999999996,6.8468
CA-2017-152926,2,8,37.208,-94.8804
CA-2016-149335,1,9,37.17,11.151
CA-2016-142762,1,3,37.05,16.302
CA-2017-115805,1,1,36.792,4.1391
CA-2017-128160,1,2,36.672,11.46
CA-2016-104311,3,8,36.648,-5.1912
CA-2015-130876,1,3,36.63,9.8901
CA-2015-127418,1,3,36.624,13.734
CA-2014-126963,1,2,36.544,11.8768
CA-2016-101623,1,6,36.48,18.24
US-2017-111920,1,4,36.44,12.0252
US-2016-117541,2,9,36.370000000000005,14.1406
CA-2016-116918,2,12,36.364,0.5435999999999996
CA-2014-169852,1,3,36.36,12.2715
CA-2016-132409,2,3,36.352,6.7032
CA-2017-106852,2,8,36.352,11.4768
CA-2014-139451,2,6,36.29,10.3751
CA-2015-158148,1,3,36.27,10.881
US-2014-160780,2,9,36.252,-24.9072
CA-2016-125794,1,1,36.24,15.2208
CA-2016-130001,1,5,36.24,11.325
US-2016-134761,1,1,36.192,2.7144
CA-2016-124814,2,7,36.16,14.340799999999998
CA-2014-146990,2,7,36.1,16.7244
CA-2017-112865,1,3,36.048,-0.9012
CA-2017-100580,1,3,36.024,11.7078
CA-2014-109890,1,2,35.98,10.0744
US-2017-114356,1,1,35.96,3.596
CA-2014-127523,1,3,35.91,9.6957
CA-2017-117933,1,3,35.91,9.6957
CA-2015-156923,1,6,35.88,16.146
CA-2016-158617,1,6,35.88,16.146
CA-2017-148320,1,6,35.88,17.5812
CA-2017-151176,2,6,35.730000000000004,9.2898
CA-2017-144036,1,8,35.712,2.232
CA-2017-163020,1,7,35.56,12.0904
CA-2017-154137,1,1,35.48,0.0
CA-2016-160479,1,5,35.4,13.452
CA-2017-139787,1,5,35.4,13.452
CA-2016-126809,1,9,35.352,12.8151
CA-2014-149244,1,2,35.34,13.4292
CA-2016-136371,2,5,35.3,13.7996
CA-2015-116841,1,1,35.208,2.6406
US-2017-115595,1,5,35.2,16.544
US-2017-116491,1,2,35.184,12.3144
CA-2017-126382,1,7,35.168,9.6712
CA-2015-147816,1,2,35.12,13.17
CA-2017-116498,1,6,35.1,10.179
CA-2017-165687,1,2,35.04,12.264
CA-2016-101329,2,10,35.010000000000005,9.1602
CA-2016-113138,2,9,34.992000000000004,11.431799999999999
CA-2016-130442,1,3,34.944,3.0576
CA-2017-148985,1,4,34.92,11.8728
CA-2014-127159,1,7,34.79,10.7849
CA-2017-120719,1,5,34.76,11.297
CA-2014-165428,2,9,34.752,4.8672
CA-2014-104976,1,6,34.68,16.9932
CA-2016-161361,2,6,34.68,14.1816
US-2017-108063,1,3,34.65,10.395
CA-2017-115427,2,4,34.623999999999995,10.9938
CA-2016-101938,1,1,34.58,10.0282
CA-2017-112774,1,1,34.504,6.0382
CA-2017-108294,1,3,34.5,15.525
CA-2017-160724,1,3,34.5,15.525
CA-2014-101833,1,3,34.44,17.22
CA-2015-131128,1,3,34.44,17.22
US-2015-136259,2,7,34.418,-3.4938000000000002
CA-2016-101630,2,6,34.38,10.7595
CA-2016-151155,2,6,34.34,14.3178
CA-2014-130729,1,3,34.272,11.1384
CA-2017-110373,2,5,34.24,4.2438
CA-2017-124261,1,8,34.24,9.9296
CA-2014-130155,1,5,34.2,9.234
CA-2016-162726,2,6,34.048,11.0288
CA-2015-157035,1,3,34.02,16.6698
CA-2014-116785,2,7,34.0,12.002
CA-2016-140564,1,8,33.92,13.2288
US-2016-153129,1,5,33.9,15.594
US-2016-157840,1,5,33.9,15.594
CA-2016-161676,1,5,33.8,4.225
CA-2017-150931,1,7,33.74,15.5204
CA-2017-144680,1,5,33.62,-90.774
CA-2016-111941,1,2,33.568,11.7488
CA-2016-126795,1,2,33.568,11.7488
CA-2017-130526,1,8,33.568,-53.7088
CA-2014-141152,1,1,33.552,12.582
CA-2015-148432,2,9,33.48,3.9546
CA-2017-149853,2,8,33.472,6.5632
CA-2016-167983,1,10,33.44,11.704
CA-2016-105900,1,5,33.4,12.358
CA-2016-123526,1,5,33.4,16.032
CA-2017-104381,1,4,33.376,10.43
CA-2015-138219,1,4,33.36,16.68
CA-2017-143084,2,10,33.3,13.065
CA-2017-105543,1,1,33.29,7.9896
CA-2016-143476,3,8,33.216,11.1576
CA-2016-113390,2,5,33.064,4.133
CA-2015-149300,1,3,32.985,-1.9791
CA-2015-120397,1,4,32.784,-85.2384
CA-2017-165715,1,1,32.776,2.4582
CA-2014-165974,1,7,32.76,3.6855
CA-2016-109820,3,8,32.751,-7.4058
CA-2015-148628,1,5,32.75,15.065
CA-2017-117128,2,9,32.67,15.1389
CA-2017-169474,1,3,32.67,8.4942
CA-2017-155362,1,2,32.56,8.4656
CA-2014-109218,1,5,32.4,10.368
CA-2014-161634,1,5,32.4,15.552
CA-2015-133025,1,5,32.4,15.552
CA-2016-113117,1,5,32.4,15.552
CA-2016-120558,1,5,32.4,15.552
CA-2016-152646,1,5,32.4,15.552
US-2014-158365,1,5,32.4,15.552
US-2017-148866,1,5,32.4,15.552
CA-2015-145065,2,4,32.308,12.478
CA-2014-168823,2,12,32.16,11.1378
CA-2017-124597,3,8,32.088,10.4073
US-2016-142251,1,6,32.064,11.2224
US-2015-158589,1,3,32.04,8.01
US-2016-159093,1,4,32.04,14.418
CA-2014-136861,1,2,31.984,1.999
CA-2017-121468,1,4,31.968,2.3976
CA-2016-126858,1,2,31.96,1.598
CA-2015-112053,1,1,31.95,2.2365
CA-2015-120320,1,2,31.92,2.394
CA-2017-130043,1,8,31.872,11.5536
CA-2014-104780,1,8,31.84,10.5072
CA-2016-123176,2,6,31.830000000000002,13.3743
CA-2017-108756,1,3,31.8,13.674
CA-2015-168809,3,8,31.782,-26.6026
CA-2017-146185,1,2,31.744,8.3328
CA-2017-148355,2,8,31.740000000000002,15.481200000000001
CA-2014-156433,2,6,31.68,15.2244
CA-2015-148495,1,3,31.56,10.4148
CA-2016-147578,1,3,31.56,10.4148
CA-2016-159639,1,3,31.56,10.4148
CA-2015-149636,2,7,31.538,7.8934
CA-2017-107986,1,3,31.44,8.4888
US-2014-127635,4,13,31.408,-19.627
CA-2014-103331,3,8,31.4,14.1098
CA-2016-162901,1,2,31.4,7.85
CA-2016-165148,1,5,31.4,10.048
CA-2016-109407,1,4,31.36,15.68
US-2017-131849,2,6,31.349999999999998,2.178
CA-2015-167696,1,4,31.12,14.6264
US-2016-136581,1,6,31.104,10.8864
CA-2016-118178,1,3,31.086,-20.724
CA-2015-166800,1,4,31.08,8.3916
CA-2017-117044,2,10,31.072000000000003,9.71
US-2014-109036,1,3,31.05,14.904
CA-2016-160598,1,1,31.008,11.2404
CA-2014-138023,1,8,30.96,-52.632
CA-2016-153185,1,6,30.96,11.223
CA-2017-161970,2,5,30.900000000000002,12.6792
CA-2015-129098,1,2,30.84,8.3268
CA-2014-113320,3,9,30.72,9.5754
US-2017-119319,1,5,30.56,-19.864
CA-2014-133851,2,4,30.46,10.7732
CA-2017-127705,2,3,30.41,1.7574999999999998
CA-2016-126627,2,6,30.392,-32.5272
CA-2017-100783,1,1,30.384,3.798
CA-2014-156314,1,5,30.36,8.7285
CA-2016-128972,1,4,30.36,13.0548
CA-2016-161662,1,2,30.352,10.6232
CA-2017-101700,2,5,30.351999999999997,10.3614
CA-2016-167605,1,2,30.344,-31.8612
CA-2016-122511,1,4,30.336,9.48
CA-2017-149720,1,6,30.336,-17.4432
US-2017-115252,2,5,30.336,5.8836
CA-2017-127656,1,4,30.32,11.8248
CA-2015-129112,2,7,30.264000000000003,-13.8837
CA-2014-107398,3,15,30.246000000000002,-23.544
CA-2015-169740,1,1,29.99,2.999
CA-2017-109750,1,3,29.97,14.0859
US-2015-129553,1,3,29.97,0.2997
US-2016-150567,2,8,29.97,-23.7792
CA-2015-131779,1,5,29.9,5.083
CA-2017-154102,1,5,29.9,13.455
CA-2017-161088,1,2,29.84,13.428
CA-2015-163762,1,3,29.79,12.5118
CA-2016-152940,1,1,29.74,4.461
US-2017-160143,1,3,29.7,8.019
CA-2017-100013,3,5,29.689999999999998,12.216199999999999
CA-2017-138779,2,6,29.664,8.0316
CA-2016-169215,1,9,29.61,13.3245
CA-2014-138100,2,5,29.5,13.282599999999999
CA-2016-152814,1,3,29.472,9.9468
CA-2017-107727,1,3,29.472,9.9468
CA-2017-122644,2,4,29.392000000000003,6.539
CA-2016-139234,2,4,29.384,-8.565199999999999
CA-2016-119683,1,3,29.34,13.4964
CA-2017-121412,1,3,29.328,3.666
CA-2015-165813,1,3,29.304,2.5641
CA-2017-148068,2,5,29.26,12.571800000000001
CA-2014-102085,1,4,29.24,13.7428
CA-2015-114048,1,3,29.22,12.8568
US-2017-163195,1,3,29.16,8.4564
CA-2016-140207,1,5,29.12,9.828
US-2016-133508,1,5,29.05,9.0055
CA-2016-101378,1,2,29.0,7.25
US-2017-104955,1,7,28.91,13.2986
US-2016-115952,1,5,28.85,14.425
CA-2014-169649,2,4,28.836000000000002,-50.052
CA-2017-152198,3,11,28.83,-2.8011999999999997
CA-2014-147900,1,9,28.8,10.08
CA-2016-105473,1,3,28.8,0.864
CA-2017-150959,2,9,28.775999999999996,-28.695
CA-2015-143077,2,5,28.524,-20.631
CA-2017-133431,2,8,28.47,11.2293
CA-2017-123043,2,5,28.416,9.0204
CA-2016-154508,1,5,28.4,13.348
CA-2017-135111,2,6,28.38,13.559000000000001
CA-2017-107342,1,4,28.16,13.2352
CA-2017-120894,1,3,28.08,5.265
CA-2014-138072,1,2,27.968,6.992
CA-2016-161207,1,3,27.93,8.0997
CA-2016-142615,1,2,27.88,3.9032
CA-2016-159765,1,7,27.86,9.1938
CA-2016-157742,1,3,27.792,10.422
CA-2017-123701,1,4,27.76,9.9936
CA-2016-113817,1,2,27.68,9.688
CA-2017-154123,1,2,27.58,11.5836
CA-2015-111703,2,6,27.503999999999998,9.6714
CA-2014-155271,1,2,27.46,9.8856
CA-2017-110625,1,2,27.46,9.8856
CA-2017-107874,1,1,27.42,11.2422
CA-2016-162614,1,2,27.264,8.8608
CA-2016-138037,1,5,27.24,9.534
CA-2015-160794,1,3,27.216,9.8658
CA-2016-153346,2,8,27.21,10.5825
US-2017-103226,1,3,27.18,12.231
US-2015-165449,1,4,27.168,-1.3584
CA-2015-169278,1,4,26.976,8.7672
CA-2015-121391,1,2,26.96,7.0096
CA-2016-149237,1,3,26.94,11.3148
US-2015-145121,1,5,26.9,13.181
CA-2017-127621,1,8,26.88,9.744
CA-2015-140375,2,4,26.82,12.947400000000002
CA-2015-144253,1,2,26.8,12.864
CA-2017-154088,1,5,26.72,9.352
US-2014-164644,1,1,26.632,1.3316
CA-2017-103009,1,5,26.4,11.88
CA-2016-130484,1,8,26.352,-18.4464
CA-2017-163874,1,3,26.352,9.5526
US-2016-155180,1,4,26.336,9.2176
CA-2017-127803,1,4,26.16,12.8184
CA-2017-155558,2,3,26.15,9.7534
CA-2014-115056,1,3,26.136,1.9602
CA-2014-145576,2,8,26.128,5.0743
CA-2017-108322,2,11,26.056,6.9585
CA-2015-118227,1,1,25.99,7.5371
CA-2014-107916,2,5,25.951999999999998,10.8096
CA-2014-164861,1,4,25.92,12.4416
CA-2016-155439,1,4,25.92,12.4416
CA-2017-100433,1,4,25.92,12.4416
CA-2017-105326,1,4,25.92,12.4416
CA-2017-160458,1,5,25.92,9.072
CA-2015-115924,1,5,25.9,12.691
CA-2015-154900,2,5,25.869999999999997,11.736
CA-2017-107314,1,3,25.83,9.5571
US-2016-154256,1,7,25.83,12.1401
US-2017-105697,1,2,25.696,1.9272
US-2017-140074,1,6,25.68,11.556
CA-2016-120250,1,3,25.632,3.8448
CA-2016-103359,1,2,25.584,8.9544
CA-2014-120432,1,3,25.5,6.63
CA-2017-167976,1,3,25.5,6.63
CA-2015-109113,1,2,25.488,4.779
CA-2015-112823,1,2,25.488,4.4604
CA-2017-131156,1,4,25.472,7.6416
CA-2016-165561,1,3,25.35,7.605
CA-2015-144386,1,6,25.344,8.8704
CA-2017-158883,1,4,25.344,9.1872
CA-2014-110422,1,3,25.248,4.1028
CA-2014-158442,3,6,25.184,7.656
US-2015-150161,1,4,25.176,-18.4624
US-2014-165589,1,5,25.16,-11.322
US-2017-123281,1,3,25.11,6.5286
CA-2016-166625,1,2,25.06,11.7782
CA-2017-110926,1,7,25.06,12.53
CA-2017-147753,1,2,25.06,11.7782
US-2014-111353,1,2,25.06,11.7782
US-2015-138716,1,3,25.032,7.8225
US-2015-141684,1,4,24.96,11.232
CA-2016-131639,2,3,24.904,8.2365
CA-2014-147235,1,5,24.9,11.703
CA-2016-157868,1,7,24.85,11.6795
CA-2016-163937,1,5,24.85,7.7035
CA-2015-148859,1,2,24.816,1.551
CA-2016-100083,1,1,24.784,7.745
CA-2014-165379,2,5,24.72,8.113800000000001
US-2016-150357,2,5,24.703,-7.1091999999999995
CA-2016-124233,1,5,24.7,10.374
US-2017-146416,2,5,24.678,9.3864
CA-2015-126186,1,4,24.64,4.004
US-2017-108245,2,10,24.619999999999997,-13.504199999999999
CA-2015-102806,1,2,24.588,-18.0312
CA-2017-110478,2,5,24.57,9.7178
CA-2014-138296,1,2,24.56,6.8768
CA-2015-136105,1,2,24.56,6.8768
CA-2015-164623,1,2,24.56,11.5432
CA-2017-104822,1,5,24.55,12.0295
CA-2017-155642,2,4,24.5,-11.1669
CA-2017-122112,1,4,24.448,8.8624
CA-2017-146136,1,4,24.448,8.8624
CA-2015-134922,1,2,24.4,7.93
CA-2017-127922,2,4,24.288,8.184
CA-2014-162362,2,7,24.240000000000002,12.0048
CA-2015-146465,1,9,24.192,7.56
CA-2016-116232,2,11,24.066,-0.2088000000000001
CA-2017-142867,2,9,24.048000000000002,-18.831599999999998
CA-2017-103156,1,9,24.048,7.2144
US-2017-166233,1,2,24.0,-2.7
CA-2017-100356,1,2,23.992,-62.3792
US-2016-106677,1,2,23.988,-15.992
CA-2014-110030,1,3,23.976,-14.3856
CA-2016-116974,1,4,23.976,-15.5844
CA-2016-117408,1,2,23.968,2.3968
CA-2016-109057,1,2,23.952,2.3952
CA-2016-129903,1,4,23.92,11.7208
CA-2015-119942,1,6,23.904,7.7688
CA-2017-131618,3,10,23.887999999999998,-15.52
CA-2017-107461,1,6,23.88,11.2236
CA-2017-164049,1,5,23.85,10.7325
CA-2017-160087,1,3,23.832,6.5538
CA-2017-158120,2,10,23.766000000000002,3.1527000000000003
CA-2014-110352,1,2,23.68,8.88
CA-2017-105144,1,2,23.68,8.88
CA-2016-121993,1,8,23.616,7.9704
CA-2017-144568,1,5,23.55,1.1775
CA-2014-107573,1,3,23.472,7.6284
CA-2014-142951,1,3,23.472,4.9878
CA-2014-159625,1,3,23.472,8.802
CA-2016-158043,1,2,23.36,11.68
CA-2017-108091,1,4,23.36,6.0736
CA-2016-169026,1,3,23.34,0.2334
CA-2017-150609,1,5,23.24,7.553
CA-2017-162936,1,2,23.18,7.6494
US-2017-141943,1,2,23.16,11.58
CA-2016-164035,1,5,23.12,8.381
CA-2017-123659,1,4,23.12,11.3288
US-2014-130358,2,10,23.119999999999997,2.1006
CA-2017-143651,1,2,23.1,6.93
CA-2017-152968,1,2,23.08,6.924
CA-2016-104689,1,8,23.04,6.912
CA-2017-152499,2,8,22.991999999999997,5.7996
CA-2016-106656,2,5,22.979999999999997,10.611600000000001
CA-2015-132815,1,2,22.96,11.2504
CA-2017-146458,1,7,22.96,6.6584
CA-2015-133536,1,3,22.92,11.2308
CA-2016-112340,1,3,22.92,11.2308
CA-2015-152513,1,2,22.848,7.4256
CA-2017-119564,1,3,22.77,9.7911
CA-2016-149349,1,6,22.752,-8.532
CA-2017-130904,2,9,22.744,2.5149
CA-2017-133333,1,4,22.72,10.224
CA-2017-134649,2,9,22.630000000000003,7.6137
US-2016-120460,1,3,22.608,-10.1736
CA-2017-134607,1,2,22.58,5.8708
CA-2015-120845,4,8,22.549,-4.9428
CA-2016-113803,1,1,22.48,10.3408
CA-2017-169264,2,8,22.439999999999998,7.1592
US-2014-100279,1,2,22.38,10.7424
US-2015-167220,1,4,22.368,6.4308
CA-2014-148285,2,5,22.32,7.6626
CA-2015-129700,1,7,22.288,-8.9152
CA-2015-154795,2,3,22.288,6.7232
US-2014-154655,1,2,22.24,2.502
CA-2015-133627,1,6,22.2,9.102
CA-2015-158792,1,5,22.2,10.434
CA-2016-169922,3,15,22.16,-24.8936
CA-2016-114951,1,3,22.14,6.4206
CA-2014-146528,2,5,22.0,7.676
CA-2016-128727,1,4,22.0,5.5
CA-2017-146724,1,10,22.0,9.68
US-2017-140312,1,5,22.0,1.375
CA-2017-142489,1,5,21.99,-32.985
CA-2014-104829,1,7,21.98,9.891
CA-2015-128993,1,2,21.98,8.5722
CA-2017-117009,1,2,21.96,6.1488
CA-2017-160661,1,3,21.93,10.3071
US-2015-134271,1,3,21.93,10.3071
CA-2016-120859,1,2,21.88,10.94
US-2016-154361,1,5,21.88,6.2905
CA-2017-105074,1,3,21.744,6.795
CA-2014-130274,1,7,21.56,10.3488
CA-2016-155670,2,11,21.503999999999998,-5.026800000000001
CA-2016-111115,1,6,21.48,10.74
CA-2014-141278,1,5,21.4,6.206
CA-2017-160934,1,5,21.4,6.206
US-2016-152835,1,5,21.4,6.206
CA-2014-133809,2,10,21.396,-10.7366
CA-2015-127607,2,11,21.376,1.7348
CA-2014-100363,2,5,21.375999999999998,7.7192
CA-2014-165568,1,5,21.36,7.209
CA-2015-151624,1,8,21.36,8.1168
CA-2015-115420,1,2,21.34,9.8164
CA-2017-116204,1,7,21.336,7.7343
CA-2017-163671,1,3,21.312,7.992
CA-2014-127936,1,3,21.24,8.0712
CA-2016-155446,1,7,21.21,4.4541
CA-2016-136595,1,3,21.204,-11.6622
CA-2014-103807,2,4,21.19,7.9958
CA-2015-129392,1,5,21.12,6.6
CA-2016-101168,1,4,21.12,6.5472
CA-2017-150602,1,4,21.12,6.5472
US-2015-130491,3,5,21.11,7.8221
US-2016-137547,1,3,21.072,1.5804
CA-2015-142139,1,4,20.96,6.812
CA-2016-128307,1,1,20.936,7.0659
CA-2014-110527,1,8,20.88,9.6048
CA-2015-101007,1,2,20.8,6.5
CA-2015-135363,2,4,20.784,7.1436
CA-2017-104318,1,2,20.768,2.3364
US-2015-168914,1,8,20.768,-52.9584
CA-2014-151554,1,4,20.736,7.2576
CA-2017-106537,1,4,20.736,7.2576
CA-2017-134173,1,4,20.736,7.2576
CA-2017-141614,1,4,20.736,7.2576
US-2015-137533,1,4,20.736,7.2576
US-2017-141698,1,4,20.736,7.2576
US-2017-118535,1,2,20.7,9.936
CA-2015-121132,2,7,20.696,5.4634
US-2017-120908,1,7,20.664,6.9741
CA-2017-144820,1,5,20.64,2.322
CA-2017-112984,1,6,20.544,6.42
CA-2015-111325,2,9,20.451,-1.1835
CA-2015-148964,1,1,20.24,7.8936
CA-2017-169810,1,7,20.23,9.5081
CA-2017-151428,1,7,20.16,9.8784
US-2016-131058,1,7,20.16,9.8784
CA-2017-108931,2,4,20.12,9.516399999999999
CA-2015-128860,1,1,20.104,1.7591
CA-2017-151190,1,3,20.07,9.2322
CA-2014-109134,1,6,20.04,8.8176
CA-2014-118304,1,2,19.98,5.1948
CA-2017-163818,1,1,19.98,8.5914
US-2016-119270,1,2,19.98,8.991
CA-2014-153150,1,5,19.92,6.972
CA-2017-147144,1,1,19.83,5.949
CA-2015-103961,1,6,19.824,6.4428
CA-2017-107244,1,4,19.76,8.2992
CA-2017-143434,1,4,19.76,8.2992
CA-2014-152296,1,3,19.752,6.9132
CA-2014-122679,1,6,19.68,6.4944
CA-2017-150525,2,5,19.669999999999998,5.311
CA-2015-156524,1,3,19.65,9.039
CA-2016-144337,1,2,19.648,6.6312
CA-2016-117660,2,4,19.616,3.021
CA-2015-144288,2,6,19.584,6.9696
CA-2015-121552,1,4,19.56,5.4768
CA-2017-111178,1,5,19.56,1.7115
CA-2016-147683,1,2,19.54,7.2298
CA-2014-141817,1,3,19.536,4.884
CA-2017-125745,1,2,19.52,5.368
CA-2015-144652,1,7,19.46,5.0596
CA-2014-155852,1,4,19.456,3.4048
CA-2014-156545,1,4,19.456,3.4048
CA-2014-130813,1,3,19.44,9.3312
CA-2014-133354,1,3,19.44,9.3312
CA-2015-150196,1,3,19.44,9.3312
CA-2015-160213,1,3,19.44,9.3312
CA-2015-167479,1,3,19.44,9.3312
CA-2016-100307,1,3,19.44,9.3312
CA-2017-115777,1,3,19.44,9.3312
CA-2017-168179,1,3,19.44,9.3312
US-2014-112795,1,3,19.44,9.5256
US-2016-106313,1,3,19.44,9.3312
US-2016-114776,1,3,19.44,9.3312
CA-2016-132990,1,2,19.312,3.1382
US-2014-147606,1,5,19.3,-14.475
CA-2016-168921,1,3,19.296,6.03
CA-2017-146024,2,11,19.198,-21.5615
CA-2015-141936,1,3,19.152,6.4638
CA-2016-112382,1,2,19.136,1.9136
CA-2017-159884,2,4,19.119999999999997,3.528
CA-2017-134285,2,6,19.104,6.6864
CA-2017-158967,1,3,19.104,5.7312
CA-2017-114440,1,3,19.05,8.763
CA-2017-117394,1,4,19.04,-1.428
CA-2017-153654,1,8,19.008,-12.672
US-2017-124303,2,5,19.002000000000002,3.5616999999999996
CA-2015-130610,1,5,19.0,8.93
US-2016-101497,1,1,18.97,9.1056
CA-2016-119641,1,2,18.96,7.584
CA-2017-105886,1,2,18.96,8.532
CA-2014-105172,1,6,18.9,9.072
CA-2015-120446,1,3,18.9,8.694
CA-2016-136287,1,3,18.9,8.694
CA-2016-140046,1,3,18.9,8.694
CA-2016-147067,1,3,18.84,6.0288
CA-2017-128629,1,3,18.84,7.9128
CA-2014-166884,2,11,18.784,3.9883999999999995
CA-2017-122280,1,2,18.76,9.0048
CA-2014-100860,1,5,18.75,9.0
CA-2016-128923,2,3,18.72,4.1034
CA-2016-151512,1,2,18.72,3.51
CA-2017-164000,1,7,18.704,2.338
US-2014-156216,1,7,18.648,-12.432
CA-2015-150511,1,2,18.54,8.7138
CA-2017-152261,1,4,18.528,-12.352
CA-2016-157364,1,2,18.48,6.006
CA-2014-113964,1,4,18.464,6.924
CA-2016-137652,1,8,18.432,-12.288
CA-2015-156377,2,9,18.416,-17.2886
US-2017-168802,1,4,18.368,5.9696
CA-2017-135783,1,2,18.28,6.2152
CA-2014-134621,1,2,18.24,-14.592
CA-2017-143217,1,3,18.24,8.5728
US-2016-114888,2,6,18.192,6.0552
CA-2015-102778,1,1,18.176,4.7712
CA-2016-141586,1,5,18.16,6.583
CA-2017-150504,1,2,18.16,1.816
CA-2017-164098,1,2,18.16,1.816
CA-2015-106978,3,6,18.128,4.2849
CA-2017-141446,1,1,18.0,3.24
CA-2014-109904,1,3,17.94,4.485
CA-2015-116512,1,3,17.94,3.0498
CA-2015-166604,1,3,17.94,8.7906
CA-2016-111696,1,3,17.94,8.073
CA-2017-104906,1,3,17.94,8.7906
CA-2016-150000,1,4,17.92,8.6016
CA-2017-130715,1,5,17.9,8.771
CA-2017-154935,1,3,17.88,5.5875
CA-2016-106915,1,4,17.856,4.2408
CA-2017-148166,1,4,17.856,2.0088
CA-2017-112536,3,10,17.798000000000002,-13.278500000000001
CA-2015-105361,1,4,17.64,8.1144
CA-2017-101959,2,3,17.62,8.2242
US-2016-144393,1,4,17.616,-14.0928
CA-2017-117863,2,3,17.608,7.289499999999999
CA-2017-167542,1,3,17.544,5.9211
US-2015-150231,1,3,17.52,6.3072
CA-2015-153073,1,9,17.496,-7.4358
CA-2015-100573,1,2,17.48,8.2156
US-2017-112928,1,5,17.48,1.311
US-2017-123204,1,4,17.48,4.5448
US-2017-159562,1,2,17.48,8.2156
CA-2017-105053,1,3,17.472,6.3336
CA-2014-134061,1,2,17.46,5.9364
US-2014-117058,1,6,17.46,-30.555
CA-2016-164483,1,2,17.456,5.8914
CA-2017-129567,1,2,17.456,5.8914
CA-2015-120551,1,3,17.43,8.0178
CA-2016-133144,1,3,17.34,8.4966
CA-2016-136434,1,3,17.31,5.193
CA-2017-122945,1,3,17.31,5.193
CA-2014-109127,1,6,17.28,7.9488
CA-2014-104808,1,2,17.248,6.0368
CA-2014-121167,1,2,17.248,6.0368
CA-2016-102596,1,6,17.184,6.2292
US-2015-126235,1,2,17.14,6.1704
CA-2015-153612,1,4,17.12,4.9648
CA-2015-158918,1,4,17.12,7.704
CA-2016-105760,1,2,17.12,8.0464
CA-2017-157112,2,6,17.104,-5.9696
CA-2015-158323,1,2,17.088,1.068
CA-2017-143861,1,2,17.088,1.068
CA-2016-151323,1,5,17.05,8.184
CA-2016-154053,1,1,16.99,4.9271
CA-2017-109211,1,1,16.98,8.49
CA-2016-130029,2,4,16.92,6.3
CA-2014-123127,1,2,16.78,4.195
CA-2015-155124,1,3,16.776,1.6776
CA-2016-126613,1,2,16.768,1.4672
CA-2017-132738,2,3,16.752000000000002,6.0725999999999996
CA-2016-102134,1,2,16.74,4.3524
US-2016-150035,1,2,16.74,4.3524
CA-2017-115070,2,8,16.739,-1.2453
US-2016-147991,1,5,16.72,3.344
US-2015-158911,2,5,16.712,5.0109
CA-2017-159457,1,3,16.68,5.2125
CA-2016-138583,1,3,16.656,3.3312
CA-2015-164833,2,4,16.64,6.5244
US-2014-157406,2,5,16.608,4.1748
CA-2017-118668,1,1,16.59,5.8065
CA-2016-101385,1,4,16.56,6.9552
CA-2014-158064,1,5,16.52,5.5755
CA-2015-129854,1,4,16.52,7.5992
CA-2016-151974,1,5,16.52,5.369
CA-2016-163951,1,5,16.52,1.652
CA-2017-109946,1,5,16.52,2.065
CA-2017-163566,1,5,16.52,5.369
CA-2016-166485,1,2,16.496,5.5674
CA-2014-103800,1,2,16.448,5.5512
CA-2017-143343,1,5,16.4,4.756
US-2014-129609,1,2,16.28,6.512
CA-2017-130834,1,3,16.272,5.2884
US-2014-107405,1,1,16.272,-3.8646
CA-2014-114314,2,5,16.23,7.3605
CA-2014-147914,1,2,16.224,5.8812
CA-2016-118934,2,8,16.218,-10.9566
CA-2016-128706,1,2,16.192,-6.8816
CA-2014-107706,1,3,16.176,6.066
CA-2017-141747,1,1,16.06,4.1756
CA-2017-136238,1,3,16.032,5.6112
CA-2017-154732,1,5,16.03,-25.648
CA-2017-153339,1,1,15.992,0.9995
CA-2015-163440,1,2,15.984,1.1988
CA-2017-109715,1,2,15.984,4.995
CA-2017-134439,1,2,15.96,7.98
CA-2016-123722,1,4,15.936,5.1792
CA-2016-134362,1,4,15.936,5.1792
CA-2017-134978,1,5,15.92,5.373
CA-2017-137456,1,2,15.92,7.0048
CA-2017-139493,1,5,15.92,2.786
CA-2016-122392,2,4,15.808,3.7128
CA-2016-103037,1,4,15.712,5.6956
US-2016-157308,1,4,15.712,5.6956
CA-2015-153220,1,5,15.7,7.065
CA-2014-126907,1,3,15.696,5.1012
CA-2015-156118,1,3,15.696,5.1012
CA-2016-140634,1,2,15.648,5.0856
US-2016-149790,1,2,15.624,-24.9984
CA-2016-124681,1,3,15.576,3.3099
CA-2017-161851,1,3,15.57,-11.937
US-2015-153283,1,2,15.56,7.3132
CA-2014-117016,1,3,15.552,2.3328
CA-2014-129168,1,3,15.552,5.4432
CA-2016-119515,1,3,15.552,5.4432
CA-2016-147970,1,3,15.552,5.4432
CA-2016-158925,1,3,15.552,5.4432
CA-2017-114412,1,3,15.552,5.4432
US-2014-167633,1,3,15.552,5.4432
CA-2016-105277,1,3,15.528,5.823
CA-2017-165155,1,1,15.51,3.8775
CA-2015-124268,1,3,15.48,4.4892
CA-2014-106264,2,5,15.39,1.2327
CA-2014-143182,1,1,15.384,4.0383
CA-2014-132542,1,2,15.36,7.68
CA-2014-141299,1,2,15.28,7.4872
US-2017-118157,1,2,15.28,7.4872
CA-2014-159478,1,3,15.24,5.1816
CA-2015-130253,1,3,15.24,5.1816
CA-2016-165673,1,4,15.232,5.5216
CA-2017-160962,2,3,15.232,1.504
CA-2016-126543,1,2,15.168,3.792
CA-2017-114552,1,3,15.072,4.1448
CA-2015-125178,1,2,15.008,1.5008
CA-2016-137176,1,4,15.008,-12.0064
CA-2017-139416,1,2,15.008,1.5008
US-2017-119039,1,9,14.976,5.4288
US-2016-139388,1,4,14.96,0.2992
CA-2015-123505,1,3,14.94,7.0218
CA-2015-168186,1,3,14.94,7.0218
CA-2017-145275,1,3,14.94,6.8724
CA-2015-113740,1,3,14.91,4.6221
CA-2016-119445,1,5,14.9,1.043
CA-2016-128916,2,7,14.896,-5.9584
CA-2017-126438,1,2,14.88,3.72
CA-2015-166338,1,3,14.832,-10.3824
CA-2016-147585,1,3,14.82,6.2244
US-2017-166394,1,6,14.82,6.9654
CA-2017-118136,2,3,14.8,5.612
CA-2016-151141,1,2,14.78,3.9906
CA-2017-161984,2,3,14.77,7.156700000000001
US-2016-116442,1,2,14.76,4.2804
US-2017-135503,1,2,14.76,4.2804
CA-2015-141768,1,3,14.73,4.8609
CA-2016-159653,1,3,14.73,7.2177
CA-2017-154949,1,3,14.73,7.2177
CA-2017-137001,1,7,14.7,4.116
CA-2014-139283,1,3,14.67,6.7482
CA-2014-163013,1,3,14.67,3.9609
CA-2016-110023,1,2,14.624,5.484
CA-2014-100391,1,2,14.62,6.7252
CA-2016-138688,1,2,14.62,6.8714
CA-2015-162607,1,3,14.592,4.9248
CA-2014-141355,1,2,14.576,2.3686
CA-2014-125759,1,2,14.56,5.5328
CA-2014-114643,1,3,14.52,4.7916
CA-2015-143532,1,3,14.496,4.8924
CA-2014-115336,1,5,14.48,-23.892
CA-2014-125171,1,5,14.4,7.056
CA-2016-117912,1,2,14.368,3.9512
CA-2016-112676,1,3,14.352,5.2026
CA-2017-138422,1,3,14.352,5.2026
CA-2017-101273,1,4,14.336,0.896
CA-2015-145401,1,6,14.304,5.0064
CA-2015-131457,1,7,14.28,6.7116
CA-2017-157651,1,1,14.2,3.3725
CA-2016-117282,1,2,14.16,5.133
CA-2017-112172,1,3,14.13,0.7065
CA-2016-103128,1,6,14.112,1.2348
CA-2017-136826,1,3,14.016,4.7304
US-2017-136707,1,4,14.016,4.9056
CA-2014-132913,1,1,13.97,3.6322
CA-2015-143602,1,3,13.944,4.5318
CA-2014-157623,2,3,13.940000000000001,6.002599999999999
CA-2014-111773,1,3,13.92,4.872
CA-2017-125367,1,3,13.92,4.35
CA-2014-138198,1,2,13.904,4.5188
CA-2017-118122,1,2,13.904,4.5188
CA-2017-151071,1,2,13.904,4.5188
CA-2015-103723,1,5,13.9,5.56
CA-2015-160864,1,3,13.848,5.193
CA-2016-144785,2,4,13.83,3.8739
CA-2014-161249,2,8,13.809000000000001,-7.4901
CA-2016-152408,1,3,13.776,4.4772
CA-2017-103765,1,1,13.762,-24.7716
CA-2017-117695,1,2,13.76,6.3296
CA-2017-136497,1,5,13.71,-10.054
CA-2016-110730,1,2,13.68,3.6936
CA-2015-147011,1,4,13.632,3.5784
CA-2014-146885,1,3,13.62,6.129
US-2016-158708,1,2,13.616,3.5742
CA-2017-103415,1,2,13.592,-14.2716
CA-2016-109652,1,4,13.568,3.2224
US-2017-104094,1,1,13.48,1.8872
US-2017-123463,1,4,13.48,5.9312
CA-2017-114524,1,13,13.468,-22.8956
CA-2017-105480,2,2,13.464,5.467499999999999
CA-2014-140004,2,5,13.456,2.7914
CA-2014-117317,1,3,13.44,6.5856
CA-2016-136994,1,2,13.38,6.1548
CA-2014-101266,1,2,13.36,6.4128
CA-2014-133270,1,2,13.36,4.9432
US-2016-155404,1,2,13.28,6.3744
CA-2017-101210,2,3,13.152,2.7724
CA-2017-117240,1,3,13.128,4.2666
CA-2015-128958,1,5,13.12,2.132
US-2015-164357,1,5,13.12,1.476
CA-2015-138457,1,4,13.092,-10.0372
CA-2017-164819,1,5,13.05,6.003
US-2016-160206,1,1,12.99,0.2598
CA-2014-103401,1,2,12.96,6.2208
CA-2014-138513,1,2,12.96,6.2208
CA-2014-164903,1,2,12.96,6.2208
CA-2015-144190,1,2,12.96,6.2208
CA-2016-114895,1,2,12.96,6.3504
CA-2016-115504,1,2,12.96,6.2208
CA-2016-146318,1,2,12.96,6.2208
CA-2016-152520,1,2,12.96,6.2208
CA-2016-165820,1,2,12.96,6.2208
CA-2017-107853,1,2,12.96,6.2208
CA-2017-137470,1,2,12.96,6.3504
CA-2017-157196,1,2,12.96,6.2208
US-2015-120957,1,2,12.96,6.2208
US-2016-134369,1,2,12.96,6.3504
CA-2016-124562,1,7,12.957,-9.5018
CA-2016-164896,1,2,12.9,6.321
CA-2015-149678,1,1,12.88,0.3864
CA-2016-141551,2,2,12.86,6.0451999999999995
CA-2017-165029,1,3,12.84,3.7236
US-2016-164588,1,3,12.84,3.7236
CA-2015-168767,1,2,12.832,4.3308
US-2015-120572,1,2,12.828,-8.9796
CA-2014-106054,1,3,12.78,5.2398
CA-2016-124583,1,1,12.78,5.751
CA-2017-101637,1,2,12.768,0.9576
CA-2017-152961,1,2,12.7,5.842
CA-2017-142776,2,4,12.68,6.0864
CA-2017-108287,1,9,12.672,1.4256
US-2015-163783,1,3,12.672,-3.168
CA-2014-152905,1,2,12.624,-2.5248
US-2014-134712,1,2,12.624,3.945
CA-2017-130106,2,4,12.62,3.5764
CA-2015-106215,1,4,12.576,4.0872
CA-2017-163405,2,5,12.51,3.4953000000000003
CA-2017-100426,1,2,12.48,5.616
US-2014-134971,1,3,12.462,-20.5623
CA-2016-125815,1,3,12.42,5.2164
CA-2017-134418,1,3,12.42,5.2164
CA-2014-129819,1,3,12.39,5.8233
CA-2015-168277,1,3,12.39,5.6994
CA-2017-126046,1,3,12.39,5.6994
CA-2014-139857,1,5,12.35,5.8045
US-2016-148957,1,4,12.32,5.9136
US-2017-146878,1,1,12.294,-8.6058
CA-2015-117898,1,2,12.224,4.4312
CA-2017-114216,1,3,12.192,4.1148
US-2017-106579,1,4,12.176,-18.8728
CA-2017-104108,1,5,12.16,2.128
CA-2015-116750,2,7,12.158000000000001,-5.0447999999999995
CA-2015-132633,1,3,12.144,4.0986
US-2017-127341,1,4,12.128,-20.6176
CA-2016-150889,1,1,11.992,0.8994
CA-2015-163104,1,2,11.96,5.8604
CA-2016-161543,1,2,11.96,5.8604
CA-2016-145009,1,3,11.952,3.8844
CA-2014-113047,1,3,11.85,3.792
CA-2016-143441,1,1,11.84,4.44
CA-2017-150469,1,8,11.84,5.6832
CA-2017-106964,1,2,11.808,4.2804
CA-2017-137582,1,3,11.808,4.1328
CA-2014-133543,1,4,11.76,3.1752
CA-2015-161242,1,2,11.76,5.7624
CA-2017-153227,1,2,11.76,5.7624
US-2016-131912,1,1,11.744,3.8168
CA-2015-130554,1,3,11.736,1.0269
CA-2015-141754,1,2,11.696,3.9474
CA-2017-102218,1,2,11.696,3.9474
CA-2016-167290,1,2,11.68,3.504
CA-2017-100237,1,2,11.68,4.2048
CA-2017-144365,1,4,11.68,5.256
CA-2017-110429,1,3,11.673,-7.782
US-2015-106495,1,1,11.672,-0.7295
CA-2015-105634,1,5,11.65,3.3785
US-2017-130603,1,9,11.646,-17.469
CA-2014-155593,1,3,11.64,3.3756
CA-2016-120180,1,2,11.632,1.0178
CA-2015-100545,1,2,11.61,-9.288
CA-2017-133067,2,5,11.598,-9.0582
CA-2014-120243,1,4,11.56,5.4332
US-2014-166828,1,2,11.56,5.6644
US-2017-125808,1,2,11.56,5.6644
CA-2017-142671,1,5,11.52,-7.68
CA-2017-152079,1,5,11.52,4.176
CA-2015-105312,2,6,11.481,-1.0427999999999997
CA-2016-162404,1,4,11.416,-18.8364
CA-2014-103744,2,6,11.364,-4.522500000000001
US-2017-143028,1,3,11.364,-17.046
CA-2015-150441,1,4,11.36,5.5664
CA-2015-158554,1,3,11.352,4.1151
CA-2017-147550,1,3,11.352,2.6961
CA-2016-128258,1,1,11.34,5.5566
CA-2016-114538,1,2,11.328,2.5488
US-2016-163258,1,3,11.232,3.9312
CA-2017-166415,1,3,11.22,0.2244
CA-2017-133620,1,1,11.21,3.363
CA-2014-148369,1,4,11.12,5.4488
CA-2015-116260,1,4,11.12,2.8912
CA-2017-106355,1,4,11.12,2.8912
US-2017-132927,1,7,11.088,-8.1312
CA-2017-105193,1,5,11.05,2.9835
CA-2016-109911,1,4,10.96,2.9592
CA-2014-128622,1,3,10.95,3.285
CA-2015-128356,1,2,10.944,0.9576
CA-2015-149993,1,5,10.9,3.597
CA-2014-103527,1,3,10.896,3.405
CA-2015-165554,1,2,10.86,5.3214
CA-2016-150343,1,3,10.86,5.1042
CA-2017-101945,1,3,10.824,2.5707
CA-2017-162635,1,4,10.816,3.5152
CA-2017-111808,1,5,10.8,5.184
CA-2016-145240,1,1,10.784,0.8088
CA-2017-122028,1,3,10.782,-7.9068
CA-2016-150658,1,3,10.776,3.3675
CA-2015-147851,1,4,10.752,3.36
CA-2015-133837,1,1,10.744,0.8058
CA-2015-113222,1,3,10.74,5.1552
CA-2016-143308,1,3,10.74,5.2626
CA-2014-121727,1,2,10.72,1.742
CA-2017-143294,1,2,10.688,3.7408
CA-2017-148992,1,2,10.688,3.7408
US-2017-149006,1,1,10.68,2.8836
CA-2017-123246,1,4,10.64,2.7664
CA-2016-158302,1,3,10.584,3.4398
CA-2015-115168,1,2,10.56,4.752
CA-2016-130078,1,2,10.56,4.752
CA-2016-155033,1,2,10.56,5.0688
CA-2017-160514,1,2,10.56,4.752
CA-2016-101742,1,7,10.528,3.6848
CA-2015-124044,1,3,10.512,3.6792
US-2014-105151,1,5,10.5,2.94
CA-2016-106621,1,4,10.496,1.1808
CA-2015-111990,1,6,10.476,-17.2854
CA-2016-149454,1,1,10.44,4.8024
CA-2014-108707,1,2,10.368,3.6288
CA-2015-121097,1,2,10.368,3.6288
CA-2015-143700,1,2,10.368,3.6288
CA-2017-123071,1,2,10.368,3.6288
CA-2017-138618,1,2,10.368,3.6288
CA-2017-143455,1,2,10.368,3.6288
CA-2017-160017,1,2,10.368,3.6288
US-2017-150847,1,2,10.368,3.6288
CA-2017-117436,1,2,10.36,5.0764
CA-2015-106362,1,3,10.332,-7.5768
CA-2015-136224,1,3,10.272,1.1556
CA-2016-162222,1,3,10.272,3.21
US-2017-106796,1,3,10.272,1.1556
CA-2017-136063,1,7,10.192,1.0192
CA-2017-116113,1,2,10.16,3.4544
CA-2016-122518,1,4,10.08,3.528
CA-2016-116540,2,3,10.07,4.5338
CA-2016-157714,1,1,9.99,4.4955
CA-2016-162348,1,1,9.98,2.7944
US-2014-112200,1,5,9.98,-16.467
CA-2014-125682,1,2,9.96,4.8804
CA-2015-125423,1,2,9.96,4.5816
CA-2015-144890,1,2,9.96,4.8804
CA-2017-169607,1,2,9.96,4.6812
CA-2015-169733,1,1,9.952,0.9952
CA-2014-130092,1,2,9.94,3.0814
CA-2014-164749,1,3,9.912,3.2214
CA-2017-163069,1,3,9.912,1.239
CA-2017-139444,1,4,9.856,3.4496
CA-2014-130960,1,3,9.84,2.8536
CA-2016-102792,1,3,9.84,3.2472
US-2016-112970,1,3,9.84,2.8536
CA-2015-169677,1,2,9.82,4.8118
CA-2017-108000,1,1,9.78,4.89
CA-2017-154501,1,2,9.78,4.0098
CA-2015-101924,1,2,9.762,-6.8334
CA-2016-106306,1,3,9.702,-7.1148
US-2017-156083,1,2,9.664,3.2616
CA-2016-107475,1,6,9.648,3.4974
CA-2017-139661,1,2,9.64,3.6632
US-2014-138835,1,2,9.64,4.7236
CA-2016-126935,1,1,9.584,3.3544
US-2014-121734,1,1,9.584,3.3544
CA-2014-113166,1,2,9.568,3.4684
CA-2016-154536,1,5,9.555,-7.3255
CA-2016-130050,1,3,9.552,-3.8208
CA-2017-124828,1,3,9.552,1.5522
CA-2016-103163,2,2,9.514,3.8724999999999996
CA-2014-115980,2,6,9.51,3.9882
CA-2017-168837,1,2,9.46,3.6894
CA-2016-137127,1,3,9.45,4.536
CA-2017-105445,1,3,9.432,3.0654
CA-2017-104024,1,7,9.408,0.7056
CA-2017-137421,1,2,9.344,1.8688
US-2017-124926,1,6,9.324,-24.7086
US-2014-121566,2,4,9.288,3.7439999999999998
CA-2014-130575,1,3,9.264,-13.896
CA-2016-112025,1,3,9.264,-13.896
CA-2016-160136,1,2,9.248,3.3524
CA-2016-164490,1,2,9.248,3.3524
CA-2017-103520,1,2,9.248,3.3524
CA-2015-111234,1,3,9.24,4.4352
CA-2017-101574,1,3,9.24,4.4352
CA-2016-116764,1,4,9.216,3.3408
CA-2015-136378,1,3,9.156,-13.734
CA-2017-158036,1,1,9.096,1.7055
CA-2014-134677,1,3,9.09,1.9089
CA-2014-122567,2,5,9.04,-15.658
CA-2014-124023,1,2,8.96,2.7776
CA-2015-136700,1,2,8.96,4.3904
CA-2014-108182,1,2,8.952,-14.7708
CA-2017-166499,1,3,8.94,2.4138
CA-2016-168557,1,2,8.928,3.1248
US-2016-114622,1,2,8.904,-6.5296
CA-2017-129707,1,4,8.896,0.6672
CA-2017-117156,1,3,8.856,2.8782
CA-2017-124191,1,3,8.856,-6.8634
CA-2014-165540,1,5,8.85,-13.7175
CA-2016-127250,1,3,8.82,2.3814
CA-2016-159737,1,3,8.808,-14.9736
CA-2017-159604,1,2,8.76,4.2048
CA-2014-118276,1,3,8.736,-4.8048
CA-2016-166240,1,2,8.712,-19.602
US-2014-111171,1,5,8.69,-14.773
CA-2017-164959,1,3,8.67,4.0749
CA-2014-138737,1,3,8.64,2.4192
CA-2017-106943,1,2,8.64,3.024
CA-2017-158106,1,3,8.64,2.5056
CA-2014-140032,1,2,8.608,3.0128
CA-2015-132136,1,3,8.568,-14.5656
CA-2014-126480,1,2,8.56,3.852
US-2017-117331,1,1,8.559,-6.5619
CA-2014-119466,1,2,8.544,-7.476
US-2014-166310,1,2,8.544,-7.476
US-2015-118766,2,11,8.424,-5.256
CA-2015-137603,1,5,8.4,2.184
CA-2017-167080,1,5,8.4,4.2
CA-2017-103611,1,2,8.36,3.0096
CA-2015-113971,1,6,8.352,1.2528
CA-2016-124527,1,5,8.32,2.808
CA-2016-151498,1,5,8.32,2.808
CA-2014-106719,1,2,8.288,2.6936
CA-2015-157028,1,2,8.28,3.4776
US-2016-100405,1,2,8.26,3.7996
CA-2014-133389,1,3,8.226,-6.0324
CA-2015-110247,1,3,8.226,-6.0324
CA-2015-129042,1,3,8.22,2.2194
CA-2017-161592,1,5,8.1,-5.94
CA-2015-146696,1,2,8.096,2.7324
CA-2014-101427,1,3,8.016,1.1022
CA-2015-112522,1,3,8.016,1.002
CA-2016-161158,1,5,8.0,3.44
CA-2017-162474,1,1,7.992,2.5974
CA-2017-126676,1,3,7.98,3.9102
US-2014-103338,1,3,7.98,2.0748
CA-2015-157434,1,2,7.968,2.8884
CA-2017-149146,1,2,7.968,2.6892
CA-2015-155145,1,8,7.92,3.4848
CA-2016-151169,1,4,7.92,3.564
CA-2017-141663,1,5,7.92,1.683
CA-2016-150007,2,5,7.9079999999999995,-1.1435999999999997
CA-2017-139948,1,2,7.904,2.1736
CA-2017-113572,1,4,7.88,2.5216
US-2015-110163,1,1,7.88,1.773
CA-2014-164910,1,3,7.872,0.8856
CA-2016-120257,1,3,7.872,0.8856
CA-2017-163692,1,3,7.857,-6.0237
CA-2014-167724,1,3,7.83,3.6018
CA-2017-145310,1,1,7.824,2.934
CA-2017-162096,1,3,7.8,2.106
CA-2015-168634,1,2,7.78,2.0228
CA-2017-162250,1,1,7.78,3.501
CA-2016-141180,1,4,7.764,-5.176
CA-2014-123316,1,3,7.752,2.8101
CA-2016-154788,1,2,7.712,2.7956
CA-2017-145660,1,2,7.712,1.7352
CA-2016-101469,1,2,7.7,3.157
US-2014-120236,1,5,7.68,-11.52
CA-2015-113523,1,4,7.656,-6.1248
CA-2014-128538,1,1,7.64,3.7436
CA-2014-130918,1,3,7.632,-1.8126
US-2017-135230,1,1,7.58,2.9562
CA-2015-156153,1,6,7.56,0.3024
CA-2016-111010,1,6,7.56,0.3024
CA-2015-142041,1,5,7.52,2.632
CA-2015-169537,1,2,7.5,3.6
CA-2017-107832,1,1,7.476,-5.9808
CA-2016-123617,1,6,7.434,-5.6994
CA-2017-129805,1,2,7.4,3.034
CA-2015-125696,1,5,7.38,-5.412
CA-2016-149482,1,2,7.38,3.4686
CA-2016-129693,1,2,7.312,2.5592
CA-2015-160696,1,5,7.24,1.1765
US-2014-128685,1,2,7.184,2.245
CA-2014-156601,1,2,7.16,3.58
CA-2016-105018,1,2,7.16,3.4368
CA-2015-169299,1,3,7.152,0.7152
CA-2016-106341,1,3,7.152,0.7152
CA-2015-151785,1,6,7.104,2.4864
CA-2014-130869,1,3,7.08,2.478
CA-2016-117625,1,2,7.072,2.3868
CA-2017-127264,1,3,7.056,2.205
CA-2016-127985,1,4,7.04,3.0976
CA-2017-140536,1,4,7.04,2.0416
US-2015-112508,1,2,6.992,0.5244
CA-2016-130799,1,4,6.96,2.2272
CA-2014-105340,1,1,6.928,-11.0848
CA-2016-117226,1,6,6.924,-10.386
CA-2015-115399,1,3,6.912,2.5056
CA-2015-107468,1,2,6.848,0.5992
CA-2017-101077,1,2,6.848,2.14
US-2015-161466,1,2,6.848,0.5992
CA-2016-132017,1,2,6.816,-11.5872
CA-2014-153619,1,4,6.72,3.36
US-2015-105676,1,4,6.688,-4.0128
CA-2015-152681,1,2,6.68,2.004
CA-2017-107552,1,1,6.68,3.2064
CA-2017-152275,1,6,6.672,0.5004
US-2016-132857,1,3,6.672,1.668
CA-2014-148425,1,9,6.642,-4.428
CA-2015-118948,1,3,6.63,1.7901
CA-2015-121041,1,2,6.608,2.1476
CA-2014-117478,1,3,6.57,-5.037
CA-2015-130736,2,3,6.57,1.2006
CA-2017-110380,1,3,6.57,1.7739
US-2017-125213,1,3,6.54,2.1582
CA-2015-137281,1,1,6.48,3.1104
CA-2016-100587,1,1,6.48,3.1104
CA-2016-148201,1,1,6.48,3.1104
CA-2016-167584,1,1,6.48,3.1104
US-2017-127719,1,1,6.48,3.1752
CA-2017-158953,1,7,6.37,-9.555
CA-2017-155929,1,2,6.368,2.388
CA-2015-130855,1,2,6.36,0.0636
CA-2016-144855,1,2,6.3,3.024
CA-2015-160059,1,2,6.24,3.0576
CA-2015-167269,1,2,6.208,2.1728
CA-2017-127712,1,2,6.208,0.6984
CA-2014-116673,1,2,6.16,1.9712
CA-2016-152800,1,3,6.12,2.8764
CA-2014-168158,1,2,6.096,2.2098
CA-2014-156993,1,1,6.08,3.04
CA-2015-136658,1,2,6.08,2.0672
US-2017-102638,1,3,6.03,2.9547
CA-2017-154718,1,2,6.0,2.1
CA-2014-141901,1,1,5.98,2.691
CA-2016-162733,1,1,5.98,2.691
CA-2017-161823,1,2,5.96,1.6688
CA-2017-155047,1,1,5.952,0.372
CA-2014-146997,1,3,5.94,0.0
CA-2017-106824,1,3,5.94,0.1188
US-2014-143707,1,3,5.94,1.6038
US-2017-132206,1,7,5.936,-8.904
CA-2015-111864,1,2,5.904,1.9926
CA-2017-152226,1,2,5.904,1.9926
US-2014-158638,1,4,5.892,-4.1244
CA-2014-128062,1,1,5.88,1.9845
CA-2015-144302,1,2,5.792,-9.5568
CA-2017-154816,1,1,5.78,2.8322
CA-2014-119529,1,2,5.76,2.8224
CA-2015-127502,1,2,5.76,2.8224
CA-2015-139290,1,2,5.76,2.6496
CA-2015-159590,1,2,5.76,1.6128
CA-2016-140256,1,2,5.76,1.6704
CA-2017-158736,1,2,5.76,1.6704
US-2017-107636,1,2,5.76,2.8224
CA-2014-111360,1,3,5.742,-4.5936
US-2017-154851,1,5,5.715,-4.7625
US-2017-109484,1,1,5.682,-3.788
CA-2014-162684,1,2,5.68,1.917
CA-2014-159849,1,3,5.67,0.1134
CA-2017-119669,1,3,5.67,0.1134
CA-2015-120516,1,3,5.64,2.7072
US-2017-145863,2,6,5.628,-9.702300000000001
CA-2015-150749,1,2,5.56,1.4456
CA-2017-169005,1,2,5.56,1.4456
CA-2016-136049,1,3,5.553,-4.0722
CA-2014-139633,1,4,5.484,-4.0216
CA-2014-145212,1,3,5.46,1.4742
CA-2017-156412,1,3,5.346,-4.455
CA-2016-149370,1,1,5.344,1.8704
CA-2014-103086,1,2,5.312,-1.5936
CA-2016-152331,1,3,5.304,0.4641
CA-2015-111507,1,3,5.28,1.5312
CA-2014-123064,1,4,5.248,1.64
CA-2015-109939,1,2,5.248,0.5904
CA-2017-131632,1,2,5.248,0.5904
CA-2014-160066,1,2,5.22,2.4012
CA-2017-131653,1,2,5.22,2.4012
CA-2014-126333,1,1,5.184,1.8144
CA-2017-133501,1,1,5.184,1.8144
US-2017-126081,1,1,5.184,1.8144
US-2014-150924,1,5,5.18,-8.029
US-2015-104430,1,4,5.176,-7.764
CA-2015-153626,1,3,5.16,0.8385
CA-2017-101665,1,2,5.16,1.3416
CA-2015-113040,1,1,5.104,1.6588
CA-2016-165470,1,1,5.08,1.651
CA-2014-136280,1,2,5.04,1.764
CA-2015-148705,1,2,5.04,1.764
CA-2016-123015,1,3,4.992,1.6848
CA-2014-165393,1,1,4.984,-8.4728
CA-2015-162544,1,1,4.98,2.3406
CA-2016-154403,1,1,4.98,2.4402
CA-2015-128167,1,4,4.96,2.3312
CA-2017-111374,1,4,4.956,-3.7996
CA-2015-130995,1,1,4.95,1.3365
CA-2016-163216,1,2,4.928,1.7248
CA-2017-126718,1,1,4.91,2.4059
CA-2017-126774,1,1,4.89,2.0049
CA-2017-160801,1,3,4.842,-3.3894
US-2016-100419,1,3,4.788,-7.9002
CA-2017-145338,1,2,4.768,0.4768
US-2014-132745,1,1,4.71,0.0
CA-2016-136483,1,2,4.704,0.4116
CA-2016-106075,1,1,4.616,1.731
CA-2014-127488,1,2,4.608,1.6704
CA-2015-110345,1,2,4.608,1.6704
CA-2015-155453,1,2,4.608,1.6704
US-2017-129224,1,2,4.608,1.6704
CA-2017-133928,1,4,4.572,-3.81
CA-2017-151218,1,1,4.464,0.3348
CA-2016-105284,1,3,4.416,1.6008
CA-2014-152849,1,3,4.368,0.3822
CA-2017-167017,1,2,4.36,0.1744
US-2016-148334,1,2,4.312,-6.8992
CA-2015-144099,1,1,4.304,1.5602
CA-2017-159135,1,2,4.3,1.419
CA-2014-159814,1,2,4.272,0.9612
CA-2017-135167,1,1,4.26,1.7466
CA-2017-128426,1,5,4.24,-6.36
CA-2016-149461,1,1,4.18,1.5048
CA-2014-133963,1,1,3.984,1.4442
CA-2016-138933,1,1,3.984,1.3944
US-2016-128195,1,5,3.98,-6.567
CA-2014-100328,1,1,3.928,1.3257
CA-2014-123253,1,1,3.912,1.0269
US-2015-141453,1,3,3.882,-5.823
CA-2017-162880,1,1,3.856,1.3978
CA-2017-106047,1,1,3.816,1.1925
CA-2016-125920,1,3,3.798,-5.8869
CA-2014-119032,1,2,3.76,1.316
CA-2015-119592,1,2,3.76,1.8048
CA-2017-102554,1,2,3.76,1.0904
US-2016-158309,1,4,3.744,-2.6208
US-2016-104794,1,2,3.68,1.8032
CA-2016-132899,1,2,3.64,0.9828
CA-2016-105291,1,2,3.62,1.1946
CA-2017-154466,1,2,3.6,1.728
CA-2015-142692,1,1,3.592,1.1225
CA-2015-156608,1,4,3.592,-6.286
CA-2015-133494,1,2,3.552,0.444
CA-2016-163636,1,2,3.536,0.3094
US-2017-120649,1,2,3.52,1.0208
CA-2015-133977,1,1,3.444,-2.5256
CA-2015-125710,1,2,3.44,0.559
CA-2015-104059,1,1,3.424,0.2996
CA-2015-107741,1,1,3.408,0.8946
CA-2015-149384,1,3,3.366,-2.244
CA-2017-146367,1,3,3.318,-5.6406
CA-2015-163895,1,1,3.304,1.1151
CA-2017-125640,1,1,3.304,1.0738
CA-2016-145499,1,2,3.282,-2.6256
CA-2015-137225,1,1,3.28,1.4104
US-2016-162103,1,2,3.136,-4.704
CA-2017-112487,1,2,3.132,-2.61
CA-2017-155936,1,3,3.036,-5.0094
CA-2017-156720,1,3,3.024,-0.6048
CA-2015-161795,1,2,3.008,0.3384
CA-2016-111409,1,1,3.0,1.05
CA-2015-160787,1,2,2.946,-2.0622
US-2014-134187,1,1,2.94,0.7938
CA-2014-154186,1,1,2.92,0.365
CA-2017-109778,1,2,2.912,0.91
CA-2017-154214,1,1,2.91,1.3677
CA-2016-163202,1,3,2.907,-2.0349
US-2017-162208,1,1,2.896,0.9774
CA-2017-159107,1,1,2.88,1.3536
CA-2014-151953,1,2,2.816,0.9856
CA-2015-126970,1,3,2.808,-4.4928
US-2017-168690,1,3,2.808,-1.9656
CA-2017-107293,1,1,2.78,0.7228
CA-2017-159954,1,1,2.78,1.3622
US-2015-149692,1,7,2.772,-4.851
CA-2016-108567,1,2,2.694,-2.245
CA-2017-152205,1,1,2.655,-1.8585
CA-2014-115973,1,1,2.624,0.4264
CA-2017-148012,1,1,2.624,0.4264
CA-2016-111605,1,1,2.61,1.2006
CA-2014-126277,1,3,2.502,-2.0016
US-2014-112564,1,3,2.502,-1.7514
US-2016-158680,1,1,2.496,0.9048
CA-2015-126466,1,2,2.48,1.1656
US-2015-161347,1,1,2.412,-2.01
CA-2014-101147,1,1,2.394,-6.3441
CA-2017-102267,1,2,2.368,0.8288
CA-2017-168900,1,1,2.313,-1.9275
CA-2016-134691,1,2,2.296,-3.9032
CA-2017-101728,1,2,2.296,-3.9032
CA-2017-156391,1,1,2.224,0.556
CA-2016-113600,1,3,2.214,-1.476
US-2016-131891,1,3,2.214,-1.476
CA-2017-145093,1,2,2.112,-3.3792
US-2017-153633,1,1,2.064,0.1548
US-2015-160150,1,1,2.025,-1.35
CA-2017-160045,1,1,1.988,-1.4413
CA-2016-108644,1,2,1.964,-3.2406
CA-2016-146521,1,1,1.941,-1.294
CA-2017-169817,1,2,1.908,-1.5264
CA-2014-101770,1,1,1.869,-1.3083
CA-2017-121678,1,1,1.824,-1.3984
CA-2017-166933,1,1,1.81,0.6516
CA-2016-108364,1,5,1.8,-2.88
CA-2017-125878,1,3,1.788,-3.0396
US-2017-139955,1,1,1.744,-0.3488
CA-2015-150413,1,1,1.72,-2.838
US-2017-155299,1,2,1.624,-4.466
CA-2017-165099,1,2,1.392,-3.7584
CA-2017-106691,1,2,1.248,-1.9344
US-2017-162068,1,2,1.188,-0.99
CA-2014-112718,1,1,1.167,-0.8558
CA-2015-146829,1,2,1.112,-1.8904
US-2017-100209,1,2,1.08,-0.792
US-2014-152723,1,1,0.876,-1.4016
CA-2014-112403,1,1,0.852,-0.5964
CA-2016-168361,1,1,0.836,-1.3376
CA-2017-124114,1,1,0.556,-0.9452
