job_id,job_title,company_name,location,salary_min,salary_max,experience_min,experience_max,required_skills,preferred_skills,education,industry,employment_type,job_description,company_rating,posted_date,deadline,is_synthetic
SYN-0001,Data Analyst,Lumina Partners,Kolkata,470000,590000,1,2,SQL|Excel|Python|Power BI|Statistics|Data Cleaning|Tableau,DAX|Pandas|Presentation|ETL,Diploma,Media,Contract,"Join the media team at Lumina Partners as a Data Analyst. Your work supports cost optimization for regional service teams. You will explain customer retention, analyze sales funnels, and build weekly KPI dashboards. Use SQL, Excel, Python to deliver clear, documented work. Collaborate with a team of 5 across product and operations. Success means clear stakeholder communication. This is a fictional demonstration listing; no employer receives applications.",4.0,2026-09-06,2026-12-01,true
SYN-0002,Business Analyst,Vantage Partners,Bangalore,600000,850000,1,2,SQL|Excel|Business Analysis|Requirements Gathering|Communication,Agile|Jira|Tableau|Process Improvement,BA,Retail,Full-time,"Join the retail team at Vantage Partners as a Business Analyst. Your work supports service efficiency for an expanding customer base. You will map operational workflows, document business requirements, and interview stakeholders. Use SQL, Excel, Business Analysis to deliver clear, documented work. Collaborate with a team of 11 across finance and strategy. Success means clear stakeholder communication. This is a fictional demonstration listing; no employer receives applications.",4.6,2026-09-14,2026-12-07,true
SYN-0003,Power BI Developer,Meridian Systems,Hyderabad,590000,940000,1,2,Power BI|DAX|SQL|Power Query|Data Modeling,Azure|ETL|Excel|Dashboard Design,BTech,Manufacturing,Full-time,"Join the manufacturing team at Meridian Systems as a Power BI Developer. Your work supports quality improvement for regional service teams. You will publish operational dashboards, optimize DAX measures, and reconcile reporting metrics. Use Power BI, DAX, SQL to deliver clear, documented work. Collaborate with a team of 12 across product and operations. Success means measurable quality improvements. This is a fictional demonstration listing; no employer receives applications.",4.6,2026-09-04,2026-11-04,true
SYN-0004,MIS Executive,Evergreen Systems,Delhi,270000,390000,1,3,Excel|Reporting|Data Cleaning|Communication|Advanced Excel,SQL|Power BI|Excel VBA,12th,Education,Full-time,"Join the education team at Evergreen Systems as a MIS Executive. Your work supports quality improvement for a cross-functional transformation program. You will automate spreadsheet checks, prepare management summaries, and reconcile inventory records. Use Excel, Reporting, Data Cleaning to deliver clear, documented work. Collaborate with a team of 10 across finance and strategy. Success means clear stakeholder communication. This is a fictional demonstration listing; no employer receives applications.",3.2,2026-09-28,2026-12-19,true
SYN-0005,SQL Developer,Nimbus Systems,Noida,540000,890000,1,2,SQL|PostgreSQL|Database Design|ETL,Python|SQL Server|Advanced SQL|Git,BCA,Technology,Full-time,"Join the technology team at Nimbus Systems as a SQL Developer. Your work supports digital transformation for a cross-functional transformation program. You will build scheduled data pipelines, design warehouse tables, and optimize database queries. Use SQL, PostgreSQL, Database Design to deliver clear, documented work. Collaborate with a team of 15 across design and engineering. Success means well-tested, reusable outputs. This is a fictional demonstration listing; no employer receives applications.",4.8,2026-09-07,2026-10-30,true
SYN-0006,Python Developer,Orbit Systems,Gurugram,790000,1140000,4,5,Python|Flask|SQL|Git|REST API,Django|FastAPI|Docker|Linux,Diploma,Technology,Full-time,"Join the technology team at Orbit Systems as a Python Developer. Your work supports regional expansion for regional service teams. You will build backend APIs, write integration tests, and maintain internal automation. Use Python, Flask, SQL to deliver clear, documented work. Collaborate with a team of 16 across finance and strategy. Success means measurable quality improvements. This is a fictional demonstration listing; no employer receives applications.",4.3,2026-09-03,2026-11-25,true
SYN-0007,Junior Data Scientist,Orbit Partners,Mumbai,560000,910000,0,3,Python|Statistics|Machine Learning|Pandas|SQL|A/B Testing,Scikit-learn|NLP|Feature Engineering,BSc,Healthcare,Full-time,"Join the healthcare team at Orbit Partners as a Junior Data Scientist. Your work supports cost optimization for weekly business reviews. You will prepare experimentation datasets, explain model errors, and prototype demand forecasts. Use Python, Statistics, Machine Learning to deliver clear, documented work. Collaborate with a team of 10 across finance and strategy. Success means measurable quality improvements. This is a fictional demonstration listing; no employer receives applications.",3.7,2026-09-11,2026-12-10,true
SYN-0008,Machine Learning Engineer,Vantage Labs,Pune,790000,910000,1,3,Python|Machine Learning|Scikit-learn|Docker|Model Evaluation,PyTorch|TensorFlow|MLOps|AWS,BTech,Technology,Full-time,"Join the technology team at Vantage Labs as a Machine Learning Engineer. Your work supports service efficiency for regional service teams. You will build reproducible ML pipelines, serve prediction models, and optimize inference workloads. Use Python, Machine Learning, Scikit-learn to deliver clear, documented work. Collaborate with a team of 11 across design and engineering. Success means clear stakeholder communication. This is a fictional demonstration listing; no employer receives applications.",3.8,2026-09-30,2026-12-24,true
SYN-0009,Software Developer,Prism Partners,Chennai,610000,790000,2,5,Java|SQL|Git|OOP|Algorithms,Python|Docker|REST API|Agile,BTech,Logistics,Part-time,"Join the logistics team at Prism Partners as a Software Developer. Your work supports cost optimization for regional service teams. You will review maintainable code, resolve production defects, and implement service features. Use Java, SQL, Git to deliver clear, documented work. Collaborate with a team of 10 across product and operations. Success means measurable quality improvements. This is a fictional demonstration listing; no employer receives applications.",4.8,2026-10-05,2026-12-30,true
SYN-0010,Web Developer,Orbit Partners,Ahmedabad,390000,510000,1,2,HTML|CSS|JavaScript|React|Git|Node.js,TypeScript|Accessibility|Bootstrap,Diploma,Healthcare,Full-time,"Join the healthcare team at Orbit Partners as a Web Developer. Your work supports customer experience for a cross-functional transformation program. You will integrate REST APIs, optimize page performance, and build accessible interfaces. Use HTML, CSS, JavaScript to deliver clear, documented work. Collaborate with a team of 8 across customer success and sales. Success means well-tested, reusable outputs. This is a fictional demonstration listing; no employer receives applications.",3.9,2026-09-26,2026-12-05,true
SYN-0011,Digital Marketing Analyst,Nexa Systems,Patna,330000,680000,0,1,Google Analytics|SEO|Excel|Digital Marketing,Google Ads|SQL|Campaign Analysis|Power BI,BA,Finance,Full-time,"Join the finance team at Nexa Systems as a Digital Marketing Analyst. Your work supports service efficiency for regional service teams. You will recommend landing page experiments, audit acquisition channels, and measure campaign conversion. Use Google Analytics, SEO, Excel to deliver clear, documented work. Collaborate with a team of 16 across design and engineering. Success means reliable weekly delivery. This is a fictional demonstration listing; no employer receives applications.",3.6,2026-10-02,2026-12-19,true
SYN-0012,SEO Analyst,Northstar Works,Remote,400000,580000,1,4,SEO|Google Analytics|Content Marketing|Excel,SEM|Copywriting|HTML|Market Research,12th,Finance,Part-time,"Join the finance team at Northstar Works as a SEO Analyst. Your work supports service efficiency for regional service teams. You will research search demand, audit site content, and improve technical SEO checks. Use SEO, Google Analytics, Content Marketing to deliver clear, documented work. Collaborate with a team of 16 across finance and strategy. Success means clear stakeholder communication. This is a fictional demonstration listing; no employer receives applications.",3.7,2026-09-02,2026-11-07,true
SYN-0013,Customer Support Executive,Cedar Works,Kolkata,390000,510000,3,5,Customer Support|Communication|CRM|Ticketing|Zendesk,Email Support|Chat Support|Conflict Resolution,12th,Finance,Full-time,"Join the finance team at Cedar Works as a Customer Support Executive. Your work supports regional expansion for an expanding customer base. You will meet response time targets, maintain accurate case notes, and resolve customer tickets. Use Customer Support, Communication, CRM to deliver clear, documented work. Collaborate with a team of 18 across design and engineering. Success means measurable quality improvements. This is a fictional demonstration listing; no employer receives applications.",3.6,2026-10-07,2026-12-13,true
SYN-0014,Operations Analyst,Nexa Labs,Bangalore,360000,480000,1,3,Excel|SQL|Operations|Process Improvement,Power BI|Supply Chain|Inventory Management|Forecasting,BA,Retail,Full-time,"Join the retail team at Nexa Labs as a Operations Analyst. Your work supports service efficiency for a cross-functional transformation program. You will identify process bottlenecks, monitor service metrics, and analyze fulfillment delays. Use Excel, SQL, Operations to deliver clear, documented work. Collaborate with a team of 9 across finance and strategy. Success means well-tested, reusable outputs. This is a fictional demonstration listing; no employer receives applications.",4.9,2026-09-30,2026-12-08,true
SYN-0015,Financial Analyst,Northstar Works,Hyderabad,480000,830000,1,2,Excel|Financial Analysis|Accounting|Financial Modeling,SQL|Power BI|Budgeting|Valuation,BCom,Logistics,Contract,"Join the logistics team at Northstar Works as a Financial Analyst. Your work supports digital transformation for an expanding customer base. You will prepare budget variance reports, model unit economics, and analyze monthly cash flow. Use Excel, Financial Analysis, Accounting to deliver clear, documented work. Collaborate with a team of 13 across product and operations. Success means clear stakeholder communication. This is a fictional demonstration listing; no employer receives applications.",4.2,2026-09-30,2026-11-11,true
SYN-0016,Cybersecurity Analyst,Northstar Systems,Delhi,470000,720000,0,1,Cybersecurity|Networking|Linux|SIEM|Splunk,Incident Response|Wireshark|Python,BTech,Finance,Full-time,"Join the finance team at Northstar Systems as a Cybersecurity Analyst. Your work supports service efficiency for a new product launch. You will assess infrastructure vulnerabilities, investigate suspicious logs, and document response procedures. Use Cybersecurity, Networking, Linux to deliver clear, documented work. Collaborate with a team of 16 across customer success and sales. Success means measurable quality improvements. This is a fictional demonstration listing; no employer receives applications.",3.5,2026-10-06,2026-12-30,true
SYN-0017,Cloud Engineer,Juniper Partners,Noida,1140000,1260000,4,7,AWS|Linux|Networking|Docker,Terraform|Kubernetes|Azure|Monitoring,BTech,Manufacturing,Part-time,"Join the manufacturing team at Juniper Partners as a Cloud Engineer. Your work supports quality improvement for regional service teams. You will monitor system capacity, improve deployment reliability, and operate cloud infrastructure. Use AWS, Linux, Networking to deliver clear, documented work. Collaborate with a team of 5 across finance and strategy. Success means reliable weekly delivery. This is a fictional demonstration listing; no employer receives applications.",4.7,2026-09-05,2026-11-24,true
SYN-0018,Graphic Designer,Lumina Systems,Gurugram,370000,490000,2,4,Photoshop|Illustrator|Canva|Typography,Figma|Branding|Video Editing|InDesign,Diploma,Technology,Full-time,"Join the technology team at Lumina Systems as a Graphic Designer. Your work supports inventory accuracy for an expanding customer base. You will maintain visual guidelines, prepare print layouts, and adapt creative for digital channels. Use Photoshop, Illustrator, Canva to deliver clear, documented work. Collaborate with a team of 16 across finance and strategy. Success means clear stakeholder communication. This is a fictional demonstration listing; no employer receives applications.",4.7,2026-09-14,2026-12-06,true
SYN-0019,Marketing Analyst,Riverstone Solutions,Mumbai,520000,770000,2,5,Excel|Market Research|Google Analytics|Campaign Analysis|Communication,SQL|Tableau|A/B Testing,BA,Media,Full-time,"Join the media team at Riverstone Solutions as a Marketing Analyst. Your work supports customer experience for regional service teams. You will present customer insights, segment customer audiences, and measure marketing efficiency. Use Excel, Market Research, Google Analytics to deliver clear, documented work. Collaborate with a team of 15 across customer success and sales. Success means reliable weekly delivery. This is a fictional demonstration listing; no employer receives applications.",3.5,2026-09-18,2026-12-08,true
SYN-0020,HR Analyst,Riverstone Partners,Pune,370000,490000,0,3,Excel|HR Analytics|Communication|Reporting,SQL|Power BI|HRIS|Payroll,BA,Education,Full-time,"Join the education team at Riverstone Partners as a HR Analyst. Your work supports subscription growth for regional service teams. You will monitor employee retention, audit HR data quality, and analyze workforce trends. Use Excel, HR Analytics, Communication to deliver clear, documented work. Collaborate with a team of 5 across product and operations. Success means measurable quality improvements. This is a fictional demonstration listing; no employer receives applications.",3.9,2026-09-02,2026-11-24,true
SYN-0021,Business Intelligence Analyst,Nexa Works,Chennai,520000,700000,0,2,SQL|Power BI|Data Modeling|Data Visualization,Tableau|DAX|Excel|Stakeholder Management,BSc,Education,Full-time,"Join the education team at Nexa Works as a Business Intelligence Analyst. Your work supports service efficiency for weekly business reviews. You will build self-service analytics, translate business questions into dashboards, and define consistent KPI metrics. Use SQL, Power BI, Data Modeling to deliver clear, documented work. Collaborate with a team of 17 across customer success and sales. Success means well-tested, reusable outputs. This is a fictional demonstration listing; no employer receives applications.",4.6,2026-09-03,2026-11-12,true
SYN-0022,Quality Assurance Analyst,Northstar Works,Ahmedabad,260000,380000,0,1,Quality Assurance|SQL|Communication|Problem Solving|Python,Jira|REST API|Agile,Diploma,Retail,Full-time,"Join the retail team at Northstar Works as a Quality Assurance Analyst. Your work supports service efficiency for regional service teams. You will reproduce reported defects, design test scenarios, and track release readiness. Use Quality Assurance, SQL, Communication to deliver clear, documented work. Collaborate with a team of 13 across finance and strategy. Success means measurable quality improvements. This is a fictional demonstration listing; no employer receives applications.",4.9,2026-09-06,2026-11-04,true
SYN-0023,UX Researcher,Nimbus Systems,Patna,560000,810000,1,2,UX Research|Figma|Communication|Prototyping,UI Design|A/B Testing|Accessibility|Presentation,BA,Retail,Full-time,"Join the retail team at Nimbus Systems as a UX Researcher. Your work supports inventory accuracy for regional service teams. You will validate interface prototypes, present user journey insights, and synthesize research findings. Use UX Research, Figma, Communication to deliver clear, documented work. Collaborate with a team of 9 across product and operations. Success means reliable weekly delivery. This is a fictional demonstration listing; no employer receives applications.",4.6,2026-09-18,2026-11-24,true
SYN-0024,Data Engineer,Nimbus Systems,Remote,610000,860000,0,3,Python|SQL|ETL|Data Modeling|PostgreSQL,Spark|Azure|AWS|Databricks,BTech,Logistics,Full-time,"Join the logistics team at Nimbus Systems as a Data Engineer. Your work supports customer experience for an expanding customer base. You will monitor dataset freshness, enforce data quality contracts, and build ingestion pipelines. Use Python, SQL, ETL to deliver clear, documented work. Collaborate with a team of 16 across design and engineering. Success means well-tested, reusable outputs. This is a fictional demonstration listing; no employer receives applications.",3.8,2026-09-28,2026-12-17,true
SYN-0025,Data Analyst,Cobalt Works,Bangalore,500000,620000,2,4,SQL|Excel|Python|Power BI|Statistics|Data Cleaning|ETL,Tableau|DAX|Pandas|Presentation,Diploma,Manufacturing,Full-time,"Join the manufacturing team at Cobalt Works as a Data Analyst. Your work supports digital transformation for a new product launch. You will validate transaction data, build weekly KPI dashboards, and explain customer retention. Use SQL, Excel, Python to deliver clear, documented work. Collaborate with a team of 9 across finance and strategy. Success means reliable weekly delivery. This is a fictional demonstration listing; no employer receives applications.",3.7,2026-09-08,2026-12-12,true
SYN-0026,Business Analyst,Meridian Systems,Hyderabad,420000,670000,0,1,SQL|Excel|Business Analysis|Requirements Gathering|Communication,Agile|Jira|Tableau|Process Improvement,BA,Healthcare,Full-time,"Join the healthcare team at Meridian Systems as a Business Analyst. Your work supports quality improvement for weekly business reviews. You will document business requirements, evaluate product changes, and interview stakeholders. Use SQL, Excel, Business Analysis to deliver clear, documented work. Collaborate with a team of 18 across customer success and sales. Success means measurable quality improvements. This is a fictional demonstration listing; no employer receives applications.",3.7,2026-09-21,2026-11-07,true
SYN-0027,Power BI Developer,Nimbus Works,Delhi,780000,1130000,2,4,Power BI|DAX|SQL|Power Query|Data Modeling,Azure|ETL|Excel|Dashboard Design,BTech,Technology,Full-time,"Join the technology team at Nimbus Works as a Power BI Developer. Your work supports subscription growth for an expanding customer base. You will optimize DAX measures, publish operational dashboards, and design dimensional models. Use Power BI, DAX, SQL to deliver clear, documented work. Collaborate with a team of 9 across product and operations. Success means measurable quality improvements. This is a fictional demonstration listing; no employer receives applications.",4.1,2026-08-29,2026-12-08,true
SYN-0028,MIS Executive,Orbit Works,Noida,410000,530000,2,3,Excel|Reporting|Data Cleaning|Communication|SQL,Power BI|Excel VBA|Advanced Excel,12th,Healthcare,Full-time,"Join the healthcare team at Orbit Works as a MIS Executive. Your work supports cost optimization for an expanding customer base. You will reconcile inventory records, automate spreadsheet checks, and maintain daily reports. Use Excel, Reporting, Data Cleaning to deliver clear, documented work. Collaborate with a team of 5 across customer success and sales. Success means measurable quality improvements. This is a fictional demonstration listing; no employer receives applications.",3.2,2026-09-11,2026-10-27,true
SYN-0029,SQL Developer,Cobalt Works,Gurugram,560000,910000,2,5,SQL|PostgreSQL|Database Design|ETL,Python|SQL Server|Advanced SQL|Git,BCA,Logistics,Full-time,"Join the logistics team at Cobalt Works as a SQL Developer. Your work supports service efficiency for an expanding customer base. You will audit data consistency, design warehouse tables, and build scheduled data pipelines. Use SQL, PostgreSQL, Database Design to deliver clear, documented work. Collaborate with a team of 17 across design and engineering. Success means reliable weekly delivery. This is a fictional demonstration listing; no employer receives applications.",4.0,2026-10-06,2026-12-22,true
SYN-0030,Python Developer,Vantage Works,Mumbai,370000,620000,0,2,Python|Flask|SQL|Git|REST API,Django|FastAPI|Docker|Linux,Diploma,Healthcare,Full-time,"Join the healthcare team at Vantage Works as a Python Developer. Your work supports subscription growth for a cross-functional transformation program. You will maintain internal automation, build backend APIs, and write integration tests. Use Python, Flask, SQL to deliver clear, documented work. Collaborate with a team of 13 across product and operations. Success means clear stakeholder communication. This is a fictional demonstration listing; no employer receives applications.",3.7,2026-09-16,2026-12-07,true
SYN-0031,Junior Data Scientist,Vantage Labs,Pune,600000,850000,0,2,Python|Statistics|Machine Learning|Pandas|SQL|NLP,Scikit-learn|A/B Testing|Feature Engineering,BSc,Healthcare,Full-time,"Join the healthcare team at Vantage Labs as a Junior Data Scientist. Your work supports subscription growth for a cross-functional transformation program. You will prototype demand forecasts, evaluate classification models, and explain model errors. Use Python, Statistics, Machine Learning to deliver clear, documented work. Collaborate with a team of 12 across finance and strategy. Success means measurable quality improvements. This is a fictional demonstration listing; no employer receives applications.",4.5,2026-09-06,2026-11-08,true
SYN-0032,Machine Learning Engineer,Orbit Partners,Chennai,970000,1150000,1,2,Python|Machine Learning|Scikit-learn|Docker|Model Evaluation,PyTorch|TensorFlow|MLOps|AWS,BTech,Finance,Full-time,"Join the finance team at Orbit Partners as a Machine Learning Engineer. Your work supports customer experience for weekly business reviews. You will monitor model drift, build reproducible ML pipelines, and serve prediction models. Use Python, Machine Learning, Scikit-learn to deliver clear, documented work. Collaborate with a team of 8 across design and engineering. Success means measurable quality improvements. This is a fictional demonstration listing; no employer receives applications.",3.7,2026-09-03,2026-12-06,true
SYN-0033,Software Developer,Orbit Systems,Ahmedabad,480000,660000,1,2,Java|SQL|Git|OOP|Algorithms,Python|Docker|REST API|Agile,BTech,Manufacturing,Full-time,"Join the manufacturing team at Orbit Systems as a Software Developer. Your work supports subscription growth for regional service teams. You will resolve production defects, implement service features, and review maintainable code. Use Java, SQL, Git to deliver clear, documented work. Collaborate with a team of 5 across customer success and sales. Success means well-tested, reusable outputs. This is a fictional demonstration listing; no employer receives applications.",4.7,2026-09-28,2026-12-26,true
SYN-0034,Web Developer,Cobalt Labs,Patna,420000,670000,1,2,HTML|CSS|JavaScript|React|Git|Node.js,TypeScript|Accessibility|Bootstrap,Diploma,Finance,Full-time,"Join the finance team at Cobalt Labs as a Web Developer. Your work supports inventory accuracy for a new product launch. You will build accessible interfaces, integrate REST APIs, and optimize page performance. Use HTML, CSS, JavaScript to deliver clear, documented work. Collaborate with a team of 17 across finance and strategy. Success means measurable quality improvements. This is a fictional demonstration listing; no employer receives applications.",4.3,2026-09-06,2026-11-18,true
SYN-0035,Digital Marketing Analyst,Evergreen Works,Remote,290000,640000,0,1,Google Analytics|SEO|Excel|Digital Marketing,Google Ads|SQL|Campaign Analysis|Power BI,BA,Healthcare,Contract,"Join the healthcare team at Evergreen Works as a Digital Marketing Analyst. Your work supports digital transformation for weekly business reviews. You will recommend landing page experiments, build attribution reports, and audit acquisition channels. Use Google Analytics, SEO, Excel to deliver clear, documented work. Collaborate with a team of 18 across finance and strategy. Success means measurable quality improvements. This is a fictional demonstration listing; no employer receives applications.",4.5,2026-09-15,2026-11-11,true
SYN-0036,SEO Analyst,Northstar Partners,Kolkata,240000,590000,0,2,SEO|Google Analytics|Content Marketing|Excel,SEM|Copywriting|HTML|Market Research,12th,Finance,Full-time,"Join the finance team at Northstar Partners as a SEO Analyst. Your work supports digital transformation for a cross-functional transformation program. You will track organic conversions, improve technical SEO checks, and research search demand. Use SEO, Google Analytics, Content Marketing to deliver clear, documented work. Collaborate with a team of 4 across customer success and sales. Success means well-tested, reusable outputs. This is a fictional demonstration listing; no employer receives applications.",4.6,2026-09-06,2026-11-08,true
SYN-0037,Customer Support Executive,Vantage Partners,Bangalore,470000,820000,3,5,Customer Support|Communication|CRM|Ticketing|Zendesk,Email Support|Chat Support|Conflict Resolution,12th,Technology,Full-time,"Join the technology team at Vantage Partners as a Customer Support Executive. Your work supports service efficiency for a cross-functional transformation program. You will meet response time targets, identify recurring service problems, and resolve customer tickets. Use Customer Support, Communication, CRM to deliver clear, documented work. Collaborate with a team of 11 across design and engineering. Success means reliable weekly delivery. This is a fictional demonstration listing; no employer receives applications.",3.7,2026-10-02,2027-01-05,true
SYN-0038,Operations Analyst,Evergreen Partners,Hyderabad,330000,680000,0,1,Excel|SQL|Operations|Process Improvement,Power BI|Supply Chain|Inventory Management|Forecasting,BA,Manufacturing,Contract,"Join the manufacturing team at Evergreen Partners as a Operations Analyst. Your work supports subscription growth for weekly business reviews. You will monitor service metrics, plan operational capacity, and analyze fulfillment delays. Use Excel, SQL, Operations to deliver clear, documented work. Collaborate with a team of 5 across customer success and sales. Success means reliable weekly delivery. This is a fictional demonstration listing; no employer receives applications.",4.1,2026-09-21,2026-10-24,true
SYN-0039,Financial Analyst,Cobalt Solutions,Delhi,640000,760000,2,4,Excel|Financial Analysis|Accounting|Financial Modeling,SQL|Power BI|Budgeting|Valuation,BCom,Education,Full-time,"Join the education team at Cobalt Solutions as a Financial Analyst. Your work supports cost optimization for a new product launch. You will model unit economics, validate financial assumptions, and analyze monthly cash flow. Use Excel, Financial Analysis, Accounting to deliver clear, documented work. Collaborate with a team of 10 across finance and strategy. Success means clear stakeholder communication. This is a fictional demonstration listing; no employer receives applications.",3.3,2026-09-22,2026-11-14,true
SYN-0040,Cybersecurity Analyst,Nimbus Partners,Noida,490000,840000,0,1,Cybersecurity|Networking|Linux|SIEM|Python,Splunk|Incident Response|Wireshark,BTech,Technology,Full-time,"Join the technology team at Nimbus Partners as a Cybersecurity Analyst. Your work supports cost optimization for regional service teams. You will investigate suspicious logs, assess infrastructure vulnerabilities, and triage security alerts. Use Cybersecurity, Networking, Linux to deliver clear, documented work. Collaborate with a team of 11 across finance and strategy. Success means clear stakeholder communication. This is a fictional demonstration listing; no employer receives applications.",4.7,2026-09-17,2026-11-25,true
SYN-0041,Cloud Engineer,Meridian Partners,Gurugram,1040000,1220000,3,5,AWS|Linux|Networking|Docker,Terraform|Kubernetes|Azure|Monitoring,BTech,Logistics,Full-time,"Join the logistics team at Meridian Partners as a Cloud Engineer. Your work supports inventory accuracy for a cross-functional transformation program. You will operate cloud infrastructure, monitor system capacity, and automate infrastructure changes. Use AWS, Linux, Networking to deliver clear, documented work. Collaborate with a team of 10 across product and operations. Success means reliable weekly delivery. This is a fictional demonstration listing; no employer receives applications.",3.9,2026-10-07,2026-11-22,true
SYN-0042,Graphic Designer,Maple Labs,Mumbai,220000,470000,0,3,Photoshop|Illustrator|Canva|Typography,Figma|Branding|Video Editing|InDesign,Diploma,Education,Full-time,"Join the education team at Maple Labs as a Graphic Designer. Your work supports customer experience for a cross-functional transformation program. You will design campaign assets, adapt creative for digital channels, and prepare print layouts. Use Photoshop, Illustrator, Canva to deliver clear, documented work. Collaborate with a team of 12 across product and operations. Success means clear stakeholder communication. This is a fictional demonstration listing; no employer receives applications.",4.0,2026-09-05,2026-10-26,true
SYN-0043,Marketing Analyst,Aster Labs,Pune,440000,560000,2,5,Excel|Market Research|Google Analytics|Campaign Analysis|Tableau,SQL|A/B Testing|Communication,BA,Education,Contract,"Join the education team at Aster Labs as a Marketing Analyst. Your work supports inventory accuracy for a cross-functional transformation program. You will segment customer audiences, measure marketing efficiency, and present customer insights. Use Excel, Market Research, Google Analytics to deliver clear, documented work. Collaborate with a team of 18 across design and engineering. Success means reliable weekly delivery. This is a fictional demonstration listing; no employer receives applications.",4.4,2026-09-27,2026-12-31,true
SYN-0044,HR Analyst,Evergreen Labs,Chennai,380000,730000,1,2,Excel|HR Analytics|Communication|Reporting,SQL|Power BI|HRIS|Payroll,BA,Healthcare,Full-time,"Join the healthcare team at Evergreen Labs as a HR Analyst. Your work supports subscription growth for regional service teams. You will analyze workforce trends, audit HR data quality, and report recruitment efficiency. Use Excel, HR Analytics, Communication to deliver clear, documented work. Collaborate with a team of 5 across customer success and sales. Success means measurable quality improvements. This is a fictional demonstration listing; no employer receives applications.",3.6,2026-09-02,2026-11-16,true
SYN-0045,Business Intelligence Analyst,Bluepeak Labs,Ahmedabad,640000,990000,1,2,SQL|Power BI|Data Modeling|Data Visualization,Tableau|DAX|Excel|Stakeholder Management,BSc,Logistics,Contract,"Join the logistics team at Bluepeak Labs as a Business Intelligence Analyst. Your work supports regional expansion for a cross-functional transformation program. You will build self-service analytics, document reporting models, and define consistent KPI metrics. Use SQL, Power BI, Data Modeling to deliver clear, documented work. Collaborate with a team of 17 across finance and strategy. Success means clear stakeholder communication. This is a fictional demonstration listing; no employer receives applications.",4.0,2026-09-30,2026-11-08,true
SYN-0046,Quality Assurance Analyst,Cobalt Partners,Patna,590000,940000,3,5,Quality Assurance|SQL|Communication|Problem Solving|Python,Jira|REST API|Agile,Diploma,Logistics,Full-time,"Join the logistics team at Cobalt Partners as a Quality Assurance Analyst. Your work supports regional expansion for a new product launch. You will design test scenarios, reproduce reported defects, and verify data integrity. Use Quality Assurance, SQL, Communication to deliver clear, documented work. Collaborate with a team of 5 across customer success and sales. Success means measurable quality improvements. This is a fictional demonstration listing; no employer receives applications.",4.2,2026-09-01,2027-01-02,true
SYN-0047,UX Researcher,Aster Systems,Remote,620000,870000,1,4,UX Research|Figma|Communication|Prototyping,UI Design|A/B Testing|Accessibility|Presentation,BA,Retail,Full-time,"Join the retail team at Aster Systems as a UX Researcher. Your work supports inventory accuracy for weekly business reviews. You will present user journey insights, conduct usability sessions, and synthesize research findings. Use UX Research, Figma, Communication to deliver clear, documented work. Collaborate with a team of 5 across finance and strategy. Success means reliable weekly delivery. This is a fictional demonstration listing; no employer receives applications.",4.1,2026-09-28,2026-12-13,true
SYN-0048,Data Engineer,Northstar Systems,Kolkata,690000,1040000,0,2,Python|SQL|ETL|Data Modeling|PostgreSQL,Spark|Azure|AWS|Databricks,BTech,Retail,Full-time,"Join the retail team at Northstar Systems as a Data Engineer. Your work supports regional expansion for weekly business reviews. You will monitor dataset freshness, enforce data quality contracts, and design analytical storage. Use Python, SQL, ETL to deliver clear, documented work. Collaborate with a team of 17 across customer success and sales. Success means clear stakeholder communication. This is a fictional demonstration listing; no employer receives applications.",4.5,2026-09-18,2026-11-23,true
SYN-0049,Data Analyst,Aster Labs,Hyderabad,500000,750000,2,3,SQL|Excel|Python|Power BI|Statistics|Data Cleaning|Presentation,Tableau|DAX|Pandas|ETL,Diploma,Technology,Full-time,"Join the technology team at Aster Labs as a Data Analyst. Your work supports inventory accuracy for a cross-functional transformation program. You will validate transaction data, build weekly KPI dashboards, and explain customer retention. Use SQL, Excel, Python to deliver clear, documented work. Collaborate with a team of 7 across design and engineering. Success means measurable quality improvements. This is a fictional demonstration listing; no employer receives applications.",3.6,2026-09-29,2026-12-03,true
SYN-0050,Business Analyst,Juniper Works,Delhi,450000,800000,0,1,SQL|Excel|Business Analysis|Requirements Gathering|Communication,Agile|Jira|Tableau|Process Improvement,BA,Manufacturing,Full-time,"Join the manufacturing team at Juniper Works as a Business Analyst. Your work supports inventory accuracy for weekly business reviews. You will interview stakeholders, document business requirements, and evaluate product changes. Use SQL, Excel, Business Analysis to deliver clear, documented work. Collaborate with a team of 15 across finance and strategy. Success means clear stakeholder communication. This is a fictional demonstration listing; no employer receives applications.",4.6,2026-08-31,2026-11-07,true
SYN-0051,Power BI Developer,Cedar Partners,Noida,1150000,1400000,5,7,Power BI|DAX|SQL|Power Query|Data Modeling,Azure|ETL|Excel|Dashboard Design,BTech,Logistics,Full-time,"Join the logistics team at Cedar Partners as a Power BI Developer. Your work supports digital transformation for regional service teams. You will reconcile reporting metrics, design dimensional models, and optimize DAX measures. Use Power BI, DAX, SQL to deliver clear, documented work. Collaborate with a team of 12 across design and engineering. Success means clear stakeholder communication. This is a fictional demonstration listing; no employer receives applications.",4.1,2026-10-07,2026-12-14,true
SYN-0052,MIS Executive,Maple Labs,Gurugram,120000,470000,0,2,Excel|Reporting|Data Cleaning|Communication|Advanced Excel,SQL|Power BI|Excel VBA,12th,Retail,Internship,"Join the retail team at Maple Labs as a MIS Executive. Your work supports inventory accuracy for regional service teams. You will reconcile inventory records, maintain daily reports, and prepare management summaries. Use Excel, Reporting, Data Cleaning to deliver clear, documented work. Collaborate with a team of 10 across customer success and sales. Success means measurable quality improvements. This is a fictional demonstration listing; no employer receives applications.",4.1,2026-09-14,2026-10-25,true
SYN-0053,SQL Developer,Maple Partners,Mumbai,920000,1270000,5,8,SQL|PostgreSQL|Database Design|ETL,Python|SQL Server|Advanced SQL|Git,BCA,Retail,Full-time,"Join the retail team at Maple Partners as a SQL Developer. Your work supports quality improvement for weekly business reviews. You will design warehouse tables, audit data consistency, and build scheduled data pipelines. Use SQL, PostgreSQL, Database Design to deliver clear, documented work. Collaborate with a team of 5 across product and operations. Success means clear stakeholder communication. This is a fictional demonstration listing; no employer receives applications.",3.5,2026-08-28,2026-12-13,true
SYN-0054,Python Developer,Cobalt Partners,Pune,580000,930000,2,5,Python|Flask|SQL|Git|REST API,Django|FastAPI|Docker|Linux,Diploma,Finance,Part-time,"Join the finance team at Cobalt Partners as a Python Developer. Your work supports regional expansion for a new product launch. You will build backend APIs, write integration tests, and maintain internal automation. Use Python, Flask, SQL to deliver clear, documented work. Collaborate with a team of 11 across customer success and sales. Success means reliable weekly delivery. This is a fictional demonstration listing; no employer receives applications.",4.6,2026-09-10,2026-11-07,true
SYN-0055,Junior Data Scientist,Evergreen Systems,Chennai,620000,740000,0,3,Python|Statistics|Machine Learning|Pandas|SQL|Scikit-learn,NLP|A/B Testing|Feature Engineering,BSc,Technology,Full-time,"Join the technology team at Evergreen Systems as a Junior Data Scientist. Your work supports cost optimization for weekly business reviews. You will prototype demand forecasts, prepare experimentation datasets, and evaluate classification models. Use Python, Statistics, Machine Learning to deliver clear, documented work. Collaborate with a team of 10 across finance and strategy. Success means well-tested, reusable outputs. This is a fictional demonstration listing; no employer receives applications.",3.3,2026-09-03,2026-12-28,true
SYN-0056,Machine Learning Engineer,Nexa Works,Ahmedabad,840000,1020000,1,3,Python|Machine Learning|Scikit-learn|Docker|Model Evaluation,PyTorch|TensorFlow|MLOps|AWS,BTech,Media,Full-time,"Join the media team at Nexa Works as a Machine Learning Engineer. Your work supports regional expansion for a cross-functional transformation program. You will monitor model drift, optimize inference workloads, and serve prediction models. Use Python, Machine Learning, Scikit-learn to deliver clear, documented work. Collaborate with a team of 18 across product and operations. Success means clear stakeholder communication. This is a fictional demonstration listing; no employer receives applications.",3.9,2026-08-29,2027-01-04,true
SYN-0057,Software Developer,Juniper Labs,Patna,450000,800000,0,2,Java|SQL|Git|OOP|Algorithms,Python|Docker|REST API|Agile,BTech,Education,Part-time,"Join the education team at Juniper Labs as a Software Developer. Your work supports cost optimization for a new product launch. You will resolve production defects, review maintainable code, and improve automated testing. Use Java, SQL, Git to deliver clear, documented work. Collaborate with a team of 15 across customer success and sales. Success means measurable quality improvements. This is a fictional demonstration listing; no employer receives applications.",4.6,2026-09-18,2026-11-24,true
SYN-0058,Web Developer,Cobalt Works,Remote,280000,460000,0,2,HTML|CSS|JavaScript|React|Git|Accessibility,Node.js|TypeScript|Bootstrap,Diploma,Retail,Full-time,"Join the retail team at Cobalt Works as a Web Developer. Your work supports service efficiency for regional service teams. You will create reusable UI components, optimize page performance, and integrate REST APIs. Use HTML, CSS, JavaScript to deliver clear, documented work. Collaborate with a team of 11 across customer success and sales. Success means reliable weekly delivery. This is a fictional demonstration listing; no employer receives applications.",4.7,2026-09-10,2026-12-18,true
SYN-0059,Digital Marketing Analyst,Maple Works,Kolkata,510000,860000,2,5,Google Analytics|SEO|Excel|Digital Marketing,Google Ads|SQL|Campaign Analysis|Power BI,BA,Manufacturing,Full-time,"Join the manufacturing team at Maple Works as a Digital Marketing Analyst. Your work supports subscription growth for weekly business reviews. You will build attribution reports, audit acquisition channels, and recommend landing page experiments. Use Google Analytics, SEO, Excel to deliver clear, documented work. Collaborate with a team of 13 across product and operations. Success means clear stakeholder communication. This is a fictional demonstration listing; no employer receives applications.",4.9,2026-10-04,2026-11-05,true
SYN-0060,SEO Analyst,Northstar Solutions,Bangalore,410000,660000,1,2,SEO|Google Analytics|Content Marketing|Excel,SEM|Copywriting|HTML|Market Research,12th,Healthcare,Full-time,"Join the healthcare team at Northstar Solutions as a SEO Analyst. Your work supports subscription growth for weekly business reviews. You will audit site content, improve technical SEO checks, and track organic conversions. Use SEO, Google Analytics, Content Marketing to deliver clear, documented work. Collaborate with a team of 15 across design and engineering. Success means well-tested, reusable outputs. This is a fictional demonstration listing; no employer receives applications.",4.3,2026-09-03,2026-12-27,true
SYN-0061,Customer Support Executive,Bluepeak Labs,Hyderabad,210000,330000,0,2,Customer Support|Communication|CRM|Ticketing|Zendesk,Email Support|Chat Support|Conflict Resolution,12th,Retail,Full-time,"Join the retail team at Bluepeak Labs as a Customer Support Executive. Your work supports quality improvement for regional service teams. You will resolve customer tickets, identify recurring service problems, and maintain accurate case notes. Use Customer Support, Communication, CRM to deliver clear, documented work. Collaborate with a team of 15 across product and operations. Success means clear stakeholder communication. This is a fictional demonstration listing; no employer receives applications.",4.8,2026-09-02,2026-12-17,true
SYN-0062,Operations Analyst,Vantage Labs,Delhi,610000,790000,4,5,Excel|SQL|Operations|Process Improvement,Power BI|Supply Chain|Inventory Management|Forecasting,BA,Retail,Full-time,"Join the retail team at Vantage Labs as a Operations Analyst. Your work supports cost optimization for a new product launch. You will plan operational capacity, monitor service metrics, and identify process bottlenecks. Use Excel, SQL, Operations to deliver clear, documented work. Collaborate with a team of 16 across product and operations. Success means clear stakeholder communication. This is a fictional demonstration listing; no employer receives applications.",4.6,2026-09-10,2026-11-15,true
SYN-0063,Financial Analyst,Cobalt Solutions,Noida,1000000,1180000,5,6,Excel|Financial Analysis|Accounting|Financial Modeling,SQL|Power BI|Budgeting|Valuation,BCom,Education,Full-time,"Join the education team at Cobalt Solutions as a Financial Analyst. Your work supports subscription growth for a cross-functional transformation program. You will prepare budget variance reports, validate financial assumptions, and model unit economics. Use Excel, Financial Analysis, Accounting to deliver clear, documented work. Collaborate with a team of 5 across design and engineering. Success means well-tested, reusable outputs. This is a fictional demonstration listing; no employer receives applications.",4.7,2026-10-07,2026-12-07,true
SYN-0064,Cybersecurity Analyst,Nexa Partners,Gurugram,470000,590000,0,3,Cybersecurity|Networking|Linux|SIEM|Splunk,Incident Response|Wireshark|Python,BTech,Retail,Full-time,"Join the retail team at Nexa Partners as a Cybersecurity Analyst. Your work supports regional expansion for a new product launch. You will investigate suspicious logs, assess infrastructure vulnerabilities, and document response procedures. Use Cybersecurity, Networking, Linux to deliver clear, documented work. Collaborate with a team of 6 across finance and strategy. Success means measurable quality improvements. This is a fictional demonstration listing; no employer receives applications.",3.6,2026-09-30,2026-12-10,true
SYN-0065,Cloud Engineer,Maple Systems,Mumbai,830000,1010000,2,4,AWS|Linux|Networking|Docker,Terraform|Kubernetes|Azure|Monitoring,BTech,Retail,Full-time,"Join the retail team at Maple Systems as a Cloud Engineer. Your work supports customer experience for regional service teams. You will monitor system capacity, automate infrastructure changes, and operate cloud infrastructure. Use AWS, Linux, Networking to deliver clear, documented work. Collaborate with a team of 9 across finance and strategy. Success means clear stakeholder communication. This is a fictional demonstration listing; no employer receives applications.",4.3,2026-10-05,2026-11-30,true
SYN-0066,Graphic Designer,Riverstone Works,Pune,280000,400000,0,3,Photoshop|Illustrator|Canva|Typography,Figma|Branding|Video Editing|InDesign,Diploma,Retail,Full-time,"Join the retail team at Riverstone Works as a Graphic Designer. Your work supports digital transformation for an expanding customer base. You will adapt creative for digital channels, design campaign assets, and maintain visual guidelines. Use Photoshop, Illustrator, Canva to deliver clear, documented work. Collaborate with a team of 8 across design and engineering. Success means measurable quality improvements. This is a fictional demonstration listing; no employer receives applications.",4.7,2026-10-04,2026-10-30,true
SYN-0067,Marketing Analyst,Northstar Labs,Chennai,550000,730000,3,6,Excel|Market Research|Google Analytics|Campaign Analysis|A/B Testing,SQL|Tableau|Communication,BA,Logistics,Full-time,"Join the logistics team at Northstar Labs as a Marketing Analyst. Your work supports inventory accuracy for weekly business reviews. You will segment customer audiences, research competitor positioning, and measure marketing efficiency. Use Excel, Market Research, Google Analytics to deliver clear, documented work. Collaborate with a team of 8 across customer success and sales. Success means well-tested, reusable outputs. This is a fictional demonstration listing; no employer receives applications.",3.8,2026-08-29,2026-11-19,true
SYN-0068,HR Analyst,Prism Labs,Ahmedabad,440000,790000,1,4,Excel|HR Analytics|Communication|Reporting,SQL|Power BI|HRIS|Payroll,BA,Logistics,Full-time,"Join the logistics team at Prism Labs as a HR Analyst. Your work supports service efficiency for regional service teams. You will audit HR data quality, report recruitment efficiency, and monitor employee retention. Use Excel, HR Analytics, Communication to deliver clear, documented work. Collaborate with a team of 14 across design and engineering. Success means well-tested, reusable outputs. This is a fictional demonstration listing; no employer receives applications.",4.7,2026-10-02,2026-10-24,true
SYN-0069,Business Intelligence Analyst,Nimbus Solutions,Patna,640000,760000,1,3,SQL|Power BI|Data Modeling|Data Visualization,Tableau|DAX|Excel|Stakeholder Management,BSc,Manufacturing,Full-time,"Join the manufacturing team at Nimbus Solutions as a Business Intelligence Analyst. Your work supports quality improvement for weekly business reviews. You will define consistent KPI metrics, document reporting models, and build self-service analytics. Use SQL, Power BI, Data Modeling to deliver clear, documented work. Collaborate with a team of 8 across product and operations. Success means measurable quality improvements. This is a fictional demonstration listing; no employer receives applications.",3.6,2026-09-24,2026-11-26,true
SYN-0070,Quality Assurance Analyst,Maple Solutions,Remote,330000,680000,1,3,Quality Assurance|SQL|Communication|Problem Solving|Jira,Python|REST API|Agile,Diploma,Media,Full-time,"Join the media team at Maple Solutions as a Quality Assurance Analyst. Your work supports customer experience for a new product launch. You will verify data integrity, reproduce reported defects, and track release readiness. Use Quality Assurance, SQL, Communication to deliver clear, documented work. Collaborate with a team of 8 across customer success and sales. Success means clear stakeholder communication. This is a fictional demonstration listing; no employer receives applications.",4.6,2026-09-02,2026-12-16,true
SYN-0071,UX Researcher,Nimbus Works,Kolkata,400000,580000,0,1,UX Research|Figma|Communication|Prototyping,UI Design|A/B Testing|Accessibility|Presentation,BA,Logistics,Full-time,"Join the logistics team at Nimbus Works as a UX Researcher. Your work supports inventory accuracy for a new product launch. You will validate interface prototypes, present user journey insights, and conduct usability sessions. Use UX Research, Figma, Communication to deliver clear, documented work. Collaborate with a team of 15 across design and engineering. Success means measurable quality improvements. This is a fictional demonstration listing; no employer receives applications.",4.0,2026-09-23,2026-11-19,true
SYN-0072,Data Engineer,Nexa Labs,Bangalore,920000,1170000,2,4,Python|SQL|ETL|Data Modeling|PostgreSQL,Spark|Azure|AWS|Databricks,BTech,Technology,Full-time,"Join the technology team at Nexa Labs as a Data Engineer. Your work supports digital transformation for a cross-functional transformation program. You will enforce data quality contracts, monitor dataset freshness, and build ingestion pipelines. Use Python, SQL, ETL to deliver clear, documented work. Collaborate with a team of 18 across customer success and sales. Success means clear stakeholder communication. This is a fictional demonstration listing; no employer receives applications.",3.4,2026-09-20,2026-11-06,true
SYN-0073,Data Analyst,Lumina Works,Delhi,520000,770000,1,4,SQL|Excel|Python|Power BI|Statistics|Data Cleaning|Tableau,DAX|Pandas|Presentation|ETL,Diploma,Education,Full-time,"Join the education team at Lumina Works as a Data Analyst. Your work supports subscription growth for a cross-functional transformation program. You will build weekly KPI dashboards, analyze sales funnels, and validate transaction data. Use SQL, Excel, Python to deliver clear, documented work. Collaborate with a team of 8 across customer success and sales. Success means reliable weekly delivery. This is a fictional demonstration listing; no employer receives applications.",3.4,2026-09-20,2026-12-11,true
SYN-0074,Business Analyst,Northstar Partners,Noida,410000,760000,0,1,SQL|Excel|Business Analysis|Requirements Gathering|Communication,Agile|Jira|Tableau|Process Improvement,BA,Technology,Contract,"Join the technology team at Northstar Partners as a Business Analyst. Your work supports regional expansion for an expanding customer base. You will map operational workflows, evaluate product changes, and document business requirements. Use SQL, Excel, Business Analysis to deliver clear, documented work. Collaborate with a team of 14 across finance and strategy. Success means reliable weekly delivery. This is a fictional demonstration listing; no employer receives applications.",4.0,2026-10-06,2027-01-05,true
SYN-0075,Power BI Developer,Nimbus Solutions,Gurugram,620000,800000,1,3,Power BI|DAX|SQL|Power Query|Data Modeling,Azure|ETL|Excel|Dashboard Design,BTech,Healthcare,Full-time,"Join the healthcare team at Nimbus Solutions as a Power BI Developer. Your work supports subscription growth for a new product launch. You will publish operational dashboards, optimize DAX measures, and design dimensional models. Use Power BI, DAX, SQL to deliver clear, documented work. Collaborate with a team of 4 across design and engineering. Success means well-tested, reusable outputs. This is a fictional demonstration listing; no employer receives applications.",4.4,2026-10-01,2026-12-14,true
SYN-0076,MIS Executive,Bluepeak Labs,Mumbai,120000,370000,0,3,Excel|Reporting|Data Cleaning|Communication|Advanced Excel,SQL|Power BI|Excel VBA,12th,Technology,Internship,"Join the technology team at Bluepeak Labs as a MIS Executive. Your work supports customer experience for weekly business reviews. You will maintain daily reports, prepare management summaries, and automate spreadsheet checks. Use Excel, Reporting, Data Cleaning to deliver clear, documented work. Collaborate with a team of 4 across design and engineering. Success means reliable weekly delivery. This is a fictional demonstration listing; no employer receives applications.",3.6,2026-10-07,2026-11-30,true
SYN-0077,SQL Developer,Nimbus Labs,Pune,590000,940000,1,3,SQL|PostgreSQL|Database Design|ETL,Python|SQL Server|Advanced SQL|Git,BCA,Logistics,Full-time,"Join the logistics team at Nimbus Labs as a SQL Developer. Your work supports service efficiency for weekly business reviews. You will design warehouse tables, build scheduled data pipelines, and optimize database queries. Use SQL, PostgreSQL, Database Design to deliver clear, documented work. Collaborate with a team of 5 across finance and strategy. Success means well-tested, reusable outputs. This is a fictional demonstration listing; no employer receives applications.",3.3,2026-10-02,2026-11-10,true
SYN-0078,Python Developer,Aster Solutions,Chennai,240000,420000,0,1,Python|Flask|SQL|Git|REST API,Django|FastAPI|Docker|Linux,Diploma,Retail,Internship,"Join the retail team at Aster Solutions as a Python Developer. Your work supports inventory accuracy for a new product launch. You will write integration tests, maintain internal automation, and build backend APIs. Use Python, Flask, SQL to deliver clear, documented work. Collaborate with a team of 11 across product and operations. Success means well-tested, reusable outputs. This is a fictional demonstration listing; no employer receives applications.",3.8,2026-09-30,2026-11-08,true
SYN-0079,Junior Data Scientist,Nimbus Works,Ahmedabad,810000,1160000,1,3,Python|Statistics|Machine Learning|Pandas|SQL|Scikit-learn,NLP|A/B Testing|Feature Engineering,BSc,Logistics,Contract,"Join the logistics team at Nimbus Works as a Junior Data Scientist. Your work supports digital transformation for a cross-functional transformation program. You will explain model errors, evaluate classification models, and prepare experimentation datasets. Use Python, Statistics, Machine Learning to deliver clear, documented work. Collaborate with a team of 7 across design and engineering. Success means reliable weekly delivery. This is a fictional demonstration listing; no employer receives applications.",4.0,2026-09-04,2026-11-09,true
SYN-0080,Machine Learning Engineer,Orbit Works,Patna,1190000,1310000,2,3,Python|Machine Learning|Scikit-learn|Docker|Model Evaluation,PyTorch|TensorFlow|MLOps|AWS,BTech,Retail,Full-time,"Join the retail team at Orbit Works as a Machine Learning Engineer. Your work supports cost optimization for a new product launch. You will monitor model drift, optimize inference workloads, and build reproducible ML pipelines. Use Python, Machine Learning, Scikit-learn to deliver clear, documented work. Collaborate with a team of 17 across customer success and sales. Success means well-tested, reusable outputs. This is a fictional demonstration listing; no employer receives applications.",4.1,2026-09-27,2027-01-03,true
SYN-0081,Software Developer,Orbit Works,Remote,120000,240000,0,2,Java|SQL|Git|OOP|Algorithms,Python|Docker|REST API|Agile,BTech,Finance,Internship,"Join the finance team at Orbit Works as a Software Developer. Your work supports customer experience for a new product launch. You will implement service features, resolve production defects, and review maintainable code. Use Java, SQL, Git to deliver clear, documented work. Collaborate with a team of 10 across finance and strategy. Success means measurable quality improvements. This is a fictional demonstration listing; no employer receives applications.",4.4,2026-10-06,2026-12-07,true
SYN-0082,Web Developer,Northstar Works,Kolkata,240000,590000,0,2,HTML|CSS|JavaScript|React|Git|Node.js,TypeScript|Accessibility|Bootstrap,Diploma,Retail,Internship,"Join the retail team at Northstar Works as a Web Developer. Your work supports service efficiency for weekly business reviews. You will build accessible interfaces, integrate REST APIs, and create reusable UI components. Use HTML, CSS, JavaScript to deliver clear, documented work. Collaborate with a team of 7 across finance and strategy. Success means measurable quality improvements. This is a fictional demonstration listing; no employer receives applications.",4.7,2026-09-13,2027-01-05,true
SYN-0083,Digital Marketing Analyst,Orbit Systems,Bangalore,730000,1080000,4,7,Google Analytics|SEO|Excel|Digital Marketing,Google Ads|SQL|Campaign Analysis|Power BI,BA,Media,Full-time,"Join the media team at Orbit Systems as a Digital Marketing Analyst. Your work supports subscription growth for weekly business reviews. You will audit acquisition channels, measure campaign conversion, and recommend landing page experiments. Use Google Analytics, SEO, Excel to deliver clear, documented work. Collaborate with a team of 6 across product and operations. Success means measurable quality improvements. This is a fictional demonstration listing; no employer receives applications.",4.8,2026-09-12,2026-10-29,true
SYN-0084,SEO Analyst,Vantage Partners,Hyderabad,250000,600000,0,2,SEO|Google Analytics|Content Marketing|Excel,SEM|Copywriting|HTML|Market Research,12th,Logistics,Full-time,"Join the logistics team at Vantage Partners as a SEO Analyst. Your work supports inventory accuracy for a cross-functional transformation program. You will track organic conversions, audit site content, and improve technical SEO checks. Use SEO, Google Analytics, Content Marketing to deliver clear, documented work. Collaborate with a team of 8 across customer success and sales. Success means clear stakeholder communication. This is a fictional demonstration listing; no employer receives applications.",3.3,2026-09-25,2026-12-07,true
SYN-0085,Customer Support Executive,Riverstone Systems,Delhi,240000,590000,0,1,Customer Support|Communication|CRM|Ticketing|Zendesk,Email Support|Chat Support|Conflict Resolution,12th,Retail,Full-time,"Join the retail team at Riverstone Systems as a Customer Support Executive. Your work supports cost optimization for a new product launch. You will resolve customer tickets, meet response time targets, and identify recurring service problems. Use Customer Support, Communication, CRM to deliver clear, documented work. Collaborate with a team of 16 across design and engineering. Success means measurable quality improvements. This is a fictional demonstration listing; no employer receives applications.",4.3,2026-10-03,2026-12-14,true
SYN-0086,Operations Analyst,Northstar Labs,Noida,580000,930000,2,3,Excel|SQL|Operations|Process Improvement,Power BI|Supply Chain|Inventory Management|Forecasting,BA,Logistics,Full-time,"Join the logistics team at Northstar Labs as a Operations Analyst. Your work supports digital transformation for weekly business reviews. You will monitor service metrics, analyze fulfillment delays, and plan operational capacity. Use Excel, SQL, Operations to deliver clear, documented work. Collaborate with a team of 4 across finance and strategy. Success means reliable weekly delivery. This is a fictional demonstration listing; no employer receives applications.",3.5,2026-10-07,2026-11-11,true
SYN-0087,Financial Analyst,Bluepeak Works,Gurugram,480000,600000,1,2,Excel|Financial Analysis|Accounting|Financial Modeling,SQL|Power BI|Budgeting|Valuation,BCom,Finance,Full-time,"Join the finance team at Bluepeak Works as a Financial Analyst. Your work supports digital transformation for an expanding customer base. You will prepare budget variance reports, analyze monthly cash flow, and validate financial assumptions. Use Excel, Financial Analysis, Accounting to deliver clear, documented work. Collaborate with a team of 5 across product and operations. Success means measurable quality improvements. This is a fictional demonstration listing; no employer receives applications.",4.9,2026-09-12,2026-10-30,true
SYN-0088,Cybersecurity Analyst,Aster Solutions,Mumbai,550000,730000,1,4,Cybersecurity|Networking|Linux|SIEM|Incident Response,Splunk|Wireshark|Python,BTech,Healthcare,Full-time,"Join the healthcare team at Aster Solutions as a Cybersecurity Analyst. Your work supports quality improvement for a cross-functional transformation program. You will investigate suspicious logs, assess infrastructure vulnerabilities, and document response procedures. Use Cybersecurity, Networking, Linux to deliver clear, documented work. Collaborate with a team of 10 across product and operations. Success means clear stakeholder communication. This is a fictional demonstration listing; no employer receives applications.",3.2,2026-09-18,2026-11-12,true
SYN-0089,Cloud Engineer,Juniper Solutions,Pune,1030000,1210000,3,5,AWS|Linux|Networking|Docker,Terraform|Kubernetes|Azure|Monitoring,BTech,Manufacturing,Full-time,"Join the manufacturing team at Juniper Solutions as a Cloud Engineer. Your work supports quality improvement for regional service teams. You will monitor system capacity, operate cloud infrastructure, and automate infrastructure changes. Use AWS, Linux, Networking to deliver clear, documented work. Collaborate with a team of 16 across customer success and sales. Success means clear stakeholder communication. This is a fictional demonstration listing; no employer receives applications.",4.4,2026-09-09,2026-12-12,true
SYN-0090,Graphic Designer,Lumina Partners,Chennai,180000,300000,0,2,Photoshop|Illustrator|Canva|Typography,Figma|Branding|Video Editing|InDesign,Diploma,Healthcare,Internship,"Join the healthcare team at Lumina Partners as a Graphic Designer. Your work supports quality improvement for an expanding customer base. You will design campaign assets, prepare print layouts, and maintain visual guidelines. Use Photoshop, Illustrator, Canva to deliver clear, documented work. Collaborate with a team of 4 across design and engineering. Success means well-tested, reusable outputs. This is a fictional demonstration listing; no employer receives applications.",4.8,2026-10-07,2027-01-03,true
SYN-0091,Marketing Analyst,Riverstone Partners,Ahmedabad,360000,540000,0,2,Excel|Market Research|Google Analytics|Campaign Analysis|Communication,SQL|Tableau|A/B Testing,BA,Manufacturing,Full-time,"Join the manufacturing team at Riverstone Partners as a Marketing Analyst. Your work supports customer experience for a cross-functional transformation program. You will present customer insights, research competitor positioning, and measure marketing efficiency. Use Excel, Market Research, Google Analytics to deliver clear, documented work. Collaborate with a team of 5 across product and operations. Success means well-tested, reusable outputs. This is a fictional demonstration listing; no employer receives applications.",3.6,2026-09-12,2026-11-30,true
SYN-0092,HR Analyst,Lumina Solutions,Patna,560000,910000,4,5,Excel|HR Analytics|Communication|Reporting,SQL|Power BI|HRIS|Payroll,BA,Media,Full-time,"Join the media team at Lumina Solutions as a HR Analyst. Your work supports quality improvement for a cross-functional transformation program. You will analyze workforce trends, audit HR data quality, and report recruitment efficiency. Use Excel, HR Analytics, Communication to deliver clear, documented work. Collaborate with a team of 12 across customer success and sales. Success means clear stakeholder communication. This is a fictional demonstration listing; no employer receives applications.",3.9,2026-09-18,2026-12-30,true
SYN-0093,Business Intelligence Analyst,Prism Solutions,Remote,510000,690000,1,2,SQL|Power BI|Data Modeling|Data Visualization,Tableau|DAX|Excel|Stakeholder Management,BSc,Finance,Full-time,"Join the finance team at Prism Solutions as a Business Intelligence Analyst. Your work supports subscription growth for a new product launch. You will translate business questions into dashboards, build self-service analytics, and document reporting models. Use SQL, Power BI, Data Modeling to deliver clear, documented work. Collaborate with a team of 15 across customer success and sales. Success means reliable weekly delivery. This is a fictional demonstration listing; no employer receives applications.",3.2,2026-09-01,2026-12-27,true
SYN-0094,Quality Assurance Analyst,Aster Labs,Kolkata,330000,510000,1,2,Quality Assurance|SQL|Communication|Problem Solving|Agile,Python|Jira|REST API,Diploma,Manufacturing,Full-time,"Join the manufacturing team at Aster Labs as a Quality Assurance Analyst. Your work supports subscription growth for regional service teams. You will design test scenarios, reproduce reported defects, and verify data integrity. Use Quality Assurance, SQL, Communication to deliver clear, documented work. Collaborate with a team of 6 across design and engineering. Success means clear stakeholder communication. This is a fictional demonstration listing; no employer receives applications.",4.9,2026-09-04,2026-11-09,true
SYN-0095,UX Researcher,Juniper Solutions,Bangalore,720000,970000,2,5,UX Research|Figma|Communication|Prototyping,UI Design|A/B Testing|Accessibility|Presentation,BA,Retail,Full-time,"Join the retail team at Juniper Solutions as a UX Researcher. Your work supports cost optimization for a cross-functional transformation program. You will present user journey insights, synthesize research findings, and validate interface prototypes. Use UX Research, Figma, Communication to deliver clear, documented work. Collaborate with a team of 8 across finance and strategy. Success means measurable quality improvements. This is a fictional demonstration listing; no employer receives applications.",3.6,2026-09-10,2026-12-21,true
SYN-0096,Data Engineer,Riverstone Works,Hyderabad,700000,950000,1,4,Python|SQL|ETL|Data Modeling|PostgreSQL,Spark|Azure|AWS|Databricks,BTech,Education,Full-time,"Join the education team at Riverstone Works as a Data Engineer. Your work supports cost optimization for an expanding customer base. You will enforce data quality contracts, monitor dataset freshness, and build ingestion pipelines. Use Python, SQL, ETL to deliver clear, documented work. Collaborate with a team of 17 across finance and strategy. Success means reliable weekly delivery. This is a fictional demonstration listing; no employer receives applications.",4.8,2026-09-01,2026-10-26,true
SYN-0097,Data Analyst,Prism Partners,Noida,370000,720000,0,3,SQL|Excel|Python|Power BI|Statistics|Data Cleaning|DAX,Tableau|Pandas|Presentation|ETL,Diploma,Finance,Full-time,"Join the finance team at Prism Partners as a Data Analyst. Your work supports customer experience for regional service teams. You will explain customer retention, analyze sales funnels, and build weekly KPI dashboards. Use SQL, Excel, Python to deliver clear, documented work. Collaborate with a team of 7 across product and operations. Success means measurable quality improvements. This is a fictional demonstration listing; no employer receives applications.",3.7,2026-09-06,2026-11-02,true
SYN-0098,Business Analyst,Orbit Partners,Gurugram,240000,490000,0,3,SQL|Excel|Business Analysis|Requirements Gathering|Communication,Agile|Jira|Tableau|Process Improvement,BA,Finance,Internship,"Join the finance team at Orbit Partners as a Business Analyst. Your work supports subscription growth for an expanding customer base. You will evaluate product changes, interview stakeholders, and map operational workflows. Use SQL, Excel, Business Analysis to deliver clear, documented work. Collaborate with a team of 10 across design and engineering. Success means well-tested, reusable outputs. This is a fictional demonstration listing; no employer receives applications.",4.1,2026-09-07,2026-11-03,true
SYN-0099,Power BI Developer,Cedar Systems,Mumbai,650000,1000000,2,3,Power BI|DAX|SQL|Power Query|Data Modeling,Azure|ETL|Excel|Dashboard Design,BTech,Education,Full-time,"Join the education team at Cedar Systems as a Power BI Developer. Your work supports service efficiency for an expanding customer base. You will design dimensional models, reconcile reporting metrics, and publish operational dashboards. Use Power BI, DAX, SQL to deliver clear, documented work. Collaborate with a team of 9 across design and engineering. Success means well-tested, reusable outputs. This is a fictional demonstration listing; no employer receives applications.",4.6,2026-09-01,2026-12-16,true
SYN-0100,MIS Executive,Northstar Systems,Pune,410000,530000,3,4,Excel|Reporting|Data Cleaning|Communication|Excel VBA,SQL|Power BI|Advanced Excel,12th,Education,Full-time,"Join the education team at Northstar Systems as a MIS Executive. Your work supports service efficiency for weekly business reviews. You will maintain daily reports, reconcile inventory records, and prepare management summaries. Use Excel, Reporting, Data Cleaning to deliver clear, documented work. Collaborate with a team of 5 across finance and strategy. Success means measurable quality improvements. This is a fictional demonstration listing; no employer receives applications.",4.6,2026-09-14,2026-12-15,true
SYN-0101,SQL Developer,Evergreen Partners,Chennai,400000,580000,0,3,SQL|PostgreSQL|Database Design|ETL,Python|SQL Server|Advanced SQL|Git,BCA,Retail,Full-time,"Join the retail team at Evergreen Partners as a SQL Developer. Your work supports service efficiency for weekly business reviews. You will audit data consistency, optimize database queries, and build scheduled data pipelines. Use SQL, PostgreSQL, Database Design to deliver clear, documented work. Collaborate with a team of 4 across product and operations. Success means clear stakeholder communication. This is a fictional demonstration listing; no employer receives applications.",4.7,2026-09-19,2026-11-24,true
SYN-0102,Python Developer,Maple Solutions,Ahmedabad,630000,980000,1,4,Python|Flask|SQL|Git|REST API,Django|FastAPI|Docker|Linux,Diploma,Finance,Full-time,"Join the finance team at Maple Solutions as a Python Developer. Your work supports regional expansion for an expanding customer base. You will build backend APIs, improve service reliability, and maintain internal automation. Use Python, Flask, SQL to deliver clear, documented work. Collaborate with a team of 8 across product and operations. Success means measurable quality improvements. This is a fictional demonstration listing; no employer receives applications.",4.6,2026-09-02,2026-12-25,true
SYN-0103,Junior Data Scientist,Nexa Solutions,Patna,500000,620000,0,1,Python|Statistics|Machine Learning|Pandas|SQL|Scikit-learn,NLP|A/B Testing|Feature Engineering,BSc,Healthcare,Full-time,"Join the healthcare team at Nexa Solutions as a Junior Data Scientist. Your work supports cost optimization for regional service teams. You will prepare experimentation datasets, evaluate classification models, and prototype demand forecasts. Use Python, Statistics, Machine Learning to deliver clear, documented work. Collaborate with a team of 16 across customer success and sales. Success means clear stakeholder communication. This is a fictional demonstration listing; no employer receives applications.",3.9,2026-09-17,2026-11-27,true
SYN-0104,Machine Learning Engineer,Cobalt Partners,Remote,850000,970000,0,3,Python|Machine Learning|Scikit-learn|Docker|Model Evaluation,PyTorch|TensorFlow|MLOps|AWS,BTech,Education,Full-time,"Join the education team at Cobalt Partners as a Machine Learning Engineer. Your work supports subscription growth for regional service teams. You will optimize inference workloads, monitor model drift, and build reproducible ML pipelines. Use Python, Machine Learning, Scikit-learn to deliver clear, documented work. Collaborate with a team of 17 across design and engineering. Success means well-tested, reusable outputs. This is a fictional demonstration listing; no employer receives applications.",4.6,2026-09-29,2026-12-02,true
SYN-0105,Software Developer,Prism Solutions,Kolkata,630000,750000,1,2,Java|SQL|Git|OOP|Algorithms,Python|Docker|REST API|Agile,BTech,Education,Full-time,"Join the education team at Prism Solutions as a Software Developer. Your work supports subscription growth for a new product launch. You will resolve production defects, review maintainable code, and implement service features. Use Java, SQL, Git to deliver clear, documented work. Collaborate with a team of 9 across customer success and sales. Success means clear stakeholder communication. This is a fictional demonstration listing; no employer receives applications.",3.9,2026-09-19,2026-11-11,true
SYN-0106,Web Developer,Nexa Solutions,Bangalore,550000,670000,2,4,HTML|CSS|JavaScript|React|Git|Bootstrap,Node.js|TypeScript|Accessibility,Diploma,Healthcare,Full-time,"Join the healthcare team at Nexa Solutions as a Web Developer. Your work supports regional expansion for an expanding customer base. You will create reusable UI components, optimize page performance, and build accessible interfaces. Use HTML, CSS, JavaScript to deliver clear, documented work. Collaborate with a team of 7 across product and operations. Success means well-tested, reusable outputs. This is a fictional demonstration listing; no employer receives applications.",4.0,2026-09-09,2026-12-10,true
SYN-0107,Digital Marketing Analyst,Bluepeak Partners,Hyderabad,470000,820000,2,3,Google Analytics|SEO|Excel|Digital Marketing,Google Ads|SQL|Campaign Analysis|Power BI,BA,Technology,Part-time,"Join the technology team at Bluepeak Partners as a Digital Marketing Analyst. Your work supports digital transformation for weekly business reviews. You will build attribution reports, measure campaign conversion, and audit acquisition channels. Use Google Analytics, SEO, Excel to deliver clear, documented work. Collaborate with a team of 18 across finance and strategy. Success means clear stakeholder communication. This is a fictional demonstration listing; no employer receives applications.",4.9,2026-09-10,2026-12-01,true
SYN-0108,SEO Analyst,Juniper Systems,Delhi,540000,790000,4,5,SEO|Google Analytics|Content Marketing|Excel,SEM|Copywriting|HTML|Market Research,12th,Retail,Full-time,"Join the retail team at Juniper Systems as a SEO Analyst. Your work supports subscription growth for a cross-functional transformation program. You will improve technical SEO checks, research search demand, and track organic conversions. Use SEO, Google Analytics, Content Marketing to deliver clear, documented work. Collaborate with a team of 12 across product and operations. Success means well-tested, reusable outputs. This is a fictional demonstration listing; no employer receives applications.",4.8,2026-09-20,2026-12-10,true
SYN-0109,Customer Support Executive,Aster Partners,Noida,190000,310000,0,3,Customer Support|Communication|CRM|Ticketing|Conflict Resolution,Zendesk|Email Support|Chat Support,12th,Education,Full-time,"Join the education team at Aster Partners as a Customer Support Executive. Your work supports service efficiency for regional service teams. You will maintain accurate case notes, meet response time targets, and identify recurring service problems. Use Customer Support, Communication, CRM to deliver clear, documented work. Collaborate with a team of 4 across finance and strategy. Success means clear stakeholder communication. This is a fictional demonstration listing; no employer receives applications.",4.0,2026-08-29,2026-12-17,true
SYN-0110,Operations Analyst,Vantage Labs,Gurugram,610000,860000,3,6,Excel|SQL|Operations|Process Improvement,Power BI|Supply Chain|Inventory Management|Forecasting,BA,Manufacturing,Full-time,"Join the manufacturing team at Vantage Labs as a Operations Analyst. Your work supports cost optimization for an expanding customer base. You will identify process bottlenecks, monitor service metrics, and plan operational capacity. Use Excel, SQL, Operations to deliver clear, documented work. Collaborate with a team of 10 across customer success and sales. Success means reliable weekly delivery. This is a fictional demonstration listing; no employer receives applications.",3.8,2026-09-19,2026-12-28,true
SYN-0111,Financial Analyst,Nimbus Labs,Mumbai,890000,1240000,4,5,Excel|Financial Analysis|Accounting|Financial Modeling,SQL|Power BI|Budgeting|Valuation,BCom,Manufacturing,Full-time,"Join the manufacturing team at Nimbus Labs as a Financial Analyst. Your work supports service efficiency for a new product launch. You will model unit economics, prepare budget variance reports, and validate financial assumptions. Use Excel, Financial Analysis, Accounting to deliver clear, documented work. Collaborate with a team of 8 across design and engineering. Success means well-tested, reusable outputs. This is a fictional demonstration listing; no employer receives applications.",4.0,2026-09-21,2026-12-27,true
SYN-0112,Cybersecurity Analyst,Northstar Labs,Pune,710000,890000,1,3,Cybersecurity|Networking|Linux|SIEM|Incident Response,Splunk|Wireshark|Python,BTech,Retail,Full-time,"Join the retail team at Northstar Labs as a Cybersecurity Analyst. Your work supports cost optimization for a new product launch. You will investigate suspicious logs, triage security alerts, and document response procedures. Use Cybersecurity, Networking, Linux to deliver clear, documented work. Collaborate with a team of 16 across design and engineering. Success means well-tested, reusable outputs. This is a fictional demonstration listing; no employer receives applications.",3.3,2026-09-04,2026-10-27,true
SYN-0113,Cloud Engineer,Nexa Works,Chennai,1290000,1540000,3,6,AWS|Linux|Networking|Docker,Terraform|Kubernetes|Azure|Monitoring,BTech,Manufacturing,Full-time,"Join the manufacturing team at Nexa Works as a Cloud Engineer. Your work supports regional expansion for regional service teams. You will operate cloud infrastructure, automate infrastructure changes, and improve deployment reliability. Use AWS, Linux, Networking to deliver clear, documented work. Collaborate with a team of 18 across finance and strategy. Success means measurable quality improvements. This is a fictional demonstration listing; no employer receives applications.",4.5,2026-09-04,2026-11-15,true
SYN-0114,Graphic Designer,Cobalt Labs,Ahmedabad,370000,620000,1,4,Photoshop|Illustrator|Canva|Typography,Figma|Branding|Video Editing|InDesign,Diploma,Education,Contract,"Join the education team at Cobalt Labs as a Graphic Designer. Your work supports inventory accuracy for an expanding customer base. You will prepare print layouts, design campaign assets, and adapt creative for digital channels. Use Photoshop, Illustrator, Canva to deliver clear, documented work. Collaborate with a team of 13 across finance and strategy. Success means well-tested, reusable outputs. This is a fictional demonstration listing; no employer receives applications.",4.1,2026-09-25,2026-12-12,true
SYN-0115,Marketing Analyst,Nimbus Labs,Patna,460000,710000,1,2,Excel|Market Research|Google Analytics|Campaign Analysis|Communication,SQL|Tableau|A/B Testing,BA,Education,Part-time,"Join the education team at Nimbus Labs as a Marketing Analyst. Your work supports cost optimization for weekly business reviews. You will measure marketing efficiency, segment customer audiences, and research competitor positioning. Use Excel, Market Research, Google Analytics to deliver clear, documented work. Collaborate with a team of 6 across design and engineering. Success means clear stakeholder communication. This is a fictional demonstration listing; no employer receives applications.",4.9,2026-09-02,2026-12-23,true
SYN-0116,HR Analyst,Northstar Works,Remote,310000,560000,0,1,Excel|HR Analytics|Communication|Reporting,SQL|Power BI|HRIS|Payroll,BA,Healthcare,Full-time,"Join the healthcare team at Northstar Works as a HR Analyst. Your work supports subscription growth for regional service teams. You will monitor employee retention, audit HR data quality, and analyze workforce trends. Use Excel, HR Analytics, Communication to deliver clear, documented work. Collaborate with a team of 6 across design and engineering. Success means measurable quality improvements. This is a fictional demonstration listing; no employer receives applications.",4.8,2026-09-24,2026-11-16,true
SYN-0117,Business Intelligence Analyst,Nexa Partners,Kolkata,120000,240000,0,1,SQL|Power BI|Data Modeling|Data Visualization,Tableau|DAX|Excel|Stakeholder Management,BSc,Logistics,Internship,"Join the logistics team at Nexa Partners as a Business Intelligence Analyst. Your work supports cost optimization for an expanding customer base. You will document reporting models, build self-service analytics, and define consistent KPI metrics. Use SQL, Power BI, Data Modeling to deliver clear, documented work. Collaborate with a team of 12 across customer success and sales. Success means well-tested, reusable outputs. This is a fictional demonstration listing; no employer receives applications.",4.6,2026-09-07,2026-10-31,true
SYN-0118,Quality Assurance Analyst,Orbit Systems,Bangalore,310000,560000,1,3,Quality Assurance|SQL|Communication|Problem Solving|Jira,Python|REST API|Agile,Diploma,Logistics,Contract,"Join the logistics team at Orbit Systems as a Quality Assurance Analyst. Your work supports regional expansion for a new product launch. You will design test scenarios, reproduce reported defects, and verify data integrity. Use Quality Assurance, SQL, Communication to deliver clear, documented work. Collaborate with a team of 10 across design and engineering. Success means measurable quality improvements. This is a fictional demonstration listing; no employer receives applications.",4.7,2026-08-29,2026-10-29,true
SYN-0119,UX Researcher,Orbit Partners,Hyderabad,630000,880000,1,2,UX Research|Figma|Communication|Prototyping,UI Design|A/B Testing|Accessibility|Presentation,BA,Media,Full-time,"Join the media team at Orbit Partners as a UX Researcher. Your work supports service efficiency for an expanding customer base. You will validate interface prototypes, synthesize research findings, and conduct usability sessions. Use UX Research, Figma, Communication to deliver clear, documented work. Collaborate with a team of 9 across product and operations. Success means measurable quality improvements. This is a fictional demonstration listing; no employer receives applications.",3.2,2026-08-28,2026-10-26,true
SYN-0120,Data Engineer,Cobalt Systems,Delhi,560000,810000,0,2,Python|SQL|ETL|Data Modeling|PostgreSQL,Spark|Azure|AWS|Databricks,BTech,Finance,Part-time,"Join the finance team at Cobalt Systems as a Data Engineer. Your work supports customer experience for weekly business reviews. You will monitor dataset freshness, enforce data quality contracts, and build ingestion pipelines. Use Python, SQL, ETL to deliver clear, documented work. Collaborate with a team of 18 across finance and strategy. Success means measurable quality improvements. This is a fictional demonstration listing; no employer receives applications.",4.4,2026-09-21,2026-10-26,true
SYN-0121,Data Analyst,Riverstone Labs,Gurugram,490000,740000,2,4,SQL|Excel|Python|Power BI|Statistics|Data Cleaning|ETL,Tableau|DAX|Pandas|Presentation,Diploma,Logistics,Full-time,"Join the logistics team at Riverstone Labs as a Data Analyst. Your work supports subscription growth for a new product launch. You will explain customer retention, analyze sales funnels, and build weekly KPI dashboards. Use SQL, Excel, Python to deliver clear, documented work. Collaborate with a team of 16 across customer success and sales. Success means clear stakeholder communication. This is a fictional demonstration listing; no employer receives applications.",3.6,2026-09-16,2026-11-30,true
SYN-0122,Business Analyst,Bluepeak Partners,Mumbai,670000,920000,3,4,SQL|Excel|Business Analysis|Requirements Gathering|Communication,Agile|Jira|Tableau|Process Improvement,BA,Logistics,Full-time,"Join the logistics team at Bluepeak Partners as a Business Analyst. Your work supports service efficiency for regional service teams. You will interview stakeholders, document business requirements, and map operational workflows. Use SQL, Excel, Business Analysis to deliver clear, documented work. Collaborate with a team of 18 across product and operations. Success means well-tested, reusable outputs. This is a fictional demonstration listing; no employer receives applications.",4.5,2026-09-25,2026-12-13,true
SYN-0123,Power BI Developer,Lumina Systems,Pune,680000,800000,2,4,Power BI|DAX|SQL|Power Query|Data Modeling,Azure|ETL|Excel|Dashboard Design,BTech,Logistics,Full-time,"Join the logistics team at Lumina Systems as a Power BI Developer. Your work supports customer experience for an expanding customer base. You will reconcile reporting metrics, publish operational dashboards, and design dimensional models. Use Power BI, DAX, SQL to deliver clear, documented work. Collaborate with a team of 11 across customer success and sales. Success means reliable weekly delivery. This is a fictional demonstration listing; no employer receives applications.",4.4,2026-09-30,2026-12-31,true
SYN-0124,MIS Executive,Cobalt Solutions,Chennai,120000,300000,0,1,Excel|Reporting|Data Cleaning|Communication|Power BI,SQL|Excel VBA|Advanced Excel,12th,Finance,Internship,"Join the finance team at Cobalt Solutions as a MIS Executive. Your work supports service efficiency for a cross-functional transformation program. You will prepare management summaries, reconcile inventory records, and maintain daily reports. Use Excel, Reporting, Data Cleaning to deliver clear, documented work. Collaborate with a team of 4 across customer success and sales. Success means measurable quality improvements. This is a fictional demonstration listing; no employer receives applications.",4.1,2026-09-01,2026-10-28,true
SYN-0125,SQL Developer,Juniper Works,Ahmedabad,860000,1210000,5,6,SQL|PostgreSQL|Database Design|ETL,Python|SQL Server|Advanced SQL|Git,BCA,Logistics,Full-time,"Join the logistics team at Juniper Works as a SQL Developer. Your work supports customer experience for a cross-functional transformation program. You will audit data consistency, design warehouse tables, and optimize database queries. Use SQL, PostgreSQL, Database Design to deliver clear, documented work. Collaborate with a team of 14 across product and operations. Success means clear stakeholder communication. This is a fictional demonstration listing; no employer receives applications.",3.4,2026-09-19,2026-11-04,true
SYN-0126,Python Developer,Aster Works,Patna,440000,620000,0,3,Python|Flask|SQL|Git|REST API,Django|FastAPI|Docker|Linux,Diploma,Retail,Full-time,"Join the retail team at Aster Works as a Python Developer. Your work supports service efficiency for an expanding customer base. You will write integration tests, build backend APIs, and maintain internal automation. Use Python, Flask, SQL to deliver clear, documented work. Collaborate with a team of 11 across customer success and sales. Success means well-tested, reusable outputs. This is a fictional demonstration listing; no employer receives applications.",4.5,2026-09-28,2026-12-13,true
SYN-0127,Junior Data Scientist,Riverstone Partners,Remote,750000,1000000,1,2,Python|Statistics|Machine Learning|Pandas|SQL|Scikit-learn,NLP|A/B Testing|Feature Engineering,BSc,Healthcare,Full-time,"Join the healthcare team at Riverstone Partners as a Junior Data Scientist. Your work supports customer experience for weekly business reviews. You will evaluate classification models, prepare experimentation datasets, and explain model errors. Use Python, Statistics, Machine Learning to deliver clear, documented work. Collaborate with a team of 13 across product and operations. Success means measurable quality improvements. This is a fictional demonstration listing; no employer receives applications.",4.0,2026-09-06,2026-10-25,true
SYN-0128,Machine Learning Engineer,Vantage Works,Kolkata,710000,1060000,0,3,Python|Machine Learning|Scikit-learn|Docker|Model Evaluation,PyTorch|TensorFlow|MLOps|AWS,BTech,Education,Full-time,"Join the education team at Vantage Works as a Machine Learning Engineer. Your work supports cost optimization for a cross-functional transformation program. You will optimize inference workloads, build reproducible ML pipelines, and serve prediction models. Use Python, Machine Learning, Scikit-learn to deliver clear, documented work. Collaborate with a team of 10 across product and operations. Success means well-tested, reusable outputs. This is a fictional demonstration listing; no employer receives applications.",4.0,2026-09-10,2026-10-29,true
SYN-0129,Software Developer,Vantage Labs,Bangalore,180000,530000,0,1,Java|SQL|Git|OOP|Algorithms,Python|Docker|REST API|Agile,BTech,Finance,Internship,"Join the finance team at Vantage Labs as a Software Developer. Your work supports quality improvement for an expanding customer base. You will review maintainable code, improve automated testing, and resolve production defects. Use Java, SQL, Git to deliver clear, documented work. Collaborate with a team of 15 across customer success and sales. Success means clear stakeholder communication. This is a fictional demonstration listing; no employer receives applications.",3.8,2026-09-19,2026-12-24,true
SYN-0130,Web Developer,Lumina Systems,Hyderabad,480000,730000,2,5,HTML|CSS|JavaScript|React|Git|Bootstrap,Node.js|TypeScript|Accessibility,Diploma,Media,Full-time,"Join the media team at Lumina Systems as a Web Developer. Your work supports inventory accuracy for a cross-functional transformation program. You will build accessible interfaces, integrate REST APIs, and optimize page performance. Use HTML, CSS, JavaScript to deliver clear, documented work. Collaborate with a team of 5 across product and operations. Success means reliable weekly delivery. This is a fictional demonstration listing; no employer receives applications.",4.6,2026-09-22,2026-11-18,true
SYN-0131,Digital Marketing Analyst,Northstar Works,Delhi,320000,570000,1,3,Google Analytics|SEO|Excel|Digital Marketing,Google Ads|SQL|Campaign Analysis|Power BI,BA,Retail,Full-time,"Join the retail team at Northstar Works as a Digital Marketing Analyst. Your work supports service efficiency for a cross-functional transformation program. You will audit acquisition channels, measure campaign conversion, and build attribution reports. Use Google Analytics, SEO, Excel to deliver clear, documented work. Collaborate with a team of 14 across customer success and sales. Success means reliable weekly delivery. This is a fictional demonstration listing; no employer receives applications.",4.1,2026-09-19,2026-11-24,true
SYN-0132,SEO Analyst,Prism Systems,Noida,570000,750000,5,7,SEO|Google Analytics|Content Marketing|Excel,SEM|Copywriting|HTML|Market Research,12th,Logistics,Full-time,"Join the logistics team at Prism Systems as a SEO Analyst. Your work supports regional expansion for an expanding customer base. You will research search demand, improve technical SEO checks, and audit site content. Use SEO, Google Analytics, Content Marketing to deliver clear, documented work. Collaborate with a team of 9 across design and engineering. Success means well-tested, reusable outputs. This is a fictional demonstration listing; no employer receives applications.",3.4,2026-09-18,2026-12-24,true
SYN-0133,Customer Support Executive,Cedar Solutions,Gurugram,120000,300000,0,2,Customer Support|Communication|CRM|Ticketing|Email Support,Zendesk|Chat Support|Conflict Resolution,12th,Media,Internship,"Join the media team at Cedar Solutions as a Customer Support Executive. Your work supports quality improvement for a new product launch. You will maintain accurate case notes, identify recurring service problems, and meet response time targets. Use Customer Support, Communication, CRM to deliver clear, documented work. Collaborate with a team of 10 across customer success and sales. Success means well-tested, reusable outputs. This is a fictional demonstration listing; no employer receives applications.",4.7,2026-08-29,2026-12-22,true
SYN-0134,Operations Analyst,Bluepeak Systems,Mumbai,690000,870000,4,7,Excel|SQL|Operations|Process Improvement,Power BI|Supply Chain|Inventory Management|Forecasting,BA,Education,Full-time,"Join the education team at Bluepeak Systems as a Operations Analyst. Your work supports regional expansion for a cross-functional transformation program. You will identify process bottlenecks, analyze fulfillment delays, and plan operational capacity. Use Excel, SQL, Operations to deliver clear, documented work. Collaborate with a team of 13 across customer success and sales. Success means clear stakeholder communication. This is a fictional demonstration listing; no employer receives applications.",3.8,2026-09-27,2026-11-08,true
SYN-0135,Financial Analyst,Evergreen Labs,Pune,420000,670000,1,2,Excel|Financial Analysis|Accounting|Financial Modeling,SQL|Power BI|Budgeting|Valuation,BCom,Education,Full-time,"Join the education team at Evergreen Labs as a Financial Analyst. Your work supports subscription growth for a cross-functional transformation program. You will validate financial assumptions, analyze monthly cash flow, and prepare budget variance reports. Use Excel, Financial Analysis, Accounting to deliver clear, documented work. Collaborate with a team of 16 across design and engineering. Success means clear stakeholder communication. This is a fictional demonstration listing; no employer receives applications.",3.7,2026-08-30,2026-12-24,true
SYN-0136,Cybersecurity Analyst,Prism Labs,Chennai,470000,590000,0,3,Cybersecurity|Networking|Linux|SIEM|Wireshark,Splunk|Incident Response|Python,BTech,Manufacturing,Contract,"Join the manufacturing team at Prism Labs as a Cybersecurity Analyst. Your work supports quality improvement for an expanding customer base. You will investigate suspicious logs, document response procedures, and assess infrastructure vulnerabilities. Use Cybersecurity, Networking, Linux to deliver clear, documented work. Collaborate with a team of 7 across design and engineering. Success means reliable weekly delivery. This is a fictional demonstration listing; no employer receives applications.",4.2,2026-10-05,2026-11-28,true
SYN-0137,Cloud Engineer,Bluepeak Solutions,Ahmedabad,580000,930000,0,3,AWS|Linux|Networking|Docker,Terraform|Kubernetes|Azure|Monitoring,BTech,Manufacturing,Part-time,"Join the manufacturing team at Bluepeak Solutions as a Cloud Engineer. Your work supports service efficiency for regional service teams. You will operate cloud infrastructure, improve deployment reliability, and monitor system capacity. Use AWS, Linux, Networking to deliver clear, documented work. Collaborate with a team of 5 across customer success and sales. Success means measurable quality improvements. This is a fictional demonstration listing; no employer receives applications.",3.4,2026-09-13,2026-11-14,true
SYN-0138,Graphic Designer,Evergreen Partners,Patna,390000,510000,2,5,Photoshop|Illustrator|Canva|Typography,Figma|Branding|Video Editing|InDesign,Diploma,Manufacturing,Full-time,"Join the manufacturing team at Evergreen Partners as a Graphic Designer. Your work supports digital transformation for regional service teams. You will prepare print layouts, adapt creative for digital channels, and maintain visual guidelines. Use Photoshop, Illustrator, Canva to deliver clear, documented work. Collaborate with a team of 14 across finance and strategy. Success means clear stakeholder communication. This is a fictional demonstration listing; no employer receives applications.",3.7,2026-09-29,2026-11-12,true
SYN-0139,Marketing Analyst,Bluepeak Partners,Remote,840000,1090000,4,5,Excel|Market Research|Google Analytics|Campaign Analysis|A/B Testing,SQL|Tableau|Communication,BA,Manufacturing,Full-time,"Join the manufacturing team at Bluepeak Partners as a Marketing Analyst. Your work supports quality improvement for an expanding customer base. You will segment customer audiences, measure marketing efficiency, and present customer insights. Use Excel, Market Research, Google Analytics to deliver clear, documented work. Collaborate with a team of 7 across product and operations. Success means well-tested, reusable outputs. This is a fictional demonstration listing; no employer receives applications.",4.6,2026-09-12,2026-12-30,true
SYN-0140,HR Analyst,Prism Solutions,Kolkata,470000,590000,2,4,Excel|HR Analytics|Communication|Reporting,SQL|Power BI|HRIS|Payroll,BA,Retail,Part-time,"Join the retail team at Prism Solutions as a HR Analyst. Your work supports subscription growth for weekly business reviews. You will report recruitment efficiency, monitor employee retention, and analyze workforce trends. Use Excel, HR Analytics, Communication to deliver clear, documented work. Collaborate with a team of 7 across design and engineering. Success means measurable quality improvements. This is a fictional demonstration listing; no employer receives applications.",4.0,2026-09-09,2026-12-07,true
SYN-0141,Business Intelligence Analyst,Evergreen Works,Bangalore,420000,770000,0,3,SQL|Power BI|Data Modeling|Data Visualization,Tableau|DAX|Excel|Stakeholder Management,BSc,Manufacturing,Full-time,"Join the manufacturing team at Evergreen Works as a Business Intelligence Analyst. Your work supports digital transformation for weekly business reviews. You will translate business questions into dashboards, document reporting models, and define consistent KPI metrics. Use SQL, Power BI, Data Modeling to deliver clear, documented work. Collaborate with a team of 15 across product and operations. Success means reliable weekly delivery. This is a fictional demonstration listing; no employer receives applications.",3.4,2026-09-29,2026-11-16,true
SYN-0142,Quality Assurance Analyst,Maple Works,Hyderabad,260000,610000,0,3,Quality Assurance|SQL|Communication|Problem Solving|Jira,Python|REST API|Agile,Diploma,Manufacturing,Contract,"Join the manufacturing team at Maple Works as a Quality Assurance Analyst. Your work supports cost optimization for a cross-functional transformation program. You will design test scenarios, track release readiness, and reproduce reported defects. Use Quality Assurance, SQL, Communication to deliver clear, documented work. Collaborate with a team of 16 across customer success and sales. Success means measurable quality improvements. This is a fictional demonstration listing; no employer receives applications.",4.4,2026-09-26,2026-10-26,true
SYN-0143,UX Researcher,Vantage Labs,Delhi,470000,590000,1,2,UX Research|Figma|Communication|Prototyping,UI Design|A/B Testing|Accessibility|Presentation,BA,Retail,Part-time,"Join the retail team at Vantage Labs as a UX Researcher. Your work supports digital transformation for a cross-functional transformation program. You will validate interface prototypes, conduct usability sessions, and present user journey insights. Use UX Research, Figma, Communication to deliver clear, documented work. Collaborate with a team of 10 across product and operations. Success means reliable weekly delivery. This is a fictional demonstration listing; no employer receives applications.",4.7,2026-10-02,2026-11-14,true
SYN-0144,Data Engineer,Northstar Works,Noida,910000,1090000,2,5,Python|SQL|ETL|Data Modeling|PostgreSQL,Spark|Azure|AWS|Databricks,BTech,Logistics,Full-time,"Join the logistics team at Northstar Works as a Data Engineer. Your work supports inventory accuracy for an expanding customer base. You will monitor dataset freshness, design analytical storage, and build ingestion pipelines. Use Python, SQL, ETL to deliver clear, documented work. Collaborate with a team of 17 across product and operations. Success means well-tested, reusable outputs. This is a fictional demonstration listing; no employer receives applications.",4.5,2026-10-04,2026-11-02,true
SYN-0145,Data Analyst,Maple Solutions,Mumbai,370000,720000,1,2,SQL|Excel|Python|Power BI|Statistics|Data Cleaning|Pandas,Tableau|DAX|Presentation|ETL,Diploma,Education,Full-time,"Join the education team at Maple Solutions as a Data Analyst. Your work supports regional expansion for weekly business reviews. You will validate transaction data, build weekly KPI dashboards, and analyze sales funnels. Use SQL, Excel, Python to deliver clear, documented work. Collaborate with a team of 8 across customer success and sales. Success means measurable quality improvements. This is a fictional demonstration listing; no employer receives applications.",3.6,2026-09-16,2026-12-25,true
SYN-0146,Business Analyst,Riverstone Partners,Pune,590000,770000,2,4,SQL|Excel|Business Analysis|Requirements Gathering|Communication,Agile|Jira|Tableau|Process Improvement,BA,Finance,Full-time,"Join the finance team at Riverstone Partners as a Business Analyst. Your work supports service efficiency for a new product launch. You will map operational workflows, evaluate product changes, and document business requirements. Use SQL, Excel, Business Analysis to deliver clear, documented work. Collaborate with a team of 13 across design and engineering. Success means measurable quality improvements. This is a fictional demonstration listing; no employer receives applications.",3.7,2026-09-30,2026-11-26,true
SYN-0147,Power BI Developer,Orbit Labs,Chennai,520000,870000,0,1,Power BI|DAX|SQL|Power Query|Data Modeling,Azure|ETL|Excel|Dashboard Design,BTech,Technology,Full-time,"Join the technology team at Orbit Labs as a Power BI Developer. Your work supports inventory accuracy for weekly business reviews. You will publish operational dashboards, optimize DAX measures, and reconcile reporting metrics. Use Power BI, DAX, SQL to deliver clear, documented work. Collaborate with a team of 13 across design and engineering. Success means measurable quality improvements. This is a fictional demonstration listing; no employer receives applications.",4.2,2026-09-16,2026-12-07,true
SYN-0148,MIS Executive,Prism Partners,Ahmedabad,120000,240000,0,2,Excel|Reporting|Data Cleaning|Communication|Power BI,SQL|Excel VBA|Advanced Excel,12th,Manufacturing,Internship,"Join the manufacturing team at Prism Partners as a MIS Executive. Your work supports customer experience for weekly business reviews. You will automate spreadsheet checks, reconcile inventory records, and maintain daily reports. Use Excel, Reporting, Data Cleaning to deliver clear, documented work. Collaborate with a team of 15 across design and engineering. Success means well-tested, reusable outputs. This is a fictional demonstration listing; no employer receives applications.",3.5,2026-09-10,2026-11-05,true
SYN-0149,SQL Developer,Vantage Partners,Patna,850000,970000,3,4,SQL|PostgreSQL|Database Design|ETL,Python|SQL Server|Advanced SQL|Git,BCA,Education,Full-time,"Join the education team at Vantage Partners as a SQL Developer. Your work supports digital transformation for weekly business reviews. You will build scheduled data pipelines, design warehouse tables, and audit data consistency. Use SQL, PostgreSQL, Database Design to deliver clear, documented work. Collaborate with a team of 13 across design and engineering. Success means well-tested, reusable outputs. This is a fictional demonstration listing; no employer receives applications.",4.1,2026-09-25,2026-11-26,true
SYN-0150,Python Developer,Lumina Partners,Remote,750000,1000000,2,4,Python|Flask|SQL|Git|REST API,Django|FastAPI|Docker|Linux,Diploma,Education,Full-time,"Join the education team at Lumina Partners as a Python Developer. Your work supports regional expansion for a cross-functional transformation program. You will build backend APIs, improve service reliability, and maintain internal automation. Use Python, Flask, SQL to deliver clear, documented work. Collaborate with a team of 4 across product and operations. Success means clear stakeholder communication. This is a fictional demonstration listing; no employer receives applications.",4.1,2026-08-31,2027-01-04,true
SYN-0151,Junior Data Scientist,Northstar Works,Kolkata,180000,300000,0,1,Python|Statistics|Machine Learning|Pandas|SQL|NLP,Scikit-learn|A/B Testing|Feature Engineering,BSc,Healthcare,Internship,"Join the healthcare team at Northstar Works as a Junior Data Scientist. Your work supports service efficiency for regional service teams. You will evaluate classification models, prototype demand forecasts, and explain model errors. Use Python, Statistics, Machine Learning to deliver clear, documented work. Collaborate with a team of 16 across customer success and sales. Success means clear stakeholder communication. This is a fictional demonstration listing; no employer receives applications.",3.3,2026-09-22,2026-11-28,true
SYN-0152,Machine Learning Engineer,Cedar Systems,Bangalore,1100000,1350000,1,2,Python|Machine Learning|Scikit-learn|Docker|Model Evaluation,PyTorch|TensorFlow|MLOps|AWS,BTech,Media,Full-time,"Join the media team at Cedar Systems as a Machine Learning Engineer. Your work supports digital transformation for an expanding customer base. You will serve prediction models, monitor model drift, and optimize inference workloads. Use Python, Machine Learning, Scikit-learn to deliver clear, documented work. Collaborate with a team of 13 across customer success and sales. Success means well-tested, reusable outputs. This is a fictional demonstration listing; no employer receives applications.",3.8,2026-09-23,2026-12-10,true
SYN-0153,Software Developer,Cedar Labs,Hyderabad,620000,740000,1,4,Java|SQL|Git|OOP|Algorithms,Python|Docker|REST API|Agile,BTech,Retail,Contract,"Join the retail team at Cedar Labs as a Software Developer. Your work supports subscription growth for weekly business reviews. You will improve automated testing, review maintainable code, and implement service features. Use Java, SQL, Git to deliver clear, documented work. Collaborate with a team of 11 across product and operations. Success means reliable weekly delivery. This is a fictional demonstration listing; no employer receives applications.",4.9,2026-09-30,2026-12-05,true
SYN-0154,Web Developer,Evergreen Solutions,Delhi,120000,240000,0,3,HTML|CSS|JavaScript|React|Git|TypeScript,Node.js|Accessibility|Bootstrap,Diploma,Manufacturing,Internship,"Join the manufacturing team at Evergreen Solutions as a Web Developer. Your work supports regional expansion for an expanding customer base. You will create reusable UI components, build accessible interfaces, and optimize page performance. Use HTML, CSS, JavaScript to deliver clear, documented work. Collaborate with a team of 15 across design and engineering. Success means clear stakeholder communication. This is a fictional demonstration listing; no employer receives applications.",4.7,2026-10-04,2026-11-26,true
SYN-0155,Digital Marketing Analyst,Bluepeak Solutions,Noida,310000,490000,0,3,Google Analytics|SEO|Excel|Digital Marketing,Google Ads|SQL|Campaign Analysis|Power BI,BA,Technology,Full-time,"Join the technology team at Bluepeak Solutions as a Digital Marketing Analyst. Your work supports subscription growth for an expanding customer base. You will audit acquisition channels, recommend landing page experiments, and build attribution reports. Use Google Analytics, SEO, Excel to deliver clear, documented work. Collaborate with a team of 4 across product and operations. Success means well-tested, reusable outputs. This is a fictional demonstration listing; no employer receives applications.",3.8,2026-09-24,2026-12-11,true
SYN-0156,SEO Analyst,Aster Works,Gurugram,120000,300000,0,2,SEO|Google Analytics|Content Marketing|Excel,SEM|Copywriting|HTML|Market Research,12th,Media,Internship,"Join the media team at Aster Works as a SEO Analyst. Your work supports service efficiency for regional service teams. You will improve technical SEO checks, track organic conversions, and research search demand. Use SEO, Google Analytics, Content Marketing to deliver clear, documented work. Collaborate with a team of 13 across design and engineering. Success means reliable weekly delivery. This is a fictional demonstration listing; no employer receives applications.",4.2,2026-09-10,2026-11-28,true
SYN-0157,Customer Support Executive,Orbit Works,Mumbai,380000,730000,4,5,Customer Support|Communication|CRM|Ticketing|Email Support,Zendesk|Chat Support|Conflict Resolution,12th,Manufacturing,Full-time,"Join the manufacturing team at Orbit Works as a Customer Support Executive. Your work supports service efficiency for regional service teams. You will meet response time targets, identify recurring service problems, and resolve customer tickets. Use Customer Support, Communication, CRM to deliver clear, documented work. Collaborate with a team of 4 across product and operations. Success means measurable quality improvements. This is a fictional demonstration listing; no employer receives applications.",4.8,2026-09-19,2026-12-08,true
SYN-0158,Operations Analyst,Cobalt Labs,Pune,530000,880000,2,3,Excel|SQL|Operations|Process Improvement,Power BI|Supply Chain|Inventory Management|Forecasting,BA,Manufacturing,Full-time,"Join the manufacturing team at Cobalt Labs as a Operations Analyst. Your work supports cost optimization for an expanding customer base. You will plan operational capacity, analyze fulfillment delays, and monitor service metrics. Use Excel, SQL, Operations to deliver clear, documented work. Collaborate with a team of 16 across product and operations. Success means clear stakeholder communication. This is a fictional demonstration listing; no employer receives applications.",3.7,2026-09-24,2026-12-26,true
SYN-0159,Financial Analyst,Cedar Solutions,Chennai,590000,710000,1,3,Excel|Financial Analysis|Accounting|Financial Modeling,SQL|Power BI|Budgeting|Valuation,BCom,Education,Full-time,"Join the education team at Cedar Solutions as a Financial Analyst. Your work supports subscription growth for a new product launch. You will validate financial assumptions, model unit economics, and prepare budget variance reports. Use Excel, Financial Analysis, Accounting to deliver clear, documented work. Collaborate with a team of 6 across product and operations. Success means clear stakeholder communication. This is a fictional demonstration listing; no employer receives applications.",4.3,2026-08-29,2026-10-29,true
SYN-0160,Cybersecurity Analyst,Prism Solutions,Ahmedabad,180000,430000,0,2,Cybersecurity|Networking|Linux|SIEM|Incident Response,Splunk|Wireshark|Python,BTech,Media,Internship,"Join the media team at Prism Solutions as a Cybersecurity Analyst. Your work supports service efficiency for a new product launch. You will assess infrastructure vulnerabilities, triage security alerts, and document response procedures. Use Cybersecurity, Networking, Linux to deliver clear, documented work. Collaborate with a team of 4 across design and engineering. Success means reliable weekly delivery. This is a fictional demonstration listing; no employer receives applications.",4.5,2026-09-30,2026-12-13,true
SYN-0161,Cloud Engineer,Prism Works,Patna,720000,900000,1,2,AWS|Linux|Networking|Docker,Terraform|Kubernetes|Azure|Monitoring,BTech,Retail,Full-time,"Join the retail team at Prism Works as a Cloud Engineer. Your work supports cost optimization for a cross-functional transformation program. You will operate cloud infrastructure, automate infrastructure changes, and monitor system capacity. Use AWS, Linux, Networking to deliver clear, documented work. Collaborate with a team of 13 across customer success and sales. Success means clear stakeholder communication. This is a fictional demonstration listing; no employer receives applications.",4.1,2026-09-18,2026-12-31,true
SYN-0162,Graphic Designer,Nexa Solutions,Remote,260000,440000,0,3,Photoshop|Illustrator|Canva|Typography,Figma|Branding|Video Editing|InDesign,Diploma,Manufacturing,Contract,"Join the manufacturing team at Nexa Solutions as a Graphic Designer. Your work supports service efficiency for a new product launch. You will prepare print layouts, maintain visual guidelines, and design campaign assets. Use Photoshop, Illustrator, Canva to deliver clear, documented work. Collaborate with a team of 16 across design and engineering. Success means well-tested, reusable outputs. This is a fictional demonstration listing; no employer receives applications.",3.3,2026-09-27,2026-11-18,true
SYN-0163,Marketing Analyst,Bluepeak Solutions,Kolkata,770000,1120000,4,5,Excel|Market Research|Google Analytics|Campaign Analysis|Communication,SQL|Tableau|A/B Testing,BA,Retail,Full-time,"Join the retail team at Bluepeak Solutions as a Marketing Analyst. Your work supports cost optimization for weekly business reviews. You will research competitor positioning, present customer insights, and measure marketing efficiency. Use Excel, Market Research, Google Analytics to deliver clear, documented work. Collaborate with a team of 18 across product and operations. Success means clear stakeholder communication. This is a fictional demonstration listing; no employer receives applications.",3.6,2026-09-30,2026-12-30,true
SYN-0164,HR Analyst,Cobalt Solutions,Bangalore,430000,610000,1,2,Excel|HR Analytics|Communication|Reporting,SQL|Power BI|HRIS|Payroll,BA,Logistics,Full-time,"Join the logistics team at Cobalt Solutions as a HR Analyst. Your work supports inventory accuracy for regional service teams. You will audit HR data quality, analyze workforce trends, and monitor employee retention. Use Excel, HR Analytics, Communication to deliver clear, documented work. Collaborate with a team of 16 across finance and strategy. Success means reliable weekly delivery. This is a fictional demonstration listing; no employer receives applications.",4.2,2026-10-01,2026-10-30,true
SYN-0165,Business Intelligence Analyst,Nimbus Works,Hyderabad,800000,1150000,2,3,SQL|Power BI|Data Modeling|Data Visualization,Tableau|DAX|Excel|Stakeholder Management,BSc,Finance,Contract,"Join the finance team at Nimbus Works as a Business Intelligence Analyst. Your work supports regional expansion for an expanding customer base. You will translate business questions into dashboards, define consistent KPI metrics, and document reporting models. Use SQL, Power BI, Data Modeling to deliver clear, documented work. Collaborate with a team of 18 across design and engineering. Success means well-tested, reusable outputs. This is a fictional demonstration listing; no employer receives applications.",3.6,2026-09-24,2027-01-04,true
SYN-0166,Quality Assurance Analyst,Orbit Labs,Delhi,540000,890000,2,3,Quality Assurance|SQL|Communication|Problem Solving|REST API,Python|Jira|Agile,Diploma,Logistics,Full-time,"Join the logistics team at Orbit Labs as a Quality Assurance Analyst. Your work supports service efficiency for regional service teams. You will reproduce reported defects, track release readiness, and verify data integrity. Use Quality Assurance, SQL, Communication to deliver clear, documented work. Collaborate with a team of 10 across design and engineering. Success means measurable quality improvements. This is a fictional demonstration listing; no employer receives applications.",3.6,2026-09-02,2026-12-10,true
SYN-0167,UX Researcher,Vantage Works,Noida,500000,850000,1,3,UX Research|Figma|Communication|Prototyping,UI Design|A/B Testing|Accessibility|Presentation,BA,Logistics,Part-time,"Join the logistics team at Vantage Works as a UX Researcher. Your work supports subscription growth for an expanding customer base. You will present user journey insights, conduct usability sessions, and validate interface prototypes. Use UX Research, Figma, Communication to deliver clear, documented work. Collaborate with a team of 7 across design and engineering. Success means measurable quality improvements. This is a fictional demonstration listing; no employer receives applications.",4.6,2026-09-12,2026-11-20,true
SYN-0168,Data Engineer,Cedar Systems,Gurugram,1070000,1190000,2,3,Python|SQL|ETL|Data Modeling|PostgreSQL,Spark|Azure|AWS|Databricks,BTech,Education,Full-time,"Join the education team at Cedar Systems as a Data Engineer. Your work supports regional expansion for regional service teams. You will enforce data quality contracts, build ingestion pipelines, and monitor dataset freshness. Use Python, SQL, ETL to deliver clear, documented work. Collaborate with a team of 10 across design and engineering. Success means clear stakeholder communication. This is a fictional demonstration listing; no employer receives applications.",3.9,2026-09-04,2026-11-06,true
SYN-0169,Data Analyst,Juniper Labs,Pune,450000,800000,2,5,SQL|Excel|Python|Power BI|Statistics|Data Cleaning|ETL,Tableau|DAX|Pandas|Presentation,Diploma,Manufacturing,Full-time,"Join the manufacturing team at Juniper Labs as a Data Analyst. Your work supports regional expansion for an expanding customer base. You will analyze sales funnels, explain customer retention, and build weekly KPI dashboards. Use SQL, Excel, Python to deliver clear, documented work. Collaborate with a team of 15 across finance and strategy. Success means clear stakeholder communication. This is a fictional demonstration listing; no employer receives applications.",3.2,2026-09-08,2026-12-02,true
SYN-0170,Business Analyst,Nexa Labs,Chennai,120000,300000,0,2,SQL|Excel|Business Analysis|Requirements Gathering|Communication,Agile|Jira|Tableau|Process Improvement,BA,Technology,Internship,"Join the technology team at Nexa Labs as a Business Analyst. Your work supports subscription growth for a cross-functional transformation program. You will document business requirements, map operational workflows, and interview stakeholders. Use SQL, Excel, Business Analysis to deliver clear, documented work. Collaborate with a team of 16 across design and engineering. Success means clear stakeholder communication. This is a fictional demonstration listing; no employer receives applications.",4.8,2026-09-04,2026-12-10,true
SYN-0171,Power BI Developer,Vantage Systems,Ahmedabad,180000,430000,0,1,Power BI|DAX|SQL|Power Query|Data Modeling,Azure|ETL|Excel|Dashboard Design,BTech,Healthcare,Internship,"Join the healthcare team at Vantage Systems as a Power BI Developer. Your work supports regional expansion for weekly business reviews. You will publish operational dashboards, optimize DAX measures, and design dimensional models. Use Power BI, DAX, SQL to deliver clear, documented work. Collaborate with a team of 8 across design and engineering. Success means measurable quality improvements. This is a fictional demonstration listing; no employer receives applications.",3.5,2026-09-18,2026-11-29,true
SYN-0172,MIS Executive,Northstar Works,Patna,320000,570000,2,4,Excel|Reporting|Data Cleaning|Communication|SQL,Power BI|Excel VBA|Advanced Excel,12th,Logistics,Full-time,"Join the logistics team at Northstar Works as a MIS Executive. Your work supports digital transformation for weekly business reviews. You will automate spreadsheet checks, prepare management summaries, and maintain daily reports. Use Excel, Reporting, Data Cleaning to deliver clear, documented work. Collaborate with a team of 8 across finance and strategy. Success means reliable weekly delivery. This is a fictional demonstration listing; no employer receives applications.",3.9,2026-09-06,2026-10-23,true
SYN-0173,SQL Developer,Nimbus Partners,Remote,530000,780000,2,3,SQL|PostgreSQL|Database Design|ETL,Python|SQL Server|Advanced SQL|Git,BCA,Manufacturing,Full-time,"Join the manufacturing team at Nimbus Partners as a SQL Developer. Your work supports digital transformation for a new product launch. You will audit data consistency, design warehouse tables, and optimize database queries. Use SQL, PostgreSQL, Database Design to deliver clear, documented work. Collaborate with a team of 16 across customer success and sales. Success means well-tested, reusable outputs. This is a fictional demonstration listing; no employer receives applications.",4.1,2026-09-11,2026-12-31,true
SYN-0174,Python Developer,Prism Partners,Kolkata,1140000,1390000,5,8,Python|Flask|SQL|Git|REST API,Django|FastAPI|Docker|Linux,Diploma,Technology,Full-time,"Join the technology team at Prism Partners as a Python Developer. Your work supports inventory accuracy for regional service teams. You will build backend APIs, write integration tests, and improve service reliability. Use Python, Flask, SQL to deliver clear, documented work. Collaborate with a team of 13 across product and operations. Success means well-tested, reusable outputs. This is a fictional demonstration listing; no employer receives applications.",3.8,2026-10-05,2026-10-24,true
SYN-0175,Junior Data Scientist,Cobalt Partners,Bangalore,620000,970000,0,1,Python|Statistics|Machine Learning|Pandas|SQL|A/B Testing,Scikit-learn|NLP|Feature Engineering,BSc,Education,Full-time,"Join the education team at Cobalt Partners as a Junior Data Scientist. Your work supports quality improvement for a cross-functional transformation program. You will evaluate classification models, explain model errors, and prepare experimentation datasets. Use Python, Statistics, Machine Learning to deliver clear, documented work. Collaborate with a team of 7 across design and engineering. Success means reliable weekly delivery. This is a fictional demonstration listing; no employer receives applications.",3.4,2026-09-04,2026-12-02,true
SYN-0176,Machine Learning Engineer,Evergreen Systems,Hyderabad,120000,370000,0,3,Python|Machine Learning|Scikit-learn|Docker|Model Evaluation,PyTorch|TensorFlow|MLOps|AWS,BTech,Media,Internship,"Join the media team at Evergreen Systems as a Machine Learning Engineer. Your work supports subscription growth for an expanding customer base. You will build reproducible ML pipelines, serve prediction models, and optimize inference workloads. Use Python, Machine Learning, Scikit-learn to deliver clear, documented work. Collaborate with a team of 18 across customer success and sales. Success means reliable weekly delivery. This is a fictional demonstration listing; no employer receives applications.",3.5,2026-10-03,2026-12-07,true
SYN-0177,Software Developer,Riverstone Solutions,Delhi,520000,640000,0,1,Java|SQL|Git|OOP|Algorithms,Python|Docker|REST API|Agile,BTech,Manufacturing,Part-time,"Join the manufacturing team at Riverstone Solutions as a Software Developer. Your work supports subscription growth for an expanding customer base. You will improve automated testing, resolve production defects, and implement service features. Use Java, SQL, Git to deliver clear, documented work. Collaborate with a team of 16 across product and operations. Success means reliable weekly delivery. This is a fictional demonstration listing; no employer receives applications.",4.5,2026-09-26,2026-12-24,true
SYN-0178,Web Developer,Lumina Solutions,Noida,620000,870000,2,3,HTML|CSS|JavaScript|React|Git|Node.js,TypeScript|Accessibility|Bootstrap,Diploma,Media,Full-time,"Join the media team at Lumina Solutions as a Web Developer. Your work supports quality improvement for a cross-functional transformation program. You will create reusable UI components, build accessible interfaces, and optimize page performance. Use HTML, CSS, JavaScript to deliver clear, documented work. Collaborate with a team of 8 across finance and strategy. Success means well-tested, reusable outputs. This is a fictional demonstration listing; no employer receives applications.",3.8,2026-09-17,2026-12-02,true
SYN-0179,Digital Marketing Analyst,Northstar Systems,Gurugram,340000,590000,0,1,Google Analytics|SEO|Excel|Digital Marketing,Google Ads|SQL|Campaign Analysis|Power BI,BA,Healthcare,Full-time,"Join the healthcare team at Northstar Systems as a Digital Marketing Analyst. Your work supports customer experience for weekly business reviews. You will audit acquisition channels, measure campaign conversion, and build attribution reports. Use Google Analytics, SEO, Excel to deliver clear, documented work. Collaborate with a team of 7 across product and operations. Success means well-tested, reusable outputs. This is a fictional demonstration listing; no employer receives applications.",4.5,2026-08-30,2026-10-28,true
SYN-0180,SEO Analyst,Meridian Partners,Mumbai,400000,750000,1,4,SEO|Google Analytics|Content Marketing|Excel,SEM|Copywriting|HTML|Market Research,12th,Media,Contract,"Join the media team at Meridian Partners as a SEO Analyst. Your work supports quality improvement for regional service teams. You will research search demand, audit site content, and improve technical SEO checks. Use SEO, Google Analytics, Content Marketing to deliver clear, documented work. Collaborate with a team of 14 across design and engineering. Success means reliable weekly delivery. This is a fictional demonstration listing; no employer receives applications.",4.8,2026-09-24,2026-11-23,true
SYN-0181,Customer Support Executive,Nexa Labs,Pune,380000,630000,4,5,Customer Support|Communication|CRM|Ticketing|Email Support,Zendesk|Chat Support|Conflict Resolution,12th,Manufacturing,Full-time,"Join the manufacturing team at Nexa Labs as a Customer Support Executive. Your work supports inventory accuracy for regional service teams. You will meet response time targets, identify recurring service problems, and resolve customer tickets. Use Customer Support, Communication, CRM to deliver clear, documented work. Collaborate with a team of 15 across design and engineering. Success means well-tested, reusable outputs. This is a fictional demonstration listing; no employer receives applications.",3.3,2026-10-03,2026-11-09,true
SYN-0182,Operations Analyst,Nimbus Labs,Chennai,450000,630000,2,3,Excel|SQL|Operations|Process Improvement,Power BI|Supply Chain|Inventory Management|Forecasting,BA,Retail,Full-time,"Join the retail team at Nimbus Labs as a Operations Analyst. Your work supports regional expansion for an expanding customer base. You will plan operational capacity, monitor service metrics, and identify process bottlenecks. Use Excel, SQL, Operations to deliver clear, documented work. Collaborate with a team of 10 across design and engineering. Success means reliable weekly delivery. This is a fictional demonstration listing; no employer receives applications.",4.4,2026-08-29,2026-11-11,true
SYN-0183,Financial Analyst,Lumina Systems,Ahmedabad,620000,970000,2,5,Excel|Financial Analysis|Accounting|Financial Modeling,SQL|Power BI|Budgeting|Valuation,BCom,Finance,Full-time,"Join the finance team at Lumina Systems as a Financial Analyst. Your work supports regional expansion for an expanding customer base. You will analyze monthly cash flow, prepare budget variance reports, and model unit economics. Use Excel, Financial Analysis, Accounting to deliver clear, documented work. Collaborate with a team of 8 across customer success and sales. Success means reliable weekly delivery. This is a fictional demonstration listing; no employer receives applications.",4.1,2026-09-28,2026-11-13,true
SYN-0184,Cybersecurity Analyst,Cobalt Labs,Patna,450000,800000,0,1,Cybersecurity|Networking|Linux|SIEM|Incident Response,Splunk|Wireshark|Python,BTech,Logistics,Contract,"Join the logistics team at Cobalt Labs as a Cybersecurity Analyst. Your work supports digital transformation for an expanding customer base. You will investigate suspicious logs, document response procedures, and assess infrastructure vulnerabilities. Use Cybersecurity, Networking, Linux to deliver clear, documented work. Collaborate with a team of 6 across design and engineering. Success means measurable quality improvements. This is a fictional demonstration listing; no employer receives applications.",4.5,2026-09-26,2026-10-22,true
SYN-0185,Cloud Engineer,Orbit Partners,Remote,1510000,1630000,5,7,AWS|Linux|Networking|Docker,Terraform|Kubernetes|Azure|Monitoring,BTech,Education,Full-time,"Join the education team at Orbit Partners as a Cloud Engineer. Your work supports inventory accuracy for an expanding customer base. You will improve deployment reliability, monitor system capacity, and operate cloud infrastructure. Use AWS, Linux, Networking to deliver clear, documented work. Collaborate with a team of 8 across design and engineering. Success means well-tested, reusable outputs. This is a fictional demonstration listing; no employer receives applications.",3.5,2026-09-25,2026-12-28,true
SYN-0186,Graphic Designer,Nimbus Systems,Kolkata,220000,400000,0,1,Photoshop|Illustrator|Canva|Typography,Figma|Branding|Video Editing|InDesign,Diploma,Education,Full-time,"Join the education team at Nimbus Systems as a Graphic Designer. Your work supports service efficiency for a new product launch. You will design campaign assets, adapt creative for digital channels, and prepare print layouts. Use Photoshop, Illustrator, Canva to deliver clear, documented work. Collaborate with a team of 12 across finance and strategy. Success means measurable quality improvements. This is a fictional demonstration listing; no employer receives applications.",4.7,2026-09-19,2027-01-05,true
SYN-0187,Marketing Analyst,Cobalt Solutions,Bangalore,350000,700000,1,3,Excel|Market Research|Google Analytics|Campaign Analysis|SQL,Tableau|A/B Testing|Communication,BA,Healthcare,Full-time,"Join the healthcare team at Cobalt Solutions as a Marketing Analyst. Your work supports subscription growth for regional service teams. You will measure marketing efficiency, present customer insights, and segment customer audiences. Use Excel, Market Research, Google Analytics to deliver clear, documented work. Collaborate with a team of 9 across design and engineering. Success means clear stakeholder communication. This is a fictional demonstration listing; no employer receives applications.",4.2,2026-09-03,2026-11-30,true
SYN-0188,HR Analyst,Nexa Labs,Hyderabad,330000,450000,0,2,Excel|HR Analytics|Communication|Reporting,SQL|Power BI|HRIS|Payroll,BA,Media,Full-time,"Join the media team at Nexa Labs as a HR Analyst. Your work supports digital transformation for a new product launch. You will report recruitment efficiency, analyze workforce trends, and monitor employee retention. Use Excel, HR Analytics, Communication to deliver clear, documented work. Collaborate with a team of 4 across customer success and sales. Success means well-tested, reusable outputs. This is a fictional demonstration listing; no employer receives applications.",4.3,2026-09-13,2026-11-23,true
SYN-0189,Business Intelligence Analyst,Bluepeak Systems,Delhi,490000,840000,0,2,SQL|Power BI|Data Modeling|Data Visualization,Tableau|DAX|Excel|Stakeholder Management,BSc,Education,Full-time,"Join the education team at Bluepeak Systems as a Business Intelligence Analyst. Your work supports subscription growth for a cross-functional transformation program. You will document reporting models, define consistent KPI metrics, and build self-service analytics. Use SQL, Power BI, Data Modeling to deliver clear, documented work. Collaborate with a team of 4 across customer success and sales. Success means clear stakeholder communication. This is a fictional demonstration listing; no employer receives applications.",3.4,2026-09-05,2026-11-01,true
SYN-0190,Quality Assurance Analyst,Evergreen Works,Noida,330000,450000,0,1,Quality Assurance|SQL|Communication|Problem Solving|Agile,Python|Jira|REST API,Diploma,Retail,Full-time,"Join the retail team at Evergreen Works as a Quality Assurance Analyst. Your work supports regional expansion for weekly business reviews. You will reproduce reported defects, design test scenarios, and verify data integrity. Use Quality Assurance, SQL, Communication to deliver clear, documented work. Collaborate with a team of 6 across product and operations. Success means measurable quality improvements. This is a fictional demonstration listing; no employer receives applications.",3.4,2026-10-01,2026-11-24,true
SYN-0191,UX Researcher,Meridian Partners,Gurugram,240000,590000,0,1,UX Research|Figma|Communication|Prototyping,UI Design|A/B Testing|Accessibility|Presentation,BA,Retail,Internship,"Join the retail team at Meridian Partners as a UX Researcher. Your work supports quality improvement for a new product launch. You will validate interface prototypes, synthesize research findings, and conduct usability sessions. Use UX Research, Figma, Communication to deliver clear, documented work. Collaborate with a team of 4 across customer success and sales. Success means clear stakeholder communication. This is a fictional demonstration listing; no employer receives applications.",3.5,2026-09-05,2026-11-28,true
SYN-0192,Data Engineer,Northstar Works,Mumbai,700000,1050000,0,1,Python|SQL|ETL|Data Modeling|PostgreSQL,Spark|Azure|AWS|Databricks,BTech,Technology,Full-time,"Join the technology team at Northstar Works as a Data Engineer. Your work supports subscription growth for weekly business reviews. You will enforce data quality contracts, build ingestion pipelines, and design analytical storage. Use Python, SQL, ETL to deliver clear, documented work. Collaborate with a team of 7 across product and operations. Success means clear stakeholder communication. This is a fictional demonstration listing; no employer receives applications.",3.4,2026-09-22,2026-11-10,true
SYN-0193,Data Analyst,Lumina Solutions,Chennai,740000,1090000,3,6,SQL|Excel|Python|Power BI|Statistics|Data Cleaning|Pandas,Tableau|DAX|Presentation|ETL,Diploma,Media,Full-time,"Join the media team at Lumina Solutions as a Data Analyst. Your work supports inventory accuracy for regional service teams. You will validate transaction data, build weekly KPI dashboards, and explain customer retention. Use SQL, Excel, Python to deliver clear, documented work. Collaborate with a team of 17 across customer success and sales. Success means well-tested, reusable outputs. This is a fictional demonstration listing; no employer receives applications.",3.7,2026-09-03,2026-10-29,true
SYN-0194,Business Analyst,Nexa Solutions,Ahmedabad,790000,970000,3,5,SQL|Excel|Business Analysis|Requirements Gathering|Communication,Agile|Jira|Tableau|Process Improvement,BA,Technology,Full-time,"Join the technology team at Nexa Solutions as a Business Analyst. Your work supports cost optimization for weekly business reviews. You will evaluate product changes, document business requirements, and interview stakeholders. Use SQL, Excel, Business Analysis to deliver clear, documented work. Collaborate with a team of 14 across customer success and sales. Success means clear stakeholder communication. This is a fictional demonstration listing; no employer receives applications.",4.0,2026-09-05,2026-12-05,true
SYN-0195,Power BI Developer,Vantage Solutions,Patna,180000,530000,0,3,Power BI|DAX|SQL|Power Query|Data Modeling,Azure|ETL|Excel|Dashboard Design,BTech,Education,Internship,"Join the education team at Vantage Solutions as a Power BI Developer. Your work supports digital transformation for a new product launch. You will design dimensional models, reconcile reporting metrics, and publish operational dashboards. Use Power BI, DAX, SQL to deliver clear, documented work. Collaborate with a team of 13 across finance and strategy. Success means clear stakeholder communication. This is a fictional demonstration listing; no employer receives applications.",4.4,2026-09-03,2026-12-14,true
SYN-0196,MIS Executive,Riverstone Solutions,Remote,180000,430000,0,1,Excel|Reporting|Data Cleaning|Communication|Power BI,SQL|Excel VBA|Advanced Excel,12th,Finance,Internship,"Join the finance team at Riverstone Solutions as a MIS Executive. Your work supports digital transformation for a new product launch. You will reconcile inventory records, automate spreadsheet checks, and maintain daily reports. Use Excel, Reporting, Data Cleaning to deliver clear, documented work. Collaborate with a team of 4 across design and engineering. Success means clear stakeholder communication. This is a fictional demonstration listing; no employer receives applications.",4.6,2026-09-06,2026-11-22,true
SYN-0197,SQL Developer,Nimbus Labs,Kolkata,890000,1010000,4,7,SQL|PostgreSQL|Database Design|ETL,Python|SQL Server|Advanced SQL|Git,BCA,Technology,Part-time,"Join the technology team at Nimbus Labs as a SQL Developer. Your work supports regional expansion for a cross-functional transformation program. You will design warehouse tables, audit data consistency, and optimize database queries. Use SQL, PostgreSQL, Database Design to deliver clear, documented work. Collaborate with a team of 4 across finance and strategy. Success means reliable weekly delivery. This is a fictional demonstration listing; no employer receives applications.",4.8,2026-09-13,2026-10-31,true
SYN-0198,Python Developer,Prism Solutions,Bangalore,500000,680000,1,2,Python|Flask|SQL|Git|REST API,Django|FastAPI|Docker|Linux,Diploma,Logistics,Full-time,"Join the logistics team at Prism Solutions as a Python Developer. Your work supports digital transformation for weekly business reviews. You will write integration tests, maintain internal automation, and improve service reliability. Use Python, Flask, SQL to deliver clear, documented work. Collaborate with a team of 12 across customer success and sales. Success means measurable quality improvements. This is a fictional demonstration listing; no employer receives applications.",4.3,2026-09-17,2026-11-29,true
SYN-0199,Junior Data Scientist,Nimbus Works,Hyderabad,790000,970000,1,4,Python|Statistics|Machine Learning|Pandas|SQL|Feature Engineering,Scikit-learn|NLP|A/B Testing,BSc,Media,Full-time,"Join the media team at Nimbus Works as a Junior Data Scientist. Your work supports customer experience for a new product launch. You will prepare experimentation datasets, evaluate classification models, and explain model errors. Use Python, Statistics, Machine Learning to deliver clear, documented work. Collaborate with a team of 18 across finance and strategy. Success means clear stakeholder communication. This is a fictional demonstration listing; no employer receives applications.",4.8,2026-09-04,2027-01-03,true
SYN-0200,Machine Learning Engineer,Orbit Works,Delhi,650000,830000,0,2,Python|Machine Learning|Scikit-learn|Docker|Model Evaluation,PyTorch|TensorFlow|MLOps|AWS,BTech,Education,Full-time,"Join the education team at Orbit Works as a Machine Learning Engineer. Your work supports inventory accuracy for an expanding customer base. You will build reproducible ML pipelines, monitor model drift, and serve prediction models. Use Python, Machine Learning, Scikit-learn to deliver clear, documented work. Collaborate with a team of 10 across design and engineering. Success means measurable quality improvements. This is a fictional demonstration listing; no employer receives applications.",4.8,2026-09-25,2026-11-13,true
SYN-0201,Software Developer,Nimbus Systems,Noida,740000,990000,3,6,Java|SQL|Git|OOP|Algorithms,Python|Docker|REST API|Agile,BTech,Education,Part-time,"Join the education team at Nimbus Systems as a Software Developer. Your work supports customer experience for an expanding customer base. You will resolve production defects, improve automated testing, and implement service features. Use Java, SQL, Git to deliver clear, documented work. Collaborate with a team of 16 across product and operations. Success means reliable weekly delivery. This is a fictional demonstration listing; no employer receives applications.",4.9,2026-09-12,2026-11-19,true
SYN-0202,Web Developer,Nexa Solutions,Gurugram,710000,890000,5,7,HTML|CSS|JavaScript|React|Git|Bootstrap,Node.js|TypeScript|Accessibility,Diploma,Logistics,Full-time,"Join the logistics team at Nexa Solutions as a Web Developer. Your work supports quality improvement for a new product launch. You will optimize page performance, create reusable UI components, and build accessible interfaces. Use HTML, CSS, JavaScript to deliver clear, documented work. Collaborate with a team of 9 across design and engineering. Success means clear stakeholder communication. This is a fictional demonstration listing; no employer receives applications.",4.3,2026-09-11,2026-11-14,true
SYN-0203,Digital Marketing Analyst,Evergreen Works,Mumbai,630000,810000,3,5,Google Analytics|SEO|Excel|Digital Marketing,Google Ads|SQL|Campaign Analysis|Power BI,BA,Logistics,Contract,"Join the logistics team at Evergreen Works as a Digital Marketing Analyst. Your work supports customer experience for regional service teams. You will recommend landing page experiments, measure campaign conversion, and build attribution reports. Use Google Analytics, SEO, Excel to deliver clear, documented work. Collaborate with a team of 18 across finance and strategy. Success means measurable quality improvements. This is a fictional demonstration listing; no employer receives applications.",4.1,2026-09-03,2026-12-03,true
SYN-0204,SEO Analyst,Prism Works,Pune,540000,720000,4,5,SEO|Google Analytics|Content Marketing|Excel,SEM|Copywriting|HTML|Market Research,12th,Media,Full-time,"Join the media team at Prism Works as a SEO Analyst. Your work supports digital transformation for a new product launch. You will research search demand, track organic conversions, and improve technical SEO checks. Use SEO, Google Analytics, Content Marketing to deliver clear, documented work. Collaborate with a team of 13 across customer success and sales. Success means measurable quality improvements. This is a fictional demonstration listing; no employer receives applications.",4.1,2026-09-10,2026-12-15,true
SYN-0205,Customer Support Executive,Orbit Partners,Chennai,330000,510000,3,5,Customer Support|Communication|CRM|Ticketing|Email Support,Zendesk|Chat Support|Conflict Resolution,12th,Finance,Contract,"Join the finance team at Orbit Partners as a Customer Support Executive. Your work supports subscription growth for regional service teams. You will resolve customer tickets, meet response time targets, and identify recurring service problems. Use Customer Support, Communication, CRM to deliver clear, documented work. Collaborate with a team of 13 across customer success and sales. Success means reliable weekly delivery. This is a fictional demonstration listing; no employer receives applications.",3.7,2026-09-04,2026-12-08,true
SYN-0206,Operations Analyst,Evergreen Systems,Ahmedabad,570000,750000,2,5,Excel|SQL|Operations|Process Improvement,Power BI|Supply Chain|Inventory Management|Forecasting,BA,Logistics,Full-time,"Join the logistics team at Evergreen Systems as a Operations Analyst. Your work supports cost optimization for a cross-functional transformation program. You will monitor service metrics, identify process bottlenecks, and analyze fulfillment delays. Use Excel, SQL, Operations to deliver clear, documented work. Collaborate with a team of 5 across product and operations. Success means reliable weekly delivery. This is a fictional demonstration listing; no employer receives applications.",3.4,2026-09-09,2026-11-06,true
SYN-0207,Financial Analyst,Riverstone Works,Patna,960000,1310000,4,6,Excel|Financial Analysis|Accounting|Financial Modeling,SQL|Power BI|Budgeting|Valuation,BCom,Technology,Full-time,"Join the technology team at Riverstone Works as a Financial Analyst. Your work supports digital transformation for weekly business reviews. You will prepare budget variance reports, analyze monthly cash flow, and model unit economics. Use Excel, Financial Analysis, Accounting to deliver clear, documented work. Collaborate with a team of 12 across customer success and sales. Success means measurable quality improvements. This is a fictional demonstration listing; no employer receives applications.",3.4,2026-10-06,2026-12-14,true
SYN-0208,Cybersecurity Analyst,Cobalt Solutions,Remote,490000,740000,0,1,Cybersecurity|Networking|Linux|SIEM|Python,Splunk|Incident Response|Wireshark,BTech,Retail,Full-time,"Join the retail team at Cobalt Solutions as a Cybersecurity Analyst. Your work supports subscription growth for a new product launch. You will document response procedures, assess infrastructure vulnerabilities, and triage security alerts. Use Cybersecurity, Networking, Linux to deliver clear, documented work. Collaborate with a team of 8 across product and operations. Success means well-tested, reusable outputs. This is a fictional demonstration listing; no employer receives applications.",3.6,2026-10-03,2026-11-18,true
SYN-0209,Cloud Engineer,Orbit Systems,Kolkata,1140000,1320000,3,5,AWS|Linux|Networking|Docker,Terraform|Kubernetes|Azure|Monitoring,BTech,Media,Full-time,"Join the media team at Orbit Systems as a Cloud Engineer. Your work supports subscription growth for a cross-functional transformation program. You will improve deployment reliability, operate cloud infrastructure, and automate infrastructure changes. Use AWS, Linux, Networking to deliver clear, documented work. Collaborate with a team of 10 across finance and strategy. Success means measurable quality improvements. This is a fictional demonstration listing; no employer receives applications.",3.8,2026-09-14,2026-12-24,true
SYN-0210,Graphic Designer,Juniper Labs,Bangalore,270000,450000,0,2,Photoshop|Illustrator|Canva|Typography,Figma|Branding|Video Editing|InDesign,Diploma,Healthcare,Full-time,"Join the healthcare team at Juniper Labs as a Graphic Designer. Your work supports customer experience for an expanding customer base. You will prepare print layouts, adapt creative for digital channels, and design campaign assets. Use Photoshop, Illustrator, Canva to deliver clear, documented work. Collaborate with a team of 4 across customer success and sales. Success means measurable quality improvements. This is a fictional demonstration listing; no employer receives applications.",4.8,2026-09-29,2026-11-30,true
SYN-0211,Marketing Analyst,Evergreen Partners,Hyderabad,430000,610000,1,3,Excel|Market Research|Google Analytics|Campaign Analysis|SQL,Tableau|A/B Testing|Communication,BA,Finance,Full-time,"Join the finance team at Evergreen Partners as a Marketing Analyst. Your work supports service efficiency for an expanding customer base. You will research competitor positioning, measure marketing efficiency, and segment customer audiences. Use Excel, Market Research, Google Analytics to deliver clear, documented work. Collaborate with a team of 7 across customer success and sales. Success means measurable quality improvements. This is a fictional demonstration listing; no employer receives applications.",4.6,2026-09-21,2026-10-24,true
SYN-0212,HR Analyst,Nexa Labs,Delhi,330000,580000,0,2,Excel|HR Analytics|Communication|Reporting,SQL|Power BI|HRIS|Payroll,BA,Manufacturing,Full-time,"Join the manufacturing team at Nexa Labs as a HR Analyst. Your work supports digital transformation for regional service teams. You will analyze workforce trends, monitor employee retention, and report recruitment efficiency. Use Excel, HR Analytics, Communication to deliver clear, documented work. Collaborate with a team of 11 across design and engineering. Success means reliable weekly delivery. This is a fictional demonstration listing; no employer receives applications.",4.5,2026-08-28,2026-12-01,true
SYN-0213,Business Intelligence Analyst,Prism Works,Noida,440000,790000,0,3,SQL|Power BI|Data Modeling|Data Visualization,Tableau|DAX|Excel|Stakeholder Management,BSc,Technology,Full-time,"Join the technology team at Prism Works as a Business Intelligence Analyst. Your work supports regional expansion for a new product launch. You will document reporting models, build self-service analytics, and translate business questions into dashboards. Use SQL, Power BI, Data Modeling to deliver clear, documented work. Collaborate with a team of 9 across design and engineering. Success means measurable quality improvements. This is a fictional demonstration listing; no employer receives applications.",4.7,2026-09-11,2026-11-24,true
SYN-0214,Quality Assurance Analyst,Lumina Partners,Gurugram,410000,530000,1,3,Quality Assurance|SQL|Communication|Problem Solving|Python,Jira|REST API|Agile,Diploma,Media,Contract,"Join the media team at Lumina Partners as a Quality Assurance Analyst. Your work supports digital transformation for a cross-functional transformation program. You will verify data integrity, reproduce reported defects, and track release readiness. Use Quality Assurance, SQL, Communication to deliver clear, documented work. Collaborate with a team of 6 across design and engineering. Success means clear stakeholder communication. This is a fictional demonstration listing; no employer receives applications.",4.4,2026-09-27,2026-12-16,true
SYN-0215,UX Researcher,Maple Works,Mumbai,490000,610000,1,3,UX Research|Figma|Communication|Prototyping,UI Design|A/B Testing|Accessibility|Presentation,BA,Manufacturing,Full-time,"Join the manufacturing team at Maple Works as a UX Researcher. Your work supports quality improvement for an expanding customer base. You will conduct usability sessions, synthesize research findings, and validate interface prototypes. Use UX Research, Figma, Communication to deliver clear, documented work. Collaborate with a team of 17 across finance and strategy. Success means well-tested, reusable outputs. This is a fictional demonstration listing; no employer receives applications.",4.7,2026-09-15,2026-11-06,true
SYN-0216,Data Engineer,Nimbus Solutions,Pune,590000,840000,0,1,Python|SQL|ETL|Data Modeling|PostgreSQL,Spark|Azure|AWS|Databricks,BTech,Manufacturing,Full-time,"Join the manufacturing team at Nimbus Solutions as a Data Engineer. Your work supports cost optimization for a new product launch. You will design analytical storage, enforce data quality contracts, and build ingestion pipelines. Use Python, SQL, ETL to deliver clear, documented work. Collaborate with a team of 6 across customer success and sales. Success means clear stakeholder communication. This is a fictional demonstration listing; no employer receives applications.",4.3,2026-09-03,2026-11-20,true
SYN-0217,Data Analyst,Lumina Partners,Ahmedabad,380000,560000,0,1,SQL|Excel|Python|Power BI|Statistics|Data Cleaning|Pandas,Tableau|DAX|Presentation|ETL,Diploma,Manufacturing,Full-time,"Join the manufacturing team at Lumina Partners as a Data Analyst. Your work supports inventory accuracy for an expanding customer base. You will validate transaction data, build weekly KPI dashboards, and explain customer retention. Use SQL, Excel, Python to deliver clear, documented work. Collaborate with a team of 18 across finance and strategy. Success means clear stakeholder communication. This is a fictional demonstration listing; no employer receives applications.",3.4,2026-09-15,2026-12-03,true
SYN-0218,Business Analyst,Nimbus Systems,Patna,410000,760000,0,1,SQL|Excel|Business Analysis|Requirements Gathering|Communication,Agile|Jira|Tableau|Process Improvement,BA,Manufacturing,Full-time,"Join the manufacturing team at Nimbus Systems as a Business Analyst. Your work supports quality improvement for an expanding customer base. You will document business requirements, interview stakeholders, and evaluate product changes. Use SQL, Excel, Business Analysis to deliver clear, documented work. Collaborate with a team of 8 across customer success and sales. Success means measurable quality improvements. This is a fictional demonstration listing; no employer receives applications.",4.4,2026-09-15,2026-12-16,true
SYN-0219,Power BI Developer,Northstar Labs,Remote,450000,800000,0,2,Power BI|DAX|SQL|Power Query|Data Modeling,Azure|ETL|Excel|Dashboard Design,BTech,Finance,Full-time,"Join the finance team at Northstar Labs as a Power BI Developer. Your work supports service efficiency for a new product launch. You will design dimensional models, reconcile reporting metrics, and publish operational dashboards. Use Power BI, DAX, SQL to deliver clear, documented work. Collaborate with a team of 18 across design and engineering. Success means reliable weekly delivery. This is a fictional demonstration listing; no employer receives applications.",4.0,2026-09-03,2026-12-18,true
SYN-0220,MIS Executive,Cedar Labs,Kolkata,240000,360000,0,3,Excel|Reporting|Data Cleaning|Communication|Excel VBA,SQL|Power BI|Advanced Excel,12th,Logistics,Internship,"Join the logistics team at Cedar Labs as a MIS Executive. Your work supports inventory accuracy for weekly business reviews. You will prepare management summaries, reconcile inventory records, and maintain daily reports. Use Excel, Reporting, Data Cleaning to deliver clear, documented work. Collaborate with a team of 13 across product and operations. Success means reliable weekly delivery. This is a fictional demonstration listing; no employer receives applications.",3.5,2026-08-30,2027-01-05,true
SYN-0221,SQL Developer,Riverstone Labs,Bangalore,340000,460000,0,1,SQL|PostgreSQL|Database Design|ETL,Python|SQL Server|Advanced SQL|Git,BCA,Logistics,Full-time,"Join the logistics team at Riverstone Labs as a SQL Developer. Your work supports cost optimization for an expanding customer base. You will optimize database queries, design warehouse tables, and build scheduled data pipelines. Use SQL, PostgreSQL, Database Design to deliver clear, documented work. Collaborate with a team of 14 across customer success and sales. Success means reliable weekly delivery. This is a fictional demonstration listing; no employer receives applications.",3.3,2026-09-13,2026-12-15,true
SYN-0222,Python Developer,Cobalt Labs,Hyderabad,990000,1240000,4,5,Python|Flask|SQL|Git|REST API,Django|FastAPI|Docker|Linux,Diploma,Finance,Full-time,"Join the finance team at Cobalt Labs as a Python Developer. Your work supports cost optimization for weekly business reviews. You will write integration tests, build backend APIs, and improve service reliability. Use Python, Flask, SQL to deliver clear, documented work. Collaborate with a team of 18 across finance and strategy. Success means measurable quality improvements. This is a fictional demonstration listing; no employer receives applications.",3.8,2026-09-07,2026-10-28,true
SYN-0223,Junior Data Scientist,Nimbus Solutions,Delhi,640000,990000,1,2,Python|Statistics|Machine Learning|Pandas|SQL|Feature Engineering,Scikit-learn|NLP|A/B Testing,BSc,Finance,Full-time,"Join the finance team at Nimbus Solutions as a Junior Data Scientist. Your work supports service efficiency for regional service teams. You will prototype demand forecasts, evaluate classification models, and explain model errors. Use Python, Statistics, Machine Learning to deliver clear, documented work. Collaborate with a team of 11 across finance and strategy. Success means measurable quality improvements. This is a fictional demonstration listing; no employer receives applications.",3.5,2026-08-30,2026-12-11,true
SYN-0224,Machine Learning Engineer,Nimbus Systems,Noida,690000,940000,0,2,Python|Machine Learning|Scikit-learn|Docker|Model Evaluation,PyTorch|TensorFlow|MLOps|AWS,BTech,Logistics,Full-time,"Join the logistics team at Nimbus Systems as a Machine Learning Engineer. Your work supports quality improvement for weekly business reviews. You will build reproducible ML pipelines, monitor model drift, and optimize inference workloads. Use Python, Machine Learning, Scikit-learn to deliver clear, documented work. Collaborate with a team of 14 across customer success and sales. Success means well-tested, reusable outputs. This is a fictional demonstration listing; no employer receives applications.",4.1,2026-09-15,2026-12-19,true
SYN-0225,Software Developer,Riverstone Works,Gurugram,710000,830000,2,3,Java|SQL|Git|OOP|Algorithms,Python|Docker|REST API|Agile,BTech,Manufacturing,Full-time,"Join the manufacturing team at Riverstone Works as a Software Developer. Your work supports quality improvement for a cross-functional transformation program. You will review maintainable code, resolve production defects, and improve automated testing. Use Java, SQL, Git to deliver clear, documented work. Collaborate with a team of 14 across product and operations. Success means clear stakeholder communication. This is a fictional demonstration listing; no employer receives applications.",4.0,2026-09-17,2026-10-25,true
SYN-0226,Web Developer,Nexa Solutions,Mumbai,720000,900000,5,7,HTML|CSS|JavaScript|React|Git|Bootstrap,Node.js|TypeScript|Accessibility,Diploma,Media,Full-time,"Join the media team at Nexa Solutions as a Web Developer. Your work supports quality improvement for a new product launch. You will create reusable UI components, integrate REST APIs, and optimize page performance. Use HTML, CSS, JavaScript to deliver clear, documented work. Collaborate with a team of 11 across product and operations. Success means well-tested, reusable outputs. This is a fictional demonstration listing; no employer receives applications.",3.5,2026-09-29,2026-10-27,true
SYN-0227,Digital Marketing Analyst,Northstar Solutions,Pune,370000,720000,1,2,Google Analytics|SEO|Excel|Digital Marketing,Google Ads|SQL|Campaign Analysis|Power BI,BA,Manufacturing,Full-time,"Join the manufacturing team at Northstar Solutions as a Digital Marketing Analyst. Your work supports customer experience for a new product launch. You will build attribution reports, recommend landing page experiments, and audit acquisition channels. Use Google Analytics, SEO, Excel to deliver clear, documented work. Collaborate with a team of 11 across customer success and sales. Success means well-tested, reusable outputs. This is a fictional demonstration listing; no employer receives applications.",4.0,2026-09-04,2026-12-01,true
SYN-0228,SEO Analyst,Cedar Partners,Chennai,270000,450000,0,3,SEO|Google Analytics|Content Marketing|Excel,SEM|Copywriting|HTML|Market Research,12th,Finance,Contract,"Join the finance team at Cedar Partners as a SEO Analyst. Your work supports customer experience for weekly business reviews. You will improve technical SEO checks, track organic conversions, and research search demand. Use SEO, Google Analytics, Content Marketing to deliver clear, documented work. Collaborate with a team of 17 across product and operations. Success means measurable quality improvements. This is a fictional demonstration listing; no employer receives applications.",3.8,2026-09-06,2026-10-28,true
SYN-0229,Customer Support Executive,Northstar Partners,Ahmedabad,220000,400000,0,2,Customer Support|Communication|CRM|Ticketing|Chat Support,Zendesk|Email Support|Conflict Resolution,12th,Technology,Full-time,"Join the technology team at Northstar Partners as a Customer Support Executive. Your work supports regional expansion for an expanding customer base. You will resolve customer tickets, meet response time targets, and identify recurring service problems. Use Customer Support, Communication, CRM to deliver clear, documented work. Collaborate with a team of 18 across product and operations. Success means reliable weekly delivery. This is a fictional demonstration listing; no employer receives applications.",4.5,2026-09-22,2026-10-25,true
SYN-0230,Operations Analyst,Meridian Labs,Patna,400000,580000,1,4,Excel|SQL|Operations|Process Improvement,Power BI|Supply Chain|Inventory Management|Forecasting,BA,Logistics,Full-time,"Join the logistics team at Meridian Labs as a Operations Analyst. Your work supports customer experience for a new product launch. You will plan operational capacity, analyze fulfillment delays, and monitor service metrics. Use Excel, SQL, Operations to deliver clear, documented work. Collaborate with a team of 15 across finance and strategy. Success means reliable weekly delivery. This is a fictional demonstration listing; no employer receives applications.",3.3,2026-08-31,2026-12-30,true
SYN-0231,Financial Analyst,Cedar Systems,Remote,840000,1020000,4,6,Excel|Financial Analysis|Accounting|Financial Modeling,SQL|Power BI|Budgeting|Valuation,BCom,Retail,Full-time,"Join the retail team at Cedar Systems as a Financial Analyst. Your work supports cost optimization for an expanding customer base. You will validate financial assumptions, model unit economics, and analyze monthly cash flow. Use Excel, Financial Analysis, Accounting to deliver clear, documented work. Collaborate with a team of 6 across design and engineering. Success means reliable weekly delivery. This is a fictional demonstration listing; no employer receives applications.",3.4,2026-09-12,2026-11-25,true
SYN-0232,Cybersecurity Analyst,Lumina Labs,Kolkata,490000,840000,0,3,Cybersecurity|Networking|Linux|SIEM|Splunk,Incident Response|Wireshark|Python,BTech,Retail,Full-time,"Join the retail team at Lumina Labs as a Cybersecurity Analyst. Your work supports service efficiency for a new product launch. You will document response procedures, assess infrastructure vulnerabilities, and triage security alerts. Use Cybersecurity, Networking, Linux to deliver clear, documented work. Collaborate with a team of 17 across customer success and sales. Success means measurable quality improvements. This is a fictional demonstration listing; no employer receives applications.",4.2,2026-09-11,2026-12-03,true
SYN-0233,Cloud Engineer,Orbit Solutions,Bangalore,700000,950000,0,1,AWS|Linux|Networking|Docker,Terraform|Kubernetes|Azure|Monitoring,BTech,Technology,Full-time,"Join the technology team at Orbit Solutions as a Cloud Engineer. Your work supports cost optimization for a new product launch. You will automate infrastructure changes, improve deployment reliability, and monitor system capacity. Use AWS, Linux, Networking to deliver clear, documented work. Collaborate with a team of 12 across design and engineering. Success means measurable quality improvements. This is a fictional demonstration listing; no employer receives applications.",3.9,2026-10-05,2026-12-04,true
SYN-0234,Graphic Designer,Meridian Labs,Hyderabad,240000,360000,0,2,Photoshop|Illustrator|Canva|Typography,Figma|Branding|Video Editing|InDesign,Diploma,Finance,Internship,"Join the finance team at Meridian Labs as a Graphic Designer. Your work supports service efficiency for weekly business reviews. You will adapt creative for digital channels, design campaign assets, and maintain visual guidelines. Use Photoshop, Illustrator, Canva to deliver clear, documented work. Collaborate with a team of 11 across finance and strategy. Success means clear stakeholder communication. This is a fictional demonstration listing; no employer receives applications.",4.6,2026-10-02,2026-11-09,true
SYN-0235,Marketing Analyst,Lumina Solutions,Delhi,440000,620000,1,2,Excel|Market Research|Google Analytics|Campaign Analysis|SQL,Tableau|A/B Testing|Communication,BA,Healthcare,Full-time,"Join the healthcare team at Lumina Solutions as a Marketing Analyst. Your work supports regional expansion for a cross-functional transformation program. You will present customer insights, measure marketing efficiency, and segment customer audiences. Use Excel, Market Research, Google Analytics to deliver clear, documented work. Collaborate with a team of 14 across design and engineering. Success means clear stakeholder communication. This is a fictional demonstration listing; no employer receives applications.",4.9,2026-09-03,2026-12-22,true
SYN-0236,HR Analyst,Cedar Labs,Noida,430000,680000,2,4,Excel|HR Analytics|Communication|Reporting,SQL|Power BI|HRIS|Payroll,BA,Education,Full-time,"Join the education team at Cedar Labs as a HR Analyst. Your work supports customer experience for a cross-functional transformation program. You will audit HR data quality, report recruitment efficiency, and monitor employee retention. Use Excel, HR Analytics, Communication to deliver clear, documented work. Collaborate with a team of 11 across customer success and sales. Success means measurable quality improvements. This is a fictional demonstration listing; no employer receives applications.",3.3,2026-10-06,2026-10-30,true
SYN-0237,Business Intelligence Analyst,Nimbus Partners,Gurugram,240000,420000,0,1,SQL|Power BI|Data Modeling|Data Visualization,Tableau|DAX|Excel|Stakeholder Management,BSc,Technology,Internship,"Join the technology team at Nimbus Partners as a Business Intelligence Analyst. Your work supports subscription growth for an expanding customer base. You will document reporting models, translate business questions into dashboards, and define consistent KPI metrics. Use SQL, Power BI, Data Modeling to deliver clear, documented work. Collaborate with a team of 10 across design and engineering. Success means well-tested, reusable outputs. This is a fictional demonstration listing; no employer receives applications.",4.1,2026-09-28,2027-01-05,true
SYN-0238,Quality Assurance Analyst,Riverstone Systems,Mumbai,590000,840000,3,4,Quality Assurance|SQL|Communication|Problem Solving|REST API,Python|Jira|Agile,Diploma,Education,Full-time,"Join the education team at Riverstone Systems as a Quality Assurance Analyst. Your work supports regional expansion for weekly business reviews. You will verify data integrity, track release readiness, and design test scenarios. Use Quality Assurance, SQL, Communication to deliver clear, documented work. Collaborate with a team of 6 across finance and strategy. Success means measurable quality improvements. This is a fictional demonstration listing; no employer receives applications.",3.2,2026-09-06,2026-11-06,true
SYN-0239,UX Researcher,Evergreen Solutions,Pune,910000,1160000,5,7,UX Research|Figma|Communication|Prototyping,UI Design|A/B Testing|Accessibility|Presentation,BA,Media,Full-time,"Join the media team at Evergreen Solutions as a UX Researcher. Your work supports quality improvement for weekly business reviews. You will conduct usability sessions, present user journey insights, and synthesize research findings. Use UX Research, Figma, Communication to deliver clear, documented work. Collaborate with a team of 10 across product and operations. Success means reliable weekly delivery. This is a fictional demonstration listing; no employer receives applications.",4.3,2026-10-03,2027-01-03,true
SYN-0240,Data Engineer,Cobalt Partners,Chennai,600000,950000,0,3,Python|SQL|ETL|Data Modeling|PostgreSQL,Spark|Azure|AWS|Databricks,BTech,Retail,Full-time,"Join the retail team at Cobalt Partners as a Data Engineer. Your work supports digital transformation for regional service teams. You will enforce data quality contracts, design analytical storage, and build ingestion pipelines. Use Python, SQL, ETL to deliver clear, documented work. Collaborate with a team of 8 across finance and strategy. Success means clear stakeholder communication. This is a fictional demonstration listing; no employer receives applications.",3.8,2026-09-09,2026-12-09,true
SYN-0241,Data Analyst,Cedar Solutions,Patna,490000,740000,1,4,SQL|Excel|Python|Power BI|Statistics|Data Cleaning|ETL,Tableau|DAX|Pandas|Presentation,Diploma,Logistics,Full-time,"Join the logistics team at Cedar Solutions as a Data Analyst. Your work supports regional expansion for weekly business reviews. You will explain customer retention, build weekly KPI dashboards, and analyze sales funnels. Use SQL, Excel, Python to deliver clear, documented work. Collaborate with a team of 15 across design and engineering. Success means well-tested, reusable outputs. This is a fictional demonstration listing; no employer receives applications.",4.5,2026-10-01,2026-12-03,true
SYN-0242,Business Analyst,Maple Solutions,Remote,550000,730000,2,5,SQL|Excel|Business Analysis|Requirements Gathering|Communication,Agile|Jira|Tableau|Process Improvement,BA,Manufacturing,Full-time,"Join the manufacturing team at Maple Solutions as a Business Analyst. Your work supports subscription growth for a cross-functional transformation program. You will document business requirements, map operational workflows, and evaluate product changes. Use SQL, Excel, Business Analysis to deliver clear, documented work. Collaborate with a team of 14 across design and engineering. Success means clear stakeholder communication. This is a fictional demonstration listing; no employer receives applications.",4.8,2026-09-18,2026-11-05,true
SYN-0243,Power BI Developer,Riverstone Labs,Kolkata,820000,1070000,2,4,Power BI|DAX|SQL|Power Query|Data Modeling,Azure|ETL|Excel|Dashboard Design,BTech,Healthcare,Full-time,"Join the healthcare team at Riverstone Labs as a Power BI Developer. Your work supports inventory accuracy for a new product launch. You will design dimensional models, publish operational dashboards, and reconcile reporting metrics. Use Power BI, DAX, SQL to deliver clear, documented work. Collaborate with a team of 18 across finance and strategy. Success means measurable quality improvements. This is a fictional demonstration listing; no employer receives applications.",4.4,2026-09-12,2026-12-18,true
SYN-0244,MIS Executive,Meridian Solutions,Bangalore,270000,390000,1,3,Excel|Reporting|Data Cleaning|Communication|Excel VBA,SQL|Power BI|Advanced Excel,12th,Healthcare,Full-time,"Join the healthcare team at Meridian Solutions as a MIS Executive. Your work supports service efficiency for weekly business reviews. You will reconcile inventory records, maintain daily reports, and prepare management summaries. Use Excel, Reporting, Data Cleaning to deliver clear, documented work. Collaborate with a team of 17 across customer success and sales. Success means clear stakeholder communication. This is a fictional demonstration listing; no employer receives applications.",4.3,2026-09-18,2027-01-04,true
SYN-0245,SQL Developer,Bluepeak Works,Hyderabad,650000,1000000,2,5,SQL|PostgreSQL|Database Design|ETL,Python|SQL Server|Advanced SQL|Git,BCA,Healthcare,Contract,"Join the healthcare team at Bluepeak Works as a SQL Developer. Your work supports cost optimization for regional service teams. You will build scheduled data pipelines, design warehouse tables, and audit data consistency. Use SQL, PostgreSQL, Database Design to deliver clear, documented work. Collaborate with a team of 6 across finance and strategy. Success means clear stakeholder communication. This is a fictional demonstration listing; no employer receives applications.",4.0,2026-10-06,2026-12-21,true
SYN-0246,Python Developer,Meridian Labs,Delhi,120000,300000,0,3,Python|Flask|SQL|Git|REST API,Django|FastAPI|Docker|Linux,Diploma,Education,Internship,"Join the education team at Meridian Labs as a Python Developer. Your work supports subscription growth for a new product launch. You will improve service reliability, maintain internal automation, and build backend APIs. Use Python, Flask, SQL to deliver clear, documented work. Collaborate with a team of 14 across customer success and sales. Success means reliable weekly delivery. This is a fictional demonstration listing; no employer receives applications.",4.8,2026-09-12,2026-11-30,true
SYN-0247,Junior Data Scientist,Cobalt Solutions,Noida,240000,360000,0,2,Python|Statistics|Machine Learning|Pandas|SQL|A/B Testing,Scikit-learn|NLP|Feature Engineering,BSc,Finance,Internship,"Join the finance team at Cobalt Solutions as a Junior Data Scientist. Your work supports inventory accuracy for a cross-functional transformation program. You will prepare experimentation datasets, prototype demand forecasts, and explain model errors. Use Python, Statistics, Machine Learning to deliver clear, documented work. Collaborate with a team of 8 across design and engineering. Success means clear stakeholder communication. This is a fictional demonstration listing; no employer receives applications.",4.1,2026-09-10,2026-10-29,true
SYN-0248,Machine Learning Engineer,Aster Labs,Gurugram,990000,1340000,1,3,Python|Machine Learning|Scikit-learn|Docker|Model Evaluation,PyTorch|TensorFlow|MLOps|AWS,BTech,Education,Full-time,"Join the education team at Aster Labs as a Machine Learning Engineer. Your work supports inventory accuracy for weekly business reviews. You will optimize inference workloads, serve prediction models, and monitor model drift. Use Python, Machine Learning, Scikit-learn to deliver clear, documented work. Collaborate with a team of 16 across customer success and sales. Success means reliable weekly delivery. This is a fictional demonstration listing; no employer receives applications.",3.4,2026-09-19,2027-01-04,true
SYN-0249,Software Developer,Aster Labs,Mumbai,690000,1040000,3,4,Java|SQL|Git|OOP|Algorithms,Python|Docker|REST API|Agile,BTech,Retail,Full-time,"Join the retail team at Aster Labs as a Software Developer. Your work supports customer experience for a new product launch. You will resolve production defects, improve automated testing, and implement service features. Use Java, SQL, Git to deliver clear, documented work. Collaborate with a team of 16 across product and operations. Success means reliable weekly delivery. This is a fictional demonstration listing; no employer receives applications.",4.9,2026-09-16,2026-12-30,true
SYN-0250,Web Developer,Cobalt Systems,Pune,370000,490000,1,4,HTML|CSS|JavaScript|React|Git|TypeScript,Node.js|Accessibility|Bootstrap,Diploma,Finance,Full-time,"Join the finance team at Cobalt Systems as a Web Developer. Your work supports service efficiency for a new product launch. You will create reusable UI components, optimize page performance, and build accessible interfaces. Use HTML, CSS, JavaScript to deliver clear, documented work. Collaborate with a team of 17 across product and operations. Success means reliable weekly delivery. This is a fictional demonstration listing; no employer receives applications.",4.0,2026-09-20,2026-12-15,true
SYN-0251,Digital Marketing Analyst,Nexa Systems,Chennai,440000,690000,2,5,Google Analytics|SEO|Excel|Digital Marketing,Google Ads|SQL|Campaign Analysis|Power BI,BA,Education,Full-time,"Join the education team at Nexa Systems as a Digital Marketing Analyst. Your work supports subscription growth for an expanding customer base. You will audit acquisition channels, recommend landing page experiments, and build attribution reports. Use Google Analytics, SEO, Excel to deliver clear, documented work. Collaborate with a team of 16 across customer success and sales. Success means measurable quality improvements. This is a fictional demonstration listing; no employer receives applications.",3.8,2026-09-19,2026-12-06,true
SYN-0252,SEO Analyst,Maple Solutions,Ahmedabad,310000,560000,0,1,SEO|Google Analytics|Content Marketing|Excel,SEM|Copywriting|HTML|Market Research,12th,Retail,Full-time,"Join the retail team at Maple Solutions as a SEO Analyst. Your work supports inventory accuracy for weekly business reviews. You will audit site content, track organic conversions, and research search demand. Use SEO, Google Analytics, Content Marketing to deliver clear, documented work. Collaborate with a team of 6 across product and operations. Success means reliable weekly delivery. This is a fictional demonstration listing; no employer receives applications.",4.3,2026-09-30,2026-12-15,true
SYN-0253,Customer Support Executive,Riverstone Partners,Patna,280000,400000,1,4,Customer Support|Communication|CRM|Ticketing|Zendesk,Email Support|Chat Support|Conflict Resolution,12th,Media,Full-time,"Join the media team at Riverstone Partners as a Customer Support Executive. Your work supports digital transformation for weekly business reviews. You will resolve customer tickets, identify recurring service problems, and maintain accurate case notes. Use Customer Support, Communication, CRM to deliver clear, documented work. Collaborate with a team of 16 across product and operations. Success means well-tested, reusable outputs. This is a fictional demonstration listing; no employer receives applications.",4.9,2026-10-07,2026-12-07,true
SYN-0254,Operations Analyst,Lumina Works,Remote,320000,570000,0,2,Excel|SQL|Operations|Process Improvement,Power BI|Supply Chain|Inventory Management|Forecasting,BA,Education,Contract,"Join the education team at Lumina Works as a Operations Analyst. Your work supports subscription growth for an expanding customer base. You will identify process bottlenecks, analyze fulfillment delays, and plan operational capacity. Use Excel, SQL, Operations to deliver clear, documented work. Collaborate with a team of 13 across finance and strategy. Success means clear stakeholder communication. This is a fictional demonstration listing; no employer receives applications.",4.6,2026-09-17,2026-11-25,true
SYN-0255,Financial Analyst,Riverstone Solutions,Kolkata,610000,960000,2,4,Excel|Financial Analysis|Accounting|Financial Modeling,SQL|Power BI|Budgeting|Valuation,BCom,Logistics,Full-time,"Join the logistics team at Riverstone Solutions as a Financial Analyst. Your work supports service efficiency for weekly business reviews. You will model unit economics, validate financial assumptions, and prepare budget variance reports. Use Excel, Financial Analysis, Accounting to deliver clear, documented work. Collaborate with a team of 9 across design and engineering. Success means clear stakeholder communication. This is a fictional demonstration listing; no employer receives applications.",3.6,2026-09-23,2026-11-18,true
SYN-0256,Cybersecurity Analyst,Orbit Labs,Bangalore,710000,960000,1,4,Cybersecurity|Networking|Linux|SIEM|Incident Response,Splunk|Wireshark|Python,BTech,Technology,Full-time,"Join the technology team at Orbit Labs as a Cybersecurity Analyst. Your work supports service efficiency for a cross-functional transformation program. You will investigate suspicious logs, assess infrastructure vulnerabilities, and triage security alerts. Use Cybersecurity, Networking, Linux to deliver clear, documented work. Collaborate with a team of 14 across design and engineering. Success means measurable quality improvements. This is a fictional demonstration listing; no employer receives applications.",3.6,2026-09-09,2026-11-04,true
SYN-0257,Cloud Engineer,Nimbus Solutions,Hyderabad,730000,850000,1,3,AWS|Linux|Networking|Docker,Terraform|Kubernetes|Azure|Monitoring,BTech,Technology,Full-time,"Join the technology team at Nimbus Solutions as a Cloud Engineer. Your work supports customer experience for a new product launch. You will operate cloud infrastructure, improve deployment reliability, and monitor system capacity. Use AWS, Linux, Networking to deliver clear, documented work. Collaborate with a team of 10 across customer success and sales. Success means reliable weekly delivery. This is a fictional demonstration listing; no employer receives applications.",3.4,2026-10-04,2026-10-29,true
SYN-0258,Graphic Designer,Nexa Labs,Delhi,220000,470000,0,1,Photoshop|Illustrator|Canva|Typography,Figma|Branding|Video Editing|InDesign,Diploma,Healthcare,Full-time,"Join the healthcare team at Nexa Labs as a Graphic Designer. Your work supports digital transformation for a cross-functional transformation program. You will prepare print layouts, maintain visual guidelines, and design campaign assets. Use Photoshop, Illustrator, Canva to deliver clear, documented work. Collaborate with a team of 15 across design and engineering. Success means measurable quality improvements. This is a fictional demonstration listing; no employer receives applications.",4.7,2026-09-24,2026-11-26,true
SYN-0259,Marketing Analyst,Aster Solutions,Noida,500000,620000,1,3,Excel|Market Research|Google Analytics|Campaign Analysis|Tableau,SQL|A/B Testing|Communication,BA,Finance,Full-time,"Join the finance team at Aster Solutions as a Marketing Analyst. Your work supports regional expansion for regional service teams. You will segment customer audiences, measure marketing efficiency, and research competitor positioning. Use Excel, Market Research, Google Analytics to deliver clear, documented work. Collaborate with a team of 13 across product and operations. Success means clear stakeholder communication. This is a fictional demonstration listing; no employer receives applications.",3.6,2026-09-15,2026-12-18,true
SYN-0260,HR Analyst,Meridian Labs,Gurugram,700000,1050000,5,8,Excel|HR Analytics|Communication|Reporting,SQL|Power BI|HRIS|Payroll,BA,Manufacturing,Full-time,"Join the manufacturing team at Meridian Labs as a HR Analyst. Your work supports customer experience for weekly business reviews. You will report recruitment efficiency, analyze workforce trends, and monitor employee retention. Use Excel, HR Analytics, Communication to deliver clear, documented work. Collaborate with a team of 17 across product and operations. Success means reliable weekly delivery. This is a fictional demonstration listing; no employer receives applications.",3.9,2026-10-02,2026-12-17,true
SYN-0261,Business Intelligence Analyst,Aster Solutions,Mumbai,490000,740000,0,3,SQL|Power BI|Data Modeling|Data Visualization,Tableau|DAX|Excel|Stakeholder Management,BSc,Manufacturing,Full-time,"Join the manufacturing team at Aster Solutions as a Business Intelligence Analyst. Your work supports service efficiency for weekly business reviews. You will document reporting models, define consistent KPI metrics, and build self-service analytics. Use SQL, Power BI, Data Modeling to deliver clear, documented work. Collaborate with a team of 11 across product and operations. Success means well-tested, reusable outputs. This is a fictional demonstration listing; no employer receives applications.",4.7,2026-09-09,2026-10-24,true
SYN-0262,Quality Assurance Analyst,Maple Partners,Pune,330000,580000,0,1,Quality Assurance|SQL|Communication|Problem Solving|Python,Jira|REST API|Agile,Diploma,Logistics,Full-time,"Join the logistics team at Maple Partners as a Quality Assurance Analyst. Your work supports subscription growth for regional service teams. You will track release readiness, design test scenarios, and reproduce reported defects. Use Quality Assurance, SQL, Communication to deliver clear, documented work. Collaborate with a team of 5 across product and operations. Success means well-tested, reusable outputs. This is a fictional demonstration listing; no employer receives applications.",4.5,2026-09-28,2026-12-12,true
SYN-0263,UX Researcher,Lumina Partners,Chennai,560000,680000,1,3,UX Research|Figma|Communication|Prototyping,UI Design|A/B Testing|Accessibility|Presentation,BA,Healthcare,Full-time,"Join the healthcare team at Lumina Partners as a UX Researcher. Your work supports quality improvement for regional service teams. You will validate interface prototypes, synthesize research findings, and present user journey insights. Use UX Research, Figma, Communication to deliver clear, documented work. Collaborate with a team of 16 across design and engineering. Success means measurable quality improvements. This is a fictional demonstration listing; no employer receives applications.",3.8,2026-08-29,2026-11-06,true
SYN-0264,Data Engineer,Northstar Partners,Ahmedabad,510000,690000,0,2,Python|SQL|ETL|Data Modeling|PostgreSQL,Spark|Azure|AWS|Databricks,BTech,Media,Full-time,"Join the media team at Northstar Partners as a Data Engineer. Your work supports inventory accuracy for a cross-functional transformation program. You will enforce data quality contracts, build ingestion pipelines, and monitor dataset freshness. Use Python, SQL, ETL to deliver clear, documented work. Collaborate with a team of 4 across product and operations. Success means reliable weekly delivery. This is a fictional demonstration listing; no employer receives applications.",3.5,2026-09-12,2026-11-02,true
SYN-0265,Data Analyst,Prism Labs,Remote,820000,1070000,5,7,SQL|Excel|Python|Power BI|Statistics|Data Cleaning|Presentation,Tableau|DAX|Pandas|ETL,Diploma,Manufacturing,Full-time,"Join the manufacturing team at Prism Labs as a Data Analyst. Your work supports subscription growth for an expanding customer base. You will build weekly KPI dashboards, validate transaction data, and analyze sales funnels. Use SQL, Excel, Python to deliver clear, documented work. Collaborate with a team of 13 across product and operations. Success means measurable quality improvements. This is a fictional demonstration listing; no employer receives applications.",3.5,2026-09-14,2026-11-14,true
SYN-0266,Business Analyst,Cedar Labs,Kolkata,760000,1010000,3,6,SQL|Excel|Business Analysis|Requirements Gathering|Communication,Agile|Jira|Tableau|Process Improvement,BA,Manufacturing,Full-time,"Join the manufacturing team at Cedar Labs as a Business Analyst. Your work supports regional expansion for a new product launch. You will map operational workflows, document business requirements, and interview stakeholders. Use SQL, Excel, Business Analysis to deliver clear, documented work. Collaborate with a team of 13 across design and engineering. Success means reliable weekly delivery. This is a fictional demonstration listing; no employer receives applications.",3.7,2026-09-28,2026-12-03,true
SYN-0267,Power BI Developer,Evergreen Partners,Bangalore,970000,1220000,3,6,Power BI|DAX|SQL|Power Query|Data Modeling,Azure|ETL|Excel|Dashboard Design,BTech,Technology,Full-time,"Join the technology team at Evergreen Partners as a Power BI Developer. Your work supports digital transformation for a cross-functional transformation program. You will optimize DAX measures, design dimensional models, and reconcile reporting metrics. Use Power BI, DAX, SQL to deliver clear, documented work. Collaborate with a team of 8 across finance and strategy. Success means measurable quality improvements. This is a fictional demonstration listing; no employer receives applications.",4.1,2026-09-03,2026-11-21,true
SYN-0268,MIS Executive,Riverstone Systems,Hyderabad,270000,390000,1,4,Excel|Reporting|Data Cleaning|Communication|Excel VBA,SQL|Power BI|Advanced Excel,12th,Finance,Full-time,"Join the finance team at Riverstone Systems as a MIS Executive. Your work supports cost optimization for a cross-functional transformation program. You will automate spreadsheet checks, prepare management summaries, and maintain daily reports. Use Excel, Reporting, Data Cleaning to deliver clear, documented work. Collaborate with a team of 16 across finance and strategy. Success means well-tested, reusable outputs. This is a fictional demonstration listing; no employer receives applications.",4.4,2026-09-22,2026-11-25,true
SYN-0269,SQL Developer,Nimbus Labs,Delhi,400000,750000,0,1,SQL|PostgreSQL|Database Design|ETL,Python|SQL Server|Advanced SQL|Git,BCA,Technology,Full-time,"Join the technology team at Nimbus Labs as a SQL Developer. Your work supports subscription growth for a new product launch. You will optimize database queries, design warehouse tables, and build scheduled data pipelines. Use SQL, PostgreSQL, Database Design to deliver clear, documented work. Collaborate with a team of 5 across design and engineering. Success means measurable quality improvements. This is a fictional demonstration listing; no employer receives applications.",4.6,2026-09-23,2026-12-10,true
SYN-0270,Python Developer,Cedar Partners,Noida,560000,810000,2,4,Python|Flask|SQL|Git|REST API,Django|FastAPI|Docker|Linux,Diploma,Logistics,Full-time,"Join the logistics team at Cedar Partners as a Python Developer. Your work supports digital transformation for weekly business reviews. You will build backend APIs, write integration tests, and improve service reliability. Use Python, Flask, SQL to deliver clear, documented work. Collaborate with a team of 13 across product and operations. Success means clear stakeholder communication. This is a fictional demonstration listing; no employer receives applications.",3.7,2026-09-19,2027-01-01,true
SYN-0271,Junior Data Scientist,Orbit Labs,Gurugram,580000,930000,1,4,Python|Statistics|Machine Learning|Pandas|SQL|Scikit-learn,NLP|A/B Testing|Feature Engineering,BSc,Finance,Full-time,"Join the finance team at Orbit Labs as a Junior Data Scientist. Your work supports inventory accuracy for a new product launch. You will explain model errors, evaluate classification models, and prepare experimentation datasets. Use Python, Statistics, Machine Learning to deliver clear, documented work. Collaborate with a team of 10 across finance and strategy. Success means reliable weekly delivery. This is a fictional demonstration listing; no employer receives applications.",3.3,2026-09-26,2026-12-04,true
SYN-0272,Machine Learning Engineer,Aster Partners,Mumbai,1010000,1260000,1,2,Python|Machine Learning|Scikit-learn|Docker|Model Evaluation,PyTorch|TensorFlow|MLOps|AWS,BTech,Manufacturing,Full-time,"Join the manufacturing team at Aster Partners as a Machine Learning Engineer. Your work supports cost optimization for a new product launch. You will serve prediction models, monitor model drift, and build reproducible ML pipelines. Use Python, Machine Learning, Scikit-learn to deliver clear, documented work. Collaborate with a team of 17 across product and operations. Success means reliable weekly delivery. This is a fictional demonstration listing; no employer receives applications.",4.8,2026-09-24,2027-01-05,true
SYN-0273,Software Developer,Lumina Labs,Pune,780000,900000,2,5,Java|SQL|Git|OOP|Algorithms,Python|Docker|REST API|Agile,BTech,Education,Full-time,"Join the education team at Lumina Labs as a Software Developer. Your work supports subscription growth for a new product launch. You will improve automated testing, resolve production defects, and implement service features. Use Java, SQL, Git to deliver clear, documented work. Collaborate with a team of 10 across product and operations. Success means reliable weekly delivery. This is a fictional demonstration listing; no employer receives applications.",3.6,2026-08-29,2026-11-08,true
SYN-0274,Web Developer,Nimbus Systems,Chennai,780000,1030000,4,6,HTML|CSS|JavaScript|React|Git|Accessibility,Node.js|TypeScript|Bootstrap,Diploma,Healthcare,Full-time,"Join the healthcare team at Nimbus Systems as a Web Developer. Your work supports inventory accuracy for a cross-functional transformation program. You will create reusable UI components, integrate REST APIs, and build accessible interfaces. Use HTML, CSS, JavaScript to deliver clear, documented work. Collaborate with a team of 12 across customer success and sales. Success means well-tested, reusable outputs. This is a fictional demonstration listing; no employer receives applications.",4.4,2026-10-06,2026-11-23,true
SYN-0275,Digital Marketing Analyst,Cedar Labs,Ahmedabad,430000,680000,1,4,Google Analytics|SEO|Excel|Digital Marketing,Google Ads|SQL|Campaign Analysis|Power BI,BA,Media,Full-time,"Join the media team at Cedar Labs as a Digital Marketing Analyst. Your work supports customer experience for a cross-functional transformation program. You will build attribution reports, audit acquisition channels, and measure campaign conversion. Use Google Analytics, SEO, Excel to deliver clear, documented work. Collaborate with a team of 9 across product and operations. Success means clear stakeholder communication. This is a fictional demonstration listing; no employer receives applications.",4.6,2026-09-15,2027-01-01,true
SYN-0276,SEO Analyst,Vantage Solutions,Patna,270000,450000,0,1,SEO|Google Analytics|Content Marketing|Excel,SEM|Copywriting|HTML|Market Research,12th,Logistics,Full-time,"Join the logistics team at Vantage Solutions as a SEO Analyst. Your work supports regional expansion for a new product launch. You will improve technical SEO checks, audit site content, and track organic conversions. Use SEO, Google Analytics, Content Marketing to deliver clear, documented work. Collaborate with a team of 15 across finance and strategy. Success means measurable quality improvements. This is a fictional demonstration listing; no employer receives applications.",3.4,2026-09-16,2026-10-29,true
SYN-0277,Customer Support Executive,Riverstone Systems,Remote,410000,760000,3,4,Customer Support|Communication|CRM|Ticketing|Email Support,Zendesk|Chat Support|Conflict Resolution,12th,Retail,Full-time,"Join the retail team at Riverstone Systems as a Customer Support Executive. Your work supports inventory accuracy for regional service teams. You will meet response time targets, identify recurring service problems, and resolve customer tickets. Use Customer Support, Communication, CRM to deliver clear, documented work. Collaborate with a team of 14 across product and operations. Success means well-tested, reusable outputs. This is a fictional demonstration listing; no employer receives applications.",3.6,2026-09-10,2026-11-11,true
SYN-0278,Operations Analyst,Nimbus Labs,Kolkata,240000,420000,0,2,Excel|SQL|Operations|Process Improvement,Power BI|Supply Chain|Inventory Management|Forecasting,BA,Retail,Internship,"Join the retail team at Nimbus Labs as a Operations Analyst. Your work supports digital transformation for weekly business reviews. You will analyze fulfillment delays, plan operational capacity, and identify process bottlenecks. Use Excel, SQL, Operations to deliver clear, documented work. Collaborate with a team of 12 across finance and strategy. Success means measurable quality improvements. This is a fictional demonstration listing; no employer receives applications.",4.2,2026-09-09,2026-12-01,true
SYN-0279,Financial Analyst,Juniper Labs,Bangalore,570000,920000,1,2,Excel|Financial Analysis|Accounting|Financial Modeling,SQL|Power BI|Budgeting|Valuation,BCom,Manufacturing,Full-time,"Join the manufacturing team at Juniper Labs as a Financial Analyst. Your work supports quality improvement for weekly business reviews. You will prepare budget variance reports, model unit economics, and validate financial assumptions. Use Excel, Financial Analysis, Accounting to deliver clear, documented work. Collaborate with a team of 12 across customer success and sales. Success means measurable quality improvements. This is a fictional demonstration listing; no employer receives applications.",3.9,2026-09-09,2026-11-19,true
SYN-0280,Cybersecurity Analyst,Juniper Labs,Hyderabad,480000,830000,0,3,Cybersecurity|Networking|Linux|SIEM|Splunk,Incident Response|Wireshark|Python,BTech,Finance,Contract,"Join the finance team at Juniper Labs as a Cybersecurity Analyst. Your work supports subscription growth for a new product launch. You will document response procedures, triage security alerts, and investigate suspicious logs. Use Cybersecurity, Networking, Linux to deliver clear, documented work. Collaborate with a team of 6 across design and engineering. Success means reliable weekly delivery. This is a fictional demonstration listing; no employer receives applications.",4.8,2026-09-25,2026-12-27,true
SYN-0281,Cloud Engineer,Bluepeak Solutions,Delhi,690000,1040000,1,2,AWS|Linux|Networking|Docker,Terraform|Kubernetes|Azure|Monitoring,BTech,Finance,Full-time,"Join the finance team at Bluepeak Solutions as a Cloud Engineer. Your work supports subscription growth for a cross-functional transformation program. You will automate infrastructure changes, monitor system capacity, and operate cloud infrastructure. Use AWS, Linux, Networking to deliver clear, documented work. Collaborate with a team of 8 across customer success and sales. Success means measurable quality improvements. This is a fictional demonstration listing; no employer receives applications.",4.2,2026-09-03,2026-11-20,true
SYN-0282,Graphic Designer,Riverstone Systems,Noida,120000,370000,0,3,Photoshop|Illustrator|Canva|Typography,Figma|Branding|Video Editing|InDesign,Diploma,Technology,Internship,"Join the technology team at Riverstone Systems as a Graphic Designer. Your work supports customer experience for a cross-functional transformation program. You will design campaign assets, prepare print layouts, and maintain visual guidelines. Use Photoshop, Illustrator, Canva to deliver clear, documented work. Collaborate with a team of 7 across product and operations. Success means clear stakeholder communication. This is a fictional demonstration listing; no employer receives applications.",4.1,2026-09-07,2026-12-05,true
SYN-0283,Marketing Analyst,Nimbus Partners,Gurugram,390000,510000,0,3,Excel|Market Research|Google Analytics|Campaign Analysis|Communication,SQL|Tableau|A/B Testing,BA,Logistics,Contract,"Join the logistics team at Nimbus Partners as a Marketing Analyst. Your work supports service efficiency for an expanding customer base. You will measure marketing efficiency, segment customer audiences, and research competitor positioning. Use Excel, Market Research, Google Analytics to deliver clear, documented work. Collaborate with a team of 17 across finance and strategy. Success means reliable weekly delivery. This is a fictional demonstration listing; no employer receives applications.",3.3,2026-09-20,2026-12-01,true
SYN-0284,HR Analyst,Juniper Labs,Mumbai,400000,650000,1,3,Excel|HR Analytics|Communication|Reporting,SQL|Power BI|HRIS|Payroll,BA,Finance,Full-time,"Join the finance team at Juniper Labs as a HR Analyst. Your work supports subscription growth for an expanding customer base. You will analyze workforce trends, monitor employee retention, and audit HR data quality. Use Excel, HR Analytics, Communication to deliver clear, documented work. Collaborate with a team of 7 across design and engineering. Success means clear stakeholder communication. This is a fictional demonstration listing; no employer receives applications.",3.4,2026-09-12,2026-11-22,true
SYN-0285,Business Intelligence Analyst,Aster Works,Pune,240000,360000,0,2,SQL|Power BI|Data Modeling|Data Visualization,Tableau|DAX|Excel|Stakeholder Management,BSc,Retail,Internship,"Join the retail team at Aster Works as a Business Intelligence Analyst. Your work supports regional expansion for a new product launch. You will translate business questions into dashboards, document reporting models, and define consistent KPI metrics. Use SQL, Power BI, Data Modeling to deliver clear, documented work. Collaborate with a team of 9 across product and operations. Success means well-tested, reusable outputs. This is a fictional demonstration listing; no employer receives applications.",4.9,2026-08-31,2026-12-13,true
SYN-0286,Quality Assurance Analyst,Meridian Solutions,Chennai,240000,590000,0,1,Quality Assurance|SQL|Communication|Problem Solving|Jira,Python|REST API|Agile,Diploma,Finance,Full-time,"Join the finance team at Meridian Solutions as a Quality Assurance Analyst. Your work supports subscription growth for weekly business reviews. You will track release readiness, verify data integrity, and reproduce reported defects. Use Quality Assurance, SQL, Communication to deliver clear, documented work. Collaborate with a team of 11 across finance and strategy. Success means measurable quality improvements. This is a fictional demonstration listing; no employer receives applications.",3.8,2026-09-11,2026-11-07,true
SYN-0287,UX Researcher,Bluepeak Partners,Ahmedabad,530000,780000,1,4,UX Research|Figma|Communication|Prototyping,UI Design|A/B Testing|Accessibility|Presentation,BA,Education,Contract,"Join the education team at Bluepeak Partners as a UX Researcher. Your work supports customer experience for weekly business reviews. You will synthesize research findings, present user journey insights, and conduct usability sessions. Use UX Research, Figma, Communication to deliver clear, documented work. Collaborate with a team of 9 across finance and strategy. Success means well-tested, reusable outputs. This is a fictional demonstration listing; no employer receives applications.",3.9,2026-09-12,2026-11-20,true
SYN-0288,Data Engineer,Nimbus Labs,Patna,240000,360000,0,3,Python|SQL|ETL|Data Modeling|PostgreSQL,Spark|Azure|AWS|Databricks,BTech,Education,Internship,"Join the education team at Nimbus Labs as a Data Engineer. Your work supports cost optimization for an expanding customer base. You will design analytical storage, build ingestion pipelines, and enforce data quality contracts. Use Python, SQL, ETL to deliver clear, documented work. Collaborate with a team of 4 across product and operations. Success means well-tested, reusable outputs. This is a fictional demonstration listing; no employer receives applications.",4.7,2026-10-04,2026-11-08,true
SYN-0289,Data Analyst,Nexa Works,Kolkata,120000,470000,0,2,SQL|Excel|Python|Power BI|Statistics|Data Cleaning|Presentation,Tableau|DAX|Pandas|ETL,Diploma,Technology,Internship,"Join the technology team at Nexa Works as a Data Analyst. Your work supports digital transformation for weekly business reviews. You will build weekly KPI dashboards, validate transaction data, and explain customer retention. Use SQL, Excel, Python to deliver clear, documented work. Collaborate with a team of 13 across customer success and sales. Success means clear stakeholder communication. This is a fictional demonstration listing; no employer receives applications.",4.5,2026-08-29,2026-10-23,true
SYN-0290,Business Analyst,Juniper Partners,Bangalore,640000,890000,3,6,SQL|Excel|Business Analysis|Requirements Gathering|Communication,Agile|Jira|Tableau|Process Improvement,BA,Logistics,Contract,"Join the logistics team at Juniper Partners as a Business Analyst. Your work supports digital transformation for an expanding customer base. You will interview stakeholders, map operational workflows, and document business requirements. Use SQL, Excel, Business Analysis to deliver clear, documented work. Collaborate with a team of 6 across finance and strategy. Success means well-tested, reusable outputs. This is a fictional demonstration listing; no employer receives applications.",4.8,2026-09-28,2026-10-25,true
SYN-0291,Power BI Developer,Aster Solutions,Hyderabad,660000,840000,2,4,Power BI|DAX|SQL|Power Query|Data Modeling,Azure|ETL|Excel|Dashboard Design,BTech,Technology,Full-time,"Join the technology team at Aster Solutions as a Power BI Developer. Your work supports digital transformation for a new product launch. You will publish operational dashboards, design dimensional models, and optimize DAX measures. Use Power BI, DAX, SQL to deliver clear, documented work. Collaborate with a team of 4 across finance and strategy. Success means reliable weekly delivery. This is a fictional demonstration listing; no employer receives applications.",4.6,2026-09-28,2026-12-23,true
SYN-0292,MIS Executive,Evergreen Systems,Delhi,210000,460000,0,1,Excel|Reporting|Data Cleaning|Communication|Advanced Excel,SQL|Power BI|Excel VBA,12th,Retail,Contract,"Join the retail team at Evergreen Systems as a MIS Executive. Your work supports service efficiency for an expanding customer base. You will prepare management summaries, reconcile inventory records, and maintain daily reports. Use Excel, Reporting, Data Cleaning to deliver clear, documented work. Collaborate with a team of 14 across customer success and sales. Success means measurable quality improvements. This is a fictional demonstration listing; no employer receives applications.",4.6,2026-10-07,2026-11-11,true
SYN-0293,SQL Developer,Cedar Labs,Noida,360000,710000,0,2,SQL|PostgreSQL|Database Design|ETL,Python|SQL Server|Advanced SQL|Git,BCA,Manufacturing,Full-time,"Join the manufacturing team at Cedar Labs as a SQL Developer. Your work supports inventory accuracy for weekly business reviews. You will optimize database queries, build scheduled data pipelines, and design warehouse tables. Use SQL, PostgreSQL, Database Design to deliver clear, documented work. Collaborate with a team of 11 across design and engineering. Success means reliable weekly delivery. This is a fictional demonstration listing; no employer receives applications.",4.5,2026-09-11,2026-11-10,true
SYN-0294,Python Developer,Bluepeak Labs,Gurugram,490000,740000,0,3,Python|Flask|SQL|Git|REST API,Django|FastAPI|Docker|Linux,Diploma,Healthcare,Part-time,"Join the healthcare team at Bluepeak Labs as a Python Developer. Your work supports service efficiency for a cross-functional transformation program. You will write integration tests, improve service reliability, and build backend APIs. Use Python, Flask, SQL to deliver clear, documented work. Collaborate with a team of 16 across product and operations. Success means reliable weekly delivery. This is a fictional demonstration listing; no employer receives applications.",3.9,2026-09-25,2026-12-24,true
SYN-0295,Junior Data Scientist,Lumina Works,Mumbai,820000,1000000,1,2,Python|Statistics|Machine Learning|Pandas|SQL|NLP,Scikit-learn|A/B Testing|Feature Engineering,BSc,Healthcare,Full-time,"Join the healthcare team at Lumina Works as a Junior Data Scientist. Your work supports customer experience for a cross-functional transformation program. You will explain model errors, evaluate classification models, and prototype demand forecasts. Use Python, Statistics, Machine Learning to deliver clear, documented work. Collaborate with a team of 10 across design and engineering. Success means well-tested, reusable outputs. This is a fictional demonstration listing; no employer receives applications.",4.6,2026-09-23,2026-11-05,true
SYN-0296,Machine Learning Engineer,Maple Partners,Pune,830000,950000,1,4,Python|Machine Learning|Scikit-learn|Docker|Model Evaluation,PyTorch|TensorFlow|MLOps|AWS,BTech,Logistics,Full-time,"Join the logistics team at Maple Partners as a Machine Learning Engineer. Your work supports service efficiency for a new product launch. You will optimize inference workloads, monitor model drift, and serve prediction models. Use Python, Machine Learning, Scikit-learn to deliver clear, documented work. Collaborate with a team of 16 across product and operations. Success means reliable weekly delivery. This is a fictional demonstration listing; no employer receives applications.",4.7,2026-09-09,2026-11-25,true
SYN-0297,Software Developer,Lumina Systems,Chennai,520000,770000,0,2,Java|SQL|Git|OOP|Algorithms,Python|Docker|REST API|Agile,BTech,Education,Full-time,"Join the education team at Lumina Systems as a Software Developer. Your work supports subscription growth for weekly business reviews. You will improve automated testing, implement service features, and resolve production defects. Use Java, SQL, Git to deliver clear, documented work. Collaborate with a team of 10 across finance and strategy. Success means reliable weekly delivery. This is a fictional demonstration listing; no employer receives applications.",3.7,2026-09-21,2026-12-29,true
SYN-0298,Web Developer,Prism Solutions,Ahmedabad,370000,620000,0,3,HTML|CSS|JavaScript|React|Git|Accessibility,Node.js|TypeScript|Bootstrap,Diploma,Education,Part-time,"Join the education team at Prism Solutions as a Web Developer. Your work supports inventory accuracy for an expanding customer base. You will create reusable UI components, build accessible interfaces, and integrate REST APIs. Use HTML, CSS, JavaScript to deliver clear, documented work. Collaborate with a team of 4 across finance and strategy. Success means clear stakeholder communication. This is a fictional demonstration listing; no employer receives applications.",3.4,2026-10-04,2026-12-30,true
SYN-0299,Digital Marketing Analyst,Riverstone Solutions,Patna,440000,790000,2,4,Google Analytics|SEO|Excel|Digital Marketing,Google Ads|SQL|Campaign Analysis|Power BI,BA,Media,Full-time,"Join the media team at Riverstone Solutions as a Digital Marketing Analyst. Your work supports digital transformation for a new product launch. You will measure campaign conversion, recommend landing page experiments, and audit acquisition channels. Use Google Analytics, SEO, Excel to deliver clear, documented work. Collaborate with a team of 18 across product and operations. Success means clear stakeholder communication. This is a fictional demonstration listing; no employer receives applications.",4.8,2026-09-30,2026-10-22,true
SYN-0300,SEO Analyst,Evergreen Labs,Remote,370000,550000,1,3,SEO|Google Analytics|Content Marketing|Excel,SEM|Copywriting|HTML|Market Research,12th,Logistics,Full-time,"Join the logistics team at Evergreen Labs as a SEO Analyst. Your work supports service efficiency for regional service teams. You will track organic conversions, improve technical SEO checks, and research search demand. Use SEO, Google Analytics, Content Marketing to deliver clear, documented work. Collaborate with a team of 15 across customer success and sales. Success means clear stakeholder communication. This is a fictional demonstration listing; no employer receives applications.",3.3,2026-09-16,2026-11-19,true
SYN-0301,Customer Support Executive,Bluepeak Labs,Kolkata,510000,760000,5,8,Customer Support|Communication|CRM|Ticketing|Email Support,Zendesk|Chat Support|Conflict Resolution,12th,Retail,Full-time,"Join the retail team at Bluepeak Labs as a Customer Support Executive. Your work supports regional expansion for a new product launch. You will maintain accurate case notes, resolve customer tickets, and identify recurring service problems. Use Customer Support, Communication, CRM to deliver clear, documented work. Collaborate with a team of 16 across design and engineering. Success means measurable quality improvements. This is a fictional demonstration listing; no employer receives applications.",4.4,2026-09-06,2026-11-05,true
SYN-0302,Operations Analyst,Aster Systems,Bangalore,590000,840000,2,4,Excel|SQL|Operations|Process Improvement,Power BI|Supply Chain|Inventory Management|Forecasting,BA,Media,Full-time,"Join the media team at Aster Systems as a Operations Analyst. Your work supports quality improvement for weekly business reviews. You will monitor service metrics, identify process bottlenecks, and plan operational capacity. Use Excel, SQL, Operations to deliver clear, documented work. Collaborate with a team of 7 across finance and strategy. Success means clear stakeholder communication. This is a fictional demonstration listing; no employer receives applications.",3.6,2026-09-12,2026-12-18,true
SYN-0303,Financial Analyst,Bluepeak Solutions,Hyderabad,350000,530000,0,2,Excel|Financial Analysis|Accounting|Financial Modeling,SQL|Power BI|Budgeting|Valuation,BCom,Healthcare,Full-time,"Join the healthcare team at Bluepeak Solutions as a Financial Analyst. Your work supports inventory accuracy for regional service teams. You will model unit economics, prepare budget variance reports, and analyze monthly cash flow. Use Excel, Financial Analysis, Accounting to deliver clear, documented work. Collaborate with a team of 4 across finance and strategy. Success means reliable weekly delivery. This is a fictional demonstration listing; no employer receives applications.",3.3,2026-09-25,2027-01-02,true
SYN-0304,Cybersecurity Analyst,Orbit Solutions,Delhi,490000,840000,0,3,Cybersecurity|Networking|Linux|SIEM|Incident Response,Splunk|Wireshark|Python,BTech,Logistics,Full-time,"Join the logistics team at Orbit Solutions as a Cybersecurity Analyst. Your work supports regional expansion for a new product launch. You will investigate suspicious logs, triage security alerts, and document response procedures. Use Cybersecurity, Networking, Linux to deliver clear, documented work. Collaborate with a team of 17 across design and engineering. Success means measurable quality improvements. This is a fictional demonstration listing; no employer receives applications.",3.5,2026-09-30,2026-12-06,true
SYN-0305,Cloud Engineer,Riverstone Solutions,Noida,710000,960000,1,2,AWS|Linux|Networking|Docker,Terraform|Kubernetes|Azure|Monitoring,BTech,Healthcare,Full-time,"Join the healthcare team at Riverstone Solutions as a Cloud Engineer. Your work supports cost optimization for a cross-functional transformation program. You will operate cloud infrastructure, improve deployment reliability, and monitor system capacity. Use AWS, Linux, Networking to deliver clear, documented work. Collaborate with a team of 16 across product and operations. Success means clear stakeholder communication. This is a fictional demonstration listing; no employer receives applications.",3.8,2026-08-29,2026-12-15,true
SYN-0306,Graphic Designer,Prism Solutions,Gurugram,240000,360000,0,2,Photoshop|Illustrator|Canva|Typography,Figma|Branding|Video Editing|InDesign,Diploma,Retail,Internship,"Join the retail team at Prism Solutions as a Graphic Designer. Your work supports regional expansion for an expanding customer base. You will adapt creative for digital channels, prepare print layouts, and design campaign assets. Use Photoshop, Illustrator, Canva to deliver clear, documented work. Collaborate with a team of 5 across product and operations. Success means well-tested, reusable outputs. This is a fictional demonstration listing; no employer receives applications.",4.8,2026-09-04,2026-11-27,true
SYN-0307,Marketing Analyst,Lumina Systems,Mumbai,570000,920000,3,5,Excel|Market Research|Google Analytics|Campaign Analysis|SQL,Tableau|A/B Testing|Communication,BA,Finance,Full-time,"Join the finance team at Lumina Systems as a Marketing Analyst. Your work supports cost optimization for a cross-functional transformation program. You will research competitor positioning, measure marketing efficiency, and segment customer audiences. Use Excel, Market Research, Google Analytics to deliver clear, documented work. Collaborate with a team of 17 across product and operations. Success means reliable weekly delivery. This is a fictional demonstration listing; no employer receives applications.",4.1,2026-09-15,2026-10-31,true
SYN-0308,HR Analyst,Maple Works,Pune,480000,730000,2,4,Excel|HR Analytics|Communication|Reporting,SQL|Power BI|HRIS|Payroll,BA,Education,Full-time,"Join the education team at Maple Works as a HR Analyst. Your work supports service efficiency for a new product launch. You will report recruitment efficiency, audit HR data quality, and monitor employee retention. Use Excel, HR Analytics, Communication to deliver clear, documented work. Collaborate with a team of 17 across customer success and sales. Success means measurable quality improvements. This is a fictional demonstration listing; no employer receives applications.",4.9,2026-09-09,2026-11-17,true
SYN-0309,Business Intelligence Analyst,Meridian Labs,Chennai,510000,760000,0,2,SQL|Power BI|Data Modeling|Data Visualization,Tableau|DAX|Excel|Stakeholder Management,BSc,Manufacturing,Full-time,"Join the manufacturing team at Meridian Labs as a Business Intelligence Analyst. Your work supports quality improvement for weekly business reviews. You will define consistent KPI metrics, build self-service analytics, and translate business questions into dashboards. Use SQL, Power BI, Data Modeling to deliver clear, documented work. Collaborate with a team of 8 across customer success and sales. Success means measurable quality improvements. This is a fictional demonstration listing; no employer receives applications.",3.4,2026-09-26,2026-11-24,true
SYN-0310,Quality Assurance Analyst,Orbit Systems,Ahmedabad,600000,720000,4,7,Quality Assurance|SQL|Communication|Problem Solving|REST API,Python|Jira|Agile,Diploma,Logistics,Full-time,"Join the logistics team at Orbit Systems as a Quality Assurance Analyst. Your work supports regional expansion for weekly business reviews. You will verify data integrity, track release readiness, and reproduce reported defects. Use Quality Assurance, SQL, Communication to deliver clear, documented work. Collaborate with a team of 6 across customer success and sales. Success means clear stakeholder communication. This is a fictional demonstration listing; no employer receives applications.",3.4,2026-09-28,2026-10-23,true
SYN-0311,UX Researcher,Maple Labs,Patna,760000,1110000,3,5,UX Research|Figma|Communication|Prototyping,UI Design|A/B Testing|Accessibility|Presentation,BA,Healthcare,Full-time,"Join the healthcare team at Maple Labs as a UX Researcher. Your work supports subscription growth for weekly business reviews. You will validate interface prototypes, synthesize research findings, and conduct usability sessions. Use UX Research, Figma, Communication to deliver clear, documented work. Collaborate with a team of 7 across finance and strategy. Success means clear stakeholder communication. This is a fictional demonstration listing; no employer receives applications.",3.6,2026-09-27,2026-12-13,true
SYN-0312,Data Engineer,Orbit Labs,Remote,840000,960000,1,3,Python|SQL|ETL|Data Modeling|PostgreSQL,Spark|Azure|AWS|Databricks,BTech,Retail,Full-time,"Join the retail team at Orbit Labs as a Data Engineer. Your work supports regional expansion for regional service teams. You will build ingestion pipelines, design analytical storage, and enforce data quality contracts. Use Python, SQL, ETL to deliver clear, documented work. Collaborate with a team of 4 across customer success and sales. Success means reliable weekly delivery. This is a fictional demonstration listing; no employer receives applications.",4.2,2026-10-02,2027-01-04,true
SYN-0313,Data Analyst,Lumina Works,Bangalore,510000,630000,1,3,SQL|Excel|Python|Power BI|Statistics|Data Cleaning|DAX,Tableau|Pandas|Presentation|ETL,Diploma,Healthcare,Full-time,"Join the healthcare team at Lumina Works as a Data Analyst. Your work supports quality improvement for regional service teams. You will validate transaction data, build weekly KPI dashboards, and explain customer retention. Use SQL, Excel, Python to deliver clear, documented work. Collaborate with a team of 8 across finance and strategy. Success means reliable weekly delivery. This is a fictional demonstration listing; no employer receives applications.",4.2,2026-09-08,2026-10-30,true
SYN-0314,Business Analyst,Cedar Labs,Hyderabad,350000,530000,0,1,SQL|Excel|Business Analysis|Requirements Gathering|Communication,Agile|Jira|Tableau|Process Improvement,BA,Education,Full-time,"Join the education team at Cedar Labs as a Business Analyst. Your work supports inventory accuracy for a cross-functional transformation program. You will interview stakeholders, document business requirements, and evaluate product changes. Use SQL, Excel, Business Analysis to deliver clear, documented work. Collaborate with a team of 6 across finance and strategy. Success means clear stakeholder communication. This is a fictional demonstration listing; no employer receives applications.",3.8,2026-09-27,2026-12-28,true
SYN-0315,Power BI Developer,Riverstone Systems,Delhi,440000,790000,0,3,Power BI|DAX|SQL|Power Query|Data Modeling,Azure|ETL|Excel|Dashboard Design,BTech,Logistics,Full-time,"Join the logistics team at Riverstone Systems as a Power BI Developer. Your work supports inventory accuracy for weekly business reviews. You will publish operational dashboards, optimize DAX measures, and reconcile reporting metrics. Use Power BI, DAX, SQL to deliver clear, documented work. Collaborate with a team of 5 across design and engineering. Success means well-tested, reusable outputs. This is a fictional demonstration listing; no employer receives applications.",4.7,2026-10-01,2026-11-03,true
SYN-0316,MIS Executive,Bluepeak Solutions,Noida,240000,420000,0,3,Excel|Reporting|Data Cleaning|Communication|SQL,Power BI|Excel VBA|Advanced Excel,12th,Manufacturing,Internship,"Join the manufacturing team at Bluepeak Solutions as a MIS Executive. Your work supports customer experience for an expanding customer base. You will prepare management summaries, automate spreadsheet checks, and maintain daily reports. Use Excel, Reporting, Data Cleaning to deliver clear, documented work. Collaborate with a team of 14 across product and operations. Success means clear stakeholder communication. This is a fictional demonstration listing; no employer receives applications.",3.4,2026-08-28,2026-11-28,true
SYN-0317,SQL Developer,Cobalt Works,Gurugram,420000,540000,0,1,SQL|PostgreSQL|Database Design|ETL,Python|SQL Server|Advanced SQL|Git,BCA,Retail,Full-time,"Join the retail team at Cobalt Works as a SQL Developer. Your work supports customer experience for a cross-functional transformation program. You will optimize database queries, build scheduled data pipelines, and audit data consistency. Use SQL, PostgreSQL, Database Design to deliver clear, documented work. Collaborate with a team of 16 across finance and strategy. Success means well-tested, reusable outputs. This is a fictional demonstration listing; no employer receives applications.",4.3,2026-09-10,2026-11-01,true
SYN-0318,Python Developer,Cobalt Labs,Mumbai,780000,1030000,3,5,Python|Flask|SQL|Git|REST API,Django|FastAPI|Docker|Linux,Diploma,Healthcare,Full-time,"Join the healthcare team at Cobalt Labs as a Python Developer. Your work supports digital transformation for a new product launch. You will improve service reliability, maintain internal automation, and build backend APIs. Use Python, Flask, SQL to deliver clear, documented work. Collaborate with a team of 16 across design and engineering. Success means well-tested, reusable outputs. This is a fictional demonstration listing; no employer receives applications.",3.6,2026-08-28,2026-12-09,true
SYN-0319,Junior Data Scientist,Lumina Labs,Pune,620000,740000,1,2,Python|Statistics|Machine Learning|Pandas|SQL|Feature Engineering,Scikit-learn|NLP|A/B Testing,BSc,Education,Full-time,"Join the education team at Lumina Labs as a Junior Data Scientist. Your work supports digital transformation for weekly business reviews. You will prototype demand forecasts, prepare experimentation datasets, and evaluate classification models. Use Python, Statistics, Machine Learning to deliver clear, documented work. Collaborate with a team of 4 across design and engineering. Success means clear stakeholder communication. This is a fictional demonstration listing; no employer receives applications.",4.7,2026-10-03,2026-11-07,true
SYN-0320,Machine Learning Engineer,Meridian Labs,Chennai,1160000,1510000,2,3,Python|Machine Learning|Scikit-learn|Docker|Model Evaluation,PyTorch|TensorFlow|MLOps|AWS,BTech,Retail,Full-time,"Join the retail team at Meridian Labs as a Machine Learning Engineer. Your work supports quality improvement for regional service teams. You will optimize inference workloads, serve prediction models, and build reproducible ML pipelines. Use Python, Machine Learning, Scikit-learn to deliver clear, documented work. Collaborate with a team of 4 across customer success and sales. Success means reliable weekly delivery. This is a fictional demonstration listing; no employer receives applications.",4.8,2026-08-30,2026-12-30,true
SYN-0321,Software Developer,Vantage Labs,Ahmedabad,180000,300000,0,3,Java|SQL|Git|OOP|Algorithms,Python|Docker|REST API|Agile,BTech,Logistics,Internship,"Join the logistics team at Vantage Labs as a Software Developer. Your work supports regional expansion for an expanding customer base. You will implement service features, improve automated testing, and resolve production defects. Use Java, SQL, Git to deliver clear, documented work. Collaborate with a team of 13 across finance and strategy. Success means reliable weekly delivery. This is a fictional demonstration listing; no employer receives applications.",4.4,2026-09-19,2026-12-03,true
SYN-0322,Web Developer,Nimbus Partners,Patna,880000,1130000,5,6,HTML|CSS|JavaScript|React|Git|Bootstrap,Node.js|TypeScript|Accessibility,Diploma,Media,Full-time,"Join the media team at Nimbus Partners as a Web Developer. Your work supports customer experience for weekly business reviews. You will create reusable UI components, build accessible interfaces, and optimize page performance. Use HTML, CSS, JavaScript to deliver clear, documented work. Collaborate with a team of 14 across design and engineering. Success means measurable quality improvements. This is a fictional demonstration listing; no employer receives applications.",4.3,2026-10-05,2026-12-09,true
SYN-0323,Digital Marketing Analyst,Cobalt Labs,Remote,500000,850000,3,6,Google Analytics|SEO|Excel|Digital Marketing,Google Ads|SQL|Campaign Analysis|Power BI,BA,Education,Full-time,"Join the education team at Cobalt Labs as a Digital Marketing Analyst. Your work supports subscription growth for weekly business reviews. You will audit acquisition channels, build attribution reports, and recommend landing page experiments. Use Google Analytics, SEO, Excel to deliver clear, documented work. Collaborate with a team of 6 across finance and strategy. Success means measurable quality improvements. This is a fictional demonstration listing; no employer receives applications.",3.9,2026-09-22,2026-11-15,true
SYN-0324,SEO Analyst,Maple Solutions,Kolkata,450000,570000,3,4,SEO|Google Analytics|Content Marketing|Excel,SEM|Copywriting|HTML|Market Research,12th,Logistics,Full-time,"Join the logistics team at Maple Solutions as a SEO Analyst. Your work supports cost optimization for a cross-functional transformation program. You will research search demand, track organic conversions, and audit site content. Use SEO, Google Analytics, Content Marketing to deliver clear, documented work. Collaborate with a team of 18 across finance and strategy. Success means reliable weekly delivery. This is a fictional demonstration listing; no employer receives applications.",3.5,2026-08-28,2026-12-31,true
SYN-0325,Customer Support Executive,Cedar Partners,Bangalore,380000,630000,4,6,Customer Support|Communication|CRM|Ticketing|Conflict Resolution,Zendesk|Email Support|Chat Support,12th,Finance,Full-time,"Join the finance team at Cedar Partners as a Customer Support Executive. Your work supports subscription growth for weekly business reviews. You will meet response time targets, identify recurring service problems, and maintain accurate case notes. Use Customer Support, Communication, CRM to deliver clear, documented work. Collaborate with a team of 11 across design and engineering. Success means well-tested, reusable outputs. This is a fictional demonstration listing; no employer receives applications.",4.5,2026-09-10,2026-12-23,true
SYN-0326,Operations Analyst,Evergreen Labs,Hyderabad,550000,670000,3,6,Excel|SQL|Operations|Process Improvement,Power BI|Supply Chain|Inventory Management|Forecasting,BA,Finance,Full-time,"Join the finance team at Evergreen Labs as a Operations Analyst. Your work supports digital transformation for a new product launch. You will analyze fulfillment delays, plan operational capacity, and monitor service metrics. Use Excel, SQL, Operations to deliver clear, documented work. Collaborate with a team of 15 across finance and strategy. Success means clear stakeholder communication. This is a fictional demonstration listing; no employer receives applications.",3.6,2026-10-05,2026-10-28,true
SYN-0327,Financial Analyst,Juniper Solutions,Delhi,790000,1140000,3,4,Excel|Financial Analysis|Accounting|Financial Modeling,SQL|Power BI|Budgeting|Valuation,BCom,Retail,Contract,"Join the retail team at Juniper Solutions as a Financial Analyst. Your work supports regional expansion for regional service teams. You will analyze monthly cash flow, validate financial assumptions, and model unit economics. Use Excel, Financial Analysis, Accounting to deliver clear, documented work. Collaborate with a team of 14 across customer success and sales. Success means well-tested, reusable outputs. This is a fictional demonstration listing; no employer receives applications.",4.5,2026-09-17,2026-11-23,true
SYN-0328,Cybersecurity Analyst,Nimbus Partners,Noida,620000,970000,1,3,Cybersecurity|Networking|Linux|SIEM|Python,Splunk|Incident Response|Wireshark,BTech,Retail,Full-time,"Join the retail team at Nimbus Partners as a Cybersecurity Analyst. Your work supports service efficiency for an expanding customer base. You will document response procedures, investigate suspicious logs, and assess infrastructure vulnerabilities. Use Cybersecurity, Networking, Linux to deliver clear, documented work. Collaborate with a team of 17 across design and engineering. Success means measurable quality improvements. This is a fictional demonstration listing; no employer receives applications.",3.6,2026-09-09,2026-12-23,true
SYN-0329,Cloud Engineer,Cedar Solutions,Gurugram,1070000,1250000,2,4,AWS|Linux|Networking|Docker,Terraform|Kubernetes|Azure|Monitoring,BTech,Retail,Full-time,"Join the retail team at Cedar Solutions as a Cloud Engineer. Your work supports digital transformation for weekly business reviews. You will operate cloud infrastructure, automate infrastructure changes, and improve deployment reliability. Use AWS, Linux, Networking to deliver clear, documented work. Collaborate with a team of 5 across design and engineering. Success means measurable quality improvements. This is a fictional demonstration listing; no employer receives applications.",3.4,2026-09-10,2026-12-26,true
SYN-0330,Graphic Designer,Orbit Labs,Mumbai,580000,830000,5,8,Photoshop|Illustrator|Canva|Typography,Figma|Branding|Video Editing|InDesign,Diploma,Logistics,Full-time,"Join the logistics team at Orbit Labs as a Graphic Designer. Your work supports quality improvement for an expanding customer base. You will maintain visual guidelines, design campaign assets, and adapt creative for digital channels. Use Photoshop, Illustrator, Canva to deliver clear, documented work. Collaborate with a team of 9 across finance and strategy. Success means clear stakeholder communication. This is a fictional demonstration listing; no employer receives applications.",4.6,2026-09-13,2026-11-13,true
SYN-0331,Marketing Analyst,Bluepeak Partners,Pune,370000,490000,1,2,Excel|Market Research|Google Analytics|Campaign Analysis|Communication,SQL|Tableau|A/B Testing,BA,Retail,Full-time,"Join the retail team at Bluepeak Partners as a Marketing Analyst. Your work supports inventory accuracy for a cross-functional transformation program. You will segment customer audiences, measure marketing efficiency, and present customer insights. Use Excel, Market Research, Google Analytics to deliver clear, documented work. Collaborate with a team of 15 across finance and strategy. Success means well-tested, reusable outputs. This is a fictional demonstration listing; no employer receives applications.",4.4,2026-09-28,2026-11-30,true
SYN-0332,HR Analyst,Cobalt Systems,Chennai,180000,430000,0,1,Excel|HR Analytics|Communication|Reporting,SQL|Power BI|HRIS|Payroll,BA,Healthcare,Internship,"Join the healthcare team at Cobalt Systems as a HR Analyst. Your work supports customer experience for an expanding customer base. You will analyze workforce trends, audit HR data quality, and monitor employee retention. Use Excel, HR Analytics, Communication to deliver clear, documented work. Collaborate with a team of 8 across design and engineering. Success means measurable quality improvements. This is a fictional demonstration listing; no employer receives applications.",4.9,2026-10-06,2026-12-01,true
SYN-0333,Business Intelligence Analyst,Cedar Solutions,Ahmedabad,410000,760000,0,1,SQL|Power BI|Data Modeling|Data Visualization,Tableau|DAX|Excel|Stakeholder Management,BSc,Healthcare,Full-time,"Join the healthcare team at Cedar Solutions as a Business Intelligence Analyst. Your work supports regional expansion for a cross-functional transformation program. You will translate business questions into dashboards, define consistent KPI metrics, and document reporting models. Use SQL, Power BI, Data Modeling to deliver clear, documented work. Collaborate with a team of 15 across finance and strategy. Success means clear stakeholder communication. This is a fictional demonstration listing; no employer receives applications.",4.2,2026-09-26,2026-12-06,true
SYN-0334,Quality Assurance Analyst,Northstar Systems,Patna,680000,860000,5,7,Quality Assurance|SQL|Communication|Problem Solving|Jira,Python|REST API|Agile,Diploma,Retail,Full-time,"Join the retail team at Northstar Systems as a Quality Assurance Analyst. Your work supports customer experience for a cross-functional transformation program. You will track release readiness, reproduce reported defects, and verify data integrity. Use Quality Assurance, SQL, Communication to deliver clear, documented work. Collaborate with a team of 13 across finance and strategy. Success means reliable weekly delivery. This is a fictional demonstration listing; no employer receives applications.",4.1,2026-08-31,2026-11-04,true
SYN-0335,UX Researcher,Bluepeak Systems,Remote,510000,630000,1,3,UX Research|Figma|Communication|Prototyping,UI Design|A/B Testing|Accessibility|Presentation,BA,Technology,Full-time,"Join the technology team at Bluepeak Systems as a UX Researcher. Your work supports service efficiency for a new product launch. You will present user journey insights, conduct usability sessions, and validate interface prototypes. Use UX Research, Figma, Communication to deliver clear, documented work. Collaborate with a team of 7 across finance and strategy. Success means reliable weekly delivery. This is a fictional demonstration listing; no employer receives applications.",3.4,2026-09-21,2027-01-03,true
SYN-0336,Data Engineer,Cedar Systems,Kolkata,1100000,1220000,4,5,Python|SQL|ETL|Data Modeling|PostgreSQL,Spark|Azure|AWS|Databricks,BTech,Technology,Full-time,"Join the technology team at Cedar Systems as a Data Engineer. Your work supports customer experience for regional service teams. You will enforce data quality contracts, monitor dataset freshness, and build ingestion pipelines. Use Python, SQL, ETL to deliver clear, documented work. Collaborate with a team of 14 across finance and strategy. Success means measurable quality improvements. This is a fictional demonstration listing; no employer receives applications.",4.9,2026-09-12,2026-12-28,true
SYN-0337,Data Analyst,Meridian Solutions,Hyderabad,470000,650000,1,4,SQL|Excel|Python|Power BI|Statistics|Data Cleaning|Pandas,Tableau|DAX|Presentation|ETL,Diploma,Healthcare,Full-time,"Join the healthcare team at Meridian Solutions as a Data Analyst. Your work supports customer experience for weekly business reviews. You will build weekly KPI dashboards, validate transaction data, and explain customer retention. Use SQL, Excel, Python to deliver clear, documented work. Collaborate with a team of 11 across design and engineering. Success means well-tested, reusable outputs. This is a fictional demonstration listing; no employer receives applications.",4.6,2026-09-29,2026-11-10,true
SYN-0338,Business Analyst,Northstar Partners,Delhi,420000,600000,1,3,SQL|Excel|Business Analysis|Requirements Gathering|Communication,Agile|Jira|Tableau|Process Improvement,BA,Education,Full-time,"Join the education team at Northstar Partners as a Business Analyst. Your work supports service efficiency for a new product launch. You will map operational workflows, interview stakeholders, and document business requirements. Use SQL, Excel, Business Analysis to deliver clear, documented work. Collaborate with a team of 6 across customer success and sales. Success means reliable weekly delivery. This is a fictional demonstration listing; no employer receives applications.",4.1,2026-09-19,2026-10-28,true
SYN-0339,Power BI Developer,Cobalt Solutions,Noida,590000,710000,1,2,Power BI|DAX|SQL|Power Query|Data Modeling,Azure|ETL|Excel|Dashboard Design,BTech,Media,Full-time,"Join the media team at Cobalt Solutions as a Power BI Developer. Your work supports service efficiency for regional service teams. You will reconcile reporting metrics, optimize DAX measures, and design dimensional models. Use Power BI, DAX, SQL to deliver clear, documented work. Collaborate with a team of 18 across finance and strategy. Success means clear stakeholder communication. This is a fictional demonstration listing; no employer receives applications.",3.9,2026-09-17,2026-11-12,true
SYN-0340,MIS Executive,Bluepeak Solutions,Gurugram,370000,620000,2,3,Excel|Reporting|Data Cleaning|Communication|Excel VBA,SQL|Power BI|Advanced Excel,12th,Education,Full-time,"Join the education team at Bluepeak Solutions as a MIS Executive. Your work supports cost optimization for a new product launch. You will reconcile inventory records, prepare management summaries, and automate spreadsheet checks. Use Excel, Reporting, Data Cleaning to deliver clear, documented work. Collaborate with a team of 9 across customer success and sales. Success means well-tested, reusable outputs. This is a fictional demonstration listing; no employer receives applications.",4.2,2026-09-15,2026-12-22,true
SYN-0341,SQL Developer,Aster Works,Mumbai,390000,510000,0,3,SQL|PostgreSQL|Database Design|ETL,Python|SQL Server|Advanced SQL|Git,BCA,Manufacturing,Full-time,"Join the manufacturing team at Aster Works as a SQL Developer. Your work supports customer experience for a new product launch. You will design warehouse tables, optimize database queries, and audit data consistency. Use SQL, PostgreSQL, Database Design to deliver clear, documented work. Collaborate with a team of 11 across design and engineering. Success means clear stakeholder communication. This is a fictional demonstration listing; no employer receives applications.",3.9,2026-10-03,2026-12-22,true
SYN-0342,Python Developer,Lumina Labs,Pune,340000,690000,0,3,Python|Flask|SQL|Git|REST API,Django|FastAPI|Docker|Linux,Diploma,Media,Full-time,"Join the media team at Lumina Labs as a Python Developer. Your work supports digital transformation for a new product launch. You will improve service reliability, write integration tests, and build backend APIs. Use Python, Flask, SQL to deliver clear, documented work. Collaborate with a team of 12 across finance and strategy. Success means clear stakeholder communication. This is a fictional demonstration listing; no employer receives applications.",3.8,2026-08-30,2027-01-05,true
SYN-0343,Junior Data Scientist,Northstar Solutions,Chennai,540000,720000,0,1,Python|Statistics|Machine Learning|Pandas|SQL|A/B Testing,Scikit-learn|NLP|Feature Engineering,BSc,Finance,Full-time,"Join the finance team at Northstar Solutions as a Junior Data Scientist. Your work supports cost optimization for a cross-functional transformation program. You will prepare experimentation datasets, prototype demand forecasts, and explain model errors. Use Python, Statistics, Machine Learning to deliver clear, documented work. Collaborate with a team of 9 across product and operations. Success means clear stakeholder communication. This is a fictional demonstration listing; no employer receives applications.",4.1,2026-10-07,2026-11-13,true
SYN-0344,Machine Learning Engineer,Vantage Works,Ahmedabad,1230000,1410000,2,4,Python|Machine Learning|Scikit-learn|Docker|Model Evaluation,PyTorch|TensorFlow|MLOps|AWS,BTech,Manufacturing,Full-time,"Join the manufacturing team at Vantage Works as a Machine Learning Engineer. Your work supports subscription growth for weekly business reviews. You will monitor model drift, serve prediction models, and optimize inference workloads. Use Python, Machine Learning, Scikit-learn to deliver clear, documented work. Collaborate with a team of 17 across finance and strategy. Success means measurable quality improvements. This is a fictional demonstration listing; no employer receives applications.",4.6,2026-09-11,2026-12-30,true
SYN-0345,Software Developer,Maple Systems,Patna,460000,810000,0,3,Java|SQL|Git|OOP|Algorithms,Python|Docker|REST API|Agile,BTech,Manufacturing,Full-time,"Join the manufacturing team at Maple Systems as a Software Developer. Your work supports regional expansion for a new product launch. You will review maintainable code, improve automated testing, and implement service features. Use Java, SQL, Git to deliver clear, documented work. Collaborate with a team of 18 across customer success and sales. Success means measurable quality improvements. This is a fictional demonstration listing; no employer receives applications.",3.3,2026-09-18,2026-11-20,true
SYN-0346,Web Developer,Evergreen Solutions,Remote,300000,420000,0,2,HTML|CSS|JavaScript|React|Git|Node.js,TypeScript|Accessibility|Bootstrap,Diploma,Technology,Full-time,"Join the technology team at Evergreen Solutions as a Web Developer. Your work supports regional expansion for an expanding customer base. You will optimize page performance, integrate REST APIs, and create reusable UI components. Use HTML, CSS, JavaScript to deliver clear, documented work. Collaborate with a team of 4 across design and engineering. Success means clear stakeholder communication. This is a fictional demonstration listing; no employer receives applications.",3.3,2026-09-27,2026-11-29,true
SYN-0347,Digital Marketing Analyst,Prism Solutions,Kolkata,480000,830000,3,4,Google Analytics|SEO|Excel|Digital Marketing,Google Ads|SQL|Campaign Analysis|Power BI,BA,Logistics,Full-time,"Join the logistics team at Prism Solutions as a Digital Marketing Analyst. Your work supports quality improvement for regional service teams. You will build attribution reports, measure campaign conversion, and audit acquisition channels. Use Google Analytics, SEO, Excel to deliver clear, documented work. Collaborate with a team of 12 across product and operations. Success means measurable quality improvements. This is a fictional demonstration listing; no employer receives applications.",4.8,2026-10-04,2026-10-26,true
SYN-0348,SEO Analyst,Maple Partners,Bangalore,290000,540000,0,3,SEO|Google Analytics|Content Marketing|Excel,SEM|Copywriting|HTML|Market Research,12th,Retail,Full-time,"Join the retail team at Maple Partners as a SEO Analyst. Your work supports regional expansion for regional service teams. You will improve technical SEO checks, track organic conversions, and audit site content. Use SEO, Google Analytics, Content Marketing to deliver clear, documented work. Collaborate with a team of 18 across product and operations. Success means clear stakeholder communication. This is a fictional demonstration listing; no employer receives applications.",4.5,2026-10-04,2026-12-03,true
SYN-0349,Customer Support Executive,Meridian Labs,Hyderabad,310000,430000,2,3,Customer Support|Communication|CRM|Ticketing|Zendesk,Email Support|Chat Support|Conflict Resolution,12th,Media,Part-time,"Join the media team at Meridian Labs as a Customer Support Executive. Your work supports digital transformation for a cross-functional transformation program. You will meet response time targets, identify recurring service problems, and maintain accurate case notes. Use Customer Support, Communication, CRM to deliver clear, documented work. Collaborate with a team of 16 across design and engineering. Success means measurable quality improvements. This is a fictional demonstration listing; no employer receives applications.",4.3,2026-09-21,2026-12-25,true
SYN-0350,Operations Analyst,Nexa Labs,Delhi,290000,410000,0,2,Excel|SQL|Operations|Process Improvement,Power BI|Supply Chain|Inventory Management|Forecasting,BA,Healthcare,Full-time,"Join the healthcare team at Nexa Labs as a Operations Analyst. Your work supports customer experience for a cross-functional transformation program. You will identify process bottlenecks, monitor service metrics, and plan operational capacity. Use Excel, SQL, Operations to deliver clear, documented work. Collaborate with a team of 6 across product and operations. Success means well-tested, reusable outputs. This is a fictional demonstration listing; no employer receives applications.",4.9,2026-09-12,2026-11-25,true
SYN-0351,Financial Analyst,Cedar Solutions,Noida,430000,550000,1,3,Excel|Financial Analysis|Accounting|Financial Modeling,SQL|Power BI|Budgeting|Valuation,BCom,Healthcare,Full-time,"Join the healthcare team at Cedar Solutions as a Financial Analyst. Your work supports inventory accuracy for weekly business reviews. You will analyze monthly cash flow, validate financial assumptions, and prepare budget variance reports. Use Excel, Financial Analysis, Accounting to deliver clear, documented work. Collaborate with a team of 18 across design and engineering. Success means clear stakeholder communication. This is a fictional demonstration listing; no employer receives applications.",3.3,2026-09-28,2026-10-31,true
SYN-0352,Cybersecurity Analyst,Lumina Labs,Gurugram,1040000,1390000,5,6,Cybersecurity|Networking|Linux|SIEM|Python,Splunk|Incident Response|Wireshark,BTech,Media,Full-time,"Join the media team at Lumina Labs as a Cybersecurity Analyst. Your work supports subscription growth for an expanding customer base. You will investigate suspicious logs, document response procedures, and assess infrastructure vulnerabilities. Use Cybersecurity, Networking, Linux to deliver clear, documented work. Collaborate with a team of 9 across finance and strategy. Success means clear stakeholder communication. This is a fictional demonstration listing; no employer receives applications.",3.8,2026-09-11,2026-10-22,true
SYN-0353,Cloud Engineer,Nimbus Works,Mumbai,680000,860000,1,3,AWS|Linux|Networking|Docker,Terraform|Kubernetes|Azure|Monitoring,BTech,Technology,Full-time,"Join the technology team at Nimbus Works as a Cloud Engineer. Your work supports quality improvement for a cross-functional transformation program. You will monitor system capacity, operate cloud infrastructure, and improve deployment reliability. Use AWS, Linux, Networking to deliver clear, documented work. Collaborate with a team of 18 across customer success and sales. Success means clear stakeholder communication. This is a fictional demonstration listing; no employer receives applications.",4.0,2026-09-26,2026-10-24,true
SYN-0354,Graphic Designer,Evergreen Solutions,Pune,260000,380000,0,3,Photoshop|Illustrator|Canva|Typography,Figma|Branding|Video Editing|InDesign,Diploma,Finance,Full-time,"Join the finance team at Evergreen Solutions as a Graphic Designer. Your work supports service efficiency for weekly business reviews. You will prepare print layouts, maintain visual guidelines, and design campaign assets. Use Photoshop, Illustrator, Canva to deliver clear, documented work. Collaborate with a team of 6 across design and engineering. Success means measurable quality improvements. This is a fictional demonstration listing; no employer receives applications.",4.7,2026-09-08,2026-12-27,true
SYN-0355,Marketing Analyst,Nexa Systems,Chennai,410000,760000,1,3,Excel|Market Research|Google Analytics|Campaign Analysis|SQL,Tableau|A/B Testing|Communication,BA,Education,Full-time,"Join the education team at Nexa Systems as a Marketing Analyst. Your work supports digital transformation for regional service teams. You will research competitor positioning, present customer insights, and segment customer audiences. Use Excel, Market Research, Google Analytics to deliver clear, documented work. Collaborate with a team of 8 across design and engineering. Success means well-tested, reusable outputs. This is a fictional demonstration listing; no employer receives applications.",4.6,2026-10-03,2026-12-26,true
SYN-0356,HR Analyst,Aster Labs,Ahmedabad,290000,640000,0,2,Excel|HR Analytics|Communication|Reporting,SQL|Power BI|HRIS|Payroll,BA,Media,Full-time,"Join the media team at Aster Labs as a HR Analyst. Your work supports digital transformation for an expanding customer base. You will monitor employee retention, analyze workforce trends, and report recruitment efficiency. Use Excel, HR Analytics, Communication to deliver clear, documented work. Collaborate with a team of 12 across product and operations. Success means reliable weekly delivery. This is a fictional demonstration listing; no employer receives applications.",3.3,2026-08-28,2026-11-16,true
SYN-0357,Business Intelligence Analyst,Aster Solutions,Patna,400000,580000,0,3,SQL|Power BI|Data Modeling|Data Visualization,Tableau|DAX|Excel|Stakeholder Management,BSc,Manufacturing,Full-time,"Join the manufacturing team at Aster Solutions as a Business Intelligence Analyst. Your work supports quality improvement for regional service teams. You will translate business questions into dashboards, define consistent KPI metrics, and document reporting models. Use SQL, Power BI, Data Modeling to deliver clear, documented work. Collaborate with a team of 9 across design and engineering. Success means clear stakeholder communication. This is a fictional demonstration listing; no employer receives applications.",3.3,2026-10-01,2026-12-09,true
SYN-0358,Quality Assurance Analyst,Riverstone Systems,Remote,490000,670000,2,5,Quality Assurance|SQL|Communication|Problem Solving|Jira,Python|REST API|Agile,Diploma,Media,Full-time,"Join the media team at Riverstone Systems as a Quality Assurance Analyst. Your work supports regional expansion for a new product launch. You will design test scenarios, verify data integrity, and reproduce reported defects. Use Quality Assurance, SQL, Communication to deliver clear, documented work. Collaborate with a team of 12 across customer success and sales. Success means well-tested, reusable outputs. This is a fictional demonstration listing; no employer receives applications.",3.7,2026-09-04,2026-12-11,true
SYN-0359,UX Researcher,Prism Systems,Kolkata,600000,780000,1,4,UX Research|Figma|Communication|Prototyping,UI Design|A/B Testing|Accessibility|Presentation,BA,Retail,Full-time,"Join the retail team at Prism Systems as a UX Researcher. Your work supports customer experience for regional service teams. You will synthesize research findings, present user journey insights, and conduct usability sessions. Use UX Research, Figma, Communication to deliver clear, documented work. Collaborate with a team of 5 across finance and strategy. Success means clear stakeholder communication. This is a fictional demonstration listing; no employer receives applications.",4.7,2026-09-17,2027-01-01,true
SYN-0360,Data Engineer,Northstar Solutions,Bangalore,120000,470000,0,2,Python|SQL|ETL|Data Modeling|PostgreSQL,Spark|Azure|AWS|Databricks,BTech,Media,Internship,"Join the media team at Northstar Solutions as a Data Engineer. Your work supports customer experience for an expanding customer base. You will build ingestion pipelines, monitor dataset freshness, and enforce data quality contracts. Use Python, SQL, ETL to deliver clear, documented work. Collaborate with a team of 15 across product and operations. Success means reliable weekly delivery. This is a fictional demonstration listing; no employer receives applications.",3.7,2026-08-28,2026-10-24,true
SYN-0361,Data Analyst,Northstar Works,Delhi,480000,830000,1,2,SQL|Excel|Python|Power BI|Statistics|Data Cleaning|ETL,Tableau|DAX|Pandas|Presentation,Diploma,Education,Full-time,"Join the education team at Northstar Works as a Data Analyst. Your work supports customer experience for regional service teams. You will analyze sales funnels, build weekly KPI dashboards, and explain customer retention. Use SQL, Excel, Python to deliver clear, documented work. Collaborate with a team of 6 across product and operations. Success means measurable quality improvements. This is a fictional demonstration listing; no employer receives applications.",3.5,2026-10-07,2026-11-01,true
SYN-0362,Business Analyst,Lumina Solutions,Noida,460000,810000,0,2,SQL|Excel|Business Analysis|Requirements Gathering|Communication,Agile|Jira|Tableau|Process Improvement,BA,Education,Full-time,"Join the education team at Lumina Solutions as a Business Analyst. Your work supports subscription growth for an expanding customer base. You will document business requirements, evaluate product changes, and interview stakeholders. Use SQL, Excel, Business Analysis to deliver clear, documented work. Collaborate with a team of 6 across customer success and sales. Success means well-tested, reusable outputs. This is a fictional demonstration listing; no employer receives applications.",3.3,2026-09-14,2026-12-24,true
SYN-0363,Power BI Developer,Evergreen Works,Gurugram,980000,1330000,5,7,Power BI|DAX|SQL|Power Query|Data Modeling,Azure|ETL|Excel|Dashboard Design,BTech,Healthcare,Full-time,"Join the healthcare team at Evergreen Works as a Power BI Developer. Your work supports inventory accuracy for weekly business reviews. You will design dimensional models, optimize DAX measures, and publish operational dashboards. Use Power BI, DAX, SQL to deliver clear, documented work. Collaborate with a team of 14 across finance and strategy. Success means measurable quality improvements. This is a fictional demonstration listing; no employer receives applications.",4.7,2026-09-26,2026-12-24,true
SYN-0364,MIS Executive,Northstar Partners,Mumbai,250000,500000,0,1,Excel|Reporting|Data Cleaning|Communication|Advanced Excel,SQL|Power BI|Excel VBA,12th,Media,Full-time,"Join the media team at Northstar Partners as a MIS Executive. Your work supports subscription growth for a new product launch. You will reconcile inventory records, automate spreadsheet checks, and prepare management summaries. Use Excel, Reporting, Data Cleaning to deliver clear, documented work. Collaborate with a team of 16 across product and operations. Success means clear stakeholder communication. This is a fictional demonstration listing; no employer receives applications.",4.6,2026-09-30,2027-01-05,true
SYN-0365,SQL Developer,Meridian Partners,Pune,240000,420000,0,3,SQL|PostgreSQL|Database Design|ETL,Python|SQL Server|Advanced SQL|Git,BCA,Logistics,Internship,"Join the logistics team at Meridian Partners as a SQL Developer. Your work supports regional expansion for weekly business reviews. You will audit data consistency, design warehouse tables, and build scheduled data pipelines. Use SQL, PostgreSQL, Database Design to deliver clear, documented work. Collaborate with a team of 5 across product and operations. Success means clear stakeholder communication. This is a fictional demonstration listing; no employer receives applications.",4.6,2026-10-03,2026-12-10,true
SYN-0366,Python Developer,Northstar Systems,Chennai,1060000,1410000,5,7,Python|Flask|SQL|Git|REST API,Django|FastAPI|Docker|Linux,Diploma,Finance,Full-time,"Join the finance team at Northstar Systems as a Python Developer. Your work supports subscription growth for a new product launch. You will improve service reliability, write integration tests, and maintain internal automation. Use Python, Flask, SQL to deliver clear, documented work. Collaborate with a team of 7 across design and engineering. Success means reliable weekly delivery. This is a fictional demonstration listing; no employer receives applications.",4.3,2026-09-12,2026-10-24,true
SYN-0367,Junior Data Scientist,Juniper Solutions,Ahmedabad,620000,740000,1,3,Python|Statistics|Machine Learning|Pandas|SQL|Feature Engineering,Scikit-learn|NLP|A/B Testing,BSc,Manufacturing,Full-time,"Join the manufacturing team at Juniper Solutions as a Junior Data Scientist. Your work supports subscription growth for an expanding customer base. You will evaluate classification models, prototype demand forecasts, and prepare experimentation datasets. Use Python, Statistics, Machine Learning to deliver clear, documented work. Collaborate with a team of 5 across customer success and sales. Success means measurable quality improvements. This is a fictional demonstration listing; no employer receives applications.",3.2,2026-09-06,2026-12-19,true
SYN-0368,Machine Learning Engineer,Northstar Solutions,Patna,1610000,1960000,5,8,Python|Machine Learning|Scikit-learn|Docker|Model Evaluation,PyTorch|TensorFlow|MLOps|AWS,BTech,Manufacturing,Full-time,"Join the manufacturing team at Northstar Solutions as a Machine Learning Engineer. Your work supports regional expansion for a cross-functional transformation program. You will monitor model drift, build reproducible ML pipelines, and optimize inference workloads. Use Python, Machine Learning, Scikit-learn to deliver clear, documented work. Collaborate with a team of 16 across product and operations. Success means reliable weekly delivery. This is a fictional demonstration listing; no employer receives applications.",4.7,2026-09-15,2026-12-30,true
SYN-0369,Software Developer,Cobalt Works,Remote,630000,880000,1,2,Java|SQL|Git|OOP|Algorithms,Python|Docker|REST API|Agile,BTech,Retail,Full-time,"Join the retail team at Cobalt Works as a Software Developer. Your work supports digital transformation for an expanding customer base. You will implement service features, resolve production defects, and improve automated testing. Use Java, SQL, Git to deliver clear, documented work. Collaborate with a team of 8 across customer success and sales. Success means clear stakeholder communication. This is a fictional demonstration listing; no employer receives applications.",3.9,2026-10-05,2026-11-29,true
SYN-0370,Web Developer,Meridian Solutions,Kolkata,440000,620000,1,3,HTML|CSS|JavaScript|React|Git|Accessibility,Node.js|TypeScript|Bootstrap,Diploma,Healthcare,Full-time,"Join the healthcare team at Meridian Solutions as a Web Developer. Your work supports inventory accuracy for regional service teams. You will optimize page performance, integrate REST APIs, and build accessible interfaces. Use HTML, CSS, JavaScript to deliver clear, documented work. Collaborate with a team of 8 across design and engineering. Success means reliable weekly delivery. This is a fictional demonstration listing; no employer receives applications.",4.3,2026-09-02,2026-12-26,true
SYN-0371,Digital Marketing Analyst,Orbit Solutions,Bangalore,310000,430000,1,4,Google Analytics|SEO|Excel|Digital Marketing,Google Ads|SQL|Campaign Analysis|Power BI,BA,Finance,Full-time,"Join the finance team at Orbit Solutions as a Digital Marketing Analyst. Your work supports cost optimization for regional service teams. You will build attribution reports, audit acquisition channels, and recommend landing page experiments. Use Google Analytics, SEO, Excel to deliver clear, documented work. Collaborate with a team of 18 across customer success and sales. Success means clear stakeholder communication. This is a fictional demonstration listing; no employer receives applications.",3.6,2026-09-13,2026-11-04,true
SYN-0372,SEO Analyst,Riverstone Systems,Hyderabad,320000,570000,1,3,SEO|Google Analytics|Content Marketing|Excel,SEM|Copywriting|HTML|Market Research,12th,Retail,Full-time,"Join the retail team at Riverstone Systems as a SEO Analyst. Your work supports quality improvement for a cross-functional transformation program. You will track organic conversions, research search demand, and improve technical SEO checks. Use SEO, Google Analytics, Content Marketing to deliver clear, documented work. Collaborate with a team of 14 across product and operations. Success means clear stakeholder communication. This is a fictional demonstration listing; no employer receives applications.",4.7,2026-09-21,2026-11-29,true
SYN-0373,Customer Support Executive,Maple Works,Delhi,450000,800000,5,7,Customer Support|Communication|CRM|Ticketing|Zendesk,Email Support|Chat Support|Conflict Resolution,12th,Manufacturing,Full-time,"Join the manufacturing team at Maple Works as a Customer Support Executive. Your work supports subscription growth for a cross-functional transformation program. You will meet response time targets, identify recurring service problems, and resolve customer tickets. Use Customer Support, Communication, CRM to deliver clear, documented work. Collaborate with a team of 18 across finance and strategy. Success means measurable quality improvements. This is a fictional demonstration listing; no employer receives applications.",4.5,2026-10-05,2026-11-04,true
SYN-0374,Operations Analyst,Riverstone Solutions,Noida,310000,430000,0,2,Excel|SQL|Operations|Process Improvement,Power BI|Supply Chain|Inventory Management|Forecasting,BA,Technology,Full-time,"Join the technology team at Riverstone Solutions as a Operations Analyst. Your work supports service efficiency for a cross-functional transformation program. You will identify process bottlenecks, analyze fulfillment delays, and plan operational capacity. Use Excel, SQL, Operations to deliver clear, documented work. Collaborate with a team of 13 across design and engineering. Success means well-tested, reusable outputs. This is a fictional demonstration listing; no employer receives applications.",3.6,2026-09-15,2026-11-27,true
SYN-0375,Financial Analyst,Maple Partners,Gurugram,450000,630000,0,3,Excel|Financial Analysis|Accounting|Financial Modeling,SQL|Power BI|Budgeting|Valuation,BCom,Finance,Full-time,"Join the finance team at Maple Partners as a Financial Analyst. Your work supports cost optimization for a new product launch. You will analyze monthly cash flow, prepare budget variance reports, and model unit economics. Use Excel, Financial Analysis, Accounting to deliver clear, documented work. Collaborate with a team of 11 across design and engineering. Success means clear stakeholder communication. This is a fictional demonstration listing; no employer receives applications.",3.9,2026-10-01,2026-11-05,true
SYN-0376,Cybersecurity Analyst,Nexa Solutions,Mumbai,1070000,1250000,3,6,Cybersecurity|Networking|Linux|SIEM|Splunk,Incident Response|Wireshark|Python,BTech,Education,Full-time,"Join the education team at Nexa Solutions as a Cybersecurity Analyst. Your work supports customer experience for a cross-functional transformation program. You will assess infrastructure vulnerabilities, triage security alerts, and investigate suspicious logs. Use Cybersecurity, Networking, Linux to deliver clear, documented work. Collaborate with a team of 15 across customer success and sales. Success means measurable quality improvements. This is a fictional demonstration listing; no employer receives applications.",3.6,2026-10-07,2026-12-21,true
SYN-0377,Cloud Engineer,Northstar Works,Pune,240000,490000,0,2,AWS|Linux|Networking|Docker,Terraform|Kubernetes|Azure|Monitoring,BTech,Retail,Internship,"Join the retail team at Northstar Works as a Cloud Engineer. Your work supports quality improvement for an expanding customer base. You will operate cloud infrastructure, automate infrastructure changes, and monitor system capacity. Use AWS, Linux, Networking to deliver clear, documented work. Collaborate with a team of 5 across customer success and sales. Success means reliable weekly delivery. This is a fictional demonstration listing; no employer receives applications.",3.2,2026-09-17,2026-11-09,true
SYN-0378,Graphic Designer,Aster Partners,Chennai,510000,630000,4,6,Photoshop|Illustrator|Canva|Typography,Figma|Branding|Video Editing|InDesign,Diploma,Media,Part-time,"Join the media team at Aster Partners as a Graphic Designer. Your work supports digital transformation for weekly business reviews. You will design campaign assets, maintain visual guidelines, and prepare print layouts. Use Photoshop, Illustrator, Canva to deliver clear, documented work. Collaborate with a team of 13 across finance and strategy. Success means measurable quality improvements. This is a fictional demonstration listing; no employer receives applications.",3.4,2026-09-01,2026-11-04,true
SYN-0379,Marketing Analyst,Lumina Partners,Ahmedabad,350000,470000,0,3,Excel|Market Research|Google Analytics|Campaign Analysis|A/B Testing,SQL|Tableau|Communication,BA,Manufacturing,Full-time,"Join the manufacturing team at Lumina Partners as a Marketing Analyst. Your work supports cost optimization for a cross-functional transformation program. You will present customer insights, research competitor positioning, and measure marketing efficiency. Use Excel, Market Research, Google Analytics to deliver clear, documented work. Collaborate with a team of 4 across finance and strategy. Success means well-tested, reusable outputs. This is a fictional demonstration listing; no employer receives applications.",3.9,2026-09-29,2026-11-17,true
SYN-0380,HR Analyst,Bluepeak Labs,Patna,430000,610000,2,4,Excel|HR Analytics|Communication|Reporting,SQL|Power BI|HRIS|Payroll,BA,Manufacturing,Full-time,"Join the manufacturing team at Bluepeak Labs as a HR Analyst. Your work supports digital transformation for an expanding customer base. You will audit HR data quality, monitor employee retention, and analyze workforce trends. Use Excel, HR Analytics, Communication to deliver clear, documented work. Collaborate with a team of 4 across customer success and sales. Success means well-tested, reusable outputs. This is a fictional demonstration listing; no employer receives applications.",3.5,2026-09-09,2026-11-07,true
SYN-0381,Business Intelligence Analyst,Maple Systems,Remote,940000,1120000,5,7,SQL|Power BI|Data Modeling|Data Visualization,Tableau|DAX|Excel|Stakeholder Management,BSc,Education,Full-time,"Join the education team at Maple Systems as a Business Intelligence Analyst. Your work supports regional expansion for regional service teams. You will document reporting models, define consistent KPI metrics, and build self-service analytics. Use SQL, Power BI, Data Modeling to deliver clear, documented work. Collaborate with a team of 6 across customer success and sales. Success means well-tested, reusable outputs. This is a fictional demonstration listing; no employer receives applications.",4.0,2026-09-25,2027-01-05,true
SYN-0382,Quality Assurance Analyst,Cedar Labs,Kolkata,360000,540000,1,3,Quality Assurance|SQL|Communication|Problem Solving|Python,Jira|REST API|Agile,Diploma,Education,Contract,"Join the education team at Cedar Labs as a Quality Assurance Analyst. Your work supports quality improvement for regional service teams. You will verify data integrity, track release readiness, and reproduce reported defects. Use Quality Assurance, SQL, Communication to deliver clear, documented work. Collaborate with a team of 16 across customer success and sales. Success means well-tested, reusable outputs. This is a fictional demonstration listing; no employer receives applications.",3.4,2026-09-09,2026-12-15,true
SYN-0383,UX Researcher,Aster Systems,Bangalore,630000,750000,2,3,UX Research|Figma|Communication|Prototyping,UI Design|A/B Testing|Accessibility|Presentation,BA,Media,Full-time,"Join the media team at Aster Systems as a UX Researcher. Your work supports regional expansion for regional service teams. You will conduct usability sessions, validate interface prototypes, and present user journey insights. Use UX Research, Figma, Communication to deliver clear, documented work. Collaborate with a team of 6 across customer success and sales. Success means well-tested, reusable outputs. This is a fictional demonstration listing; no employer receives applications.",3.3,2026-09-20,2027-01-04,true
SYN-0384,Data Engineer,Northstar Works,Hyderabad,830000,1180000,1,3,Python|SQL|ETL|Data Modeling|PostgreSQL,Spark|Azure|AWS|Databricks,BTech,Retail,Full-time,"Join the retail team at Northstar Works as a Data Engineer. Your work supports digital transformation for regional service teams. You will enforce data quality contracts, build ingestion pipelines, and design analytical storage. Use Python, SQL, ETL to deliver clear, documented work. Collaborate with a team of 7 across customer success and sales. Success means well-tested, reusable outputs. This is a fictional demonstration listing; no employer receives applications.",4.1,2026-09-03,2026-11-09,true
SYN-0385,Data Analyst,Cobalt Partners,Noida,730000,850000,4,6,SQL|Excel|Python|Power BI|Statistics|Data Cleaning|Tableau,DAX|Pandas|Presentation|ETL,Diploma,Media,Full-time,"Join the media team at Cobalt Partners as a Data Analyst. Your work supports cost optimization for a new product launch. You will validate transaction data, explain customer retention, and build weekly KPI dashboards. Use SQL, Excel, Python to deliver clear, documented work. Collaborate with a team of 11 across customer success and sales. Success means well-tested, reusable outputs. This is a fictional demonstration listing; no employer receives applications.",4.3,2026-09-07,2026-10-26,true
SYN-0386,Business Analyst,Nexa Labs,Gurugram,830000,1180000,4,7,SQL|Excel|Business Analysis|Requirements Gathering|Communication,Agile|Jira|Tableau|Process Improvement,BA,Healthcare,Full-time,"Join the healthcare team at Nexa Labs as a Business Analyst. Your work supports customer experience for a new product launch. You will evaluate product changes, interview stakeholders, and document business requirements. Use SQL, Excel, Business Analysis to deliver clear, documented work. Collaborate with a team of 4 across finance and strategy. Success means reliable weekly delivery. This is a fictional demonstration listing; no employer receives applications.",3.8,2026-09-04,2027-01-02,true
SYN-0387,Power BI Developer,Orbit Works,Mumbai,760000,940000,2,3,Power BI|DAX|SQL|Power Query|Data Modeling,Azure|ETL|Excel|Dashboard Design,BTech,Logistics,Full-time,"Join the logistics team at Orbit Works as a Power BI Developer. Your work supports cost optimization for a new product launch. You will reconcile reporting metrics, optimize DAX measures, and publish operational dashboards. Use Power BI, DAX, SQL to deliver clear, documented work. Collaborate with a team of 16 across finance and strategy. Success means measurable quality improvements. This is a fictional demonstration listing; no employer receives applications.",4.9,2026-09-23,2026-11-01,true
SYN-0388,MIS Executive,Northstar Works,Pune,250000,600000,0,3,Excel|Reporting|Data Cleaning|Communication|Excel VBA,SQL|Power BI|Advanced Excel,12th,Technology,Full-time,"Join the technology team at Northstar Works as a MIS Executive. Your work supports customer experience for regional service teams. You will maintain daily reports, prepare management summaries, and automate spreadsheet checks. Use Excel, Reporting, Data Cleaning to deliver clear, documented work. Collaborate with a team of 5 across product and operations. Success means measurable quality improvements. This is a fictional demonstration listing; no employer receives applications.",4.0,2026-09-09,2026-11-19,true
SYN-0389,SQL Developer,Orbit Systems,Chennai,340000,520000,0,3,SQL|PostgreSQL|Database Design|ETL,Python|SQL Server|Advanced SQL|Git,BCA,Education,Full-time,"Join the education team at Orbit Systems as a SQL Developer. Your work supports subscription growth for a new product launch. You will design warehouse tables, optimize database queries, and audit data consistency. Use SQL, PostgreSQL, Database Design to deliver clear, documented work. Collaborate with a team of 16 across finance and strategy. Success means measurable quality improvements. This is a fictional demonstration listing; no employer receives applications.",4.3,2026-09-14,2026-12-11,true
SYN-0390,Python Developer,Vantage Labs,Ahmedabad,520000,870000,1,4,Python|Flask|SQL|Git|REST API,Django|FastAPI|Docker|Linux,Diploma,Retail,Full-time,"Join the retail team at Vantage Labs as a Python Developer. Your work supports customer experience for regional service teams. You will write integration tests, build backend APIs, and improve service reliability. Use Python, Flask, SQL to deliver clear, documented work. Collaborate with a team of 7 across product and operations. Success means reliable weekly delivery. This is a fictional demonstration listing; no employer receives applications.",4.0,2026-08-28,2026-11-17,true
SYN-0391,Junior Data Scientist,Nexa Partners,Patna,710000,1060000,1,2,Python|Statistics|Machine Learning|Pandas|SQL|Feature Engineering,Scikit-learn|NLP|A/B Testing,BSc,Logistics,Full-time,"Join the logistics team at Nexa Partners as a Junior Data Scientist. Your work supports inventory accuracy for a new product launch. You will prepare experimentation datasets, evaluate classification models, and prototype demand forecasts. Use Python, Statistics, Machine Learning to deliver clear, documented work. Collaborate with a team of 14 across product and operations. Success means clear stakeholder communication. This is a fictional demonstration listing; no employer receives applications.",4.2,2026-10-01,2026-12-21,true
SYN-0392,Machine Learning Engineer,Riverstone Systems,Remote,790000,970000,0,1,Python|Machine Learning|Scikit-learn|Docker|Model Evaluation,PyTorch|TensorFlow|MLOps|AWS,BTech,Healthcare,Full-time,"Join the healthcare team at Riverstone Systems as a Machine Learning Engineer. Your work supports inventory accuracy for a cross-functional transformation program. You will monitor model drift, optimize inference workloads, and serve prediction models. Use Python, Machine Learning, Scikit-learn to deliver clear, documented work. Collaborate with a team of 17 across design and engineering. Success means well-tested, reusable outputs. This is a fictional demonstration listing; no employer receives applications.",4.1,2026-09-30,2026-11-15,true
SYN-0393,Software Developer,Vantage Solutions,Kolkata,430000,680000,0,2,Java|SQL|Git|OOP|Algorithms,Python|Docker|REST API|Agile,BTech,Logistics,Full-time,"Join the logistics team at Vantage Solutions as a Software Developer. Your work supports digital transformation for a new product launch. You will review maintainable code, resolve production defects, and implement service features. Use Java, SQL, Git to deliver clear, documented work. Collaborate with a team of 5 across customer success and sales. Success means clear stakeholder communication. This is a fictional demonstration listing; no employer receives applications.",4.2,2026-09-30,2026-11-09,true
SYN-0394,Web Developer,Lumina Systems,Bangalore,690000,810000,3,5,HTML|CSS|JavaScript|React|Git|Accessibility,Node.js|TypeScript|Bootstrap,Diploma,Education,Full-time,"Join the education team at Lumina Systems as a Web Developer. Your work supports inventory accuracy for regional service teams. You will optimize page performance, integrate REST APIs, and build accessible interfaces. Use HTML, CSS, JavaScript to deliver clear, documented work. Collaborate with a team of 5 across customer success and sales. Success means well-tested, reusable outputs. This is a fictional demonstration listing; no employer receives applications.",3.9,2026-09-16,2026-11-23,true
SYN-0395,Digital Marketing Analyst,Cedar Systems,Hyderabad,560000,740000,3,6,Google Analytics|SEO|Excel|Digital Marketing,Google Ads|SQL|Campaign Analysis|Power BI,BA,Education,Full-time,"Join the education team at Cedar Systems as a Digital Marketing Analyst. Your work supports quality improvement for an expanding customer base. You will recommend landing page experiments, build attribution reports, and measure campaign conversion. Use Google Analytics, SEO, Excel to deliver clear, documented work. Collaborate with a team of 9 across finance and strategy. Success means clear stakeholder communication. This is a fictional demonstration listing; no employer receives applications.",3.5,2026-09-06,2026-12-20,true
SYN-0396,SEO Analyst,Nimbus Solutions,Delhi,380000,630000,1,4,SEO|Google Analytics|Content Marketing|Excel,SEM|Copywriting|HTML|Market Research,12th,Media,Full-time,"Join the media team at Nimbus Solutions as a SEO Analyst. Your work supports subscription growth for a new product launch. You will track organic conversions, research search demand, and improve technical SEO checks. Use SEO, Google Analytics, Content Marketing to deliver clear, documented work. Collaborate with a team of 13 across finance and strategy. Success means clear stakeholder communication. This is a fictional demonstration listing; no employer receives applications.",4.0,2026-09-17,2026-12-18,true
SYN-0397,Customer Support Executive,Bluepeak Partners,Noida,290000,470000,2,3,Customer Support|Communication|CRM|Ticketing|Email Support,Zendesk|Chat Support|Conflict Resolution,12th,Manufacturing,Full-time,"Join the manufacturing team at Bluepeak Partners as a Customer Support Executive. Your work supports inventory accuracy for regional service teams. You will resolve customer tickets, meet response time targets, and maintain accurate case notes. Use Customer Support, Communication, CRM to deliver clear, documented work. Collaborate with a team of 9 across finance and strategy. Success means measurable quality improvements. This is a fictional demonstration listing; no employer receives applications.",4.5,2026-09-18,2026-11-21,true
SYN-0398,Operations Analyst,Cobalt Works,Gurugram,300000,420000,0,3,Excel|SQL|Operations|Process Improvement,Power BI|Supply Chain|Inventory Management|Forecasting,BA,Retail,Full-time,"Join the retail team at Cobalt Works as a Operations Analyst. Your work supports subscription growth for a cross-functional transformation program. You will monitor service metrics, identify process bottlenecks, and analyze fulfillment delays. Use Excel, SQL, Operations to deliver clear, documented work. Collaborate with a team of 5 across design and engineering. Success means reliable weekly delivery. This is a fictional demonstration listing; no employer receives applications.",4.8,2026-09-10,2026-12-05,true
SYN-0399,Financial Analyst,Cedar Solutions,Mumbai,640000,990000,3,6,Excel|Financial Analysis|Accounting|Financial Modeling,SQL|Power BI|Budgeting|Valuation,BCom,Retail,Part-time,"Join the retail team at Cedar Solutions as a Financial Analyst. Your work supports digital transformation for an expanding customer base. You will analyze monthly cash flow, prepare budget variance reports, and validate financial assumptions. Use Excel, Financial Analysis, Accounting to deliver clear, documented work. Collaborate with a team of 15 across customer success and sales. Success means measurable quality improvements. This is a fictional demonstration listing; no employer receives applications.",4.3,2026-09-22,2026-10-28,true
SYN-0400,Cybersecurity Analyst,Cobalt Works,Pune,590000,940000,1,4,Cybersecurity|Networking|Linux|SIEM|Python,Splunk|Incident Response|Wireshark,BTech,Education,Full-time,"Join the education team at Cobalt Works as a Cybersecurity Analyst. Your work supports cost optimization for an expanding customer base. You will document response procedures, assess infrastructure vulnerabilities, and triage security alerts. Use Cybersecurity, Networking, Linux to deliver clear, documented work. Collaborate with a team of 12 across design and engineering. Success means well-tested, reusable outputs. This is a fictional demonstration listing; no employer receives applications.",3.8,2026-09-09,2026-11-04,true
SYN-0401,Cloud Engineer,Prism Labs,Chennai,770000,950000,1,2,AWS|Linux|Networking|Docker,Terraform|Kubernetes|Azure|Monitoring,BTech,Media,Full-time,"Join the media team at Prism Labs as a Cloud Engineer. Your work supports regional expansion for regional service teams. You will operate cloud infrastructure, improve deployment reliability, and monitor system capacity. Use AWS, Linux, Networking to deliver clear, documented work. Collaborate with a team of 4 across finance and strategy. Success means measurable quality improvements. This is a fictional demonstration listing; no employer receives applications.",4.6,2026-09-21,2026-12-21,true
SYN-0402,Graphic Designer,Prism Labs,Ahmedabad,250000,430000,0,2,Photoshop|Illustrator|Canva|Typography,Figma|Branding|Video Editing|InDesign,Diploma,Retail,Full-time,"Join the retail team at Prism Labs as a Graphic Designer. Your work supports regional expansion for weekly business reviews. You will design campaign assets, prepare print layouts, and maintain visual guidelines. Use Photoshop, Illustrator, Canva to deliver clear, documented work. Collaborate with a team of 13 across finance and strategy. Success means reliable weekly delivery. This is a fictional demonstration listing; no employer receives applications.",3.5,2026-09-07,2026-10-29,true
SYN-0403,Marketing Analyst,Meridian Works,Patna,590000,840000,2,3,Excel|Market Research|Google Analytics|Campaign Analysis|SQL,Tableau|A/B Testing|Communication,BA,Manufacturing,Full-time,"Join the manufacturing team at Meridian Works as a Marketing Analyst. Your work supports cost optimization for an expanding customer base. You will segment customer audiences, present customer insights, and research competitor positioning. Use Excel, Market Research, Google Analytics to deliver clear, documented work. Collaborate with a team of 15 across finance and strategy. Success means measurable quality improvements. This is a fictional demonstration listing; no employer receives applications.",4.0,2026-09-06,2026-11-22,true
SYN-0404,HR Analyst,Vantage Systems,Remote,340000,590000,1,2,Excel|HR Analytics|Communication|Reporting,SQL|Power BI|HRIS|Payroll,BA,Education,Contract,"Join the education team at Vantage Systems as a HR Analyst. Your work supports inventory accuracy for an expanding customer base. You will monitor employee retention, analyze workforce trends, and audit HR data quality. Use Excel, HR Analytics, Communication to deliver clear, documented work. Collaborate with a team of 8 across customer success and sales. Success means well-tested, reusable outputs. This is a fictional demonstration listing; no employer receives applications.",3.5,2026-09-06,2026-10-29,true
SYN-0405,Business Intelligence Analyst,Riverstone Labs,Kolkata,460000,710000,0,1,SQL|Power BI|Data Modeling|Data Visualization,Tableau|DAX|Excel|Stakeholder Management,BSc,Logistics,Full-time,"Join the logistics team at Riverstone Labs as a Business Intelligence Analyst. Your work supports customer experience for a cross-functional transformation program. You will document reporting models, build self-service analytics, and define consistent KPI metrics. Use SQL, Power BI, Data Modeling to deliver clear, documented work. Collaborate with a team of 13 across customer success and sales. Success means reliable weekly delivery. This is a fictional demonstration listing; no employer receives applications.",4.4,2026-10-04,2027-01-02,true
SYN-0406,Quality Assurance Analyst,Riverstone Works,Bangalore,410000,530000,1,4,Quality Assurance|SQL|Communication|Problem Solving|Jira,Python|REST API|Agile,Diploma,Retail,Full-time,"Join the retail team at Riverstone Works as a Quality Assurance Analyst. Your work supports subscription growth for weekly business reviews. You will reproduce reported defects, track release readiness, and verify data integrity. Use Quality Assurance, SQL, Communication to deliver clear, documented work. Collaborate with a team of 12 across design and engineering. Success means measurable quality improvements. This is a fictional demonstration listing; no employer receives applications.",3.8,2026-09-06,2026-12-23,true
SYN-0407,UX Researcher,Nexa Labs,Hyderabad,370000,620000,0,2,UX Research|Figma|Communication|Prototyping,UI Design|A/B Testing|Accessibility|Presentation,BA,Manufacturing,Full-time,"Join the manufacturing team at Nexa Labs as a UX Researcher. Your work supports quality improvement for a new product launch. You will synthesize research findings, present user journey insights, and conduct usability sessions. Use UX Research, Figma, Communication to deliver clear, documented work. Collaborate with a team of 8 across finance and strategy. Success means well-tested, reusable outputs. This is a fictional demonstration listing; no employer receives applications.",4.4,2026-09-24,2026-10-30,true
SYN-0408,Data Engineer,Bluepeak Labs,Delhi,120000,370000,0,2,Python|SQL|ETL|Data Modeling|PostgreSQL,Spark|Azure|AWS|Databricks,BTech,Manufacturing,Internship,"Join the manufacturing team at Bluepeak Labs as a Data Engineer. Your work supports cost optimization for a cross-functional transformation program. You will design analytical storage, monitor dataset freshness, and enforce data quality contracts. Use Python, SQL, ETL to deliver clear, documented work. Collaborate with a team of 6 across finance and strategy. Success means well-tested, reusable outputs. This is a fictional demonstration listing; no employer receives applications.",4.9,2026-09-19,2026-11-12,true
SYN-0409,Data Analyst,Cobalt Works,Gurugram,490000,740000,1,2,SQL|Excel|Python|Power BI|Statistics|Data Cleaning|Tableau,DAX|Pandas|Presentation|ETL,Diploma,Education,Full-time,"Join the education team at Cobalt Works as a Data Analyst. Your work supports regional expansion for a new product launch. You will explain customer retention, build weekly KPI dashboards, and analyze sales funnels. Use SQL, Excel, Python to deliver clear, documented work. Collaborate with a team of 12 across finance and strategy. Success means well-tested, reusable outputs. This is a fictional demonstration listing; no employer receives applications.",4.2,2026-09-19,2026-12-12,true
SYN-0410,Business Analyst,Nexa Partners,Mumbai,410000,590000,0,1,SQL|Excel|Business Analysis|Requirements Gathering|Communication,Agile|Jira|Tableau|Process Improvement,BA,Education,Full-time,"Join the education team at Nexa Partners as a Business Analyst. Your work supports digital transformation for an expanding customer base. You will document business requirements, evaluate product changes, and map operational workflows. Use SQL, Excel, Business Analysis to deliver clear, documented work. Collaborate with a team of 13 across finance and strategy. Success means reliable weekly delivery. This is a fictional demonstration listing; no employer receives applications.",4.5,2026-09-29,2026-12-20,true
SYN-0411,Power BI Developer,Aster Partners,Pune,510000,690000,0,1,Power BI|DAX|SQL|Power Query|Data Modeling,Azure|ETL|Excel|Dashboard Design,BTech,Media,Full-time,"Join the media team at Aster Partners as a Power BI Developer. Your work supports quality improvement for regional service teams. You will design dimensional models, publish operational dashboards, and optimize DAX measures. Use Power BI, DAX, SQL to deliver clear, documented work. Collaborate with a team of 15 across design and engineering. Success means reliable weekly delivery. This is a fictional demonstration listing; no employer receives applications.",4.1,2026-10-03,2026-10-23,true
SYN-0412,MIS Executive,Aster Labs,Chennai,350000,530000,2,5,Excel|Reporting|Data Cleaning|Communication|Advanced Excel,SQL|Power BI|Excel VBA,12th,Retail,Full-time,"Join the retail team at Aster Labs as a MIS Executive. Your work supports inventory accuracy for an expanding customer base. You will prepare management summaries, reconcile inventory records, and automate spreadsheet checks. Use Excel, Reporting, Data Cleaning to deliver clear, documented work. Collaborate with a team of 6 across finance and strategy. Success means clear stakeholder communication. This is a fictional demonstration listing; no employer receives applications.",3.3,2026-09-18,2026-12-23,true
SYN-0413,SQL Developer,Prism Works,Ahmedabad,350000,470000,0,3,SQL|PostgreSQL|Database Design|ETL,Python|SQL Server|Advanced SQL|Git,BCA,Logistics,Part-time,"Join the logistics team at Prism Works as a SQL Developer. Your work supports subscription growth for an expanding customer base. You will design warehouse tables, audit data consistency, and optimize database queries. Use SQL, PostgreSQL, Database Design to deliver clear, documented work. Collaborate with a team of 10 across finance and strategy. Success means well-tested, reusable outputs. This is a fictional demonstration listing; no employer receives applications.",4.5,2026-08-31,2026-11-04,true
SYN-0414,Python Developer,Aster Labs,Patna,750000,1100000,3,5,Python|Flask|SQL|Git|REST API,Django|FastAPI|Docker|Linux,Diploma,Manufacturing,Full-time,"Join the manufacturing team at Aster Labs as a Python Developer. Your work supports quality improvement for a cross-functional transformation program. You will build backend APIs, improve service reliability, and write integration tests. Use Python, Flask, SQL to deliver clear, documented work. Collaborate with a team of 11 across design and engineering. Success means measurable quality improvements. This is a fictional demonstration listing; no employer receives applications.",4.7,2026-09-01,2026-11-21,true
SYN-0415,Junior Data Scientist,Orbit Solutions,Remote,710000,960000,1,4,Python|Statistics|Machine Learning|Pandas|SQL|Scikit-learn,NLP|A/B Testing|Feature Engineering,BSc,Healthcare,Full-time,"Join the healthcare team at Orbit Solutions as a Junior Data Scientist. Your work supports customer experience for weekly business reviews. You will evaluate classification models, prepare experimentation datasets, and prototype demand forecasts. Use Python, Statistics, Machine Learning to deliver clear, documented work. Collaborate with a team of 11 across design and engineering. Success means measurable quality improvements. This is a fictional demonstration listing; no employer receives applications.",3.7,2026-10-05,2026-11-05,true
SYN-0416,Machine Learning Engineer,Cedar Solutions,Kolkata,700000,820000,0,1,Python|Machine Learning|Scikit-learn|Docker|Model Evaluation,PyTorch|TensorFlow|MLOps|AWS,BTech,Education,Full-time,"Join the education team at Cedar Solutions as a Machine Learning Engineer. Your work supports quality improvement for weekly business reviews. You will optimize inference workloads, build reproducible ML pipelines, and monitor model drift. Use Python, Machine Learning, Scikit-learn to deliver clear, documented work. Collaborate with a team of 18 across customer success and sales. Success means reliable weekly delivery. This is a fictional demonstration listing; no employer receives applications.",4.0,2026-10-02,2027-01-03,true
SYN-0417,Software Developer,Cobalt Works,Bangalore,430000,610000,0,3,Java|SQL|Git|OOP|Algorithms,Python|Docker|REST API|Agile,BTech,Technology,Full-time,"Join the technology team at Cobalt Works as a Software Developer. Your work supports subscription growth for weekly business reviews. You will improve automated testing, review maintainable code, and implement service features. Use Java, SQL, Git to deliver clear, documented work. Collaborate with a team of 5 across product and operations. Success means clear stakeholder communication. This is a fictional demonstration listing; no employer receives applications.",3.6,2026-09-23,2026-12-01,true
SYN-0418,Web Developer,Evergreen Partners,Hyderabad,800000,980000,4,5,HTML|CSS|JavaScript|React|Git|Accessibility,Node.js|TypeScript|Bootstrap,Diploma,Education,Contract,"Join the education team at Evergreen Partners as a Web Developer. Your work supports inventory accuracy for an expanding customer base. You will optimize page performance, create reusable UI components, and integrate REST APIs. Use HTML, CSS, JavaScript to deliver clear, documented work. Collaborate with a team of 17 across design and engineering. Success means clear stakeholder communication. This is a fictional demonstration listing; no employer receives applications.",4.0,2026-09-08,2026-10-24,true
SYN-0419,Digital Marketing Analyst,Riverstone Labs,Delhi,340000,520000,0,3,Google Analytics|SEO|Excel|Digital Marketing,Google Ads|SQL|Campaign Analysis|Power BI,BA,Manufacturing,Full-time,"Join the manufacturing team at Riverstone Labs as a Digital Marketing Analyst. Your work supports inventory accuracy for weekly business reviews. You will build attribution reports, measure campaign conversion, and audit acquisition channels. Use Google Analytics, SEO, Excel to deliver clear, documented work. Collaborate with a team of 9 across design and engineering. Success means reliable weekly delivery. This is a fictional demonstration listing; no employer receives applications.",3.5,2026-09-27,2026-11-23,true
SYN-0420,SEO Analyst,Cobalt Systems,Noida,370000,620000,1,4,SEO|Google Analytics|Content Marketing|Excel,SEM|Copywriting|HTML|Market Research,12th,Retail,Full-time,"Join the retail team at Cobalt Systems as a SEO Analyst. Your work supports service efficiency for an expanding customer base. You will improve technical SEO checks, audit site content, and research search demand. Use SEO, Google Analytics, Content Marketing to deliver clear, documented work. Collaborate with a team of 18 across product and operations. Success means clear stakeholder communication. This is a fictional demonstration listing; no employer receives applications.",4.5,2026-09-13,2026-12-04,true
SYN-0421,Customer Support Executive,Prism Systems,Gurugram,240000,590000,0,2,Customer Support|Communication|CRM|Ticketing|Chat Support,Zendesk|Email Support|Conflict Resolution,12th,Media,Internship,"Join the media team at Prism Systems as a Customer Support Executive. Your work supports service efficiency for a cross-functional transformation program. You will resolve customer tickets, maintain accurate case notes, and identify recurring service problems. Use Customer Support, Communication, CRM to deliver clear, documented work. Collaborate with a team of 14 across product and operations. Success means reliable weekly delivery. This is a fictional demonstration listing; no employer receives applications.",4.1,2026-09-24,2026-10-26,true
SYN-0422,Operations Analyst,Nexa Works,Mumbai,540000,790000,3,4,Excel|SQL|Operations|Process Improvement,Power BI|Supply Chain|Inventory Management|Forecasting,BA,Logistics,Full-time,"Join the logistics team at Nexa Works as a Operations Analyst. Your work supports quality improvement for regional service teams. You will plan operational capacity, analyze fulfillment delays, and monitor service metrics. Use Excel, SQL, Operations to deliver clear, documented work. Collaborate with a team of 14 across product and operations. Success means well-tested, reusable outputs. This is a fictional demonstration listing; no employer receives applications.",3.6,2026-09-10,2026-11-02,true
SYN-0423,Financial Analyst,Meridian Labs,Pune,850000,1030000,3,4,Excel|Financial Analysis|Accounting|Financial Modeling,SQL|Power BI|Budgeting|Valuation,BCom,Media,Part-time,"Join the media team at Meridian Labs as a Financial Analyst. Your work supports digital transformation for a new product launch. You will model unit economics, prepare budget variance reports, and analyze monthly cash flow. Use Excel, Financial Analysis, Accounting to deliver clear, documented work. Collaborate with a team of 13 across finance and strategy. Success means well-tested, reusable outputs. This is a fictional demonstration listing; no employer receives applications.",3.6,2026-09-02,2026-11-15,true
SYN-0424,Cybersecurity Analyst,Juniper Labs,Chennai,490000,840000,0,2,Cybersecurity|Networking|Linux|SIEM|Python,Splunk|Incident Response|Wireshark,BTech,Logistics,Full-time,"Join the logistics team at Juniper Labs as a Cybersecurity Analyst. Your work supports inventory accuracy for a cross-functional transformation program. You will triage security alerts, document response procedures, and assess infrastructure vulnerabilities. Use Cybersecurity, Networking, Linux to deliver clear, documented work. Collaborate with a team of 8 across design and engineering. Success means measurable quality improvements. This is a fictional demonstration listing; no employer receives applications.",3.3,2026-09-10,2026-11-07,true
SYN-0425,Cloud Engineer,Bluepeak Labs,Ahmedabad,1650000,1830000,5,7,AWS|Linux|Networking|Docker,Terraform|Kubernetes|Azure|Monitoring,BTech,Technology,Full-time,"Join the technology team at Bluepeak Labs as a Cloud Engineer. Your work supports digital transformation for weekly business reviews. You will automate infrastructure changes, improve deployment reliability, and monitor system capacity. Use AWS, Linux, Networking to deliver clear, documented work. Collaborate with a team of 4 across finance and strategy. Success means clear stakeholder communication. This is a fictional demonstration listing; no employer receives applications.",3.9,2026-09-03,2026-10-31,true
SYN-0426,Graphic Designer,Lumina Solutions,Patna,210000,390000,0,1,Photoshop|Illustrator|Canva|Typography,Figma|Branding|Video Editing|InDesign,Diploma,Retail,Full-time,"Join the retail team at Lumina Solutions as a Graphic Designer. Your work supports service efficiency for regional service teams. You will adapt creative for digital channels, design campaign assets, and prepare print layouts. Use Photoshop, Illustrator, Canva to deliver clear, documented work. Collaborate with a team of 6 across design and engineering. Success means reliable weekly delivery. This is a fictional demonstration listing; no employer receives applications.",3.3,2026-10-07,2026-12-26,true
SYN-0427,Marketing Analyst,Northstar Works,Remote,740000,990000,5,6,Excel|Market Research|Google Analytics|Campaign Analysis|Tableau,SQL|A/B Testing|Communication,BA,Logistics,Full-time,"Join the logistics team at Northstar Works as a Marketing Analyst. Your work supports inventory accuracy for regional service teams. You will research competitor positioning, present customer insights, and segment customer audiences. Use Excel, Market Research, Google Analytics to deliver clear, documented work. Collaborate with a team of 7 across product and operations. Success means clear stakeholder communication. This is a fictional demonstration listing; no employer receives applications.",3.4,2026-09-20,2026-11-14,true
SYN-0428,HR Analyst,Bluepeak Solutions,Kolkata,480000,730000,2,5,Excel|HR Analytics|Communication|Reporting,SQL|Power BI|HRIS|Payroll,BA,Manufacturing,Full-time,"Join the manufacturing team at Bluepeak Solutions as a HR Analyst. Your work supports cost optimization for an expanding customer base. You will monitor employee retention, audit HR data quality, and report recruitment efficiency. Use Excel, HR Analytics, Communication to deliver clear, documented work. Collaborate with a team of 5 across finance and strategy. Success means well-tested, reusable outputs. This is a fictional demonstration listing; no employer receives applications.",4.2,2026-09-02,2026-10-24,true
SYN-0429,Business Intelligence Analyst,Bluepeak Labs,Bangalore,1000000,1350000,5,6,SQL|Power BI|Data Modeling|Data Visualization,Tableau|DAX|Excel|Stakeholder Management,BSc,Technology,Full-time,"Join the technology team at Bluepeak Labs as a Business Intelligence Analyst. Your work supports digital transformation for a cross-functional transformation program. You will build self-service analytics, translate business questions into dashboards, and define consistent KPI metrics. Use SQL, Power BI, Data Modeling to deliver clear, documented work. Collaborate with a team of 4 across design and engineering. Success means well-tested, reusable outputs. This is a fictional demonstration listing; no employer receives applications.",3.5,2026-08-31,2026-10-28,true
SYN-0430,Quality Assurance Analyst,Lumina Labs,Hyderabad,330000,450000,1,3,Quality Assurance|SQL|Communication|Problem Solving|REST API,Python|Jira|Agile,Diploma,Media,Full-time,"Join the media team at Lumina Labs as a Quality Assurance Analyst. Your work supports digital transformation for weekly business reviews. You will design test scenarios, verify data integrity, and track release readiness. Use Quality Assurance, SQL, Communication to deliver clear, documented work. Collaborate with a team of 5 across design and engineering. Success means well-tested, reusable outputs. This is a fictional demonstration listing; no employer receives applications.",4.1,2026-08-29,2026-12-30,true
SYN-0431,UX Researcher,Meridian Works,Delhi,520000,870000,1,4,UX Research|Figma|Communication|Prototyping,UI Design|A/B Testing|Accessibility|Presentation,BA,Finance,Full-time,"Join the finance team at Meridian Works as a UX Researcher. Your work supports digital transformation for an expanding customer base. You will conduct usability sessions, validate interface prototypes, and synthesize research findings. Use UX Research, Figma, Communication to deliver clear, documented work. Collaborate with a team of 10 across design and engineering. Success means measurable quality improvements. This is a fictional demonstration listing; no employer receives applications.",3.3,2026-09-15,2026-10-24,true
SYN-0432,Data Engineer,Vantage Systems,Noida,930000,1180000,2,3,Python|SQL|ETL|Data Modeling|PostgreSQL,Spark|Azure|AWS|Databricks,BTech,Healthcare,Full-time,"Join the healthcare team at Vantage Systems as a Data Engineer. Your work supports digital transformation for regional service teams. You will monitor dataset freshness, design analytical storage, and build ingestion pipelines. Use Python, SQL, ETL to deliver clear, documented work. Collaborate with a team of 11 across finance and strategy. Success means clear stakeholder communication. This is a fictional demonstration listing; no employer receives applications.",4.4,2026-09-30,2026-11-09,true
SYN-0433,Data Analyst,Prism Partners,Mumbai,120000,470000,0,3,SQL|Excel|Python|Power BI|Statistics|Data Cleaning|Presentation,Tableau|DAX|Pandas|ETL,Diploma,Finance,Internship,"Join the finance team at Prism Partners as a Data Analyst. Your work supports cost optimization for an expanding customer base. You will analyze sales funnels, explain customer retention, and build weekly KPI dashboards. Use SQL, Excel, Python to deliver clear, documented work. Collaborate with a team of 14 across design and engineering. Success means clear stakeholder communication. This is a fictional demonstration listing; no employer receives applications.",4.1,2026-10-01,2026-11-13,true
SYN-0434,Business Analyst,Nimbus Labs,Pune,390000,640000,0,1,SQL|Excel|Business Analysis|Requirements Gathering|Communication,Agile|Jira|Tableau|Process Improvement,BA,Logistics,Full-time,"Join the logistics team at Nimbus Labs as a Business Analyst. Your work supports cost optimization for weekly business reviews. You will interview stakeholders, document business requirements, and map operational workflows. Use SQL, Excel, Business Analysis to deliver clear, documented work. Collaborate with a team of 11 across design and engineering. Success means clear stakeholder communication. This is a fictional demonstration listing; no employer receives applications.",3.5,2026-09-29,2026-11-24,true
SYN-0435,Power BI Developer,Nexa Systems,Chennai,470000,650000,0,3,Power BI|DAX|SQL|Power Query|Data Modeling,Azure|ETL|Excel|Dashboard Design,BTech,Retail,Full-time,"Join the retail team at Nexa Systems as a Power BI Developer. Your work supports cost optimization for a cross-functional transformation program. You will publish operational dashboards, optimize DAX measures, and design dimensional models. Use Power BI, DAX, SQL to deliver clear, documented work. Collaborate with a team of 13 across customer success and sales. Success means clear stakeholder communication. This is a fictional demonstration listing; no employer receives applications.",4.5,2026-09-01,2026-11-22,true
SYN-0436,MIS Executive,Orbit Solutions,Ahmedabad,310000,560000,2,3,Excel|Reporting|Data Cleaning|Communication|Advanced Excel,SQL|Power BI|Excel VBA,12th,Healthcare,Full-time,"Join the healthcare team at Orbit Solutions as a MIS Executive. Your work supports customer experience for an expanding customer base. You will reconcile inventory records, automate spreadsheet checks, and prepare management summaries. Use Excel, Reporting, Data Cleaning to deliver clear, documented work. Collaborate with a team of 5 across product and operations. Success means well-tested, reusable outputs. This is a fictional demonstration listing; no employer receives applications.",4.1,2026-09-25,2026-12-18,true
SYN-0437,SQL Developer,Orbit Systems,Patna,620000,800000,2,3,SQL|PostgreSQL|Database Design|ETL,Python|SQL Server|Advanced SQL|Git,BCA,Technology,Full-time,"Join the technology team at Orbit Systems as a SQL Developer. Your work supports regional expansion for an expanding customer base. You will audit data consistency, optimize database queries, and build scheduled data pipelines. Use SQL, PostgreSQL, Database Design to deliver clear, documented work. Collaborate with a team of 9 across product and operations. Success means clear stakeholder communication. This is a fictional demonstration listing; no employer receives applications.",4.6,2026-09-12,2026-12-10,true
SYN-0438,Python Developer,Juniper Systems,Remote,590000,940000,2,4,Python|Flask|SQL|Git|REST API,Django|FastAPI|Docker|Linux,Diploma,Retail,Full-time,"Join the retail team at Juniper Systems as a Python Developer. Your work supports customer experience for weekly business reviews. You will improve service reliability, write integration tests, and build backend APIs. Use Python, Flask, SQL to deliver clear, documented work. Collaborate with a team of 18 across customer success and sales. Success means well-tested, reusable outputs. This is a fictional demonstration listing; no employer receives applications.",4.5,2026-09-25,2026-12-25,true
SYN-0439,Junior Data Scientist,Nimbus Solutions,Kolkata,750000,1000000,1,4,Python|Statistics|Machine Learning|Pandas|SQL|NLP,Scikit-learn|A/B Testing|Feature Engineering,BSc,Education,Full-time,"Join the education team at Nimbus Solutions as a Junior Data Scientist. Your work supports regional expansion for an expanding customer base. You will prepare experimentation datasets, evaluate classification models, and prototype demand forecasts. Use Python, Statistics, Machine Learning to deliver clear, documented work. Collaborate with a team of 4 across finance and strategy. Success means well-tested, reusable outputs. This is a fictional demonstration listing; no employer receives applications.",3.8,2026-10-06,2026-12-05,true
SYN-0440,Machine Learning Engineer,Prism Labs,Bangalore,1030000,1280000,2,4,Python|Machine Learning|Scikit-learn|Docker|Model Evaluation,PyTorch|TensorFlow|MLOps|AWS,BTech,Manufacturing,Full-time,"Join the manufacturing team at Prism Labs as a Machine Learning Engineer. Your work supports inventory accuracy for an expanding customer base. You will build reproducible ML pipelines, monitor model drift, and serve prediction models. Use Python, Machine Learning, Scikit-learn to deliver clear, documented work. Collaborate with a team of 15 across product and operations. Success means clear stakeholder communication. This is a fictional demonstration listing; no employer receives applications.",3.7,2026-09-01,2026-11-29,true
SYN-0441,Software Developer,Bluepeak Partners,Hyderabad,430000,550000,0,3,Java|SQL|Git|OOP|Algorithms,Python|Docker|REST API|Agile,BTech,Logistics,Full-time,"Join the logistics team at Bluepeak Partners as a Software Developer. Your work supports inventory accuracy for an expanding customer base. You will resolve production defects, improve automated testing, and implement service features. Use Java, SQL, Git to deliver clear, documented work. Collaborate with a team of 13 across finance and strategy. Success means measurable quality improvements. This is a fictional demonstration listing; no employer receives applications.",4.0,2026-10-05,2027-01-01,true
SYN-0442,Web Developer,Lumina Works,Delhi,810000,930000,5,6,HTML|CSS|JavaScript|React|Git|Node.js,TypeScript|Accessibility|Bootstrap,Diploma,Finance,Full-time,"Join the finance team at Lumina Works as a Web Developer. Your work supports inventory accuracy for weekly business reviews. You will build accessible interfaces, optimize page performance, and integrate REST APIs. Use HTML, CSS, JavaScript to deliver clear, documented work. Collaborate with a team of 9 across finance and strategy. Success means well-tested, reusable outputs. This is a fictional demonstration listing; no employer receives applications.",3.5,2026-08-28,2026-12-22,true
SYN-0443,Digital Marketing Analyst,Aster Partners,Noida,330000,450000,0,1,Google Analytics|SEO|Excel|Digital Marketing,Google Ads|SQL|Campaign Analysis|Power BI,BA,Retail,Full-time,"Join the retail team at Aster Partners as a Digital Marketing Analyst. Your work supports inventory accuracy for a cross-functional transformation program. You will recommend landing page experiments, build attribution reports, and measure campaign conversion. Use Google Analytics, SEO, Excel to deliver clear, documented work. Collaborate with a team of 16 across design and engineering. Success means reliable weekly delivery. This is a fictional demonstration listing; no employer receives applications.",4.3,2026-09-01,2026-11-24,true
SYN-0444,SEO Analyst,Vantage Labs,Gurugram,270000,620000,0,1,SEO|Google Analytics|Content Marketing|Excel,SEM|Copywriting|HTML|Market Research,12th,Logistics,Full-time,"Join the logistics team at Vantage Labs as a SEO Analyst. Your work supports regional expansion for an expanding customer base. You will research search demand, improve technical SEO checks, and audit site content. Use SEO, Google Analytics, Content Marketing to deliver clear, documented work. Collaborate with a team of 10 across finance and strategy. Success means well-tested, reusable outputs. This is a fictional demonstration listing; no employer receives applications.",4.9,2026-09-03,2026-11-17,true
SYN-0445,Customer Support Executive,Nimbus Solutions,Mumbai,330000,680000,3,5,Customer Support|Communication|CRM|Ticketing|Chat Support,Zendesk|Email Support|Conflict Resolution,12th,Media,Full-time,"Join the media team at Nimbus Solutions as a Customer Support Executive. Your work supports customer experience for an expanding customer base. You will meet response time targets, resolve customer tickets, and identify recurring service problems. Use Customer Support, Communication, CRM to deliver clear, documented work. Collaborate with a team of 6 across customer success and sales. Success means clear stakeholder communication. This is a fictional demonstration listing; no employer receives applications.",3.9,2026-09-24,2026-12-25,true
SYN-0446,Operations Analyst,Bluepeak Works,Pune,580000,760000,2,3,Excel|SQL|Operations|Process Improvement,Power BI|Supply Chain|Inventory Management|Forecasting,BA,Healthcare,Contract,"Join the healthcare team at Bluepeak Works as a Operations Analyst. Your work supports customer experience for a cross-functional transformation program. You will monitor service metrics, analyze fulfillment delays, and identify process bottlenecks. Use Excel, SQL, Operations to deliver clear, documented work. Collaborate with a team of 14 across customer success and sales. Success means clear stakeholder communication. This is a fictional demonstration listing; no employer receives applications.",4.6,2026-09-10,2026-11-14,true
SYN-0447,Financial Analyst,Riverstone Labs,Chennai,600000,850000,3,6,Excel|Financial Analysis|Accounting|Financial Modeling,SQL|Power BI|Budgeting|Valuation,BCom,Finance,Full-time,"Join the finance team at Riverstone Labs as a Financial Analyst. Your work supports quality improvement for weekly business reviews. You will prepare budget variance reports, model unit economics, and analyze monthly cash flow. Use Excel, Financial Analysis, Accounting to deliver clear, documented work. Collaborate with a team of 6 across product and operations. Success means well-tested, reusable outputs. This is a fictional demonstration listing; no employer receives applications.",4.4,2026-09-12,2026-12-09,true
SYN-0448,Cybersecurity Analyst,Cobalt Labs,Ahmedabad,650000,900000,2,3,Cybersecurity|Networking|Linux|SIEM|Splunk,Incident Response|Wireshark|Python,BTech,Healthcare,Full-time,"Join the healthcare team at Cobalt Labs as a Cybersecurity Analyst. Your work supports customer experience for an expanding customer base. You will triage security alerts, document response procedures, and assess infrastructure vulnerabilities. Use Cybersecurity, Networking, Linux to deliver clear, documented work. Collaborate with a team of 5 across design and engineering. Success means measurable quality improvements. This is a fictional demonstration listing; no employer receives applications.",4.5,2026-09-11,2026-12-08,true
SYN-0449,Cloud Engineer,Bluepeak Works,Patna,640000,990000,0,1,AWS|Linux|Networking|Docker,Terraform|Kubernetes|Azure|Monitoring,BTech,Healthcare,Full-time,"Join the healthcare team at Bluepeak Works as a Cloud Engineer. Your work supports cost optimization for an expanding customer base. You will automate infrastructure changes, improve deployment reliability, and operate cloud infrastructure. Use AWS, Linux, Networking to deliver clear, documented work. Collaborate with a team of 9 across product and operations. Success means reliable weekly delivery. This is a fictional demonstration listing; no employer receives applications.",4.7,2026-09-15,2026-11-29,true
SYN-0450,Graphic Designer,Cobalt Labs,Remote,400000,580000,2,4,Photoshop|Illustrator|Canva|Typography,Figma|Branding|Video Editing|InDesign,Diploma,Education,Contract,"Join the education team at Cobalt Labs as a Graphic Designer. Your work supports subscription growth for an expanding customer base. You will adapt creative for digital channels, prepare print layouts, and maintain visual guidelines. Use Photoshop, Illustrator, Canva to deliver clear, documented work. Collaborate with a team of 7 across customer success and sales. Success means reliable weekly delivery. This is a fictional demonstration listing; no employer receives applications.",3.7,2026-09-30,2026-12-20,true
SYN-0451,Marketing Analyst,Cedar Solutions,Kolkata,780000,900000,5,6,Excel|Market Research|Google Analytics|Campaign Analysis|SQL,Tableau|A/B Testing|Communication,BA,Media,Full-time,"Join the media team at Cedar Solutions as a Marketing Analyst. Your work supports subscription growth for weekly business reviews. You will segment customer audiences, measure marketing efficiency, and present customer insights. Use Excel, Market Research, Google Analytics to deliver clear, documented work. Collaborate with a team of 13 across product and operations. Success means measurable quality improvements. This is a fictional demonstration listing; no employer receives applications.",3.5,2026-10-06,2026-12-05,true
SYN-0452,HR Analyst,Riverstone Works,Bangalore,710000,960000,4,5,Excel|HR Analytics|Communication|Reporting,SQL|Power BI|HRIS|Payroll,BA,Healthcare,Full-time,"Join the healthcare team at Riverstone Works as a HR Analyst. Your work supports inventory accuracy for regional service teams. You will analyze workforce trends, audit HR data quality, and monitor employee retention. Use Excel, HR Analytics, Communication to deliver clear, documented work. Collaborate with a team of 10 across finance and strategy. Success means clear stakeholder communication. This is a fictional demonstration listing; no employer receives applications.",3.7,2026-09-13,2026-10-30,true
SYN-0453,Business Intelligence Analyst,Bluepeak Works,Hyderabad,180000,360000,0,1,SQL|Power BI|Data Modeling|Data Visualization,Tableau|DAX|Excel|Stakeholder Management,BSc,Education,Internship,"Join the education team at Bluepeak Works as a Business Intelligence Analyst. Your work supports customer experience for weekly business reviews. You will build self-service analytics, translate business questions into dashboards, and define consistent KPI metrics. Use SQL, Power BI, Data Modeling to deliver clear, documented work. Collaborate with a team of 7 across product and operations. Success means measurable quality improvements. This is a fictional demonstration listing; no employer receives applications.",4.7,2026-08-29,2026-12-07,true
SYN-0454,Quality Assurance Analyst,Northstar Solutions,Delhi,240000,420000,0,2,Quality Assurance|SQL|Communication|Problem Solving|Agile,Python|Jira|REST API,Diploma,Education,Internship,"Join the education team at Northstar Solutions as a Quality Assurance Analyst. Your work supports customer experience for regional service teams. You will verify data integrity, reproduce reported defects, and track release readiness. Use Quality Assurance, SQL, Communication to deliver clear, documented work. Collaborate with a team of 15 across customer success and sales. Success means well-tested, reusable outputs. This is a fictional demonstration listing; no employer receives applications.",3.9,2026-09-01,2026-12-19,true
SYN-0455,UX Researcher,Vantage Systems,Noida,830000,950000,3,5,UX Research|Figma|Communication|Prototyping,UI Design|A/B Testing|Accessibility|Presentation,BA,Education,Full-time,"Join the education team at Vantage Systems as a UX Researcher. Your work supports regional expansion for an expanding customer base. You will synthesize research findings, validate interface prototypes, and present user journey insights. Use UX Research, Figma, Communication to deliver clear, documented work. Collaborate with a team of 16 across customer success and sales. Success means well-tested, reusable outputs. This is a fictional demonstration listing; no employer receives applications.",4.0,2026-09-12,2026-11-01,true
SYN-0456,Data Engineer,Prism Partners,Gurugram,500000,850000,0,1,Python|SQL|ETL|Data Modeling|PostgreSQL,Spark|Azure|AWS|Databricks,BTech,Education,Full-time,"Join the education team at Prism Partners as a Data Engineer. Your work supports inventory accuracy for an expanding customer base. You will build ingestion pipelines, monitor dataset freshness, and enforce data quality contracts. Use Python, SQL, ETL to deliver clear, documented work. Collaborate with a team of 8 across finance and strategy. Success means reliable weekly delivery. This is a fictional demonstration listing; no employer receives applications.",3.5,2026-08-29,2026-11-05,true
SYN-0457,Data Analyst,Orbit Labs,Pune,850000,970000,5,8,SQL|Excel|Python|Power BI|Statistics|Data Cleaning|Tableau,DAX|Pandas|Presentation|ETL,Diploma,Healthcare,Full-time,"Join the healthcare team at Orbit Labs as a Data Analyst. Your work supports cost optimization for a new product launch. You will build weekly KPI dashboards, explain customer retention, and analyze sales funnels. Use SQL, Excel, Python to deliver clear, documented work. Collaborate with a team of 16 across design and engineering. Success means clear stakeholder communication. This is a fictional demonstration listing; no employer receives applications.",4.4,2026-09-19,2026-12-26,true
SYN-0458,Business Analyst,Evergreen Labs,Chennai,450000,570000,1,3,SQL|Excel|Business Analysis|Requirements Gathering|Communication,Agile|Jira|Tableau|Process Improvement,BA,Logistics,Part-time,"Join the logistics team at Evergreen Labs as a Business Analyst. Your work supports regional expansion for regional service teams. You will document business requirements, evaluate product changes, and map operational workflows. Use SQL, Excel, Business Analysis to deliver clear, documented work. Collaborate with a team of 15 across finance and strategy. Success means well-tested, reusable outputs. This is a fictional demonstration listing; no employer receives applications.",3.4,2026-09-18,2026-12-20,true
SYN-0459,Power BI Developer,Cobalt Solutions,Ahmedabad,120000,240000,0,3,Power BI|DAX|SQL|Power Query|Data Modeling,Azure|ETL|Excel|Dashboard Design,BTech,Healthcare,Internship,"Join the healthcare team at Cobalt Solutions as a Power BI Developer. Your work supports cost optimization for weekly business reviews. You will design dimensional models, optimize DAX measures, and reconcile reporting metrics. Use Power BI, DAX, SQL to deliver clear, documented work. Collaborate with a team of 8 across customer success and sales. Success means measurable quality improvements. This is a fictional demonstration listing; no employer receives applications.",4.4,2026-09-01,2026-12-26,true
SYN-0460,MIS Executive,Evergreen Systems,Patna,210000,330000,0,2,Excel|Reporting|Data Cleaning|Communication|SQL,Power BI|Excel VBA|Advanced Excel,12th,Media,Part-time,"Join the media team at Evergreen Systems as a MIS Executive. Your work supports customer experience for an expanding customer base. You will reconcile inventory records, maintain daily reports, and automate spreadsheet checks. Use Excel, Reporting, Data Cleaning to deliver clear, documented work. Collaborate with a team of 5 across finance and strategy. Success means reliable weekly delivery. This is a fictional demonstration listing; no employer receives applications.",4.7,2026-10-04,2026-11-23,true
SYN-0461,SQL Developer,Northstar Labs,Remote,180000,530000,0,1,SQL|PostgreSQL|Database Design|ETL,Python|SQL Server|Advanced SQL|Git,BCA,Education,Internship,"Join the education team at Northstar Labs as a SQL Developer. Your work supports quality improvement for a new product launch. You will design warehouse tables, audit data consistency, and optimize database queries. Use SQL, PostgreSQL, Database Design to deliver clear, documented work. Collaborate with a team of 4 across customer success and sales. Success means clear stakeholder communication. This is a fictional demonstration listing; no employer receives applications.",3.8,2026-09-18,2026-10-24,true
SYN-0462,Python Developer,Lumina Partners,Kolkata,180000,530000,0,3,Python|Flask|SQL|Git|REST API,Django|FastAPI|Docker|Linux,Diploma,Media,Internship,"Join the media team at Lumina Partners as a Python Developer. Your work supports cost optimization for weekly business reviews. You will build backend APIs, write integration tests, and maintain internal automation. Use Python, Flask, SQL to deliver clear, documented work. Collaborate with a team of 16 across finance and strategy. Success means clear stakeholder communication. This is a fictional demonstration listing; no employer receives applications.",3.7,2026-09-07,2026-11-20,true
SYN-0463,Junior Data Scientist,Cobalt Solutions,Bangalore,610000,960000,1,2,Python|Statistics|Machine Learning|Pandas|SQL|Feature Engineering,Scikit-learn|NLP|A/B Testing,BSc,Media,Full-time,"Join the media team at Cobalt Solutions as a Junior Data Scientist. Your work supports quality improvement for a new product launch. You will prototype demand forecasts, evaluate classification models, and explain model errors. Use Python, Statistics, Machine Learning to deliver clear, documented work. Collaborate with a team of 12 across product and operations. Success means measurable quality improvements. This is a fictional demonstration listing; no employer receives applications.",3.3,2026-09-03,2026-10-27,true
SYN-0464,Machine Learning Engineer,Bluepeak Systems,Hyderabad,1310000,1660000,2,3,Python|Machine Learning|Scikit-learn|Docker|Model Evaluation,PyTorch|TensorFlow|MLOps|AWS,BTech,Logistics,Full-time,"Join the logistics team at Bluepeak Systems as a Machine Learning Engineer. Your work supports regional expansion for regional service teams. You will build reproducible ML pipelines, monitor model drift, and optimize inference workloads. Use Python, Machine Learning, Scikit-learn to deliver clear, documented work. Collaborate with a team of 11 across finance and strategy. Success means reliable weekly delivery. This is a fictional demonstration listing; no employer receives applications.",4.7,2026-09-02,2026-11-26,true
SYN-0465,Software Developer,Cedar Partners,Delhi,470000,720000,0,1,Java|SQL|Git|OOP|Algorithms,Python|Docker|REST API|Agile,BTech,Technology,Full-time,"Join the technology team at Cedar Partners as a Software Developer. Your work supports customer experience for a new product launch. You will implement service features, resolve production defects, and review maintainable code. Use Java, SQL, Git to deliver clear, documented work. Collaborate with a team of 17 across design and engineering. Success means reliable weekly delivery. This is a fictional demonstration listing; no employer receives applications.",4.5,2026-09-11,2026-12-24,true
SYN-0466,Web Developer,Juniper Works,Noida,490000,610000,1,2,HTML|CSS|JavaScript|React|Git|Accessibility,Node.js|TypeScript|Bootstrap,Diploma,Retail,Full-time,"Join the retail team at Juniper Works as a Web Developer. Your work supports service efficiency for an expanding customer base. You will build accessible interfaces, optimize page performance, and create reusable UI components. Use HTML, CSS, JavaScript to deliver clear, documented work. Collaborate with a team of 12 across finance and strategy. Success means measurable quality improvements. This is a fictional demonstration listing; no employer receives applications.",4.3,2026-09-21,2027-01-01,true
SYN-0467,Digital Marketing Analyst,Evergreen Labs,Gurugram,390000,510000,2,3,Google Analytics|SEO|Excel|Digital Marketing,Google Ads|SQL|Campaign Analysis|Power BI,BA,Manufacturing,Full-time,"Join the manufacturing team at Evergreen Labs as a Digital Marketing Analyst. Your work supports cost optimization for weekly business reviews. You will measure campaign conversion, build attribution reports, and audit acquisition channels. Use Google Analytics, SEO, Excel to deliver clear, documented work. Collaborate with a team of 6 across product and operations. Success means measurable quality improvements. This is a fictional demonstration listing; no employer receives applications.",4.8,2026-09-16,2026-11-18,true
SYN-0468,SEO Analyst,Nexa Solutions,Mumbai,370000,550000,2,5,SEO|Google Analytics|Content Marketing|Excel,SEM|Copywriting|HTML|Market Research,12th,Finance,Full-time,"Join the finance team at Nexa Solutions as a SEO Analyst. Your work supports subscription growth for a new product launch. You will improve technical SEO checks, audit site content, and research search demand. Use SEO, Google Analytics, Content Marketing to deliver clear, documented work. Collaborate with a team of 13 across design and engineering. Success means well-tested, reusable outputs. This is a fictional demonstration listing; no employer receives applications.",4.2,2026-09-08,2026-12-28,true
SYN-0469,Customer Support Executive,Prism Systems,Pune,290000,470000,1,2,Customer Support|Communication|CRM|Ticketing|Conflict Resolution,Zendesk|Email Support|Chat Support,12th,Media,Full-time,"Join the media team at Prism Systems as a Customer Support Executive. Your work supports quality improvement for an expanding customer base. You will maintain accurate case notes, meet response time targets, and resolve customer tickets. Use Customer Support, Communication, CRM to deliver clear, documented work. Collaborate with a team of 12 across product and operations. Success means clear stakeholder communication. This is a fictional demonstration listing; no employer receives applications.",3.4,2026-09-21,2026-11-09,true
SYN-0470,Operations Analyst,Cobalt Partners,Chennai,320000,500000,0,1,Excel|SQL|Operations|Process Improvement,Power BI|Supply Chain|Inventory Management|Forecasting,BA,Finance,Full-time,"Join the finance team at Cobalt Partners as a Operations Analyst. Your work supports subscription growth for regional service teams. You will identify process bottlenecks, plan operational capacity, and monitor service metrics. Use Excel, SQL, Operations to deliver clear, documented work. Collaborate with a team of 5 across product and operations. Success means reliable weekly delivery. This is a fictional demonstration listing; no employer receives applications.",4.4,2026-09-05,2026-11-23,true
SYN-0471,Financial Analyst,Lumina Partners,Ahmedabad,560000,680000,2,5,Excel|Financial Analysis|Accounting|Financial Modeling,SQL|Power BI|Budgeting|Valuation,BCom,Manufacturing,Full-time,"Join the manufacturing team at Lumina Partners as a Financial Analyst. Your work supports regional expansion for regional service teams. You will validate financial assumptions, prepare budget variance reports, and model unit economics. Use Excel, Financial Analysis, Accounting to deliver clear, documented work. Collaborate with a team of 17 across product and operations. Success means clear stakeholder communication. This is a fictional demonstration listing; no employer receives applications.",3.3,2026-09-08,2026-10-22,true
SYN-0472,Cybersecurity Analyst,Lumina Labs,Patna,1000000,1350000,4,6,Cybersecurity|Networking|Linux|SIEM|Incident Response,Splunk|Wireshark|Python,BTech,Media,Full-time,"Join the media team at Lumina Labs as a Cybersecurity Analyst. Your work supports regional expansion for a cross-functional transformation program. You will assess infrastructure vulnerabilities, document response procedures, and investigate suspicious logs. Use Cybersecurity, Networking, Linux to deliver clear, documented work. Collaborate with a team of 17 across finance and strategy. Success means clear stakeholder communication. This is a fictional demonstration listing; no employer receives applications.",3.7,2026-08-31,2026-11-22,true
SYN-0473,Cloud Engineer,Prism Labs,Remote,530000,780000,0,1,AWS|Linux|Networking|Docker,Terraform|Kubernetes|Azure|Monitoring,BTech,Retail,Contract,"Join the retail team at Prism Labs as a Cloud Engineer. Your work supports customer experience for regional service teams. You will improve deployment reliability, automate infrastructure changes, and operate cloud infrastructure. Use AWS, Linux, Networking to deliver clear, documented work. Collaborate with a team of 11 across product and operations. Success means clear stakeholder communication. This is a fictional demonstration listing; no employer receives applications.",3.4,2026-09-11,2026-12-29,true
SYN-0474,Graphic Designer,Juniper Partners,Kolkata,320000,500000,1,4,Photoshop|Illustrator|Canva|Typography,Figma|Branding|Video Editing|InDesign,Diploma,Retail,Full-time,"Join the retail team at Juniper Partners as a Graphic Designer. Your work supports customer experience for regional service teams. You will maintain visual guidelines, prepare print layouts, and design campaign assets. Use Photoshop, Illustrator, Canva to deliver clear, documented work. Collaborate with a team of 5 across product and operations. Success means reliable weekly delivery. This is a fictional demonstration listing; no employer receives applications.",3.6,2026-09-21,2026-12-08,true
SYN-0475,Marketing Analyst,Bluepeak Labs,Bangalore,300000,550000,0,1,Excel|Market Research|Google Analytics|Campaign Analysis|Tableau,SQL|A/B Testing|Communication,BA,Education,Full-time,"Join the education team at Bluepeak Labs as a Marketing Analyst. Your work supports inventory accuracy for weekly business reviews. You will measure marketing efficiency, present customer insights, and segment customer audiences. Use Excel, Market Research, Google Analytics to deliver clear, documented work. Collaborate with a team of 14 across finance and strategy. Success means measurable quality improvements. This is a fictional demonstration listing; no employer receives applications.",3.4,2026-09-06,2026-11-13,true
SYN-0476,HR Analyst,Prism Solutions,Hyderabad,360000,480000,1,4,Excel|HR Analytics|Communication|Reporting,SQL|Power BI|HRIS|Payroll,BA,Manufacturing,Full-time,"Join the manufacturing team at Prism Solutions as a HR Analyst. Your work supports customer experience for weekly business reviews. You will report recruitment efficiency, audit HR data quality, and monitor employee retention. Use Excel, HR Analytics, Communication to deliver clear, documented work. Collaborate with a team of 12 across finance and strategy. Success means reliable weekly delivery. This is a fictional demonstration listing; no employer receives applications.",4.4,2026-09-02,2026-12-04,true
SYN-0477,Business Intelligence Analyst,Riverstone Labs,Delhi,1120000,1300000,4,5,SQL|Power BI|Data Modeling|Data Visualization,Tableau|DAX|Excel|Stakeholder Management,BSc,Education,Full-time,"Join the education team at Riverstone Labs as a Business Intelligence Analyst. Your work supports customer experience for regional service teams. You will translate business questions into dashboards, build self-service analytics, and document reporting models. Use SQL, Power BI, Data Modeling to deliver clear, documented work. Collaborate with a team of 7 across design and engineering. Success means reliable weekly delivery. This is a fictional demonstration listing; no employer receives applications.",3.6,2026-09-27,2026-11-05,true
SYN-0478,Quality Assurance Analyst,Lumina Systems,Noida,540000,890000,3,5,Quality Assurance|SQL|Communication|Problem Solving|Agile,Python|Jira|REST API,Diploma,Manufacturing,Full-time,"Join the manufacturing team at Lumina Systems as a Quality Assurance Analyst. Your work supports service efficiency for an expanding customer base. You will track release readiness, reproduce reported defects, and verify data integrity. Use Quality Assurance, SQL, Communication to deliver clear, documented work. Collaborate with a team of 9 across product and operations. Success means clear stakeholder communication. This is a fictional demonstration listing; no employer receives applications.",4.6,2026-10-04,2026-12-29,true
SYN-0479,UX Researcher,Riverstone Partners,Gurugram,390000,740000,0,3,UX Research|Figma|Communication|Prototyping,UI Design|A/B Testing|Accessibility|Presentation,BA,Retail,Full-time,"Join the retail team at Riverstone Partners as a UX Researcher. Your work supports quality improvement for an expanding customer base. You will validate interface prototypes, conduct usability sessions, and synthesize research findings. Use UX Research, Figma, Communication to deliver clear, documented work. Collaborate with a team of 9 across design and engineering. Success means well-tested, reusable outputs. This is a fictional demonstration listing; no employer receives applications.",3.3,2026-09-14,2026-12-11,true
SYN-0480,Data Engineer,Nexa Partners,Mumbai,980000,1330000,2,3,Python|SQL|ETL|Data Modeling|PostgreSQL,Spark|Azure|AWS|Databricks,BTech,Retail,Full-time,"Join the retail team at Nexa Partners as a Data Engineer. Your work supports subscription growth for a new product launch. You will monitor dataset freshness, design analytical storage, and enforce data quality contracts. Use Python, SQL, ETL to deliver clear, documented work. Collaborate with a team of 16 across finance and strategy. Success means measurable quality improvements. This is a fictional demonstration listing; no employer receives applications.",4.2,2026-09-21,2026-12-11,true
SYN-0481,Data Analyst,Riverstone Works,Chennai,410000,590000,1,3,SQL|Excel|Python|Power BI|Statistics|Data Cleaning|Tableau,DAX|Pandas|Presentation|ETL,Diploma,Retail,Full-time,"Join the retail team at Riverstone Works as a Data Analyst. Your work supports subscription growth for a new product launch. You will validate transaction data, analyze sales funnels, and explain customer retention. Use SQL, Excel, Python to deliver clear, documented work. Collaborate with a team of 4 across product and operations. Success means measurable quality improvements. This is a fictional demonstration listing; no employer receives applications.",3.6,2026-09-18,2026-12-10,true
SYN-0482,Business Analyst,Northstar Labs,Ahmedabad,800000,1150000,3,5,SQL|Excel|Business Analysis|Requirements Gathering|Communication,Agile|Jira|Tableau|Process Improvement,BA,Media,Full-time,"Join the media team at Northstar Labs as a Business Analyst. Your work supports customer experience for a cross-functional transformation program. You will map operational workflows, document business requirements, and evaluate product changes. Use SQL, Excel, Business Analysis to deliver clear, documented work. Collaborate with a team of 13 across finance and strategy. Success means clear stakeholder communication. This is a fictional demonstration listing; no employer receives applications.",4.3,2026-09-14,2027-01-03,true
SYN-0483,Power BI Developer,Evergreen Labs,Patna,850000,1030000,3,6,Power BI|DAX|SQL|Power Query|Data Modeling,Azure|ETL|Excel|Dashboard Design,BTech,Logistics,Full-time,"Join the logistics team at Evergreen Labs as a Power BI Developer. Your work supports subscription growth for a new product launch. You will reconcile reporting metrics, optimize DAX measures, and publish operational dashboards. Use Power BI, DAX, SQL to deliver clear, documented work. Collaborate with a team of 7 across finance and strategy. Success means measurable quality improvements. This is a fictional demonstration listing; no employer receives applications.",3.7,2026-09-02,2027-01-04,true
SYN-0484,MIS Executive,Cobalt Systems,Remote,300000,650000,2,3,Excel|Reporting|Data Cleaning|Communication|SQL,Power BI|Excel VBA|Advanced Excel,12th,Logistics,Full-time,"Join the logistics team at Cobalt Systems as a MIS Executive. Your work supports regional expansion for a cross-functional transformation program. You will automate spreadsheet checks, prepare management summaries, and reconcile inventory records. Use Excel, Reporting, Data Cleaning to deliver clear, documented work. Collaborate with a team of 16 across customer success and sales. Success means measurable quality improvements. This is a fictional demonstration listing; no employer receives applications.",3.8,2026-09-12,2026-10-28,true
SYN-0485,SQL Developer,Cobalt Solutions,Kolkata,1110000,1460000,5,7,SQL|PostgreSQL|Database Design|ETL,Python|SQL Server|Advanced SQL|Git,BCA,Technology,Full-time,"Join the technology team at Cobalt Solutions as a SQL Developer. Your work supports quality improvement for a cross-functional transformation program. You will build scheduled data pipelines, optimize database queries, and design warehouse tables. Use SQL, PostgreSQL, Database Design to deliver clear, documented work. Collaborate with a team of 12 across finance and strategy. Success means clear stakeholder communication. This is a fictional demonstration listing; no employer receives applications.",4.5,2026-09-12,2026-11-18,true
SYN-0486,Python Developer,Meridian Systems,Bangalore,400000,580000,0,2,Python|Flask|SQL|Git|REST API,Django|FastAPI|Docker|Linux,Diploma,Finance,Full-time,"Join the finance team at Meridian Systems as a Python Developer. Your work supports cost optimization for weekly business reviews. You will write integration tests, improve service reliability, and build backend APIs. Use Python, Flask, SQL to deliver clear, documented work. Collaborate with a team of 13 across customer success and sales. Success means well-tested, reusable outputs. This is a fictional demonstration listing; no employer receives applications.",4.7,2026-09-03,2026-12-15,true
SYN-0487,Junior Data Scientist,Bluepeak Works,Hyderabad,600000,850000,1,3,Python|Statistics|Machine Learning|Pandas|SQL|Feature Engineering,Scikit-learn|NLP|A/B Testing,BSc,Healthcare,Full-time,"Join the healthcare team at Bluepeak Works as a Junior Data Scientist. Your work supports service efficiency for weekly business reviews. You will explain model errors, evaluate classification models, and prototype demand forecasts. Use Python, Statistics, Machine Learning to deliver clear, documented work. Collaborate with a team of 10 across finance and strategy. Success means reliable weekly delivery. This is a fictional demonstration listing; no employer receives applications.",3.3,2026-10-04,2026-12-19,true
SYN-0488,Machine Learning Engineer,Vantage Systems,Delhi,980000,1330000,1,4,Python|Machine Learning|Scikit-learn|Docker|Model Evaluation,PyTorch|TensorFlow|MLOps|AWS,BTech,Logistics,Contract,"Join the logistics team at Vantage Systems as a Machine Learning Engineer. Your work supports subscription growth for a cross-functional transformation program. You will monitor model drift, build reproducible ML pipelines, and optimize inference workloads. Use Python, Machine Learning, Scikit-learn to deliver clear, documented work. Collaborate with a team of 18 across finance and strategy. Success means reliable weekly delivery. This is a fictional demonstration listing; no employer receives applications.",4.9,2026-10-05,2026-10-30,true
SYN-0489,Software Developer,Riverstone Works,Noida,390000,510000,0,3,Java|SQL|Git|OOP|Algorithms,Python|Docker|REST API|Agile,BTech,Healthcare,Contract,"Join the healthcare team at Riverstone Works as a Software Developer. Your work supports inventory accuracy for a new product launch. You will resolve production defects, implement service features, and review maintainable code. Use Java, SQL, Git to deliver clear, documented work. Collaborate with a team of 8 across finance and strategy. Success means well-tested, reusable outputs. This is a fictional demonstration listing; no employer receives applications.",4.7,2026-09-06,2027-01-04,true
SYN-0490,Web Developer,Evergreen Labs,Gurugram,700000,820000,3,4,HTML|CSS|JavaScript|React|Git|Node.js,TypeScript|Accessibility|Bootstrap,Diploma,Healthcare,Full-time,"Join the healthcare team at Evergreen Labs as a Web Developer. Your work supports service efficiency for an expanding customer base. You will optimize page performance, integrate REST APIs, and build accessible interfaces. Use HTML, CSS, JavaScript to deliver clear, documented work. Collaborate with a team of 13 across design and engineering. Success means clear stakeholder communication. This is a fictional demonstration listing; no employer receives applications.",3.3,2026-08-30,2026-10-24,true
SYN-0491,Digital Marketing Analyst,Nimbus Solutions,Mumbai,340000,460000,0,2,Google Analytics|SEO|Excel|Digital Marketing,Google Ads|SQL|Campaign Analysis|Power BI,BA,Logistics,Full-time,"Join the logistics team at Nimbus Solutions as a Digital Marketing Analyst. Your work supports inventory accuracy for a new product launch. You will measure campaign conversion, recommend landing page experiments, and build attribution reports. Use Google Analytics, SEO, Excel to deliver clear, documented work. Collaborate with a team of 16 across finance and strategy. Success means measurable quality improvements. This is a fictional demonstration listing; no employer receives applications.",3.7,2026-08-30,2027-01-01,true
SYN-0492,SEO Analyst,Bluepeak Partners,Pune,310000,660000,1,2,SEO|Google Analytics|Content Marketing|Excel,SEM|Copywriting|HTML|Market Research,12th,Healthcare,Full-time,"Join the healthcare team at Bluepeak Partners as a SEO Analyst. Your work supports subscription growth for regional service teams. You will audit site content, research search demand, and improve technical SEO checks. Use SEO, Google Analytics, Content Marketing to deliver clear, documented work. Collaborate with a team of 13 across customer success and sales. Success means reliable weekly delivery. This is a fictional demonstration listing; no employer receives applications.",4.7,2026-09-28,2026-10-22,true
SYN-0493,Customer Support Executive,Orbit Systems,Chennai,350000,470000,2,3,Customer Support|Communication|CRM|Ticketing|Conflict Resolution,Zendesk|Email Support|Chat Support,12th,Technology,Full-time,"Join the technology team at Orbit Systems as a Customer Support Executive. Your work supports customer experience for a new product launch. You will resolve customer tickets, identify recurring service problems, and meet response time targets. Use Customer Support, Communication, CRM to deliver clear, documented work. Collaborate with a team of 15 across customer success and sales. Success means clear stakeholder communication. This is a fictional demonstration listing; no employer receives applications.",3.9,2026-09-06,2026-11-06,true
SYN-0494,Operations Analyst,Northstar Systems,Ahmedabad,180000,530000,0,2,Excel|SQL|Operations|Process Improvement,Power BI|Supply Chain|Inventory Management|Forecasting,BA,Finance,Internship,"Join the finance team at Northstar Systems as a Operations Analyst. Your work supports regional expansion for weekly business reviews. You will analyze fulfillment delays, monitor service metrics, and identify process bottlenecks. Use Excel, SQL, Operations to deliver clear, documented work. Collaborate with a team of 10 across finance and strategy. Success means well-tested, reusable outputs. This is a fictional demonstration listing; no employer receives applications.",4.2,2026-09-18,2026-11-04,true
SYN-0495,Financial Analyst,Bluepeak Labs,Patna,460000,580000,1,2,Excel|Financial Analysis|Accounting|Financial Modeling,SQL|Power BI|Budgeting|Valuation,BCom,Healthcare,Part-time,"Join the healthcare team at Bluepeak Labs as a Financial Analyst. Your work supports quality improvement for a new product launch. You will prepare budget variance reports, model unit economics, and validate financial assumptions. Use Excel, Financial Analysis, Accounting to deliver clear, documented work. Collaborate with a team of 9 across finance and strategy. Success means well-tested, reusable outputs. This is a fictional demonstration listing; no employer receives applications.",3.2,2026-09-15,2026-12-18,true
SYN-0496,Cybersecurity Analyst,Northstar Labs,Remote,480000,730000,0,1,Cybersecurity|Networking|Linux|SIEM|Wireshark,Splunk|Incident Response|Python,BTech,Retail,Full-time,"Join the retail team at Northstar Labs as a Cybersecurity Analyst. Your work supports inventory accuracy for an expanding customer base. You will assess infrastructure vulnerabilities, triage security alerts, and document response procedures. Use Cybersecurity, Networking, Linux to deliver clear, documented work. Collaborate with a team of 7 across design and engineering. Success means reliable weekly delivery. This is a fictional demonstration listing; no employer receives applications.",3.6,2026-09-02,2026-11-11,true
SYN-0497,Cloud Engineer,Riverstone Labs,Kolkata,930000,1110000,2,5,AWS|Linux|Networking|Docker,Terraform|Kubernetes|Azure|Monitoring,BTech,Media,Full-time,"Join the media team at Riverstone Labs as a Cloud Engineer. Your work supports cost optimization for a new product launch. You will monitor system capacity, improve deployment reliability, and automate infrastructure changes. Use AWS, Linux, Networking to deliver clear, documented work. Collaborate with a team of 18 across finance and strategy. Success means well-tested, reusable outputs. This is a fictional demonstration listing; no employer receives applications.",4.4,2026-09-14,2027-01-02,true
SYN-0498,Graphic Designer,Lumina Partners,Bangalore,320000,670000,1,4,Photoshop|Illustrator|Canva|Typography,Figma|Branding|Video Editing|InDesign,Diploma,Media,Full-time,"Join the media team at Lumina Partners as a Graphic Designer. Your work supports cost optimization for a new product launch. You will prepare print layouts, maintain visual guidelines, and adapt creative for digital channels. Use Photoshop, Illustrator, Canva to deliver clear, documented work. Collaborate with a team of 5 across product and operations. Success means measurable quality improvements. This is a fictional demonstration listing; no employer receives applications.",3.5,2026-08-31,2026-10-23,true
SYN-0499,Marketing Analyst,Riverstone Systems,Hyderabad,440000,790000,1,4,Excel|Market Research|Google Analytics|Campaign Analysis|A/B Testing,SQL|Tableau|Communication,BA,Manufacturing,Full-time,"Join the manufacturing team at Riverstone Systems as a Marketing Analyst. Your work supports service efficiency for regional service teams. You will present customer insights, segment customer audiences, and measure marketing efficiency. Use Excel, Market Research, Google Analytics to deliver clear, documented work. Collaborate with a team of 13 across product and operations. Success means reliable weekly delivery. This is a fictional demonstration listing; no employer receives applications.",3.9,2026-09-05,2026-12-26,true
SYN-0500,HR Analyst,Bluepeak Labs,Delhi,300000,550000,0,2,Excel|HR Analytics|Communication|Reporting,SQL|Power BI|HRIS|Payroll,BA,Retail,Full-time,"Join the retail team at Bluepeak Labs as a HR Analyst. Your work supports inventory accuracy for an expanding customer base. You will analyze workforce trends, audit HR data quality, and monitor employee retention. Use Excel, HR Analytics, Communication to deliver clear, documented work. Collaborate with a team of 16 across product and operations. Success means clear stakeholder communication. This is a fictional demonstration listing; no employer receives applications.",4.0,2026-08-30,2026-12-20,true
SYN-0501,Business Intelligence Analyst,Prism Labs,Noida,240000,360000,0,2,SQL|Power BI|Data Modeling|Data Visualization,Tableau|DAX|Excel|Stakeholder Management,BSc,Healthcare,Internship,"Join the healthcare team at Prism Labs as a Business Intelligence Analyst. Your work supports service efficiency for a new product launch. You will build self-service analytics, document reporting models, and translate business questions into dashboards. Use SQL, Power BI, Data Modeling to deliver clear, documented work. Collaborate with a team of 14 across finance and strategy. Success means clear stakeholder communication. This is a fictional demonstration listing; no employer receives applications.",3.5,2026-09-27,2026-11-11,true
SYN-0502,Quality Assurance Analyst,Nimbus Works,Gurugram,180000,360000,0,2,Quality Assurance|SQL|Communication|Problem Solving|Agile,Python|Jira|REST API,Diploma,Healthcare,Internship,"Join the healthcare team at Nimbus Works as a Quality Assurance Analyst. Your work supports service efficiency for a new product launch. You will reproduce reported defects, verify data integrity, and track release readiness. Use Quality Assurance, SQL, Communication to deliver clear, documented work. Collaborate with a team of 10 across customer success and sales. Success means clear stakeholder communication. This is a fictional demonstration listing; no employer receives applications.",4.1,2026-09-07,2026-12-18,true
SYN-0503,UX Researcher,Maple Works,Mumbai,760000,940000,2,5,UX Research|Figma|Communication|Prototyping,UI Design|A/B Testing|Accessibility|Presentation,BA,Education,Part-time,"Join the education team at Maple Works as a UX Researcher. Your work supports regional expansion for a new product launch. You will conduct usability sessions, present user journey insights, and synthesize research findings. Use UX Research, Figma, Communication to deliver clear, documented work. Collaborate with a team of 17 across design and engineering. Success means well-tested, reusable outputs. This is a fictional demonstration listing; no employer receives applications.",4.0,2026-09-23,2026-12-09,true
SYN-0504,Data Engineer,Orbit Systems,Pune,610000,960000,0,2,Python|SQL|ETL|Data Modeling|PostgreSQL,Spark|Azure|AWS|Databricks,BTech,Media,Full-time,"Join the media team at Orbit Systems as a Data Engineer. Your work supports subscription growth for a new product launch. You will build ingestion pipelines, enforce data quality contracts, and monitor dataset freshness. Use Python, SQL, ETL to deliver clear, documented work. Collaborate with a team of 5 across product and operations. Success means measurable quality improvements. This is a fictional demonstration listing; no employer receives applications.",4.4,2026-09-07,2026-11-10,true
SYN-0505,Data Analyst,Lumina Partners,Ahmedabad,390000,510000,0,1,SQL|Excel|Python|Power BI|Statistics|Data Cleaning|DAX,Tableau|Pandas|Presentation|ETL,Diploma,Technology,Full-time,"Join the technology team at Lumina Partners as a Data Analyst. Your work supports inventory accuracy for an expanding customer base. You will analyze sales funnels, explain customer retention, and build weekly KPI dashboards. Use SQL, Excel, Python to deliver clear, documented work. Collaborate with a team of 10 across finance and strategy. Success means reliable weekly delivery. This is a fictional demonstration listing; no employer receives applications.",4.2,2026-08-29,2026-11-14,true
SYN-0506,Business Analyst,Meridian Systems,Patna,380000,730000,0,3,SQL|Excel|Business Analysis|Requirements Gathering|Communication,Agile|Jira|Tableau|Process Improvement,BA,Healthcare,Full-time,"Join the healthcare team at Meridian Systems as a Business Analyst. Your work supports digital transformation for regional service teams. You will document business requirements, interview stakeholders, and map operational workflows. Use SQL, Excel, Business Analysis to deliver clear, documented work. Collaborate with a team of 7 across design and engineering. Success means measurable quality improvements. This is a fictional demonstration listing; no employer receives applications.",4.6,2026-09-13,2026-12-19,true
SYN-0507,Power BI Developer,Juniper Solutions,Remote,780000,960000,2,5,Power BI|DAX|SQL|Power Query|Data Modeling,Azure|ETL|Excel|Dashboard Design,BTech,Logistics,Full-time,"Join the logistics team at Juniper Solutions as a Power BI Developer. Your work supports customer experience for a new product launch. You will optimize DAX measures, publish operational dashboards, and design dimensional models. Use Power BI, DAX, SQL to deliver clear, documented work. Collaborate with a team of 17 across product and operations. Success means measurable quality improvements. This is a fictional demonstration listing; no employer receives applications.",4.0,2026-10-01,2026-10-31,true
SYN-0508,MIS Executive,Bluepeak Partners,Kolkata,300000,650000,1,3,Excel|Reporting|Data Cleaning|Communication|Power BI,SQL|Excel VBA|Advanced Excel,12th,Manufacturing,Full-time,"Join the manufacturing team at Bluepeak Partners as a MIS Executive. Your work supports service efficiency for regional service teams. You will automate spreadsheet checks, prepare management summaries, and maintain daily reports. Use Excel, Reporting, Data Cleaning to deliver clear, documented work. Collaborate with a team of 5 across product and operations. Success means measurable quality improvements. This is a fictional demonstration listing; no employer receives applications.",3.3,2026-09-26,2027-01-02,true
SYN-0509,SQL Developer,Nimbus Solutions,Bangalore,710000,890000,2,4,SQL|PostgreSQL|Database Design|ETL,Python|SQL Server|Advanced SQL|Git,BCA,Logistics,Full-time,"Join the logistics team at Nimbus Solutions as a SQL Developer. Your work supports subscription growth for an expanding customer base. You will optimize database queries, audit data consistency, and build scheduled data pipelines. Use SQL, PostgreSQL, Database Design to deliver clear, documented work. Collaborate with a team of 14 across customer success and sales. Success means measurable quality improvements. This is a fictional demonstration listing; no employer receives applications.",4.3,2026-09-24,2026-12-19,true
SYN-0510,Python Developer,Prism Systems,Hyderabad,550000,800000,1,4,Python|Flask|SQL|Git|REST API,Django|FastAPI|Docker|Linux,Diploma,Education,Full-time,"Join the education team at Prism Systems as a Python Developer. Your work supports customer experience for an expanding customer base. You will improve service reliability, write integration tests, and maintain internal automation. Use Python, Flask, SQL to deliver clear, documented work. Collaborate with a team of 16 across design and engineering. Success means well-tested, reusable outputs. This is a fictional demonstration listing; no employer receives applications.",3.3,2026-10-03,2026-11-26,true
SYN-0511,Junior Data Scientist,Evergreen Labs,Delhi,760000,1110000,1,3,Python|Statistics|Machine Learning|Pandas|SQL|A/B Testing,Scikit-learn|NLP|Feature Engineering,BSc,Finance,Part-time,"Join the finance team at Evergreen Labs as a Junior Data Scientist. Your work supports digital transformation for regional service teams. You will prepare experimentation datasets, explain model errors, and prototype demand forecasts. Use Python, Statistics, Machine Learning to deliver clear, documented work. Collaborate with a team of 16 across design and engineering. Success means reliable weekly delivery. This is a fictional demonstration listing; no employer receives applications.",4.0,2026-09-11,2026-12-23,true
SYN-0512,Machine Learning Engineer,Cedar Labs,Noida,1140000,1490000,3,6,Python|Machine Learning|Scikit-learn|Docker|Model Evaluation,PyTorch|TensorFlow|MLOps|AWS,BTech,Manufacturing,Full-time,"Join the manufacturing team at Cedar Labs as a Machine Learning Engineer. Your work supports cost optimization for a cross-functional transformation program. You will build reproducible ML pipelines, serve prediction models, and optimize inference workloads. Use Python, Machine Learning, Scikit-learn to deliver clear, documented work. Collaborate with a team of 12 across product and operations. Success means reliable weekly delivery. This is a fictional demonstration listing; no employer receives applications.",3.5,2026-09-27,2026-11-08,true
SYN-0513,Software Developer,Aster Labs,Gurugram,630000,810000,1,4,Java|SQL|Git|OOP|Algorithms,Python|Docker|REST API|Agile,BTech,Manufacturing,Full-time,"Join the manufacturing team at Aster Labs as a Software Developer. Your work supports service efficiency for weekly business reviews. You will resolve production defects, review maintainable code, and implement service features. Use Java, SQL, Git to deliver clear, documented work. Collaborate with a team of 8 across customer success and sales. Success means well-tested, reusable outputs. This is a fictional demonstration listing; no employer receives applications.",3.3,2026-09-11,2026-11-29,true
SYN-0514,Web Developer,Nexa Solutions,Mumbai,520000,870000,2,4,HTML|CSS|JavaScript|React|Git|Accessibility,Node.js|TypeScript|Bootstrap,Diploma,Finance,Full-time,"Join the finance team at Nexa Solutions as a Web Developer. Your work supports cost optimization for a cross-functional transformation program. You will integrate REST APIs, optimize page performance, and create reusable UI components. Use HTML, CSS, JavaScript to deliver clear, documented work. Collaborate with a team of 10 across design and engineering. Success means reliable weekly delivery. This is a fictional demonstration listing; no employer receives applications.",4.6,2026-09-01,2026-12-13,true
SYN-0515,Digital Marketing Analyst,Juniper Systems,Pune,260000,510000,0,3,Google Analytics|SEO|Excel|Digital Marketing,Google Ads|SQL|Campaign Analysis|Power BI,BA,Healthcare,Full-time,"Join the healthcare team at Juniper Systems as a Digital Marketing Analyst. Your work supports service efficiency for a cross-functional transformation program. You will build attribution reports, recommend landing page experiments, and measure campaign conversion. Use Google Analytics, SEO, Excel to deliver clear, documented work. Collaborate with a team of 9 across product and operations. Success means measurable quality improvements. This is a fictional demonstration listing; no employer receives applications.",4.3,2026-09-14,2026-11-09,true
SYN-0516,SEO Analyst,Maple Partners,Chennai,270000,450000,0,2,SEO|Google Analytics|Content Marketing|Excel,SEM|Copywriting|HTML|Market Research,12th,Media,Full-time,"Join the media team at Maple Partners as a SEO Analyst. Your work supports subscription growth for an expanding customer base. You will audit site content, research search demand, and track organic conversions. Use SEO, Google Analytics, Content Marketing to deliver clear, documented work. Collaborate with a team of 18 across product and operations. Success means well-tested, reusable outputs. This is a fictional demonstration listing; no employer receives applications.",3.4,2026-09-21,2026-12-24,true
SYN-0517,Customer Support Executive,Lumina Systems,Ahmedabad,350000,600000,2,5,Customer Support|Communication|CRM|Ticketing|Email Support,Zendesk|Chat Support|Conflict Resolution,12th,Retail,Full-time,"Join the retail team at Lumina Systems as a Customer Support Executive. Your work supports subscription growth for a cross-functional transformation program. You will resolve customer tickets, maintain accurate case notes, and identify recurring service problems. Use Customer Support, Communication, CRM to deliver clear, documented work. Collaborate with a team of 16 across customer success and sales. Success means measurable quality improvements. This is a fictional demonstration listing; no employer receives applications.",3.7,2026-09-01,2026-12-18,true
SYN-0518,Operations Analyst,Nexa Labs,Patna,340000,520000,0,1,Excel|SQL|Operations|Process Improvement,Power BI|Supply Chain|Inventory Management|Forecasting,BA,Education,Full-time,"Join the education team at Nexa Labs as a Operations Analyst. Your work supports customer experience for regional service teams. You will identify process bottlenecks, plan operational capacity, and analyze fulfillment delays. Use Excel, SQL, Operations to deliver clear, documented work. Collaborate with a team of 5 across design and engineering. Success means clear stakeholder communication. This is a fictional demonstration listing; no employer receives applications.",4.3,2026-10-03,2026-11-11,true
SYN-0519,Financial Analyst,Maple Partners,Remote,460000,710000,1,4,Excel|Financial Analysis|Accounting|Financial Modeling,SQL|Power BI|Budgeting|Valuation,BCom,Media,Full-time,"Join the media team at Maple Partners as a Financial Analyst. Your work supports regional expansion for a cross-functional transformation program. You will model unit economics, validate financial assumptions, and analyze monthly cash flow. Use Excel, Financial Analysis, Accounting to deliver clear, documented work. Collaborate with a team of 10 across finance and strategy. Success means measurable quality improvements. This is a fictional demonstration listing; no employer receives applications.",4.5,2026-09-07,2026-11-12,true
SYN-0520,Cybersecurity Analyst,Cobalt Solutions,Kolkata,240000,590000,0,3,Cybersecurity|Networking|Linux|SIEM|Python,Splunk|Incident Response|Wireshark,BTech,Education,Internship,"Join the education team at Cobalt Solutions as a Cybersecurity Analyst. Your work supports quality improvement for a new product launch. You will assess infrastructure vulnerabilities, investigate suspicious logs, and document response procedures. Use Cybersecurity, Networking, Linux to deliver clear, documented work. Collaborate with a team of 7 across design and engineering. Success means well-tested, reusable outputs. This is a fictional demonstration listing; no employer receives applications.",4.0,2026-09-01,2026-10-24,true
SYN-0521,Cloud Engineer,Cedar Partners,Bangalore,620000,740000,0,2,AWS|Linux|Networking|Docker,Terraform|Kubernetes|Azure|Monitoring,BTech,Healthcare,Full-time,"Join the healthcare team at Cedar Partners as a Cloud Engineer. Your work supports service efficiency for regional service teams. You will operate cloud infrastructure, improve deployment reliability, and monitor system capacity. Use AWS, Linux, Networking to deliver clear, documented work. Collaborate with a team of 8 across finance and strategy. Success means well-tested, reusable outputs. This is a fictional demonstration listing; no employer receives applications.",4.4,2026-08-28,2026-12-07,true
SYN-0522,Graphic Designer,Northstar Solutions,Hyderabad,240000,420000,0,3,Photoshop|Illustrator|Canva|Typography,Figma|Branding|Video Editing|InDesign,Diploma,Retail,Internship,"Join the retail team at Northstar Solutions as a Graphic Designer. Your work supports cost optimization for a cross-functional transformation program. You will maintain visual guidelines, prepare print layouts, and adapt creative for digital channels. Use Photoshop, Illustrator, Canva to deliver clear, documented work. Collaborate with a team of 17 across customer success and sales. Success means measurable quality improvements. This is a fictional demonstration listing; no employer receives applications.",4.2,2026-09-12,2027-01-01,true
SYN-0523,Marketing Analyst,Lumina Solutions,Delhi,440000,560000,1,4,Excel|Market Research|Google Analytics|Campaign Analysis|A/B Testing,SQL|Tableau|Communication,BA,Retail,Full-time,"Join the retail team at Lumina Solutions as a Marketing Analyst. Your work supports quality improvement for weekly business reviews. You will measure marketing efficiency, present customer insights, and segment customer audiences. Use Excel, Market Research, Google Analytics to deliver clear, documented work. Collaborate with a team of 18 across product and operations. Success means well-tested, reusable outputs. This is a fictional demonstration listing; no employer receives applications.",3.3,2026-09-05,2026-11-25,true
SYN-0524,HR Analyst,Northstar Partners,Noida,450000,570000,1,2,Excel|HR Analytics|Communication|Reporting,SQL|Power BI|HRIS|Payroll,BA,Technology,Contract,"Join the technology team at Northstar Partners as a HR Analyst. Your work supports inventory accuracy for regional service teams. You will audit HR data quality, monitor employee retention, and analyze workforce trends. Use Excel, HR Analytics, Communication to deliver clear, documented work. Collaborate with a team of 8 across product and operations. Success means well-tested, reusable outputs. This is a fictional demonstration listing; no employer receives applications.",4.2,2026-10-03,2026-11-27,true
SYN-0525,Business Intelligence Analyst,Vantage Partners,Gurugram,860000,1040000,4,5,SQL|Power BI|Data Modeling|Data Visualization,Tableau|DAX|Excel|Stakeholder Management,BSc,Retail,Full-time,"Join the retail team at Vantage Partners as a Business Intelligence Analyst. Your work supports cost optimization for an expanding customer base. You will document reporting models, define consistent KPI metrics, and translate business questions into dashboards. Use SQL, Power BI, Data Modeling to deliver clear, documented work. Collaborate with a team of 14 across customer success and sales. Success means clear stakeholder communication. This is a fictional demonstration listing; no employer receives applications.",4.4,2026-09-30,2026-11-17,true
SYN-0526,Quality Assurance Analyst,Nexa Solutions,Mumbai,380000,730000,1,2,Quality Assurance|SQL|Communication|Problem Solving|Agile,Python|Jira|REST API,Diploma,Education,Full-time,"Join the education team at Nexa Solutions as a Quality Assurance Analyst. Your work supports customer experience for regional service teams. You will track release readiness, design test scenarios, and verify data integrity. Use Quality Assurance, SQL, Communication to deliver clear, documented work. Collaborate with a team of 8 across customer success and sales. Success means well-tested, reusable outputs. This is a fictional demonstration listing; no employer receives applications.",3.5,2026-10-05,2026-11-15,true
SYN-0527,UX Researcher,Evergreen Systems,Pune,460000,710000,0,3,UX Research|Figma|Communication|Prototyping,UI Design|A/B Testing|Accessibility|Presentation,BA,Logistics,Full-time,"Join the logistics team at Evergreen Systems as a UX Researcher. Your work supports customer experience for a new product launch. You will validate interface prototypes, present user journey insights, and synthesize research findings. Use UX Research, Figma, Communication to deliver clear, documented work. Collaborate with a team of 17 across finance and strategy. Success means reliable weekly delivery. This is a fictional demonstration listing; no employer receives applications.",3.8,2026-09-17,2026-10-23,true
SYN-0528,Data Engineer,Northstar Labs,Chennai,510000,690000,0,1,Python|SQL|ETL|Data Modeling|PostgreSQL,Spark|Azure|AWS|Databricks,BTech,Healthcare,Full-time,"Join the healthcare team at Northstar Labs as a Data Engineer. Your work supports digital transformation for a cross-functional transformation program. You will enforce data quality contracts, design analytical storage, and monitor dataset freshness. Use Python, SQL, ETL to deliver clear, documented work. Collaborate with a team of 4 across product and operations. Success means well-tested, reusable outputs. This is a fictional demonstration listing; no employer receives applications.",4.5,2026-09-24,2026-11-25,true
SYN-0529,Data Analyst,Bluepeak Systems,Patna,690000,1040000,3,6,SQL|Excel|Python|Power BI|Statistics|Data Cleaning|Pandas,Tableau|DAX|Presentation|ETL,Diploma,Technology,Full-time,"Join the technology team at Bluepeak Systems as a Data Analyst. Your work supports digital transformation for weekly business reviews. You will analyze sales funnels, validate transaction data, and explain customer retention. Use SQL, Excel, Python to deliver clear, documented work. Collaborate with a team of 7 across customer success and sales. Success means measurable quality improvements. This is a fictional demonstration listing; no employer receives applications.",3.8,2026-10-02,2026-12-24,true
SYN-0530,Business Analyst,Orbit Partners,Remote,720000,840000,3,4,SQL|Excel|Business Analysis|Requirements Gathering|Communication,Agile|Jira|Tableau|Process Improvement,BA,Media,Full-time,"Join the media team at Orbit Partners as a Business Analyst. Your work supports customer experience for a cross-functional transformation program. You will evaluate product changes, interview stakeholders, and document business requirements. Use SQL, Excel, Business Analysis to deliver clear, documented work. Collaborate with a team of 5 across design and engineering. Success means reliable weekly delivery. This is a fictional demonstration listing; no employer receives applications.",4.7,2026-09-29,2026-11-01,true
SYN-0531,Power BI Developer,Orbit Partners,Kolkata,500000,680000,0,1,Power BI|DAX|SQL|Power Query|Data Modeling,Azure|ETL|Excel|Dashboard Design,BTech,Education,Full-time,"Join the education team at Orbit Partners as a Power BI Developer. Your work supports customer experience for regional service teams. You will optimize DAX measures, design dimensional models, and reconcile reporting metrics. Use Power BI, DAX, SQL to deliver clear, documented work. Collaborate with a team of 7 across finance and strategy. Success means clear stakeholder communication. This is a fictional demonstration listing; no employer receives applications.",4.8,2026-09-13,2026-11-06,true
SYN-0532,MIS Executive,Bluepeak Systems,Bangalore,210000,460000,0,3,Excel|Reporting|Data Cleaning|Communication|Power BI,SQL|Excel VBA|Advanced Excel,12th,Education,Full-time,"Join the education team at Bluepeak Systems as a MIS Executive. Your work supports customer experience for weekly business reviews. You will maintain daily reports, automate spreadsheet checks, and reconcile inventory records. Use Excel, Reporting, Data Cleaning to deliver clear, documented work. Collaborate with a team of 12 across customer success and sales. Success means measurable quality improvements. This is a fictional demonstration listing; no employer receives applications.",3.7,2026-09-18,2026-12-26,true
SYN-0533,SQL Developer,Northstar Solutions,Hyderabad,380000,560000,0,1,SQL|PostgreSQL|Database Design|ETL,Python|SQL Server|Advanced SQL|Git,BCA,Healthcare,Full-time,"Join the healthcare team at Northstar Solutions as a SQL Developer. Your work supports regional expansion for a new product launch. You will build scheduled data pipelines, optimize database queries, and audit data consistency. Use SQL, PostgreSQL, Database Design to deliver clear, documented work. Collaborate with a team of 14 across design and engineering. Success means well-tested, reusable outputs. This is a fictional demonstration listing; no employer receives applications.",3.2,2026-09-17,2026-10-30,true
SYN-0534,Python Developer,Northstar Labs,Delhi,640000,820000,2,4,Python|Flask|SQL|Git|REST API,Django|FastAPI|Docker|Linux,Diploma,Manufacturing,Full-time,"Join the manufacturing team at Northstar Labs as a Python Developer. Your work supports quality improvement for an expanding customer base. You will write integration tests, improve service reliability, and build backend APIs. Use Python, Flask, SQL to deliver clear, documented work. Collaborate with a team of 4 across finance and strategy. Success means well-tested, reusable outputs. This is a fictional demonstration listing; no employer receives applications.",3.5,2026-09-08,2026-11-04,true
SYN-0535,Junior Data Scientist,Orbit Partners,Noida,760000,880000,1,4,Python|Statistics|Machine Learning|Pandas|SQL|NLP,Scikit-learn|A/B Testing|Feature Engineering,BSc,Education,Full-time,"Join the education team at Orbit Partners as a Junior Data Scientist. Your work supports customer experience for a new product launch. You will prototype demand forecasts, evaluate classification models, and prepare experimentation datasets. Use Python, Statistics, Machine Learning to deliver clear, documented work. Collaborate with a team of 7 across design and engineering. Success means reliable weekly delivery. This is a fictional demonstration listing; no employer receives applications.",4.1,2026-09-14,2026-11-22,true
SYN-0536,Machine Learning Engineer,Aster Systems,Gurugram,740000,990000,0,3,Python|Machine Learning|Scikit-learn|Docker|Model Evaluation,PyTorch|TensorFlow|MLOps|AWS,BTech,Retail,Full-time,"Join the retail team at Aster Systems as a Machine Learning Engineer. Your work supports service efficiency for regional service teams. You will monitor model drift, optimize inference workloads, and serve prediction models. Use Python, Machine Learning, Scikit-learn to deliver clear, documented work. Collaborate with a team of 12 across design and engineering. Success means measurable quality improvements. This is a fictional demonstration listing; no employer receives applications.",4.5,2026-09-09,2027-01-03,true
SYN-0537,Software Developer,Juniper Systems,Mumbai,690000,940000,3,5,Java|SQL|Git|OOP|Algorithms,Python|Docker|REST API|Agile,BTech,Retail,Full-time,"Join the retail team at Juniper Systems as a Software Developer. Your work supports cost optimization for regional service teams. You will improve automated testing, resolve production defects, and implement service features. Use Java, SQL, Git to deliver clear, documented work. Collaborate with a team of 16 across design and engineering. Success means clear stakeholder communication. This is a fictional demonstration listing; no employer receives applications.",3.6,2026-09-11,2026-12-21,true
SYN-0538,Web Developer,Aster Solutions,Pune,330000,580000,0,2,HTML|CSS|JavaScript|React|Git|TypeScript,Node.js|Accessibility|Bootstrap,Diploma,Education,Full-time,"Join the education team at Aster Solutions as a Web Developer. Your work supports digital transformation for an expanding customer base. You will optimize page performance, integrate REST APIs, and create reusable UI components. Use HTML, CSS, JavaScript to deliver clear, documented work. Collaborate with a team of 14 across product and operations. Success means clear stakeholder communication. This is a fictional demonstration listing; no employer receives applications.",3.5,2026-09-12,2026-11-22,true
SYN-0539,Digital Marketing Analyst,Cobalt Works,Chennai,250000,430000,0,2,Google Analytics|SEO|Excel|Digital Marketing,Google Ads|SQL|Campaign Analysis|Power BI,BA,Manufacturing,Full-time,"Join the manufacturing team at Cobalt Works as a Digital Marketing Analyst. Your work supports quality improvement for an expanding customer base. You will audit acquisition channels, recommend landing page experiments, and build attribution reports. Use Google Analytics, SEO, Excel to deliver clear, documented work. Collaborate with a team of 11 across customer success and sales. Success means well-tested, reusable outputs. This is a fictional demonstration listing; no employer receives applications.",3.8,2026-09-25,2026-12-30,true
SYN-0540,SEO Analyst,Prism Partners,Ahmedabad,230000,410000,0,3,SEO|Google Analytics|Content Marketing|Excel,SEM|Copywriting|HTML|Market Research,12th,Media,Full-time,"Join the media team at Prism Partners as a SEO Analyst. Your work supports inventory accuracy for weekly business reviews. You will improve technical SEO checks, track organic conversions, and research search demand. Use SEO, Google Analytics, Content Marketing to deliver clear, documented work. Collaborate with a team of 15 across design and engineering. Success means clear stakeholder communication. This is a fictional demonstration listing; no employer receives applications.",4.5,2026-09-16,2026-12-10,true
SYN-0541,Customer Support Executive,Prism Partners,Patna,250000,500000,0,1,Customer Support|Communication|CRM|Ticketing|Chat Support,Zendesk|Email Support|Conflict Resolution,12th,Education,Full-time,"Join the education team at Prism Partners as a Customer Support Executive. Your work supports quality improvement for weekly business reviews. You will meet response time targets, maintain accurate case notes, and identify recurring service problems. Use Customer Support, Communication, CRM to deliver clear, documented work. Collaborate with a team of 12 across finance and strategy. Success means reliable weekly delivery. This is a fictional demonstration listing; no employer receives applications.",4.4,2026-09-11,2026-10-30,true
SYN-0542,Operations Analyst,Cedar Works,Remote,370000,620000,1,4,Excel|SQL|Operations|Process Improvement,Power BI|Supply Chain|Inventory Management|Forecasting,BA,Education,Contract,"Join the education team at Cedar Works as a Operations Analyst. Your work supports service efficiency for weekly business reviews. You will analyze fulfillment delays, plan operational capacity, and monitor service metrics. Use Excel, SQL, Operations to deliver clear, documented work. Collaborate with a team of 8 across design and engineering. Success means clear stakeholder communication. This is a fictional demonstration listing; no employer receives applications.",4.3,2026-10-04,2026-10-31,true
SYN-0543,Financial Analyst,Juniper Labs,Kolkata,780000,960000,3,5,Excel|Financial Analysis|Accounting|Financial Modeling,SQL|Power BI|Budgeting|Valuation,BCom,Retail,Full-time,"Join the retail team at Juniper Labs as a Financial Analyst. Your work supports quality improvement for weekly business reviews. You will analyze monthly cash flow, prepare budget variance reports, and model unit economics. Use Excel, Financial Analysis, Accounting to deliver clear, documented work. Collaborate with a team of 13 across design and engineering. Success means measurable quality improvements. This is a fictional demonstration listing; no employer receives applications.",4.2,2026-09-15,2027-01-05,true
SYN-0544,Cybersecurity Analyst,Cobalt Partners,Bangalore,910000,1160000,3,6,Cybersecurity|Networking|Linux|SIEM|Wireshark,Splunk|Incident Response|Python,BTech,Logistics,Full-time,"Join the logistics team at Cobalt Partners as a Cybersecurity Analyst. Your work supports subscription growth for a new product launch. You will document response procedures, triage security alerts, and investigate suspicious logs. Use Cybersecurity, Networking, Linux to deliver clear, documented work. Collaborate with a team of 11 across product and operations. Success means clear stakeholder communication. This is a fictional demonstration listing; no employer receives applications.",4.8,2026-08-28,2026-12-01,true
SYN-0545,Cloud Engineer,Northstar Solutions,Hyderabad,240000,590000,0,3,AWS|Linux|Networking|Docker,Terraform|Kubernetes|Azure|Monitoring,BTech,Healthcare,Internship,"Join the healthcare team at Northstar Solutions as a Cloud Engineer. Your work supports subscription growth for an expanding customer base. You will monitor system capacity, operate cloud infrastructure, and improve deployment reliability. Use AWS, Linux, Networking to deliver clear, documented work. Collaborate with a team of 7 across product and operations. Success means measurable quality improvements. This is a fictional demonstration listing; no employer receives applications.",4.0,2026-10-05,2026-11-16,true
SYN-0546,Graphic Designer,Orbit Solutions,Delhi,260000,380000,0,3,Photoshop|Illustrator|Canva|Typography,Figma|Branding|Video Editing|InDesign,Diploma,Technology,Contract,"Join the technology team at Orbit Solutions as a Graphic Designer. Your work supports service efficiency for a new product launch. You will design campaign assets, adapt creative for digital channels, and maintain visual guidelines. Use Photoshop, Illustrator, Canva to deliver clear, documented work. Collaborate with a team of 15 across product and operations. Success means measurable quality improvements. This is a fictional demonstration listing; no employer receives applications.",3.4,2026-09-15,2026-11-02,true
SYN-0547,Marketing Analyst,Vantage Labs,Noida,320000,570000,0,2,Excel|Market Research|Google Analytics|Campaign Analysis|Communication,SQL|Tableau|A/B Testing,BA,Healthcare,Full-time,"Join the healthcare team at Vantage Labs as a Marketing Analyst. Your work supports quality improvement for a new product launch. You will segment customer audiences, measure marketing efficiency, and research competitor positioning. Use Excel, Market Research, Google Analytics to deliver clear, documented work. Collaborate with a team of 7 across customer success and sales. Success means well-tested, reusable outputs. This is a fictional demonstration listing; no employer receives applications.",4.6,2026-09-07,2026-12-05,true
SYN-0548,HR Analyst,Evergreen Systems,Gurugram,280000,530000,0,1,Excel|HR Analytics|Communication|Reporting,SQL|Power BI|HRIS|Payroll,BA,Finance,Full-time,"Join the finance team at Evergreen Systems as a HR Analyst. Your work supports subscription growth for a new product launch. You will report recruitment efficiency, analyze workforce trends, and monitor employee retention. Use Excel, HR Analytics, Communication to deliver clear, documented work. Collaborate with a team of 14 across customer success and sales. Success means measurable quality improvements. This is a fictional demonstration listing; no employer receives applications.",3.5,2026-09-20,2026-12-14,true
SYN-0549,Business Intelligence Analyst,Juniper Systems,Mumbai,500000,620000,1,3,SQL|Power BI|Data Modeling|Data Visualization,Tableau|DAX|Excel|Stakeholder Management,BSc,Technology,Full-time,"Join the technology team at Juniper Systems as a Business Intelligence Analyst. Your work supports digital transformation for an expanding customer base. You will build self-service analytics, define consistent KPI metrics, and translate business questions into dashboards. Use SQL, Power BI, Data Modeling to deliver clear, documented work. Collaborate with a team of 9 across design and engineering. Success means clear stakeholder communication. This is a fictional demonstration listing; no employer receives applications.",3.7,2026-08-31,2026-12-17,true
SYN-0550,Quality Assurance Analyst,Vantage Labs,Pune,420000,540000,2,5,Quality Assurance|SQL|Communication|Problem Solving|REST API,Python|Jira|Agile,Diploma,Media,Full-time,"Join the media team at Vantage Labs as a Quality Assurance Analyst. Your work supports cost optimization for a cross-functional transformation program. You will reproduce reported defects, design test scenarios, and verify data integrity. Use Quality Assurance, SQL, Communication to deliver clear, documented work. Collaborate with a team of 8 across customer success and sales. Success means well-tested, reusable outputs. This is a fictional demonstration listing; no employer receives applications.",3.3,2026-09-15,2026-10-29,true
SYN-0551,UX Researcher,Nimbus Solutions,Chennai,850000,970000,3,4,UX Research|Figma|Communication|Prototyping,UI Design|A/B Testing|Accessibility|Presentation,BA,Education,Full-time,"Join the education team at Nimbus Solutions as a UX Researcher. Your work supports digital transformation for a new product launch. You will synthesize research findings, conduct usability sessions, and present user journey insights. Use UX Research, Figma, Communication to deliver clear, documented work. Collaborate with a team of 10 across customer success and sales. Success means reliable weekly delivery. This is a fictional demonstration listing; no employer receives applications.",3.4,2026-09-24,2026-12-21,true
SYN-0552,Data Engineer,Prism Works,Ahmedabad,180000,430000,0,3,Python|SQL|ETL|Data Modeling|PostgreSQL,Spark|Azure|AWS|Databricks,BTech,Logistics,Internship,"Join the logistics team at Prism Works as a Data Engineer. Your work supports service efficiency for weekly business reviews. You will monitor dataset freshness, enforce data quality contracts, and design analytical storage. Use Python, SQL, ETL to deliver clear, documented work. Collaborate with a team of 9 across design and engineering. Success means well-tested, reusable outputs. This is a fictional demonstration listing; no employer receives applications.",3.7,2026-09-18,2026-12-22,true
SYN-0553,Data Analyst,Lumina Solutions,Remote,650000,830000,3,5,SQL|Excel|Python|Power BI|Statistics|Data Cleaning|Presentation,Tableau|DAX|Pandas|ETL,Diploma,Technology,Full-time,"Join the technology team at Lumina Solutions as a Data Analyst. Your work supports digital transformation for a cross-functional transformation program. You will validate transaction data, build weekly KPI dashboards, and analyze sales funnels. Use SQL, Excel, Python to deliver clear, documented work. Collaborate with a team of 5 across design and engineering. Success means measurable quality improvements. This is a fictional demonstration listing; no employer receives applications.",4.7,2026-09-19,2026-12-25,true
SYN-0554,Business Analyst,Aster Systems,Kolkata,520000,700000,1,4,SQL|Excel|Business Analysis|Requirements Gathering|Communication,Agile|Jira|Tableau|Process Improvement,BA,Retail,Full-time,"Join the retail team at Aster Systems as a Business Analyst. Your work supports digital transformation for a new product launch. You will document business requirements, interview stakeholders, and map operational workflows. Use SQL, Excel, Business Analysis to deliver clear, documented work. Collaborate with a team of 6 across customer success and sales. Success means measurable quality improvements. This is a fictional demonstration listing; no employer receives applications.",4.7,2026-09-28,2026-11-23,true
SYN-0555,Power BI Developer,Vantage Solutions,Bangalore,400000,520000,0,2,Power BI|DAX|SQL|Power Query|Data Modeling,Azure|ETL|Excel|Dashboard Design,BTech,Education,Full-time,"Join the education team at Vantage Solutions as a Power BI Developer. Your work supports inventory accuracy for a new product launch. You will optimize DAX measures, design dimensional models, and publish operational dashboards. Use Power BI, DAX, SQL to deliver clear, documented work. Collaborate with a team of 16 across design and engineering. Success means well-tested, reusable outputs. This is a fictional demonstration listing; no employer receives applications.",3.3,2026-09-18,2026-12-05,true
SYN-0556,MIS Executive,Evergreen Partners,Hyderabad,220000,570000,0,1,Excel|Reporting|Data Cleaning|Communication|Power BI,SQL|Excel VBA|Advanced Excel,12th,Healthcare,Full-time,"Join the healthcare team at Evergreen Partners as a MIS Executive. Your work supports regional expansion for regional service teams. You will reconcile inventory records, prepare management summaries, and automate spreadsheet checks. Use Excel, Reporting, Data Cleaning to deliver clear, documented work. Collaborate with a team of 15 across design and engineering. Success means reliable weekly delivery. This is a fictional demonstration listing; no employer receives applications.",3.3,2026-10-07,2026-12-20,true
SYN-0557,SQL Developer,Cedar Partners,Delhi,400000,520000,0,2,SQL|PostgreSQL|Database Design|ETL,Python|SQL Server|Advanced SQL|Git,BCA,Healthcare,Full-time,"Join the healthcare team at Cedar Partners as a SQL Developer. Your work supports regional expansion for a new product launch. You will optimize database queries, design warehouse tables, and build scheduled data pipelines. Use SQL, PostgreSQL, Database Design to deliver clear, documented work. Collaborate with a team of 11 across finance and strategy. Success means clear stakeholder communication. This is a fictional demonstration listing; no employer receives applications.",3.6,2026-09-26,2026-12-17,true
SYN-0558,Python Developer,Bluepeak Partners,Noida,560000,740000,1,4,Python|Flask|SQL|Git|REST API,Django|FastAPI|Docker|Linux,Diploma,Logistics,Full-time,"Join the logistics team at Bluepeak Partners as a Python Developer. Your work supports service efficiency for an expanding customer base. You will improve service reliability, maintain internal automation, and write integration tests. Use Python, Flask, SQL to deliver clear, documented work. Collaborate with a team of 11 across finance and strategy. Success means well-tested, reusable outputs. This is a fictional demonstration listing; no employer receives applications.",4.4,2026-08-29,2026-11-13,true
SYN-0559,Junior Data Scientist,Meridian Labs,Gurugram,640000,890000,1,2,Python|Statistics|Machine Learning|Pandas|SQL|Feature Engineering,Scikit-learn|NLP|A/B Testing,BSc,Manufacturing,Full-time,"Join the manufacturing team at Meridian Labs as a Junior Data Scientist. Your work supports quality improvement for regional service teams. You will explain model errors, prepare experimentation datasets, and prototype demand forecasts. Use Python, Statistics, Machine Learning to deliver clear, documented work. Collaborate with a team of 10 across customer success and sales. Success means well-tested, reusable outputs. This is a fictional demonstration listing; no employer receives applications.",3.5,2026-10-01,2026-11-27,true
SYN-0560,Machine Learning Engineer,Orbit Works,Mumbai,780000,960000,0,3,Python|Machine Learning|Scikit-learn|Docker|Model Evaluation,PyTorch|TensorFlow|MLOps|AWS,BTech,Retail,Full-time,"Join the retail team at Orbit Works as a Machine Learning Engineer. Your work supports service efficiency for weekly business reviews. You will serve prediction models, optimize inference workloads, and build reproducible ML pipelines. Use Python, Machine Learning, Scikit-learn to deliver clear, documented work. Collaborate with a team of 5 across customer success and sales. Success means reliable weekly delivery. This is a fictional demonstration listing; no employer receives applications.",3.5,2026-09-07,2026-10-28,true
SYN-0561,Software Developer,Bluepeak Works,Pune,590000,840000,1,4,Java|SQL|Git|OOP|Algorithms,Python|Docker|REST API|Agile,BTech,Healthcare,Full-time,"Join the healthcare team at Bluepeak Works as a Software Developer. Your work supports digital transformation for a new product launch. You will improve automated testing, resolve production defects, and review maintainable code. Use Java, SQL, Git to deliver clear, documented work. Collaborate with a team of 11 across design and engineering. Success means well-tested, reusable outputs. This is a fictional demonstration listing; no employer receives applications.",3.5,2026-09-28,2026-11-04,true
SYN-0562,Web Developer,Prism Solutions,Chennai,630000,880000,4,6,HTML|CSS|JavaScript|React|Git|Accessibility,Node.js|TypeScript|Bootstrap,Diploma,Education,Full-time,"Join the education team at Prism Solutions as a Web Developer. Your work supports subscription growth for weekly business reviews. You will build accessible interfaces, optimize page performance, and create reusable UI components. Use HTML, CSS, JavaScript to deliver clear, documented work. Collaborate with a team of 11 across customer success and sales. Success means reliable weekly delivery. This is a fictional demonstration listing; no employer receives applications.",3.6,2026-09-27,2026-11-25,true
SYN-0563,Digital Marketing Analyst,Nimbus Systems,Ahmedabad,340000,460000,0,1,Google Analytics|SEO|Excel|Digital Marketing,Google Ads|SQL|Campaign Analysis|Power BI,BA,Technology,Full-time,"Join the technology team at Nimbus Systems as a Digital Marketing Analyst. Your work supports customer experience for regional service teams. You will recommend landing page experiments, measure campaign conversion, and build attribution reports. Use Google Analytics, SEO, Excel to deliver clear, documented work. Collaborate with a team of 15 across customer success and sales. Success means clear stakeholder communication. This is a fictional demonstration listing; no employer receives applications.",3.5,2026-08-29,2026-11-09,true
SYN-0564,SEO Analyst,Orbit Partners,Patna,390000,640000,1,2,SEO|Google Analytics|Content Marketing|Excel,SEM|Copywriting|HTML|Market Research,12th,Manufacturing,Full-time,"Join the manufacturing team at Orbit Partners as a SEO Analyst. Your work supports digital transformation for a cross-functional transformation program. You will track organic conversions, audit site content, and improve technical SEO checks. Use SEO, Google Analytics, Content Marketing to deliver clear, documented work. Collaborate with a team of 18 across customer success and sales. Success means reliable weekly delivery. This is a fictional demonstration listing; no employer receives applications.",3.8,2026-09-26,2026-10-23,true
SYN-0565,Customer Support Executive,Maple Labs,Remote,580000,760000,5,8,Customer Support|Communication|CRM|Ticketing|Conflict Resolution,Zendesk|Email Support|Chat Support,12th,Education,Contract,"Join the education team at Maple Labs as a Customer Support Executive. Your work supports inventory accuracy for a new product launch. You will maintain accurate case notes, meet response time targets, and identify recurring service problems. Use Customer Support, Communication, CRM to deliver clear, documented work. Collaborate with a team of 13 across design and engineering. Success means clear stakeholder communication. This is a fictional demonstration listing; no employer receives applications.",3.7,2026-10-03,2026-12-21,true
SYN-0566,Operations Analyst,Maple Labs,Kolkata,420000,670000,2,4,Excel|SQL|Operations|Process Improvement,Power BI|Supply Chain|Inventory Management|Forecasting,BA,Education,Full-time,"Join the education team at Maple Labs as a Operations Analyst. Your work supports cost optimization for a new product launch. You will analyze fulfillment delays, plan operational capacity, and monitor service metrics. Use Excel, SQL, Operations to deliver clear, documented work. Collaborate with a team of 8 across finance and strategy. Success means well-tested, reusable outputs. This is a fictional demonstration listing; no employer receives applications.",4.0,2026-09-05,2026-12-23,true
SYN-0567,Financial Analyst,Nexa Partners,Bangalore,580000,700000,2,3,Excel|Financial Analysis|Accounting|Financial Modeling,SQL|Power BI|Budgeting|Valuation,BCom,Logistics,Full-time,"Join the logistics team at Nexa Partners as a Financial Analyst. Your work supports regional expansion for a cross-functional transformation program. You will model unit economics, validate financial assumptions, and prepare budget variance reports. Use Excel, Financial Analysis, Accounting to deliver clear, documented work. Collaborate with a team of 13 across product and operations. Success means clear stakeholder communication. This is a fictional demonstration listing; no employer receives applications.",3.7,2026-09-10,2026-12-17,true
SYN-0568,Cybersecurity Analyst,Riverstone Works,Hyderabad,650000,900000,1,4,Cybersecurity|Networking|Linux|SIEM|Splunk,Incident Response|Wireshark|Python,BTech,Finance,Full-time,"Join the finance team at Riverstone Works as a Cybersecurity Analyst. Your work supports regional expansion for weekly business reviews. You will triage security alerts, assess infrastructure vulnerabilities, and document response procedures. Use Cybersecurity, Networking, Linux to deliver clear, documented work. Collaborate with a team of 12 across finance and strategy. Success means clear stakeholder communication. This is a fictional demonstration listing; no employer receives applications.",4.2,2026-10-03,2026-12-19,true
SYN-0569,Cloud Engineer,Maple Labs,Delhi,1060000,1410000,2,3,AWS|Linux|Networking|Docker,Terraform|Kubernetes|Azure|Monitoring,BTech,Manufacturing,Full-time,"Join the manufacturing team at Maple Labs as a Cloud Engineer. Your work supports cost optimization for regional service teams. You will operate cloud infrastructure, monitor system capacity, and improve deployment reliability. Use AWS, Linux, Networking to deliver clear, documented work. Collaborate with a team of 14 across customer success and sales. Success means reliable weekly delivery. This is a fictional demonstration listing; no employer receives applications.",3.4,2026-08-28,2026-10-31,true
SYN-0570,Graphic Designer,Lumina Works,Noida,120000,470000,0,2,Photoshop|Illustrator|Canva|Typography,Figma|Branding|Video Editing|InDesign,Diploma,Logistics,Internship,"Join the logistics team at Lumina Works as a Graphic Designer. Your work supports customer experience for a new product launch. You will prepare print layouts, maintain visual guidelines, and design campaign assets. Use Photoshop, Illustrator, Canva to deliver clear, documented work. Collaborate with a team of 18 across finance and strategy. Success means reliable weekly delivery. This is a fictional demonstration listing; no employer receives applications.",3.9,2026-08-31,2026-11-29,true
SYN-0571,Marketing Analyst,Orbit Works,Gurugram,430000,680000,2,4,Excel|Market Research|Google Analytics|Campaign Analysis|Tableau,SQL|A/B Testing|Communication,BA,Healthcare,Full-time,"Join the healthcare team at Orbit Works as a Marketing Analyst. Your work supports regional expansion for an expanding customer base. You will research competitor positioning, segment customer audiences, and measure marketing efficiency. Use Excel, Market Research, Google Analytics to deliver clear, documented work. Collaborate with a team of 16 across finance and strategy. Success means reliable weekly delivery. This is a fictional demonstration listing; no employer receives applications.",4.3,2026-10-05,2026-11-24,true
SYN-0572,HR Analyst,Meridian Labs,Mumbai,490000,740000,2,5,Excel|HR Analytics|Communication|Reporting,SQL|Power BI|HRIS|Payroll,BA,Retail,Full-time,"Join the retail team at Meridian Labs as a HR Analyst. Your work supports regional expansion for regional service teams. You will report recruitment efficiency, audit HR data quality, and analyze workforce trends. Use Excel, HR Analytics, Communication to deliver clear, documented work. Collaborate with a team of 14 across customer success and sales. Success means clear stakeholder communication. This is a fictional demonstration listing; no employer receives applications.",3.9,2026-08-29,2026-12-30,true
SYN-0573,Business Intelligence Analyst,Aster Labs,Pune,670000,920000,2,5,SQL|Power BI|Data Modeling|Data Visualization,Tableau|DAX|Excel|Stakeholder Management,BSc,Logistics,Contract,"Join the logistics team at Aster Labs as a Business Intelligence Analyst. Your work supports customer experience for a new product launch. You will document reporting models, translate business questions into dashboards, and build self-service analytics. Use SQL, Power BI, Data Modeling to deliver clear, documented work. Collaborate with a team of 4 across design and engineering. Success means measurable quality improvements. This is a fictional demonstration listing; no employer receives applications.",4.6,2026-10-07,2026-12-17,true
SYN-0574,Quality Assurance Analyst,Juniper Labs,Chennai,540000,720000,2,4,Quality Assurance|SQL|Communication|Problem Solving|Python,Jira|REST API|Agile,Diploma,Technology,Contract,"Join the technology team at Juniper Labs as a Quality Assurance Analyst. Your work supports inventory accuracy for an expanding customer base. You will reproduce reported defects, design test scenarios, and track release readiness. Use Quality Assurance, SQL, Communication to deliver clear, documented work. Collaborate with a team of 8 across finance and strategy. Success means measurable quality improvements. This is a fictional demonstration listing; no employer receives applications.",3.7,2026-09-29,2027-01-04,true
SYN-0575,UX Researcher,Riverstone Systems,Ahmedabad,180000,360000,0,3,UX Research|Figma|Communication|Prototyping,UI Design|A/B Testing|Accessibility|Presentation,BA,Logistics,Internship,"Join the logistics team at Riverstone Systems as a UX Researcher. Your work supports subscription growth for regional service teams. You will present user journey insights, validate interface prototypes, and synthesize research findings. Use UX Research, Figma, Communication to deliver clear, documented work. Collaborate with a team of 15 across customer success and sales. Success means well-tested, reusable outputs. This is a fictional demonstration listing; no employer receives applications.",3.7,2026-10-01,2026-12-12,true
SYN-0576,Data Engineer,Aster Solutions,Patna,550000,800000,0,2,Python|SQL|ETL|Data Modeling|PostgreSQL,Spark|Azure|AWS|Databricks,BTech,Retail,Full-time,"Join the retail team at Aster Solutions as a Data Engineer. Your work supports regional expansion for a cross-functional transformation program. You will design analytical storage, build ingestion pipelines, and enforce data quality contracts. Use Python, SQL, ETL to deliver clear, documented work. Collaborate with a team of 15 across product and operations. Success means measurable quality improvements. This is a fictional demonstration listing; no employer receives applications.",3.4,2026-09-23,2026-12-30,true
SYN-0577,Data Analyst,Evergreen Solutions,Kolkata,740000,860000,3,5,SQL|Excel|Python|Power BI|Statistics|Data Cleaning|ETL,Tableau|DAX|Pandas|Presentation,Diploma,Retail,Full-time,"Join the retail team at Evergreen Solutions as a Data Analyst. Your work supports digital transformation for a new product launch. You will explain customer retention, analyze sales funnels, and build weekly KPI dashboards. Use SQL, Excel, Python to deliver clear, documented work. Collaborate with a team of 5 across design and engineering. Success means measurable quality improvements. This is a fictional demonstration listing; no employer receives applications.",3.3,2026-09-25,2026-12-24,true
SYN-0578,Business Analyst,Maple Solutions,Bangalore,180000,430000,0,3,SQL|Excel|Business Analysis|Requirements Gathering|Communication,Agile|Jira|Tableau|Process Improvement,BA,Logistics,Internship,"Join the logistics team at Maple Solutions as a Business Analyst. Your work supports quality improvement for an expanding customer base. You will document business requirements, evaluate product changes, and interview stakeholders. Use SQL, Excel, Business Analysis to deliver clear, documented work. Collaborate with a team of 16 across finance and strategy. Success means reliable weekly delivery. This is a fictional demonstration listing; no employer receives applications.",4.7,2026-09-03,2026-12-24,true
SYN-0579,Power BI Developer,Orbit Systems,Hyderabad,810000,1160000,2,5,Power BI|DAX|SQL|Power Query|Data Modeling,Azure|ETL|Excel|Dashboard Design,BTech,Healthcare,Full-time,"Join the healthcare team at Orbit Systems as a Power BI Developer. Your work supports quality improvement for weekly business reviews. You will publish operational dashboards, reconcile reporting metrics, and optimize DAX measures. Use Power BI, DAX, SQL to deliver clear, documented work. Collaborate with a team of 13 across customer success and sales. Success means clear stakeholder communication. This is a fictional demonstration listing; no employer receives applications.",4.3,2026-10-07,2026-12-03,true
SYN-0580,MIS Executive,Aster Solutions,Delhi,560000,810000,4,6,Excel|Reporting|Data Cleaning|Communication|SQL,Power BI|Excel VBA|Advanced Excel,12th,Healthcare,Full-time,"Join the healthcare team at Aster Solutions as a MIS Executive. Your work supports subscription growth for a cross-functional transformation program. You will prepare management summaries, reconcile inventory records, and maintain daily reports. Use Excel, Reporting, Data Cleaning to deliver clear, documented work. Collaborate with a team of 9 across customer success and sales. Success means reliable weekly delivery. This is a fictional demonstration listing; no employer receives applications.",3.8,2026-09-29,2027-01-05,true
SYN-0581,SQL Developer,Vantage Partners,Noida,430000,550000,1,3,SQL|PostgreSQL|Database Design|ETL,Python|SQL Server|Advanced SQL|Git,BCA,Finance,Full-time,"Join the finance team at Vantage Partners as a SQL Developer. Your work supports inventory accuracy for a new product launch. You will optimize database queries, design warehouse tables, and audit data consistency. Use SQL, PostgreSQL, Database Design to deliver clear, documented work. Collaborate with a team of 6 across finance and strategy. Success means well-tested, reusable outputs. This is a fictional demonstration listing; no employer receives applications.",3.4,2026-09-13,2026-12-01,true
SYN-0582,Python Developer,Lumina Works,Gurugram,1020000,1370000,5,7,Python|Flask|SQL|Git|REST API,Django|FastAPI|Docker|Linux,Diploma,Manufacturing,Full-time,"Join the manufacturing team at Lumina Works as a Python Developer. Your work supports cost optimization for regional service teams. You will improve service reliability, maintain internal automation, and write integration tests. Use Python, Flask, SQL to deliver clear, documented work. Collaborate with a team of 17 across product and operations. Success means clear stakeholder communication. This is a fictional demonstration listing; no employer receives applications.",3.7,2026-09-16,2026-11-17,true
SYN-0583,Junior Data Scientist,Riverstone Partners,Mumbai,680000,930000,1,2,Python|Statistics|Machine Learning|Pandas|SQL|A/B Testing,Scikit-learn|NLP|Feature Engineering,BSc,Retail,Contract,"Join the retail team at Riverstone Partners as a Junior Data Scientist. Your work supports quality improvement for a cross-functional transformation program. You will prototype demand forecasts, explain model errors, and prepare experimentation datasets. Use Python, Statistics, Machine Learning to deliver clear, documented work. Collaborate with a team of 13 across product and operations. Success means well-tested, reusable outputs. This is a fictional demonstration listing; no employer receives applications.",4.8,2026-09-23,2026-12-09,true
SYN-0584,Machine Learning Engineer,Maple Solutions,Pune,120000,240000,0,2,Python|Machine Learning|Scikit-learn|Docker|Model Evaluation,PyTorch|TensorFlow|MLOps|AWS,BTech,Retail,Internship,"Join the retail team at Maple Solutions as a Machine Learning Engineer. Your work supports quality improvement for regional service teams. You will build reproducible ML pipelines, monitor model drift, and serve prediction models. Use Python, Machine Learning, Scikit-learn to deliver clear, documented work. Collaborate with a team of 4 across finance and strategy. Success means measurable quality improvements. This is a fictional demonstration listing; no employer receives applications.",4.8,2026-09-25,2026-11-20,true
SYN-0585,Software Developer,Evergreen Systems,Chennai,500000,680000,1,4,Java|SQL|Git|OOP|Algorithms,Python|Docker|REST API|Agile,BTech,Manufacturing,Full-time,"Join the manufacturing team at Evergreen Systems as a Software Developer. Your work supports cost optimization for regional service teams. You will review maintainable code, improve automated testing, and implement service features. Use Java, SQL, Git to deliver clear, documented work. Collaborate with a team of 4 across finance and strategy. Success means measurable quality improvements. This is a fictional demonstration listing; no employer receives applications.",3.8,2026-10-04,2026-11-03,true
SYN-0586,Web Developer,Cedar Partners,Ahmedabad,720000,970000,5,7,HTML|CSS|JavaScript|React|Git|Bootstrap,Node.js|TypeScript|Accessibility,Diploma,Manufacturing,Full-time,"Join the manufacturing team at Cedar Partners as a Web Developer. Your work supports cost optimization for an expanding customer base. You will integrate REST APIs, create reusable UI components, and build accessible interfaces. Use HTML, CSS, JavaScript to deliver clear, documented work. Collaborate with a team of 4 across product and operations. Success means well-tested, reusable outputs. This is a fictional demonstration listing; no employer receives applications.",3.8,2026-10-05,2026-12-17,true
SYN-0587,Digital Marketing Analyst,Riverstone Partners,Patna,530000,880000,4,7,Google Analytics|SEO|Excel|Digital Marketing,Google Ads|SQL|Campaign Analysis|Power BI,BA,Healthcare,Full-time,"Join the healthcare team at Riverstone Partners as a Digital Marketing Analyst. Your work supports service efficiency for weekly business reviews. You will build attribution reports, recommend landing page experiments, and audit acquisition channels. Use Google Analytics, SEO, Excel to deliver clear, documented work. Collaborate with a team of 9 across finance and strategy. Success means measurable quality improvements. This is a fictional demonstration listing; no employer receives applications.",4.5,2026-10-01,2026-12-04,true
SYN-0588,SEO Analyst,Lumina Solutions,Remote,350000,600000,1,4,SEO|Google Analytics|Content Marketing|Excel,SEM|Copywriting|HTML|Market Research,12th,Finance,Full-time,"Join the finance team at Lumina Solutions as a SEO Analyst. Your work supports customer experience for regional service teams. You will improve technical SEO checks, audit site content, and track organic conversions. Use SEO, Google Analytics, Content Marketing to deliver clear, documented work. Collaborate with a team of 18 across customer success and sales. Success means reliable weekly delivery. This is a fictional demonstration listing; no employer receives applications.",3.9,2026-09-20,2026-11-17,true
SYN-0589,Customer Support Executive,Riverstone Solutions,Kolkata,370000,550000,3,4,Customer Support|Communication|CRM|Ticketing|Chat Support,Zendesk|Email Support|Conflict Resolution,12th,Media,Full-time,"Join the media team at Riverstone Solutions as a Customer Support Executive. Your work supports quality improvement for regional service teams. You will identify recurring service problems, resolve customer tickets, and maintain accurate case notes. Use Customer Support, Communication, CRM to deliver clear, documented work. Collaborate with a team of 18 across customer success and sales. Success means well-tested, reusable outputs. This is a fictional demonstration listing; no employer receives applications.",4.0,2026-09-29,2027-01-05,true
SYN-0590,Operations Analyst,Nexa Solutions,Bangalore,180000,430000,0,2,Excel|SQL|Operations|Process Improvement,Power BI|Supply Chain|Inventory Management|Forecasting,BA,Manufacturing,Internship,"Join the manufacturing team at Nexa Solutions as a Operations Analyst. Your work supports customer experience for an expanding customer base. You will identify process bottlenecks, monitor service metrics, and plan operational capacity. Use Excel, SQL, Operations to deliver clear, documented work. Collaborate with a team of 15 across finance and strategy. Success means reliable weekly delivery. This is a fictional demonstration listing; no employer receives applications.",4.2,2026-10-01,2026-11-29,true
SYN-0591,Financial Analyst,Cobalt Works,Hyderabad,860000,1110000,3,5,Excel|Financial Analysis|Accounting|Financial Modeling,SQL|Power BI|Budgeting|Valuation,BCom,Technology,Full-time,"Join the technology team at Cobalt Works as a Financial Analyst. Your work supports inventory accuracy for a cross-functional transformation program. You will analyze monthly cash flow, model unit economics, and prepare budget variance reports. Use Excel, Financial Analysis, Accounting to deliver clear, documented work. Collaborate with a team of 15 across product and operations. Success means clear stakeholder communication. This is a fictional demonstration listing; no employer receives applications.",3.7,2026-09-11,2026-11-11,true
SYN-0592,Cybersecurity Analyst,Aster Partners,Delhi,920000,1100000,4,5,Cybersecurity|Networking|Linux|SIEM|Python,Splunk|Incident Response|Wireshark,BTech,Healthcare,Full-time,"Join the healthcare team at Aster Partners as a Cybersecurity Analyst. Your work supports cost optimization for a cross-functional transformation program. You will document response procedures, triage security alerts, and investigate suspicious logs. Use Cybersecurity, Networking, Linux to deliver clear, documented work. Collaborate with a team of 6 across customer success and sales. Success means well-tested, reusable outputs. This is a fictional demonstration listing; no employer receives applications.",4.5,2026-09-27,2026-11-14,true
SYN-0593,Cloud Engineer,Prism Labs,Noida,1190000,1310000,3,6,AWS|Linux|Networking|Docker,Terraform|Kubernetes|Azure|Monitoring,BTech,Media,Full-time,"Join the media team at Prism Labs as a Cloud Engineer. Your work supports digital transformation for a new product launch. You will improve deployment reliability, monitor system capacity, and automate infrastructure changes. Use AWS, Linux, Networking to deliver clear, documented work. Collaborate with a team of 16 across design and engineering. Success means measurable quality improvements. This is a fictional demonstration listing; no employer receives applications.",4.2,2026-09-04,2027-01-04,true
SYN-0594,Graphic Designer,Prism Solutions,Gurugram,450000,630000,2,5,Photoshop|Illustrator|Canva|Typography,Figma|Branding|Video Editing|InDesign,Diploma,Education,Full-time,"Join the education team at Prism Solutions as a Graphic Designer. Your work supports regional expansion for weekly business reviews. You will adapt creative for digital channels, design campaign assets, and maintain visual guidelines. Use Photoshop, Illustrator, Canva to deliver clear, documented work. Collaborate with a team of 6 across customer success and sales. Success means reliable weekly delivery. This is a fictional demonstration listing; no employer receives applications.",4.2,2026-09-03,2026-12-29,true
SYN-0595,Marketing Analyst,Cedar Works,Mumbai,460000,710000,1,3,Excel|Market Research|Google Analytics|Campaign Analysis|SQL,Tableau|A/B Testing|Communication,BA,Manufacturing,Part-time,"Join the manufacturing team at Cedar Works as a Marketing Analyst. Your work supports inventory accuracy for weekly business reviews. You will segment customer audiences, measure marketing efficiency, and present customer insights. Use Excel, Market Research, Google Analytics to deliver clear, documented work. Collaborate with a team of 16 across design and engineering. Success means well-tested, reusable outputs. This is a fictional demonstration listing; no employer receives applications.",4.0,2026-09-10,2026-12-17,true
SYN-0596,HR Analyst,Orbit Systems,Pune,660000,1010000,3,5,Excel|HR Analytics|Communication|Reporting,SQL|Power BI|HRIS|Payroll,BA,Retail,Full-time,"Join the retail team at Orbit Systems as a HR Analyst. Your work supports regional expansion for a cross-functional transformation program. You will audit HR data quality, analyze workforce trends, and report recruitment efficiency. Use Excel, HR Analytics, Communication to deliver clear, documented work. Collaborate with a team of 10 across customer success and sales. Success means reliable weekly delivery. This is a fictional demonstration listing; no employer receives applications.",3.2,2026-10-07,2026-10-28,true
SYN-0597,Business Intelligence Analyst,Juniper Partners,Chennai,620000,870000,2,3,SQL|Power BI|Data Modeling|Data Visualization,Tableau|DAX|Excel|Stakeholder Management,BSc,Retail,Full-time,"Join the retail team at Juniper Partners as a Business Intelligence Analyst. Your work supports quality improvement for an expanding customer base. You will document reporting models, build self-service analytics, and translate business questions into dashboards. Use SQL, Power BI, Data Modeling to deliver clear, documented work. Collaborate with a team of 6 across product and operations. Success means clear stakeholder communication. This is a fictional demonstration listing; no employer receives applications.",3.7,2026-09-03,2026-11-21,true
SYN-0598,Quality Assurance Analyst,Meridian Systems,Ahmedabad,340000,690000,1,3,Quality Assurance|SQL|Communication|Problem Solving|Jira,Python|REST API|Agile,Diploma,Retail,Full-time,"Join the retail team at Meridian Systems as a Quality Assurance Analyst. Your work supports regional expansion for regional service teams. You will design test scenarios, reproduce reported defects, and verify data integrity. Use Quality Assurance, SQL, Communication to deliver clear, documented work. Collaborate with a team of 18 across finance and strategy. Success means clear stakeholder communication. This is a fictional demonstration listing; no employer receives applications.",3.8,2026-08-30,2026-11-19,true
SYN-0599,UX Researcher,Nexa Labs,Patna,550000,730000,2,3,UX Research|Figma|Communication|Prototyping,UI Design|A/B Testing|Accessibility|Presentation,BA,Media,Full-time,"Join the media team at Nexa Labs as a UX Researcher. Your work supports digital transformation for an expanding customer base. You will present user journey insights, validate interface prototypes, and conduct usability sessions. Use UX Research, Figma, Communication to deliver clear, documented work. Collaborate with a team of 17 across customer success and sales. Success means reliable weekly delivery. This is a fictional demonstration listing; no employer receives applications.",3.6,2026-09-15,2026-12-20,true
SYN-0600,Data Engineer,Cobalt Works,Remote,810000,990000,1,4,Python|SQL|ETL|Data Modeling|PostgreSQL,Spark|Azure|AWS|Databricks,BTech,Retail,Full-time,"Join the retail team at Cobalt Works as a Data Engineer. Your work supports regional expansion for an expanding customer base. You will monitor dataset freshness, build ingestion pipelines, and enforce data quality contracts. Use Python, SQL, ETL to deliver clear, documented work. Collaborate with a team of 14 across product and operations. Success means well-tested, reusable outputs. This is a fictional demonstration listing; no employer receives applications.",4.1,2026-09-10,2026-12-12,true
SYN-0601,Data Analyst,Cobalt Partners,Bangalore,360000,540000,0,1,SQL|Excel|Python|Power BI|Statistics|Data Cleaning|DAX,Tableau|Pandas|Presentation|ETL,Diploma,Healthcare,Full-time,"Join the healthcare team at Cobalt Partners as a Data Analyst. Your work supports cost optimization for regional service teams. You will explain customer retention, analyze sales funnels, and build weekly KPI dashboards. Use SQL, Excel, Python to deliver clear, documented work. Collaborate with a team of 14 across product and operations. Success means well-tested, reusable outputs. This is a fictional demonstration listing; no employer receives applications.",3.6,2026-09-15,2026-12-11,true
SYN-0602,Business Analyst,Vantage Works,Hyderabad,120000,300000,0,3,SQL|Excel|Business Analysis|Requirements Gathering|Communication,Agile|Jira|Tableau|Process Improvement,BA,Healthcare,Internship,"Join the healthcare team at Vantage Works as a Business Analyst. Your work supports subscription growth for regional service teams. You will interview stakeholders, map operational workflows, and document business requirements. Use SQL, Excel, Business Analysis to deliver clear, documented work. Collaborate with a team of 12 across product and operations. Success means well-tested, reusable outputs. This is a fictional demonstration listing; no employer receives applications.",4.3,2026-10-02,2026-11-06,true
SYN-0603,Power BI Developer,Prism Systems,Delhi,630000,880000,1,2,Power BI|DAX|SQL|Power Query|Data Modeling,Azure|ETL|Excel|Dashboard Design,BTech,Logistics,Full-time,"Join the logistics team at Prism Systems as a Power BI Developer. Your work supports customer experience for regional service teams. You will optimize DAX measures, design dimensional models, and publish operational dashboards. Use Power BI, DAX, SQL to deliver clear, documented work. Collaborate with a team of 17 across design and engineering. Success means clear stakeholder communication. This is a fictional demonstration listing; no employer receives applications.",4.1,2026-08-30,2026-12-19,true
SYN-0604,MIS Executive,Aster Works,Noida,250000,500000,0,2,Excel|Reporting|Data Cleaning|Communication|Advanced Excel,SQL|Power BI|Excel VBA,12th,Technology,Full-time,"Join the technology team at Aster Works as a MIS Executive. Your work supports quality improvement for regional service teams. You will reconcile inventory records, prepare management summaries, and maintain daily reports. Use Excel, Reporting, Data Cleaning to deliver clear, documented work. Collaborate with a team of 11 across product and operations. Success means well-tested, reusable outputs. This is a fictional demonstration listing; no employer receives applications.",4.3,2026-09-15,2026-11-14,true
SYN-0605,SQL Developer,Meridian Labs,Gurugram,580000,700000,1,3,SQL|PostgreSQL|Database Design|ETL,Python|SQL Server|Advanced SQL|Git,BCA,Technology,Contract,"Join the technology team at Meridian Labs as a SQL Developer. Your work supports customer experience for regional service teams. You will audit data consistency, design warehouse tables, and optimize database queries. Use SQL, PostgreSQL, Database Design to deliver clear, documented work. Collaborate with a team of 15 across product and operations. Success means well-tested, reusable outputs. This is a fictional demonstration listing; no employer receives applications.",3.6,2026-09-24,2027-01-03,true
SYN-0606,Python Developer,Meridian Labs,Mumbai,610000,790000,1,2,Python|Flask|SQL|Git|REST API,Django|FastAPI|Docker|Linux,Diploma,Manufacturing,Full-time,"Join the manufacturing team at Meridian Labs as a Python Developer. Your work supports regional expansion for weekly business reviews. You will improve service reliability, build backend APIs, and maintain internal automation. Use Python, Flask, SQL to deliver clear, documented work. Collaborate with a team of 9 across customer success and sales. Success means clear stakeholder communication. This is a fictional demonstration listing; no employer receives applications.",4.2,2026-09-09,2026-12-05,true
SYN-0607,Junior Data Scientist,Vantage Partners,Pune,720000,970000,1,3,Python|Statistics|Machine Learning|Pandas|SQL|Feature Engineering,Scikit-learn|NLP|A/B Testing,BSc,Healthcare,Full-time,"Join the healthcare team at Vantage Partners as a Junior Data Scientist. Your work supports quality improvement for regional service teams. You will prepare experimentation datasets, explain model errors, and prototype demand forecasts. Use Python, Statistics, Machine Learning to deliver clear, documented work. Collaborate with a team of 11 across customer success and sales. Success means measurable quality improvements. This is a fictional demonstration listing; no employer receives applications.",3.5,2026-09-27,2026-11-25,true
SYN-0608,Machine Learning Engineer,Cedar Labs,Chennai,680000,860000,0,1,Python|Machine Learning|Scikit-learn|Docker|Model Evaluation,PyTorch|TensorFlow|MLOps|AWS,BTech,Education,Full-time,"Join the education team at Cedar Labs as a Machine Learning Engineer. Your work supports cost optimization for weekly business reviews. You will optimize inference workloads, build reproducible ML pipelines, and serve prediction models. Use Python, Machine Learning, Scikit-learn to deliver clear, documented work. Collaborate with a team of 5 across design and engineering. Success means measurable quality improvements. This is a fictional demonstration listing; no employer receives applications.",4.4,2026-09-22,2026-12-26,true
SYN-0609,Software Developer,Nexa Partners,Ahmedabad,240000,490000,0,2,Java|SQL|Git|OOP|Algorithms,Python|Docker|REST API|Agile,BTech,Healthcare,Internship,"Join the healthcare team at Nexa Partners as a Software Developer. Your work supports quality improvement for a cross-functional transformation program. You will improve automated testing, resolve production defects, and implement service features. Use Java, SQL, Git to deliver clear, documented work. Collaborate with a team of 9 across customer success and sales. Success means clear stakeholder communication. This is a fictional demonstration listing; no employer receives applications.",4.4,2026-09-27,2026-11-14,true
SYN-0610,Web Developer,Nimbus Systems,Patna,540000,660000,2,4,HTML|CSS|JavaScript|React|Git|Bootstrap,Node.js|TypeScript|Accessibility,Diploma,Finance,Full-time,"Join the finance team at Nimbus Systems as a Web Developer. Your work supports quality improvement for a cross-functional transformation program. You will create reusable UI components, integrate REST APIs, and optimize page performance. Use HTML, CSS, JavaScript to deliver clear, documented work. Collaborate with a team of 8 across customer success and sales. Success means measurable quality improvements. This is a fictional demonstration listing; no employer receives applications.",3.3,2026-09-07,2026-10-25,true
SYN-0611,Digital Marketing Analyst,Bluepeak Works,Remote,310000,490000,0,2,Google Analytics|SEO|Excel|Digital Marketing,Google Ads|SQL|Campaign Analysis|Power BI,BA,Logistics,Full-time,"Join the logistics team at Bluepeak Works as a Digital Marketing Analyst. Your work supports quality improvement for a cross-functional transformation program. You will recommend landing page experiments, build attribution reports, and audit acquisition channels. Use Google Analytics, SEO, Excel to deliver clear, documented work. Collaborate with a team of 6 across finance and strategy. Success means reliable weekly delivery. This is a fictional demonstration listing; no employer receives applications.",4.1,2026-08-28,2026-12-23,true
SYN-0612,SEO Analyst,Orbit Labs,Kolkata,450000,630000,3,5,SEO|Google Analytics|Content Marketing|Excel,SEM|Copywriting|HTML|Market Research,12th,Technology,Full-time,"Join the technology team at Orbit Labs as a SEO Analyst. Your work supports regional expansion for a cross-functional transformation program. You will research search demand, track organic conversions, and improve technical SEO checks. Use SEO, Google Analytics, Content Marketing to deliver clear, documented work. Collaborate with a team of 16 across customer success and sales. Success means measurable quality improvements. This is a fictional demonstration listing; no employer receives applications.",3.7,2026-09-16,2026-10-28,true
SYN-0613,Customer Support Executive,Bluepeak Solutions,Bangalore,300000,650000,2,4,Customer Support|Communication|CRM|Ticketing|Email Support,Zendesk|Chat Support|Conflict Resolution,12th,Media,Part-time,"Join the media team at Bluepeak Solutions as a Customer Support Executive. Your work supports service efficiency for regional service teams. You will identify recurring service problems, maintain accurate case notes, and meet response time targets. Use Customer Support, Communication, CRM to deliver clear, documented work. Collaborate with a team of 6 across finance and strategy. Success means clear stakeholder communication. This is a fictional demonstration listing; no employer receives applications.",4.2,2026-09-14,2026-11-29,true
SYN-0614,Operations Analyst,Meridian Labs,Hyderabad,600000,780000,2,3,Excel|SQL|Operations|Process Improvement,Power BI|Supply Chain|Inventory Management|Forecasting,BA,Technology,Full-time,"Join the technology team at Meridian Labs as a Operations Analyst. Your work supports service efficiency for weekly business reviews. You will plan operational capacity, analyze fulfillment delays, and identify process bottlenecks. Use Excel, SQL, Operations to deliver clear, documented work. Collaborate with a team of 10 across finance and strategy. Success means measurable quality improvements. This is a fictional demonstration listing; no employer receives applications.",3.8,2026-09-10,2026-11-30,true
SYN-0615,Financial Analyst,Lumina Systems,Delhi,670000,850000,2,5,Excel|Financial Analysis|Accounting|Financial Modeling,SQL|Power BI|Budgeting|Valuation,BCom,Retail,Full-time,"Join the retail team at Lumina Systems as a Financial Analyst. Your work supports service efficiency for regional service teams. You will model unit economics, analyze monthly cash flow, and prepare budget variance reports. Use Excel, Financial Analysis, Accounting to deliver clear, documented work. Collaborate with a team of 16 across finance and strategy. Success means measurable quality improvements. This is a fictional demonstration listing; no employer receives applications.",4.7,2026-08-30,2026-12-14,true
SYN-0616,Cybersecurity Analyst,Nexa Partners,Noida,440000,690000,0,1,Cybersecurity|Networking|Linux|SIEM|Splunk,Incident Response|Wireshark|Python,BTech,Retail,Full-time,"Join the retail team at Nexa Partners as a Cybersecurity Analyst. Your work supports regional expansion for weekly business reviews. You will investigate suspicious logs, assess infrastructure vulnerabilities, and document response procedures. Use Cybersecurity, Networking, Linux to deliver clear, documented work. Collaborate with a team of 13 across product and operations. Success means clear stakeholder communication. This is a fictional demonstration listing; no employer receives applications.",3.8,2026-08-29,2026-12-04,true
SYN-0617,Cloud Engineer,Prism Labs,Gurugram,930000,1110000,2,4,AWS|Linux|Networking|Docker,Terraform|Kubernetes|Azure|Monitoring,BTech,Finance,Full-time,"Join the finance team at Prism Labs as a Cloud Engineer. Your work supports inventory accuracy for a new product launch. You will improve deployment reliability, automate infrastructure changes, and operate cloud infrastructure. Use AWS, Linux, Networking to deliver clear, documented work. Collaborate with a team of 9 across customer success and sales. Success means well-tested, reusable outputs. This is a fictional demonstration listing; no employer receives applications.",4.4,2026-09-06,2027-01-03,true
SYN-0618,Graphic Designer,Cobalt Labs,Mumbai,300000,420000,1,2,Photoshop|Illustrator|Canva|Typography,Figma|Branding|Video Editing|InDesign,Diploma,Finance,Full-time,"Join the finance team at Cobalt Labs as a Graphic Designer. Your work supports customer experience for a new product launch. You will design campaign assets, adapt creative for digital channels, and prepare print layouts. Use Photoshop, Illustrator, Canva to deliver clear, documented work. Collaborate with a team of 13 across finance and strategy. Success means clear stakeholder communication. This is a fictional demonstration listing; no employer receives applications.",4.4,2026-09-01,2026-10-26,true
SYN-0619,Marketing Analyst,Meridian Partners,Pune,240000,360000,0,1,Excel|Market Research|Google Analytics|Campaign Analysis|Communication,SQL|Tableau|A/B Testing,BA,Healthcare,Internship,"Join the healthcare team at Meridian Partners as a Marketing Analyst. Your work supports regional expansion for a cross-functional transformation program. You will present customer insights, segment customer audiences, and measure marketing efficiency. Use Excel, Market Research, Google Analytics to deliver clear, documented work. Collaborate with a team of 10 across finance and strategy. Success means reliable weekly delivery. This is a fictional demonstration listing; no employer receives applications.",4.7,2026-08-31,2026-11-19,true
SYN-0620,HR Analyst,Nexa Works,Chennai,370000,490000,1,3,Excel|HR Analytics|Communication|Reporting,SQL|Power BI|HRIS|Payroll,BA,Healthcare,Full-time,"Join the healthcare team at Nexa Works as a HR Analyst. Your work supports regional expansion for regional service teams. You will report recruitment efficiency, monitor employee retention, and audit HR data quality. Use Excel, HR Analytics, Communication to deliver clear, documented work. Collaborate with a team of 12 across product and operations. Success means measurable quality improvements. This is a fictional demonstration listing; no employer receives applications.",3.8,2026-09-26,2026-11-11,true
SYN-0621,Business Intelligence Analyst,Nexa Works,Ahmedabad,750000,870000,3,6,SQL|Power BI|Data Modeling|Data Visualization,Tableau|DAX|Excel|Stakeholder Management,BSc,Logistics,Part-time,"Join the logistics team at Nexa Works as a Business Intelligence Analyst. Your work supports digital transformation for weekly business reviews. You will build self-service analytics, define consistent KPI metrics, and translate business questions into dashboards. Use SQL, Power BI, Data Modeling to deliver clear, documented work. Collaborate with a team of 9 across customer success and sales. Success means well-tested, reusable outputs. This is a fictional demonstration listing; no employer receives applications.",4.0,2026-09-01,2026-11-28,true
SYN-0622,Quality Assurance Analyst,Evergreen Labs,Patna,290000,540000,0,3,Quality Assurance|SQL|Communication|Problem Solving|REST API,Python|Jira|Agile,Diploma,Technology,Full-time,"Join the technology team at Evergreen Labs as a Quality Assurance Analyst. Your work supports subscription growth for a new product launch. You will verify data integrity, track release readiness, and design test scenarios. Use Quality Assurance, SQL, Communication to deliver clear, documented work. Collaborate with a team of 13 across product and operations. Success means clear stakeholder communication. This is a fictional demonstration listing; no employer receives applications.",4.3,2026-10-03,2026-12-20,true
SYN-0623,UX Researcher,Orbit Systems,Remote,820000,1070000,3,6,UX Research|Figma|Communication|Prototyping,UI Design|A/B Testing|Accessibility|Presentation,BA,Education,Full-time,"Join the education team at Orbit Systems as a UX Researcher. Your work supports cost optimization for a new product launch. You will conduct usability sessions, synthesize research findings, and present user journey insights. Use UX Research, Figma, Communication to deliver clear, documented work. Collaborate with a team of 7 across product and operations. Success means well-tested, reusable outputs. This is a fictional demonstration listing; no employer receives applications.",4.5,2026-08-29,2026-11-10,true
SYN-0624,Data Engineer,Cobalt Solutions,Kolkata,660000,910000,0,2,Python|SQL|ETL|Data Modeling|PostgreSQL,Spark|Azure|AWS|Databricks,BTech,Education,Contract,"Join the education team at Cobalt Solutions as a Data Engineer. Your work supports customer experience for a cross-functional transformation program. You will build ingestion pipelines, monitor dataset freshness, and design analytical storage. Use Python, SQL, ETL to deliver clear, documented work. Collaborate with a team of 4 across finance and strategy. Success means clear stakeholder communication. This is a fictional demonstration listing; no employer receives applications.",4.7,2026-09-07,2026-12-09,true
SYN-0625,Data Analyst,Cedar Solutions,Hyderabad,180000,360000,0,2,SQL|Excel|Python|Power BI|Statistics|Data Cleaning|Tableau,DAX|Pandas|Presentation|ETL,Diploma,Education,Internship,"Join the education team at Cedar Solutions as a Data Analyst. Your work supports digital transformation for a new product launch. You will explain customer retention, analyze sales funnels, and build weekly KPI dashboards. Use SQL, Excel, Python to deliver clear, documented work. Collaborate with a team of 8 across product and operations. Success means well-tested, reusable outputs. This is a fictional demonstration listing; no employer receives applications.",4.6,2026-09-01,2026-11-04,true
SYN-0626,Business Analyst,Cedar Partners,Delhi,820000,940000,4,6,SQL|Excel|Business Analysis|Requirements Gathering|Communication,Agile|Jira|Tableau|Process Improvement,BA,Retail,Full-time,"Join the retail team at Cedar Partners as a Business Analyst. Your work supports customer experience for an expanding customer base. You will map operational workflows, evaluate product changes, and document business requirements. Use SQL, Excel, Business Analysis to deliver clear, documented work. Collaborate with a team of 7 across design and engineering. Success means measurable quality improvements. This is a fictional demonstration listing; no employer receives applications.",4.1,2026-10-06,2026-12-18,true
SYN-0627,Power BI Developer,Meridian Works,Noida,620000,740000,1,4,Power BI|DAX|SQL|Power Query|Data Modeling,Azure|ETL|Excel|Dashboard Design,BTech,Finance,Full-time,"Join the finance team at Meridian Works as a Power BI Developer. Your work supports regional expansion for weekly business reviews. You will publish operational dashboards, optimize DAX measures, and design dimensional models. Use Power BI, DAX, SQL to deliver clear, documented work. Collaborate with a team of 7 across customer success and sales. Success means well-tested, reusable outputs. This is a fictional demonstration listing; no employer receives applications.",3.3,2026-09-10,2026-12-11,true
SYN-0628,MIS Executive,Northstar Solutions,Gurugram,340000,590000,2,4,Excel|Reporting|Data Cleaning|Communication|Advanced Excel,SQL|Power BI|Excel VBA,12th,Finance,Full-time,"Join the finance team at Northstar Solutions as a MIS Executive. Your work supports cost optimization for a new product launch. You will automate spreadsheet checks, prepare management summaries, and reconcile inventory records. Use Excel, Reporting, Data Cleaning to deliver clear, documented work. Collaborate with a team of 6 across finance and strategy. Success means reliable weekly delivery. This is a fictional demonstration listing; no employer receives applications.",4.7,2026-09-08,2026-11-09,true
SYN-0629,SQL Developer,Meridian Labs,Mumbai,410000,660000,0,2,SQL|PostgreSQL|Database Design|ETL,Python|SQL Server|Advanced SQL|Git,BCA,Logistics,Full-time,"Join the logistics team at Meridian Labs as a SQL Developer. Your work supports inventory accuracy for weekly business reviews. You will optimize database queries, build scheduled data pipelines, and audit data consistency. Use SQL, PostgreSQL, Database Design to deliver clear, documented work. Collaborate with a team of 8 across design and engineering. Success means reliable weekly delivery. This is a fictional demonstration listing; no employer receives applications.",4.1,2026-09-10,2026-12-23,true
SYN-0630,Python Developer,Nimbus Partners,Pune,180000,360000,0,1,Python|Flask|SQL|Git|REST API,Django|FastAPI|Docker|Linux,Diploma,Technology,Internship,"Join the technology team at Nimbus Partners as a Python Developer. Your work supports customer experience for regional service teams. You will improve service reliability, write integration tests, and maintain internal automation. Use Python, Flask, SQL to deliver clear, documented work. Collaborate with a team of 13 across design and engineering. Success means measurable quality improvements. This is a fictional demonstration listing; no employer receives applications.",4.3,2026-10-07,2026-12-30,true
SYN-0631,Junior Data Scientist,Bluepeak Solutions,Chennai,180000,300000,0,2,Python|Statistics|Machine Learning|Pandas|SQL|A/B Testing,Scikit-learn|NLP|Feature Engineering,BSc,Technology,Internship,"Join the technology team at Bluepeak Solutions as a Junior Data Scientist. Your work supports digital transformation for weekly business reviews. You will explain model errors, prototype demand forecasts, and prepare experimentation datasets. Use Python, Statistics, Machine Learning to deliver clear, documented work. Collaborate with a team of 4 across finance and strategy. Success means reliable weekly delivery. This is a fictional demonstration listing; no employer receives applications.",4.3,2026-09-10,2026-12-22,true
SYN-0632,Machine Learning Engineer,Bluepeak Labs,Ahmedabad,1700000,1880000,4,6,Python|Machine Learning|Scikit-learn|Docker|Model Evaluation,PyTorch|TensorFlow|MLOps|AWS,BTech,Retail,Full-time,"Join the retail team at Bluepeak Labs as a Machine Learning Engineer. Your work supports service efficiency for a new product launch. You will serve prediction models, monitor model drift, and optimize inference workloads. Use Python, Machine Learning, Scikit-learn to deliver clear, documented work. Collaborate with a team of 9 across finance and strategy. Success means measurable quality improvements. This is a fictional demonstration listing; no employer receives applications.",3.9,2026-09-06,2026-12-29,true
SYN-0633,Software Developer,Aster Solutions,Patna,780000,960000,3,6,Java|SQL|Git|OOP|Algorithms,Python|Docker|REST API|Agile,BTech,Education,Full-time,"Join the education team at Aster Solutions as a Software Developer. Your work supports cost optimization for a new product launch. You will implement service features, improve automated testing, and resolve production defects. Use Java, SQL, Git to deliver clear, documented work. Collaborate with a team of 18 across customer success and sales. Success means measurable quality improvements. This is a fictional demonstration listing; no employer receives applications.",4.4,2026-10-07,2026-11-28,true
SYN-0634,Web Developer,Cedar Solutions,Remote,440000,560000,2,3,HTML|CSS|JavaScript|React|Git|TypeScript,Node.js|Accessibility|Bootstrap,Diploma,Finance,Full-time,"Join the finance team at Cedar Solutions as a Web Developer. Your work supports cost optimization for regional service teams. You will optimize page performance, create reusable UI components, and integrate REST APIs. Use HTML, CSS, JavaScript to deliver clear, documented work. Collaborate with a team of 6 across design and engineering. Success means reliable weekly delivery. This is a fictional demonstration listing; no employer receives applications.",3.6,2026-09-12,2026-11-27,true
SYN-0635,Digital Marketing Analyst,Aster Systems,Kolkata,310000,660000,0,1,Google Analytics|SEO|Excel|Digital Marketing,Google Ads|SQL|Campaign Analysis|Power BI,BA,Manufacturing,Contract,"Join the manufacturing team at Aster Systems as a Digital Marketing Analyst. Your work supports digital transformation for a new product launch. You will measure campaign conversion, build attribution reports, and recommend landing page experiments. Use Google Analytics, SEO, Excel to deliver clear, documented work. Collaborate with a team of 9 across product and operations. Success means well-tested, reusable outputs. This is a fictional demonstration listing; no employer receives applications.",4.4,2026-08-29,2026-12-02,true
SYN-0636,SEO Analyst,Prism Labs,Bangalore,600000,850000,4,5,SEO|Google Analytics|Content Marketing|Excel,SEM|Copywriting|HTML|Market Research,12th,Technology,Full-time,"Join the technology team at Prism Labs as a SEO Analyst. Your work supports cost optimization for a cross-functional transformation program. You will research search demand, track organic conversions, and improve technical SEO checks. Use SEO, Google Analytics, Content Marketing to deliver clear, documented work. Collaborate with a team of 10 across product and operations. Success means reliable weekly delivery. This is a fictional demonstration listing; no employer receives applications.",3.5,2026-09-20,2026-11-21,true
SYN-0637,Customer Support Executive,Aster Solutions,Hyderabad,430000,780000,4,5,Customer Support|Communication|CRM|Ticketing|Chat Support,Zendesk|Email Support|Conflict Resolution,12th,Education,Full-time,"Join the education team at Aster Solutions as a Customer Support Executive. Your work supports service efficiency for regional service teams. You will meet response time targets, maintain accurate case notes, and resolve customer tickets. Use Customer Support, Communication, CRM to deliver clear, documented work. Collaborate with a team of 6 across design and engineering. Success means clear stakeholder communication. This is a fictional demonstration listing; no employer receives applications.",4.6,2026-09-11,2026-11-10,true
SYN-0638,Operations Analyst,Nexa Systems,Delhi,450000,700000,2,3,Excel|SQL|Operations|Process Improvement,Power BI|Supply Chain|Inventory Management|Forecasting,BA,Manufacturing,Full-time,"Join the manufacturing team at Nexa Systems as a Operations Analyst. Your work supports service efficiency for regional service teams. You will identify process bottlenecks, analyze fulfillment delays, and plan operational capacity. Use Excel, SQL, Operations to deliver clear, documented work. Collaborate with a team of 8 across product and operations. Success means well-tested, reusable outputs. This is a fictional demonstration listing; no employer receives applications.",4.1,2026-10-01,2026-12-18,true
SYN-0639,Financial Analyst,Bluepeak Works,Noida,980000,1330000,5,7,Excel|Financial Analysis|Accounting|Financial Modeling,SQL|Power BI|Budgeting|Valuation,BCom,Finance,Contract,"Join the finance team at Bluepeak Works as a Financial Analyst. Your work supports subscription growth for weekly business reviews. You will analyze monthly cash flow, prepare budget variance reports, and model unit economics. Use Excel, Financial Analysis, Accounting to deliver clear, documented work. Collaborate with a team of 14 across customer success and sales. Success means clear stakeholder communication. This is a fictional demonstration listing; no employer receives applications.",3.6,2026-09-12,2026-11-24,true
SYN-0640,Cybersecurity Analyst,Meridian Partners,Gurugram,410000,760000,0,3,Cybersecurity|Networking|Linux|SIEM|Python,Splunk|Incident Response|Wireshark,BTech,Manufacturing,Full-time,"Join the manufacturing team at Meridian Partners as a Cybersecurity Analyst. Your work supports cost optimization for weekly business reviews. You will investigate suspicious logs, document response procedures, and assess infrastructure vulnerabilities. Use Cybersecurity, Networking, Linux to deliver clear, documented work. Collaborate with a team of 6 across customer success and sales. Success means measurable quality improvements. This is a fictional demonstration listing; no employer receives applications.",3.8,2026-09-03,2026-12-02,true
