source_id,remote_type,remote_allowed,job_title,company_name,location,state,min_salary,max_salary,experience_min,experience_max,required_skills,preferred_skills,education_required,industry,employment_type,job_description,company_rating,posted_date,application_deadline,is_synthetic,processed_text
SYN-0001,onsite,False,Data Analyst,Lumina Partners,Kolkata,West Bengal,470000,590000,1.0,2.0,"[""Data Cleaning"", ""Excel"", ""Power BI"", ""Python"", ""SQL"", ""Statistics"", ""Tableau""]","[""DAX"", ""ETL"", ""Pandas"", ""Presentation""]",Diploma,Media,Contract,"Join the media team at Lumina Partners as a Data Analyst. Your work supports cost optimization for regional service teams. You will explain customer retention, analyze sales funnels, and build weekly KPI dashboards. Use SQL, Excel, Python to deliver clear, documented work. Collaborate with a team of 5 across product and operations. Success means clear stakeholder communication. This is a fictional demonstration listing; no employer receives applications.",4.0,2026-09-06,2026-12-01,True,"Data Analyst Join the media team at Lumina Partners as a Data Analyst. Your work supports cost optimization for regional service teams. You will explain customer retention, analyze sales funnels, and build weekly KPI dashboards. Use SQL, Excel, Python to deliver clear, documented work. Collaborate with a team of 5 across product and operations. Success means clear stakeholder communication. This is a fictional demonstration listing; no employer receives applications. Data Cleaning Excel Power BI Python SQL Statistics Tableau DAX ETL Pandas Presentation"
SYN-0002,onsite,False,Business Analyst,Vantage Partners,Bangalore,Karnataka,600000,850000,1.0,2.0,"[""Business Analysis"", ""Communication"", ""Excel"", ""Requirements Gathering"", ""SQL""]","[""Agile"", ""Jira"", ""Process Improvement"", ""Tableau""]",BA,Retail,Full-time,"Join the retail team at Vantage Partners as a Business Analyst. Your work supports service efficiency for an expanding customer base. You will map operational workflows, document business requirements, and interview stakeholders. Use SQL, Excel, Business Analysis to deliver clear, documented work. Collaborate with a team of 11 across finance and strategy. Success means clear stakeholder communication. This is a fictional demonstration listing; no employer receives applications.",4.6,2026-09-14,2026-12-07,True,"Business Analyst Join the retail team at Vantage Partners as a Business Analyst. Your work supports service efficiency for an expanding customer base. You will map operational workflows, document business requirements, and interview stakeholders. Use SQL, Excel, Business Analysis to deliver clear, documented work. Collaborate with a team of 11 across finance and strategy. Success means clear stakeholder communication. This is a fictional demonstration listing; no employer receives applications. Business Analysis Communication Excel Requirements Gathering SQL Agile Jira Process Improvement Tableau"
SYN-0003,onsite,False,Power BI Developer,Meridian Systems,Hyderabad,Telangana,590000,940000,1.0,2.0,"[""Data Modeling"", ""DAX"", ""Power BI"", ""Power Query"", ""SQL""]","[""Azure"", ""Dashboard Design"", ""ETL"", ""Excel""]",BTech,Manufacturing,Full-time,"Join the manufacturing team at Meridian Systems as a Power BI Developer. Your work supports quality improvement for regional service teams. You will publish operational dashboards, optimize DAX measures, and reconcile reporting metrics. Use Power BI, DAX, SQL to deliver clear, documented work. Collaborate with a team of 12 across product and operations. Success means measurable quality improvements. This is a fictional demonstration listing; no employer receives applications.",4.6,2026-09-04,2026-11-04,True,"Power BI Developer Join the manufacturing team at Meridian Systems as a Power BI Developer. Your work supports quality improvement for regional service teams. You will publish operational dashboards, optimize DAX measures, and reconcile reporting metrics. Use Power BI, DAX, SQL to deliver clear, documented work. Collaborate with a team of 12 across product and operations. Success means measurable quality improvements. This is a fictional demonstration listing; no employer receives applications. Data Modeling DAX Power BI Power Query SQL Azure Dashboard Design ETL Excel"
SYN-0004,onsite,False,MIS Executive,Evergreen Systems,Delhi,Delhi,270000,390000,1.0,3.0,"[""Advanced Excel"", ""Communication"", ""Data Cleaning"", ""Excel"", ""Reporting""]","[""Excel VBA"", ""Power BI"", ""SQL""]",12th,Education,Full-time,"Join the education team at Evergreen Systems as a MIS Executive. Your work supports quality improvement for a cross-functional transformation program. You will automate spreadsheet checks, prepare management summaries, and reconcile inventory records. Use Excel, Reporting, Data Cleaning to deliver clear, documented work. Collaborate with a team of 10 across finance and strategy. Success means clear stakeholder communication. This is a fictional demonstration listing; no employer receives applications.",3.2,2026-09-28,2026-12-19,True,"MIS Executive Join the education team at Evergreen Systems as a MIS Executive. Your work supports quality improvement for a cross-functional transformation program. You will automate spreadsheet checks, prepare management summaries, and reconcile inventory records. Use Excel, Reporting, Data Cleaning to deliver clear, documented work. Collaborate with a team of 10 across finance and strategy. Success means clear stakeholder communication. This is a fictional demonstration listing; no employer receives applications. Advanced Excel Communication Data Cleaning Excel Reporting Excel VBA Power BI SQL"
SYN-0005,onsite,False,SQL Developer,Nimbus Systems,Noida,Uttar Pradesh,540000,890000,1.0,2.0,"[""Database Design"", ""ETL"", ""PostgreSQL"", ""SQL""]","[""Advanced SQL"", ""Git"", ""Python"", ""SQL Server""]",BCA,Technology,Full-time,"Join the technology team at Nimbus Systems as a SQL Developer. Your work supports digital transformation for a cross-functional transformation program. You will build scheduled data pipelines, design warehouse tables, and optimize database queries. Use SQL, PostgreSQL, Database Design to deliver clear, documented work. Collaborate with a team of 15 across design and engineering. Success means well-tested, reusable outputs. This is a fictional demonstration listing; no employer receives applications.",4.8,2026-09-07,2026-10-30,True,"SQL Developer Join the technology team at Nimbus Systems as a SQL Developer. Your work supports digital transformation for a cross-functional transformation program. You will build scheduled data pipelines, design warehouse tables, and optimize database queries. Use SQL, PostgreSQL, Database Design to deliver clear, documented work. Collaborate with a team of 15 across design and engineering. Success means well-tested, reusable outputs. This is a fictional demonstration listing; no employer receives applications. Database Design ETL PostgreSQL SQL Advanced SQL Git Python SQL Server"
SYN-0006,onsite,False,Python Developer,Orbit Systems,Gurugram,Haryana,790000,1140000,4.0,5.0,"[""Flask"", ""Git"", ""Python"", ""REST API"", ""SQL""]","[""Django"", ""Docker"", ""FastAPI"", ""Linux""]",Diploma,Technology,Full-time,"Join the technology team at Orbit Systems as a Python Developer. Your work supports regional expansion for regional service teams. You will build backend APIs, write integration tests, and maintain internal automation. Use Python, Flask, SQL to deliver clear, documented work. Collaborate with a team of 16 across finance and strategy. Success means measurable quality improvements. This is a fictional demonstration listing; no employer receives applications.",4.3,2026-09-03,2026-11-25,True,"Python Developer Join the technology team at Orbit Systems as a Python Developer. Your work supports regional expansion for regional service teams. You will build backend APIs, write integration tests, and maintain internal automation. Use Python, Flask, SQL to deliver clear, documented work. Collaborate with a team of 16 across finance and strategy. Success means measurable quality improvements. This is a fictional demonstration listing; no employer receives applications. Flask Git Python REST API SQL Django Docker FastAPI Linux"
SYN-0007,onsite,False,Junior Data Scientist,Orbit Partners,Mumbai,Maharashtra,560000,910000,0,3.0,"[""A/B Testing"", ""Machine Learning"", ""Pandas"", ""Python"", ""SQL"", ""Statistics""]","[""Feature Engineering"", ""NLP"", ""Scikit-learn""]",BSc,Healthcare,Full-time,"Join the healthcare team at Orbit Partners as a Junior Data Scientist. Your work supports cost optimization for weekly business reviews. You will prepare experimentation datasets, explain model errors, and prototype demand forecasts. Use Python, Statistics, Machine Learning to deliver clear, documented work. Collaborate with a team of 10 across finance and strategy. Success means measurable quality improvements. This is a fictional demonstration listing; no employer receives applications.",3.7,2026-09-11,2026-12-10,True,"Junior Data Scientist Join the healthcare team at Orbit Partners as a Junior Data Scientist. Your work supports cost optimization for weekly business reviews. You will prepare experimentation datasets, explain model errors, and prototype demand forecasts. Use Python, Statistics, Machine Learning to deliver clear, documented work. Collaborate with a team of 10 across finance and strategy. Success means measurable quality improvements. This is a fictional demonstration listing; no employer receives applications. A/B Testing Machine Learning Pandas Python SQL Statistics Feature Engineering NLP Scikit-learn"
SYN-0008,onsite,False,Machine Learning Engineer,Vantage Labs,Pune,Maharashtra,790000,910000,1.0,3.0,"[""Docker"", ""Machine Learning"", ""Model Evaluation"", ""Python"", ""Scikit-learn""]","[""AWS"", ""MLOps"", ""PyTorch"", ""TensorFlow""]",BTech,Technology,Full-time,"Join the technology team at Vantage Labs as a Machine Learning Engineer. Your work supports service efficiency for regional service teams. You will build reproducible ML pipelines, serve prediction models, and optimize inference workloads. Use Python, Machine Learning, Scikit-learn to deliver clear, documented work. Collaborate with a team of 11 across design and engineering. Success means clear stakeholder communication. This is a fictional demonstration listing; no employer receives applications.",3.8,2026-09-30,2026-12-24,True,"Machine Learning Engineer Join the technology team at Vantage Labs as a Machine Learning Engineer. Your work supports service efficiency for regional service teams. You will build reproducible ML pipelines, serve prediction models, and optimize inference workloads. Use Python, Machine Learning, Scikit-learn to deliver clear, documented work. Collaborate with a team of 11 across design and engineering. Success means clear stakeholder communication. This is a fictional demonstration listing; no employer receives applications. Docker Machine Learning Model Evaluation Python Scikit-learn AWS MLOps PyTorch TensorFlow"
SYN-0009,onsite,False,Software Developer,Prism Partners,Chennai,Tamil Nadu,610000,790000,2.0,5.0,"[""Algorithms"", ""Git"", ""Java"", ""OOP"", ""SQL""]","[""Agile"", ""Docker"", ""Python"", ""REST API""]",BTech,Logistics,Part-time,"Join the logistics team at Prism Partners as a Software Developer. Your work supports cost optimization for regional service teams. You will review maintainable code, resolve production defects, and implement service features. Use Java, SQL, Git to deliver clear, documented work. Collaborate with a team of 10 across product and operations. Success means measurable quality improvements. This is a fictional demonstration listing; no employer receives applications.",4.8,2026-10-05,2026-12-30,True,"Software Developer Join the logistics team at Prism Partners as a Software Developer. Your work supports cost optimization for regional service teams. You will review maintainable code, resolve production defects, and implement service features. Use Java, SQL, Git to deliver clear, documented work. Collaborate with a team of 10 across product and operations. Success means measurable quality improvements. This is a fictional demonstration listing; no employer receives applications. Algorithms Git Java OOP SQL Agile Docker Python REST API"
SYN-0010,onsite,False,Web Developer,Orbit Partners,Ahmedabad,Gujarat,390000,510000,1.0,2.0,"[""CSS"", ""Git"", ""HTML"", ""JavaScript"", ""Node.js"", ""React""]","[""Accessibility"", ""Bootstrap"", ""TypeScript""]",Diploma,Healthcare,Full-time,"Join the healthcare team at Orbit Partners as a Web Developer. Your work supports customer experience for a cross-functional transformation program. You will integrate REST APIs, optimize page performance, and build accessible interfaces. Use HTML, CSS, JavaScript to deliver clear, documented work. Collaborate with a team of 8 across customer success and sales. Success means well-tested, reusable outputs. This is a fictional demonstration listing; no employer receives applications.",3.9,2026-09-26,2026-12-05,True,"Web Developer Join the healthcare team at Orbit Partners as a Web Developer. Your work supports customer experience for a cross-functional transformation program. You will integrate REST APIs, optimize page performance, and build accessible interfaces. Use HTML, CSS, JavaScript to deliver clear, documented work. Collaborate with a team of 8 across customer success and sales. Success means well-tested, reusable outputs. This is a fictional demonstration listing; no employer receives applications. CSS Git HTML JavaScript Node.js React Accessibility Bootstrap TypeScript"
SYN-0011,onsite,False,Digital Marketing Analyst,Nexa Systems,Patna,Bihar,330000,680000,0,1.0,"[""Digital Marketing"", ""Excel"", ""Google Analytics"", ""SEO""]","[""Campaign Analysis"", ""Google Ads"", ""Power BI"", ""SQL""]",BA,Finance,Full-time,"Join the finance team at Nexa Systems as a Digital Marketing Analyst. Your work supports service efficiency for regional service teams. You will recommend landing page experiments, audit acquisition channels, and measure campaign conversion. Use Google Analytics, SEO, Excel to deliver clear, documented work. Collaborate with a team of 16 across design and engineering. Success means reliable weekly delivery. This is a fictional demonstration listing; no employer receives applications.",3.6,2026-10-02,2026-12-19,True,"Digital Marketing Analyst Join the finance team at Nexa Systems as a Digital Marketing Analyst. Your work supports service efficiency for regional service teams. You will recommend landing page experiments, audit acquisition channels, and measure campaign conversion. Use Google Analytics, SEO, Excel to deliver clear, documented work. Collaborate with a team of 16 across design and engineering. Success means reliable weekly delivery. This is a fictional demonstration listing; no employer receives applications. Digital Marketing Excel Google Analytics SEO Campaign Analysis Google Ads Power BI SQL"
SYN-0012,remote,True,SEO Analyst,Northstar Works,Remote,Remote,400000,580000,1.0,4.0,"[""Content Marketing"", ""Excel"", ""Google Analytics"", ""SEO""]","[""Copywriting"", ""HTML"", ""Market Research"", ""SEM""]",12th,Finance,Part-time,"Join the finance team at Northstar Works as a SEO Analyst. Your work supports service efficiency for regional service teams. You will research search demand, audit site content, and improve technical SEO checks. Use SEO, Google Analytics, Content Marketing to deliver clear, documented work. Collaborate with a team of 16 across finance and strategy. Success means clear stakeholder communication. This is a fictional demonstration listing; no employer receives applications.",3.7,2026-09-02,2026-11-07,True,"SEO Analyst Join the finance team at Northstar Works as a SEO Analyst. Your work supports service efficiency for regional service teams. You will research search demand, audit site content, and improve technical SEO checks. Use SEO, Google Analytics, Content Marketing to deliver clear, documented work. Collaborate with a team of 16 across finance and strategy. Success means clear stakeholder communication. This is a fictional demonstration listing; no employer receives applications. Content Marketing Excel Google Analytics SEO Copywriting HTML Market Research SEM"
SYN-0013,onsite,False,Customer Support Executive,Cedar Works,Kolkata,West Bengal,390000,510000,3.0,5.0,"[""Communication"", ""CRM"", ""Customer Support"", ""Ticketing"", ""Zendesk""]","[""Chat Support"", ""Conflict Resolution"", ""Email Support""]",12th,Finance,Full-time,"Join the finance team at Cedar Works as a Customer Support Executive. Your work supports regional expansion for an expanding customer base. You will meet response time targets, maintain accurate case notes, and resolve customer tickets. Use Customer Support, Communication, CRM to deliver clear, documented work. Collaborate with a team of 18 across design and engineering. Success means measurable quality improvements. This is a fictional demonstration listing; no employer receives applications.",3.6,2026-10-07,2026-12-13,True,"Customer Support Executive Join the finance team at Cedar Works as a Customer Support Executive. Your work supports regional expansion for an expanding customer base. You will meet response time targets, maintain accurate case notes, and resolve customer tickets. Use Customer Support, Communication, CRM to deliver clear, documented work. Collaborate with a team of 18 across design and engineering. Success means measurable quality improvements. This is a fictional demonstration listing; no employer receives applications. Communication CRM Customer Support Ticketing Zendesk Chat Support Conflict Resolution Email Support"
SYN-0014,onsite,False,Operations Analyst,Nexa Labs,Bangalore,Karnataka,360000,480000,1.0,3.0,"[""Excel"", ""Operations"", ""Process Improvement"", ""SQL""]","[""Forecasting"", ""Inventory Management"", ""Power BI"", ""Supply Chain""]",BA,Retail,Full-time,"Join the retail team at Nexa Labs as a Operations Analyst. Your work supports service efficiency for a cross-functional transformation program. You will identify process bottlenecks, monitor service metrics, and analyze fulfillment delays. Use Excel, SQL, Operations to deliver clear, documented work. Collaborate with a team of 9 across finance and strategy. Success means well-tested, reusable outputs. This is a fictional demonstration listing; no employer receives applications.",4.9,2026-09-30,2026-12-08,True,"Operations Analyst Join the retail team at Nexa Labs as a Operations Analyst. Your work supports service efficiency for a cross-functional transformation program. You will identify process bottlenecks, monitor service metrics, and analyze fulfillment delays. Use Excel, SQL, Operations to deliver clear, documented work. Collaborate with a team of 9 across finance and strategy. Success means well-tested, reusable outputs. This is a fictional demonstration listing; no employer receives applications. Excel Operations Process Improvement SQL Forecasting Inventory Management Power BI Supply Chain"
SYN-0015,onsite,False,Financial Analyst,Northstar Works,Hyderabad,Telangana,480000,830000,1.0,2.0,"[""Accounting"", ""Excel"", ""Financial Analysis"", ""Financial Modeling""]","[""Budgeting"", ""Power BI"", ""SQL"", ""Valuation""]",BCom,Logistics,Contract,"Join the logistics team at Northstar Works as a Financial Analyst. Your work supports digital transformation for an expanding customer base. You will prepare budget variance reports, model unit economics, and analyze monthly cash flow. Use Excel, Financial Analysis, Accounting to deliver clear, documented work. Collaborate with a team of 13 across product and operations. Success means clear stakeholder communication. This is a fictional demonstration listing; no employer receives applications.",4.2,2026-09-30,2026-11-11,True,"Financial Analyst Join the logistics team at Northstar Works as a Financial Analyst. Your work supports digital transformation for an expanding customer base. You will prepare budget variance reports, model unit economics, and analyze monthly cash flow. Use Excel, Financial Analysis, Accounting to deliver clear, documented work. Collaborate with a team of 13 across product and operations. Success means clear stakeholder communication. This is a fictional demonstration listing; no employer receives applications. Accounting Excel Financial Analysis Financial Modeling Budgeting Power BI SQL Valuation"
SYN-0016,onsite,False,Cybersecurity Analyst,Northstar Systems,Delhi,Delhi,470000,720000,0,1.0,"[""Cybersecurity"", ""Linux"", ""Networking"", ""SIEM"", ""Splunk""]","[""Incident Response"", ""Python"", ""Wireshark""]",BTech,Finance,Full-time,"Join the finance team at Northstar Systems as a Cybersecurity Analyst. Your work supports service efficiency for a new product launch. You will assess infrastructure vulnerabilities, investigate suspicious logs, and document response procedures. Use Cybersecurity, Networking, Linux to deliver clear, documented work. Collaborate with a team of 16 across customer success and sales. Success means measurable quality improvements. This is a fictional demonstration listing; no employer receives applications.",3.5,2026-10-06,2026-12-30,True,"Cybersecurity Analyst Join the finance team at Northstar Systems as a Cybersecurity Analyst. Your work supports service efficiency for a new product launch. You will assess infrastructure vulnerabilities, investigate suspicious logs, and document response procedures. Use Cybersecurity, Networking, Linux to deliver clear, documented work. Collaborate with a team of 16 across customer success and sales. Success means measurable quality improvements. This is a fictional demonstration listing; no employer receives applications. Cybersecurity Linux Networking SIEM Splunk Incident Response Python Wireshark"
SYN-0017,onsite,False,Cloud Engineer,Juniper Partners,Noida,Uttar Pradesh,1140000,1260000,4.0,7.0,"[""AWS"", ""Docker"", ""Linux"", ""Networking""]","[""Azure"", ""Kubernetes"", ""Monitoring"", ""Terraform""]",BTech,Manufacturing,Part-time,"Join the manufacturing team at Juniper Partners as a Cloud Engineer. Your work supports quality improvement for regional service teams. You will monitor system capacity, improve deployment reliability, and operate cloud infrastructure. Use AWS, Linux, Networking to deliver clear, documented work. Collaborate with a team of 5 across finance and strategy. Success means reliable weekly delivery. This is a fictional demonstration listing; no employer receives applications.",4.7,2026-09-05,2026-11-24,True,"Cloud Engineer Join the manufacturing team at Juniper Partners as a Cloud Engineer. Your work supports quality improvement for regional service teams. You will monitor system capacity, improve deployment reliability, and operate cloud infrastructure. Use AWS, Linux, Networking to deliver clear, documented work. Collaborate with a team of 5 across finance and strategy. Success means reliable weekly delivery. This is a fictional demonstration listing; no employer receives applications. AWS Docker Linux Networking Azure Kubernetes Monitoring Terraform"
SYN-0018,onsite,False,Graphic Designer,Lumina Systems,Gurugram,Haryana,370000,490000,2.0,4.0,"[""Canva"", ""Illustrator"", ""Photoshop"", ""Typography""]","[""Branding"", ""Figma"", ""InDesign"", ""Video Editing""]",Diploma,Technology,Full-time,"Join the technology team at Lumina Systems as a Graphic Designer. Your work supports inventory accuracy for an expanding customer base. You will maintain visual guidelines, prepare print layouts, and adapt creative for digital channels. Use Photoshop, Illustrator, Canva to deliver clear, documented work. Collaborate with a team of 16 across finance and strategy. Success means clear stakeholder communication. This is a fictional demonstration listing; no employer receives applications.",4.7,2026-09-14,2026-12-06,True,"Graphic Designer Join the technology team at Lumina Systems as a Graphic Designer. Your work supports inventory accuracy for an expanding customer base. You will maintain visual guidelines, prepare print layouts, and adapt creative for digital channels. Use Photoshop, Illustrator, Canva to deliver clear, documented work. Collaborate with a team of 16 across finance and strategy. Success means clear stakeholder communication. This is a fictional demonstration listing; no employer receives applications. Canva Illustrator Photoshop Typography Branding Figma InDesign Video Editing"
SYN-0019,onsite,False,Marketing Analyst,Riverstone Solutions,Mumbai,Maharashtra,520000,770000,2.0,5.0,"[""Campaign Analysis"", ""Communication"", ""Excel"", ""Google Analytics"", ""Market Research""]","[""A/B Testing"", ""SQL"", ""Tableau""]",BA,Media,Full-time,"Join the media team at Riverstone Solutions as a Marketing Analyst. Your work supports customer experience for regional service teams. You will present customer insights, segment customer audiences, and measure marketing efficiency. Use Excel, Market Research, Google Analytics to deliver clear, documented work. Collaborate with a team of 15 across customer success and sales. Success means reliable weekly delivery. This is a fictional demonstration listing; no employer receives applications.",3.5,2026-09-18,2026-12-08,True,"Marketing Analyst Join the media team at Riverstone Solutions as a Marketing Analyst. Your work supports customer experience for regional service teams. You will present customer insights, segment customer audiences, and measure marketing efficiency. Use Excel, Market Research, Google Analytics to deliver clear, documented work. Collaborate with a team of 15 across customer success and sales. Success means reliable weekly delivery. This is a fictional demonstration listing; no employer receives applications. Campaign Analysis Communication Excel Google Analytics Market Research A/B Testing SQL Tableau"
SYN-0020,onsite,False,HR Analyst,Riverstone Partners,Pune,Maharashtra,370000,490000,0,3.0,"[""Communication"", ""Excel"", ""HR Analytics"", ""Reporting""]","[""HRIS"", ""Payroll"", ""Power BI"", ""SQL""]",BA,Education,Full-time,"Join the education team at Riverstone Partners as a HR Analyst. Your work supports subscription growth for regional service teams. You will monitor employee retention, audit HR data quality, and analyze workforce trends. Use Excel, HR Analytics, Communication to deliver clear, documented work. Collaborate with a team of 5 across product and operations. Success means measurable quality improvements. This is a fictional demonstration listing; no employer receives applications.",3.9,2026-09-02,2026-11-24,True,"HR Analyst Join the education team at Riverstone Partners as a HR Analyst. Your work supports subscription growth for regional service teams. You will monitor employee retention, audit HR data quality, and analyze workforce trends. Use Excel, HR Analytics, Communication to deliver clear, documented work. Collaborate with a team of 5 across product and operations. Success means measurable quality improvements. This is a fictional demonstration listing; no employer receives applications. Communication Excel HR Analytics Reporting HRIS Payroll Power BI SQL"
SYN-0021,onsite,False,Business Intelligence Analyst,Nexa Works,Chennai,Tamil Nadu,520000,700000,0,2.0,"[""Data Modeling"", ""Data Visualization"", ""Power BI"", ""SQL""]","[""DAX"", ""Excel"", ""Stakeholder Management"", ""Tableau""]",BSc,Education,Full-time,"Join the education team at Nexa Works as a Business Intelligence Analyst. Your work supports service efficiency for weekly business reviews. You will build self-service analytics, translate business questions into dashboards, and define consistent KPI metrics. Use SQL, Power BI, Data Modeling to deliver clear, documented work. Collaborate with a team of 17 across customer success and sales. Success means well-tested, reusable outputs. This is a fictional demonstration listing; no employer receives applications.",4.6,2026-09-03,2026-11-12,True,"Business Intelligence Analyst Join the education team at Nexa Works as a Business Intelligence Analyst. Your work supports service efficiency for weekly business reviews. You will build self-service analytics, translate business questions into dashboards, and define consistent KPI metrics. Use SQL, Power BI, Data Modeling to deliver clear, documented work. Collaborate with a team of 17 across customer success and sales. Success means well-tested, reusable outputs. This is a fictional demonstration listing; no employer receives applications. Data Modeling Data Visualization Power BI SQL DAX Excel Stakeholder Management Tableau"
SYN-0022,onsite,False,Quality Assurance Analyst,Northstar Works,Ahmedabad,Gujarat,260000,380000,0,1.0,"[""Communication"", ""Problem Solving"", ""Python"", ""Quality Assurance"", ""SQL""]","[""Agile"", ""Jira"", ""REST API""]",Diploma,Retail,Full-time,"Join the retail team at Northstar Works as a Quality Assurance Analyst. Your work supports service efficiency for regional service teams. You will reproduce reported defects, design test scenarios, and track release readiness. Use Quality Assurance, SQL, Communication to deliver clear, documented work. Collaborate with a team of 13 across finance and strategy. Success means measurable quality improvements. This is a fictional demonstration listing; no employer receives applications.",4.9,2026-09-06,2026-11-04,True,"Quality Assurance Analyst Join the retail team at Northstar Works as a Quality Assurance Analyst. Your work supports service efficiency for regional service teams. You will reproduce reported defects, design test scenarios, and track release readiness. Use Quality Assurance, SQL, Communication to deliver clear, documented work. Collaborate with a team of 13 across finance and strategy. Success means measurable quality improvements. This is a fictional demonstration listing; no employer receives applications. Communication Problem Solving Python Quality Assurance SQL Agile Jira REST API"
SYN-0023,onsite,False,UX Researcher,Nimbus Systems,Patna,Bihar,560000,810000,1.0,2.0,"[""Communication"", ""Figma"", ""Prototyping"", ""UX Research""]","[""A/B Testing"", ""Accessibility"", ""Presentation"", ""UI Design""]",BA,Retail,Full-time,"Join the retail team at Nimbus Systems as a UX Researcher. Your work supports inventory accuracy for regional service teams. You will validate interface prototypes, present user journey insights, and synthesize research findings. Use UX Research, Figma, Communication to deliver clear, documented work. Collaborate with a team of 9 across product and operations. Success means reliable weekly delivery. This is a fictional demonstration listing; no employer receives applications.",4.6,2026-09-18,2026-11-24,True,"UX Researcher Join the retail team at Nimbus Systems as a UX Researcher. Your work supports inventory accuracy for regional service teams. You will validate interface prototypes, present user journey insights, and synthesize research findings. Use UX Research, Figma, Communication to deliver clear, documented work. Collaborate with a team of 9 across product and operations. Success means reliable weekly delivery. This is a fictional demonstration listing; no employer receives applications. Communication Figma Prototyping UX Research A/B Testing Accessibility Presentation UI Design"
SYN-0024,remote,True,Data Engineer,Nimbus Systems,Remote,Remote,610000,860000,0,3.0,"[""Data Modeling"", ""ETL"", ""PostgreSQL"", ""Python"", ""SQL""]","[""AWS"", ""Azure"", ""Databricks"", ""Spark""]",BTech,Logistics,Full-time,"Join the logistics team at Nimbus Systems as a Data Engineer. Your work supports customer experience for an expanding customer base. You will monitor dataset freshness, enforce data quality contracts, and build ingestion pipelines. Use Python, SQL, ETL to deliver clear, documented work. Collaborate with a team of 16 across design and engineering. Success means well-tested, reusable outputs. This is a fictional demonstration listing; no employer receives applications.",3.8,2026-09-28,2026-12-17,True,"Data Engineer Join the logistics team at Nimbus Systems as a Data Engineer. Your work supports customer experience for an expanding customer base. You will monitor dataset freshness, enforce data quality contracts, and build ingestion pipelines. Use Python, SQL, ETL to deliver clear, documented work. Collaborate with a team of 16 across design and engineering. Success means well-tested, reusable outputs. This is a fictional demonstration listing; no employer receives applications. Data Modeling ETL PostgreSQL Python SQL AWS Azure Databricks Spark"
SYN-0025,onsite,False,Data Analyst,Cobalt Works,Bangalore,Karnataka,500000,620000,2.0,4.0,"[""Data Cleaning"", ""ETL"", ""Excel"", ""Power BI"", ""Python"", ""SQL"", ""Statistics""]","[""DAX"", ""Pandas"", ""Presentation"", ""Tableau""]",Diploma,Manufacturing,Full-time,"Join the manufacturing team at Cobalt Works as a Data Analyst. Your work supports digital transformation for a new product launch. You will validate transaction data, build weekly KPI dashboards, and explain customer retention. Use SQL, Excel, Python to deliver clear, documented work. Collaborate with a team of 9 across finance and strategy. Success means reliable weekly delivery. This is a fictional demonstration listing; no employer receives applications.",3.7,2026-09-08,2026-12-12,True,"Data Analyst Join the manufacturing team at Cobalt Works as a Data Analyst. Your work supports digital transformation for a new product launch. You will validate transaction data, build weekly KPI dashboards, and explain customer retention. Use SQL, Excel, Python to deliver clear, documented work. Collaborate with a team of 9 across finance and strategy. Success means reliable weekly delivery. This is a fictional demonstration listing; no employer receives applications. Data Cleaning ETL Excel Power BI Python SQL Statistics DAX Pandas Presentation Tableau"
SYN-0026,onsite,False,Business Analyst,Meridian Systems,Hyderabad,Telangana,420000,670000,0,1.0,"[""Business Analysis"", ""Communication"", ""Excel"", ""Requirements Gathering"", ""SQL""]","[""Agile"", ""Jira"", ""Process Improvement"", ""Tableau""]",BA,Healthcare,Full-time,"Join the healthcare team at Meridian Systems as a Business Analyst. Your work supports quality improvement for weekly business reviews. You will document business requirements, evaluate product changes, and interview stakeholders. Use SQL, Excel, Business Analysis to deliver clear, documented work. Collaborate with a team of 18 across customer success and sales. Success means measurable quality improvements. This is a fictional demonstration listing; no employer receives applications.",3.7,2026-09-21,2026-11-07,True,"Business Analyst Join the healthcare team at Meridian Systems as a Business Analyst. Your work supports quality improvement for weekly business reviews. You will document business requirements, evaluate product changes, and interview stakeholders. Use SQL, Excel, Business Analysis to deliver clear, documented work. Collaborate with a team of 18 across customer success and sales. Success means measurable quality improvements. This is a fictional demonstration listing; no employer receives applications. Business Analysis Communication Excel Requirements Gathering SQL Agile Jira Process Improvement Tableau"
SYN-0027,onsite,False,Power BI Developer,Nimbus Works,Delhi,Delhi,780000,1130000,2.0,4.0,"[""Data Modeling"", ""DAX"", ""Power BI"", ""Power Query"", ""SQL""]","[""Azure"", ""Dashboard Design"", ""ETL"", ""Excel""]",BTech,Technology,Full-time,"Join the technology team at Nimbus Works as a Power BI Developer. Your work supports subscription growth for an expanding customer base. You will optimize DAX measures, publish operational dashboards, and design dimensional models. Use Power BI, DAX, SQL to deliver clear, documented work. Collaborate with a team of 9 across product and operations. Success means measurable quality improvements. This is a fictional demonstration listing; no employer receives applications.",4.1,2026-08-29,2026-12-08,True,"Power BI Developer Join the technology team at Nimbus Works as a Power BI Developer. Your work supports subscription growth for an expanding customer base. You will optimize DAX measures, publish operational dashboards, and design dimensional models. Use Power BI, DAX, SQL to deliver clear, documented work. Collaborate with a team of 9 across product and operations. Success means measurable quality improvements. This is a fictional demonstration listing; no employer receives applications. Data Modeling DAX Power BI Power Query SQL Azure Dashboard Design ETL Excel"
SYN-0028,onsite,False,MIS Executive,Orbit Works,Noida,Uttar Pradesh,410000,530000,2.0,3.0,"[""Communication"", ""Data Cleaning"", ""Excel"", ""Reporting"", ""SQL""]","[""Advanced Excel"", ""Excel VBA"", ""Power BI""]",12th,Healthcare,Full-time,"Join the healthcare team at Orbit Works as a MIS Executive. Your work supports cost optimization for an expanding customer base. You will reconcile inventory records, automate spreadsheet checks, and maintain daily reports. Use Excel, Reporting, Data Cleaning to deliver clear, documented work. Collaborate with a team of 5 across customer success and sales. Success means measurable quality improvements. This is a fictional demonstration listing; no employer receives applications.",3.2,2026-09-11,2026-10-27,True,"MIS Executive Join the healthcare team at Orbit Works as a MIS Executive. Your work supports cost optimization for an expanding customer base. You will reconcile inventory records, automate spreadsheet checks, and maintain daily reports. Use Excel, Reporting, Data Cleaning to deliver clear, documented work. Collaborate with a team of 5 across customer success and sales. Success means measurable quality improvements. This is a fictional demonstration listing; no employer receives applications. Communication Data Cleaning Excel Reporting SQL Advanced Excel Excel VBA Power BI"
SYN-0029,onsite,False,SQL Developer,Cobalt Works,Gurugram,Haryana,560000,910000,2.0,5.0,"[""Database Design"", ""ETL"", ""PostgreSQL"", ""SQL""]","[""Advanced SQL"", ""Git"", ""Python"", ""SQL Server""]",BCA,Logistics,Full-time,"Join the logistics team at Cobalt Works as a SQL Developer. Your work supports service efficiency for an expanding customer base. You will audit data consistency, design warehouse tables, and build scheduled data pipelines. Use SQL, PostgreSQL, Database Design to deliver clear, documented work. Collaborate with a team of 17 across design and engineering. Success means reliable weekly delivery. This is a fictional demonstration listing; no employer receives applications.",4.0,2026-10-06,2026-12-22,True,"SQL Developer Join the logistics team at Cobalt Works as a SQL Developer. Your work supports service efficiency for an expanding customer base. You will audit data consistency, design warehouse tables, and build scheduled data pipelines. Use SQL, PostgreSQL, Database Design to deliver clear, documented work. Collaborate with a team of 17 across design and engineering. Success means reliable weekly delivery. This is a fictional demonstration listing; no employer receives applications. Database Design ETL PostgreSQL SQL Advanced SQL Git Python SQL Server"
SYN-0030,onsite,False,Python Developer,Vantage Works,Mumbai,Maharashtra,370000,620000,0,2.0,"[""Flask"", ""Git"", ""Python"", ""REST API"", ""SQL""]","[""Django"", ""Docker"", ""FastAPI"", ""Linux""]",Diploma,Healthcare,Full-time,"Join the healthcare team at Vantage Works as a Python Developer. Your work supports subscription growth for a cross-functional transformation program. You will maintain internal automation, build backend APIs, and write integration tests. Use Python, Flask, SQL to deliver clear, documented work. Collaborate with a team of 13 across product and operations. Success means clear stakeholder communication. This is a fictional demonstration listing; no employer receives applications.",3.7,2026-09-16,2026-12-07,True,"Python Developer Join the healthcare team at Vantage Works as a Python Developer. Your work supports subscription growth for a cross-functional transformation program. You will maintain internal automation, build backend APIs, and write integration tests. Use Python, Flask, SQL to deliver clear, documented work. Collaborate with a team of 13 across product and operations. Success means clear stakeholder communication. This is a fictional demonstration listing; no employer receives applications. Flask Git Python REST API SQL Django Docker FastAPI Linux"
SYN-0031,onsite,False,Junior Data Scientist,Vantage Labs,Pune,Maharashtra,600000,850000,0,2.0,"[""Machine Learning"", ""NLP"", ""Pandas"", ""Python"", ""SQL"", ""Statistics""]","[""A/B Testing"", ""Feature Engineering"", ""Scikit-learn""]",BSc,Healthcare,Full-time,"Join the healthcare team at Vantage Labs as a Junior Data Scientist. Your work supports subscription growth for a cross-functional transformation program. You will prototype demand forecasts, evaluate classification models, and explain model errors. Use Python, Statistics, Machine Learning to deliver clear, documented work. Collaborate with a team of 12 across finance and strategy. Success means measurable quality improvements. This is a fictional demonstration listing; no employer receives applications.",4.5,2026-09-06,2026-11-08,True,"Junior Data Scientist Join the healthcare team at Vantage Labs as a Junior Data Scientist. Your work supports subscription growth for a cross-functional transformation program. You will prototype demand forecasts, evaluate classification models, and explain model errors. Use Python, Statistics, Machine Learning to deliver clear, documented work. Collaborate with a team of 12 across finance and strategy. Success means measurable quality improvements. This is a fictional demonstration listing; no employer receives applications. Machine Learning NLP Pandas Python SQL Statistics A/B Testing Feature Engineering Scikit-learn"
SYN-0032,onsite,False,Machine Learning Engineer,Orbit Partners,Chennai,Tamil Nadu,970000,1150000,1.0,2.0,"[""Docker"", ""Machine Learning"", ""Model Evaluation"", ""Python"", ""Scikit-learn""]","[""AWS"", ""MLOps"", ""PyTorch"", ""TensorFlow""]",BTech,Finance,Full-time,"Join the finance team at Orbit Partners as a Machine Learning Engineer. Your work supports customer experience for weekly business reviews. You will monitor model drift, build reproducible ML pipelines, and serve prediction models. Use Python, Machine Learning, Scikit-learn to deliver clear, documented work. Collaborate with a team of 8 across design and engineering. Success means measurable quality improvements. This is a fictional demonstration listing; no employer receives applications.",3.7,2026-09-03,2026-12-06,True,"Machine Learning Engineer Join the finance team at Orbit Partners as a Machine Learning Engineer. Your work supports customer experience for weekly business reviews. You will monitor model drift, build reproducible ML pipelines, and serve prediction models. Use Python, Machine Learning, Scikit-learn to deliver clear, documented work. Collaborate with a team of 8 across design and engineering. Success means measurable quality improvements. This is a fictional demonstration listing; no employer receives applications. Docker Machine Learning Model Evaluation Python Scikit-learn AWS MLOps PyTorch TensorFlow"
SYN-0033,onsite,False,Software Developer,Orbit Systems,Ahmedabad,Gujarat,480000,660000,1.0,2.0,"[""Algorithms"", ""Git"", ""Java"", ""OOP"", ""SQL""]","[""Agile"", ""Docker"", ""Python"", ""REST API""]",BTech,Manufacturing,Full-time,"Join the manufacturing team at Orbit Systems as a Software Developer. Your work supports subscription growth for regional service teams. You will resolve production defects, implement service features, and review maintainable code. Use Java, SQL, Git to deliver clear, documented work. Collaborate with a team of 5 across customer success and sales. Success means well-tested, reusable outputs. This is a fictional demonstration listing; no employer receives applications.",4.7,2026-09-28,2026-12-26,True,"Software Developer Join the manufacturing team at Orbit Systems as a Software Developer. Your work supports subscription growth for regional service teams. You will resolve production defects, implement service features, and review maintainable code. Use Java, SQL, Git to deliver clear, documented work. Collaborate with a team of 5 across customer success and sales. Success means well-tested, reusable outputs. This is a fictional demonstration listing; no employer receives applications. Algorithms Git Java OOP SQL Agile Docker Python REST API"
SYN-0034,onsite,False,Web Developer,Cobalt Labs,Patna,Bihar,420000,670000,1.0,2.0,"[""CSS"", ""Git"", ""HTML"", ""JavaScript"", ""Node.js"", ""React""]","[""Accessibility"", ""Bootstrap"", ""TypeScript""]",Diploma,Finance,Full-time,"Join the finance team at Cobalt Labs as a Web Developer. Your work supports inventory accuracy for a new product launch. You will build accessible interfaces, integrate REST APIs, and optimize page performance. Use HTML, CSS, JavaScript to deliver clear, documented work. Collaborate with a team of 17 across finance and strategy. Success means measurable quality improvements. This is a fictional demonstration listing; no employer receives applications.",4.3,2026-09-06,2026-11-18,True,"Web Developer Join the finance team at Cobalt Labs as a Web Developer. Your work supports inventory accuracy for a new product launch. You will build accessible interfaces, integrate REST APIs, and optimize page performance. Use HTML, CSS, JavaScript to deliver clear, documented work. Collaborate with a team of 17 across finance and strategy. Success means measurable quality improvements. This is a fictional demonstration listing; no employer receives applications. CSS Git HTML JavaScript Node.js React Accessibility Bootstrap TypeScript"
SYN-0035,remote,True,Digital Marketing Analyst,Evergreen Works,Remote,Remote,290000,640000,0,1.0,"[""Digital Marketing"", ""Excel"", ""Google Analytics"", ""SEO""]","[""Campaign Analysis"", ""Google Ads"", ""Power BI"", ""SQL""]",BA,Healthcare,Contract,"Join the healthcare team at Evergreen Works as a Digital Marketing Analyst. Your work supports digital transformation for weekly business reviews. You will recommend landing page experiments, build attribution reports, and audit acquisition channels. Use Google Analytics, SEO, Excel to deliver clear, documented work. Collaborate with a team of 18 across finance and strategy. Success means measurable quality improvements. This is a fictional demonstration listing; no employer receives applications.",4.5,2026-09-15,2026-11-11,True,"Digital Marketing Analyst Join the healthcare team at Evergreen Works as a Digital Marketing Analyst. Your work supports digital transformation for weekly business reviews. You will recommend landing page experiments, build attribution reports, and audit acquisition channels. Use Google Analytics, SEO, Excel to deliver clear, documented work. Collaborate with a team of 18 across finance and strategy. Success means measurable quality improvements. This is a fictional demonstration listing; no employer receives applications. Digital Marketing Excel Google Analytics SEO Campaign Analysis Google Ads Power BI SQL"
SYN-0036,onsite,False,SEO Analyst,Northstar Partners,Kolkata,West Bengal,240000,590000,0,2.0,"[""Content Marketing"", ""Excel"", ""Google Analytics"", ""SEO""]","[""Copywriting"", ""HTML"", ""Market Research"", ""SEM""]",12th,Finance,Full-time,"Join the finance team at Northstar Partners as a SEO Analyst. Your work supports digital transformation for a cross-functional transformation program. You will track organic conversions, improve technical SEO checks, and research search demand. Use SEO, Google Analytics, Content Marketing to deliver clear, documented work. Collaborate with a team of 4 across customer success and sales. Success means well-tested, reusable outputs. This is a fictional demonstration listing; no employer receives applications.",4.6,2026-09-06,2026-11-08,True,"SEO Analyst Join the finance team at Northstar Partners as a SEO Analyst. Your work supports digital transformation for a cross-functional transformation program. You will track organic conversions, improve technical SEO checks, and research search demand. Use SEO, Google Analytics, Content Marketing to deliver clear, documented work. Collaborate with a team of 4 across customer success and sales. Success means well-tested, reusable outputs. This is a fictional demonstration listing; no employer receives applications. Content Marketing Excel Google Analytics SEO Copywriting HTML Market Research SEM"
SYN-0037,onsite,False,Customer Support Executive,Vantage Partners,Bangalore,Karnataka,470000,820000,3.0,5.0,"[""Communication"", ""CRM"", ""Customer Support"", ""Ticketing"", ""Zendesk""]","[""Chat Support"", ""Conflict Resolution"", ""Email Support""]",12th,Technology,Full-time,"Join the technology team at Vantage Partners as a Customer Support Executive. Your work supports service efficiency for a cross-functional transformation program. You will meet response time targets, identify recurring service problems, and resolve customer tickets. Use Customer Support, Communication, CRM to deliver clear, documented work. Collaborate with a team of 11 across design and engineering. Success means reliable weekly delivery. This is a fictional demonstration listing; no employer receives applications.",3.7,2026-10-02,2027-01-05,True,"Customer Support Executive Join the technology team at Vantage Partners as a Customer Support Executive. Your work supports service efficiency for a cross-functional transformation program. You will meet response time targets, identify recurring service problems, and resolve customer tickets. Use Customer Support, Communication, CRM to deliver clear, documented work. Collaborate with a team of 11 across design and engineering. Success means reliable weekly delivery. This is a fictional demonstration listing; no employer receives applications. Communication CRM Customer Support Ticketing Zendesk Chat Support Conflict Resolution Email Support"
SYN-0038,onsite,False,Operations Analyst,Evergreen Partners,Hyderabad,Telangana,330000,680000,0,1.0,"[""Excel"", ""Operations"", ""Process Improvement"", ""SQL""]","[""Forecasting"", ""Inventory Management"", ""Power BI"", ""Supply Chain""]",BA,Manufacturing,Contract,"Join the manufacturing team at Evergreen Partners as a Operations Analyst. Your work supports subscription growth for weekly business reviews. You will monitor service metrics, plan operational capacity, and analyze fulfillment delays. Use Excel, SQL, Operations to deliver clear, documented work. Collaborate with a team of 5 across customer success and sales. Success means reliable weekly delivery. This is a fictional demonstration listing; no employer receives applications.",4.1,2026-09-21,2026-10-24,True,"Operations Analyst Join the manufacturing team at Evergreen Partners as a Operations Analyst. Your work supports subscription growth for weekly business reviews. You will monitor service metrics, plan operational capacity, and analyze fulfillment delays. Use Excel, SQL, Operations to deliver clear, documented work. Collaborate with a team of 5 across customer success and sales. Success means reliable weekly delivery. This is a fictional demonstration listing; no employer receives applications. Excel Operations Process Improvement SQL Forecasting Inventory Management Power BI Supply Chain"
SYN-0039,onsite,False,Financial Analyst,Cobalt Solutions,Delhi,Delhi,640000,760000,2.0,4.0,"[""Accounting"", ""Excel"", ""Financial Analysis"", ""Financial Modeling""]","[""Budgeting"", ""Power BI"", ""SQL"", ""Valuation""]",BCom,Education,Full-time,"Join the education team at Cobalt Solutions as a Financial Analyst. Your work supports cost optimization for a new product launch. You will model unit economics, validate financial assumptions, and analyze monthly cash flow. Use Excel, Financial Analysis, Accounting to deliver clear, documented work. Collaborate with a team of 10 across finance and strategy. Success means clear stakeholder communication. This is a fictional demonstration listing; no employer receives applications.",3.3,2026-09-22,2026-11-14,True,"Financial Analyst Join the education team at Cobalt Solutions as a Financial Analyst. Your work supports cost optimization for a new product launch. You will model unit economics, validate financial assumptions, and analyze monthly cash flow. Use Excel, Financial Analysis, Accounting to deliver clear, documented work. Collaborate with a team of 10 across finance and strategy. Success means clear stakeholder communication. This is a fictional demonstration listing; no employer receives applications. Accounting Excel Financial Analysis Financial Modeling Budgeting Power BI SQL Valuation"
SYN-0040,onsite,False,Cybersecurity Analyst,Nimbus Partners,Noida,Uttar Pradesh,490000,840000,0,1.0,"[""Cybersecurity"", ""Linux"", ""Networking"", ""Python"", ""SIEM""]","[""Incident Response"", ""Splunk"", ""Wireshark""]",BTech,Technology,Full-time,"Join the technology team at Nimbus Partners as a Cybersecurity Analyst. Your work supports cost optimization for regional service teams. You will investigate suspicious logs, assess infrastructure vulnerabilities, and triage security alerts. Use Cybersecurity, Networking, Linux to deliver clear, documented work. Collaborate with a team of 11 across finance and strategy. Success means clear stakeholder communication. This is a fictional demonstration listing; no employer receives applications.",4.7,2026-09-17,2026-11-25,True,"Cybersecurity Analyst Join the technology team at Nimbus Partners as a Cybersecurity Analyst. Your work supports cost optimization for regional service teams. You will investigate suspicious logs, assess infrastructure vulnerabilities, and triage security alerts. Use Cybersecurity, Networking, Linux to deliver clear, documented work. Collaborate with a team of 11 across finance and strategy. Success means clear stakeholder communication. This is a fictional demonstration listing; no employer receives applications. Cybersecurity Linux Networking Python SIEM Incident Response Splunk Wireshark"
SYN-0041,onsite,False,Cloud Engineer,Meridian Partners,Gurugram,Haryana,1040000,1220000,3.0,5.0,"[""AWS"", ""Docker"", ""Linux"", ""Networking""]","[""Azure"", ""Kubernetes"", ""Monitoring"", ""Terraform""]",BTech,Logistics,Full-time,"Join the logistics team at Meridian Partners as a Cloud Engineer. Your work supports inventory accuracy for a cross-functional transformation program. You will operate cloud infrastructure, monitor system capacity, and automate infrastructure changes. Use AWS, Linux, Networking to deliver clear, documented work. Collaborate with a team of 10 across product and operations. Success means reliable weekly delivery. This is a fictional demonstration listing; no employer receives applications.",3.9,2026-10-07,2026-11-22,True,"Cloud Engineer Join the logistics team at Meridian Partners as a Cloud Engineer. Your work supports inventory accuracy for a cross-functional transformation program. You will operate cloud infrastructure, monitor system capacity, and automate infrastructure changes. Use AWS, Linux, Networking to deliver clear, documented work. Collaborate with a team of 10 across product and operations. Success means reliable weekly delivery. This is a fictional demonstration listing; no employer receives applications. AWS Docker Linux Networking Azure Kubernetes Monitoring Terraform"
SYN-0042,onsite,False,Graphic Designer,Maple Labs,Mumbai,Maharashtra,220000,470000,0,3.0,"[""Canva"", ""Illustrator"", ""Photoshop"", ""Typography""]","[""Branding"", ""Figma"", ""InDesign"", ""Video Editing""]",Diploma,Education,Full-time,"Join the education team at Maple Labs as a Graphic Designer. Your work supports customer experience for a cross-functional transformation program. You will design campaign assets, adapt creative for digital channels, and prepare print layouts. Use Photoshop, Illustrator, Canva to deliver clear, documented work. Collaborate with a team of 12 across product and operations. Success means clear stakeholder communication. This is a fictional demonstration listing; no employer receives applications.",4.0,2026-09-05,2026-10-26,True,"Graphic Designer Join the education team at Maple Labs as a Graphic Designer. Your work supports customer experience for a cross-functional transformation program. You will design campaign assets, adapt creative for digital channels, and prepare print layouts. Use Photoshop, Illustrator, Canva to deliver clear, documented work. Collaborate with a team of 12 across product and operations. Success means clear stakeholder communication. This is a fictional demonstration listing; no employer receives applications. Canva Illustrator Photoshop Typography Branding Figma InDesign Video Editing"
SYN-0043,onsite,False,Marketing Analyst,Aster Labs,Pune,Maharashtra,440000,560000,2.0,5.0,"[""Campaign Analysis"", ""Excel"", ""Google Analytics"", ""Market Research"", ""Tableau""]","[""A/B Testing"", ""Communication"", ""SQL""]",BA,Education,Contract,"Join the education team at Aster Labs as a Marketing Analyst. Your work supports inventory accuracy for a cross-functional transformation program. You will segment customer audiences, measure marketing efficiency, and present customer insights. Use Excel, Market Research, Google Analytics to deliver clear, documented work. Collaborate with a team of 18 across design and engineering. Success means reliable weekly delivery. This is a fictional demonstration listing; no employer receives applications.",4.4,2026-09-27,2026-12-31,True,"Marketing Analyst Join the education team at Aster Labs as a Marketing Analyst. Your work supports inventory accuracy for a cross-functional transformation program. You will segment customer audiences, measure marketing efficiency, and present customer insights. Use Excel, Market Research, Google Analytics to deliver clear, documented work. Collaborate with a team of 18 across design and engineering. Success means reliable weekly delivery. This is a fictional demonstration listing; no employer receives applications. Campaign Analysis Excel Google Analytics Market Research Tableau A/B Testing Communication SQL"
SYN-0044,onsite,False,HR Analyst,Evergreen Labs,Chennai,Tamil Nadu,380000,730000,1.0,2.0,"[""Communication"", ""Excel"", ""HR Analytics"", ""Reporting""]","[""HRIS"", ""Payroll"", ""Power BI"", ""SQL""]",BA,Healthcare,Full-time,"Join the healthcare team at Evergreen Labs as a HR Analyst. Your work supports subscription growth for regional service teams. You will analyze workforce trends, audit HR data quality, and report recruitment efficiency. Use Excel, HR Analytics, Communication to deliver clear, documented work. Collaborate with a team of 5 across customer success and sales. Success means measurable quality improvements. This is a fictional demonstration listing; no employer receives applications.",3.6,2026-09-02,2026-11-16,True,"HR Analyst Join the healthcare team at Evergreen Labs as a HR Analyst. Your work supports subscription growth for regional service teams. You will analyze workforce trends, audit HR data quality, and report recruitment efficiency. Use Excel, HR Analytics, Communication to deliver clear, documented work. Collaborate with a team of 5 across customer success and sales. Success means measurable quality improvements. This is a fictional demonstration listing; no employer receives applications. Communication Excel HR Analytics Reporting HRIS Payroll Power BI SQL"
SYN-0045,onsite,False,Business Intelligence Analyst,Bluepeak Labs,Ahmedabad,Gujarat,640000,990000,1.0,2.0,"[""Data Modeling"", ""Data Visualization"", ""Power BI"", ""SQL""]","[""DAX"", ""Excel"", ""Stakeholder Management"", ""Tableau""]",BSc,Logistics,Contract,"Join the logistics team at Bluepeak Labs as a Business Intelligence Analyst. Your work supports regional expansion for a cross-functional transformation program. You will build self-service analytics, document reporting models, and define consistent KPI metrics. Use SQL, Power BI, Data Modeling to deliver clear, documented work. Collaborate with a team of 17 across finance and strategy. Success means clear stakeholder communication. This is a fictional demonstration listing; no employer receives applications.",4.0,2026-09-30,2026-11-08,True,"Business Intelligence Analyst Join the logistics team at Bluepeak Labs as a Business Intelligence Analyst. Your work supports regional expansion for a cross-functional transformation program. You will build self-service analytics, document reporting models, and define consistent KPI metrics. Use SQL, Power BI, Data Modeling to deliver clear, documented work. Collaborate with a team of 17 across finance and strategy. Success means clear stakeholder communication. This is a fictional demonstration listing; no employer receives applications. Data Modeling Data Visualization Power BI SQL DAX Excel Stakeholder Management Tableau"
SYN-0046,onsite,False,Quality Assurance Analyst,Cobalt Partners,Patna,Bihar,590000,940000,3.0,5.0,"[""Communication"", ""Problem Solving"", ""Python"", ""Quality Assurance"", ""SQL""]","[""Agile"", ""Jira"", ""REST API""]",Diploma,Logistics,Full-time,"Join the logistics team at Cobalt Partners as a Quality Assurance Analyst. Your work supports regional expansion for a new product launch. You will design test scenarios, reproduce reported defects, and verify data integrity. Use Quality Assurance, SQL, Communication to deliver clear, documented work. Collaborate with a team of 5 across customer success and sales. Success means measurable quality improvements. This is a fictional demonstration listing; no employer receives applications.",4.2,2026-09-01,2027-01-02,True,"Quality Assurance Analyst Join the logistics team at Cobalt Partners as a Quality Assurance Analyst. Your work supports regional expansion for a new product launch. You will design test scenarios, reproduce reported defects, and verify data integrity. Use Quality Assurance, SQL, Communication to deliver clear, documented work. Collaborate with a team of 5 across customer success and sales. Success means measurable quality improvements. This is a fictional demonstration listing; no employer receives applications. Communication Problem Solving Python Quality Assurance SQL Agile Jira REST API"
SYN-0047,remote,True,UX Researcher,Aster Systems,Remote,Remote,620000,870000,1.0,4.0,"[""Communication"", ""Figma"", ""Prototyping"", ""UX Research""]","[""A/B Testing"", ""Accessibility"", ""Presentation"", ""UI Design""]",BA,Retail,Full-time,"Join the retail team at Aster Systems as a UX Researcher. Your work supports inventory accuracy for weekly business reviews. You will present user journey insights, conduct usability sessions, and synthesize research findings. Use UX Research, Figma, Communication to deliver clear, documented work. Collaborate with a team of 5 across finance and strategy. Success means reliable weekly delivery. This is a fictional demonstration listing; no employer receives applications.",4.1,2026-09-28,2026-12-13,True,"UX Researcher Join the retail team at Aster Systems as a UX Researcher. Your work supports inventory accuracy for weekly business reviews. You will present user journey insights, conduct usability sessions, and synthesize research findings. Use UX Research, Figma, Communication to deliver clear, documented work. Collaborate with a team of 5 across finance and strategy. Success means reliable weekly delivery. This is a fictional demonstration listing; no employer receives applications. Communication Figma Prototyping UX Research A/B Testing Accessibility Presentation UI Design"
SYN-0048,onsite,False,Data Engineer,Northstar Systems,Kolkata,West Bengal,690000,1040000,0,2.0,"[""Data Modeling"", ""ETL"", ""PostgreSQL"", ""Python"", ""SQL""]","[""AWS"", ""Azure"", ""Databricks"", ""Spark""]",BTech,Retail,Full-time,"Join the retail team at Northstar Systems as a Data Engineer. Your work supports regional expansion for weekly business reviews. You will monitor dataset freshness, enforce data quality contracts, and design analytical storage. Use Python, SQL, ETL to deliver clear, documented work. Collaborate with a team of 17 across customer success and sales. Success means clear stakeholder communication. This is a fictional demonstration listing; no employer receives applications.",4.5,2026-09-18,2026-11-23,True,"Data Engineer Join the retail team at Northstar Systems as a Data Engineer. Your work supports regional expansion for weekly business reviews. You will monitor dataset freshness, enforce data quality contracts, and design analytical storage. Use Python, SQL, ETL to deliver clear, documented work. Collaborate with a team of 17 across customer success and sales. Success means clear stakeholder communication. This is a fictional demonstration listing; no employer receives applications. Data Modeling ETL PostgreSQL Python SQL AWS Azure Databricks Spark"
SYN-0049,onsite,False,Data Analyst,Aster Labs,Hyderabad,Telangana,500000,750000,2.0,3.0,"[""Data Cleaning"", ""Excel"", ""Power BI"", ""Presentation"", ""Python"", ""SQL"", ""Statistics""]","[""DAX"", ""ETL"", ""Pandas"", ""Tableau""]",Diploma,Technology,Full-time,"Join the technology team at Aster Labs as a Data Analyst. Your work supports inventory accuracy for a cross-functional transformation program. You will validate transaction data, build weekly KPI dashboards, and explain customer retention. Use SQL, Excel, Python to deliver clear, documented work. Collaborate with a team of 7 across design and engineering. Success means measurable quality improvements. This is a fictional demonstration listing; no employer receives applications.",3.6,2026-09-29,2026-12-03,True,"Data Analyst Join the technology team at Aster Labs as a Data Analyst. Your work supports inventory accuracy for a cross-functional transformation program. You will validate transaction data, build weekly KPI dashboards, and explain customer retention. Use SQL, Excel, Python to deliver clear, documented work. Collaborate with a team of 7 across design and engineering. Success means measurable quality improvements. This is a fictional demonstration listing; no employer receives applications. Data Cleaning Excel Power BI Presentation Python SQL Statistics DAX ETL Pandas Tableau"
SYN-0050,onsite,False,Business Analyst,Juniper Works,Delhi,Delhi,450000,800000,0,1.0,"[""Business Analysis"", ""Communication"", ""Excel"", ""Requirements Gathering"", ""SQL""]","[""Agile"", ""Jira"", ""Process Improvement"", ""Tableau""]",BA,Manufacturing,Full-time,"Join the manufacturing team at Juniper Works as a Business Analyst. Your work supports inventory accuracy for weekly business reviews. You will interview stakeholders, document business requirements, and evaluate product changes. Use SQL, Excel, Business Analysis to deliver clear, documented work. Collaborate with a team of 15 across finance and strategy. Success means clear stakeholder communication. This is a fictional demonstration listing; no employer receives applications.",4.6,2026-08-31,2026-11-07,True,"Business Analyst Join the manufacturing team at Juniper Works as a Business Analyst. Your work supports inventory accuracy for weekly business reviews. You will interview stakeholders, document business requirements, and evaluate product changes. Use SQL, Excel, Business Analysis to deliver clear, documented work. Collaborate with a team of 15 across finance and strategy. Success means clear stakeholder communication. This is a fictional demonstration listing; no employer receives applications. Business Analysis Communication Excel Requirements Gathering SQL Agile Jira Process Improvement Tableau"
SYN-0051,onsite,False,Power BI Developer,Cedar Partners,Noida,Uttar Pradesh,1150000,1400000,5.0,7.0,"[""Data Modeling"", ""DAX"", ""Power BI"", ""Power Query"", ""SQL""]","[""Azure"", ""Dashboard Design"", ""ETL"", ""Excel""]",BTech,Logistics,Full-time,"Join the logistics team at Cedar Partners as a Power BI Developer. Your work supports digital transformation for regional service teams. You will reconcile reporting metrics, design dimensional models, and optimize DAX measures. Use Power BI, DAX, SQL to deliver clear, documented work. Collaborate with a team of 12 across design and engineering. Success means clear stakeholder communication. This is a fictional demonstration listing; no employer receives applications.",4.1,2026-10-07,2026-12-14,True,"Power BI Developer Join the logistics team at Cedar Partners as a Power BI Developer. Your work supports digital transformation for regional service teams. You will reconcile reporting metrics, design dimensional models, and optimize DAX measures. Use Power BI, DAX, SQL to deliver clear, documented work. Collaborate with a team of 12 across design and engineering. Success means clear stakeholder communication. This is a fictional demonstration listing; no employer receives applications. Data Modeling DAX Power BI Power Query SQL Azure Dashboard Design ETL Excel"
SYN-0052,onsite,False,MIS Executive,Maple Labs,Gurugram,Haryana,120000,470000,0,2.0,"[""Advanced Excel"", ""Communication"", ""Data Cleaning"", ""Excel"", ""Reporting""]","[""Excel VBA"", ""Power BI"", ""SQL""]",12th,Retail,Internship,"Join the retail team at Maple Labs as a MIS Executive. Your work supports inventory accuracy for regional service teams. You will reconcile inventory records, maintain daily reports, and prepare management summaries. Use Excel, Reporting, Data Cleaning to deliver clear, documented work. Collaborate with a team of 10 across customer success and sales. Success means measurable quality improvements. This is a fictional demonstration listing; no employer receives applications.",4.1,2026-09-14,2026-10-25,True,"MIS Executive Join the retail team at Maple Labs as a MIS Executive. Your work supports inventory accuracy for regional service teams. You will reconcile inventory records, maintain daily reports, and prepare management summaries. Use Excel, Reporting, Data Cleaning to deliver clear, documented work. Collaborate with a team of 10 across customer success and sales. Success means measurable quality improvements. This is a fictional demonstration listing; no employer receives applications. Advanced Excel Communication Data Cleaning Excel Reporting Excel VBA Power BI SQL"
SYN-0053,onsite,False,SQL Developer,Maple Partners,Mumbai,Maharashtra,920000,1270000,5.0,8.0,"[""Database Design"", ""ETL"", ""PostgreSQL"", ""SQL""]","[""Advanced SQL"", ""Git"", ""Python"", ""SQL Server""]",BCA,Retail,Full-time,"Join the retail team at Maple Partners as a SQL Developer. Your work supports quality improvement for weekly business reviews. You will design warehouse tables, audit data consistency, and build scheduled data pipelines. Use SQL, PostgreSQL, Database Design to deliver clear, documented work. Collaborate with a team of 5 across product and operations. Success means clear stakeholder communication. This is a fictional demonstration listing; no employer receives applications.",3.5,2026-08-28,2026-12-13,True,"SQL Developer Join the retail team at Maple Partners as a SQL Developer. Your work supports quality improvement for weekly business reviews. You will design warehouse tables, audit data consistency, and build scheduled data pipelines. Use SQL, PostgreSQL, Database Design to deliver clear, documented work. Collaborate with a team of 5 across product and operations. Success means clear stakeholder communication. This is a fictional demonstration listing; no employer receives applications. Database Design ETL PostgreSQL SQL Advanced SQL Git Python SQL Server"
SYN-0054,onsite,False,Python Developer,Cobalt Partners,Pune,Maharashtra,580000,930000,2.0,5.0,"[""Flask"", ""Git"", ""Python"", ""REST API"", ""SQL""]","[""Django"", ""Docker"", ""FastAPI"", ""Linux""]",Diploma,Finance,Part-time,"Join the finance team at Cobalt Partners as a Python Developer. Your work supports regional expansion for a new product launch. You will build backend APIs, write integration tests, and maintain internal automation. Use Python, Flask, SQL to deliver clear, documented work. Collaborate with a team of 11 across customer success and sales. Success means reliable weekly delivery. This is a fictional demonstration listing; no employer receives applications.",4.6,2026-09-10,2026-11-07,True,"Python Developer Join the finance team at Cobalt Partners as a Python Developer. Your work supports regional expansion for a new product launch. You will build backend APIs, write integration tests, and maintain internal automation. Use Python, Flask, SQL to deliver clear, documented work. Collaborate with a team of 11 across customer success and sales. Success means reliable weekly delivery. This is a fictional demonstration listing; no employer receives applications. Flask Git Python REST API SQL Django Docker FastAPI Linux"
SYN-0055,onsite,False,Junior Data Scientist,Evergreen Systems,Chennai,Tamil Nadu,620000,740000,0,3.0,"[""Machine Learning"", ""Pandas"", ""Python"", ""Scikit-learn"", ""SQL"", ""Statistics""]","[""A/B Testing"", ""Feature Engineering"", ""NLP""]",BSc,Technology,Full-time,"Join the technology team at Evergreen Systems as a Junior Data Scientist. Your work supports cost optimization for weekly business reviews. You will prototype demand forecasts, prepare experimentation datasets, and evaluate classification models. Use Python, Statistics, Machine Learning to deliver clear, documented work. Collaborate with a team of 10 across finance and strategy. Success means well-tested, reusable outputs. This is a fictional demonstration listing; no employer receives applications.",3.3,2026-09-03,2026-12-28,True,"Junior Data Scientist Join the technology team at Evergreen Systems as a Junior Data Scientist. Your work supports cost optimization for weekly business reviews. You will prototype demand forecasts, prepare experimentation datasets, and evaluate classification models. Use Python, Statistics, Machine Learning to deliver clear, documented work. Collaborate with a team of 10 across finance and strategy. Success means well-tested, reusable outputs. This is a fictional demonstration listing; no employer receives applications. Machine Learning Pandas Python Scikit-learn SQL Statistics A/B Testing Feature Engineering NLP"
SYN-0056,onsite,False,Machine Learning Engineer,Nexa Works,Ahmedabad,Gujarat,840000,1020000,1.0,3.0,"[""Docker"", ""Machine Learning"", ""Model Evaluation"", ""Python"", ""Scikit-learn""]","[""AWS"", ""MLOps"", ""PyTorch"", ""TensorFlow""]",BTech,Media,Full-time,"Join the media team at Nexa Works as a Machine Learning Engineer. Your work supports regional expansion for a cross-functional transformation program. You will monitor model drift, optimize inference workloads, and serve prediction models. Use Python, Machine Learning, Scikit-learn to deliver clear, documented work. Collaborate with a team of 18 across product and operations. Success means clear stakeholder communication. This is a fictional demonstration listing; no employer receives applications.",3.9,2026-08-29,2027-01-04,True,"Machine Learning Engineer Join the media team at Nexa Works as a Machine Learning Engineer. Your work supports regional expansion for a cross-functional transformation program. You will monitor model drift, optimize inference workloads, and serve prediction models. Use Python, Machine Learning, Scikit-learn to deliver clear, documented work. Collaborate with a team of 18 across product and operations. Success means clear stakeholder communication. This is a fictional demonstration listing; no employer receives applications. Docker Machine Learning Model Evaluation Python Scikit-learn AWS MLOps PyTorch TensorFlow"
SYN-0057,onsite,False,Software Developer,Juniper Labs,Patna,Bihar,450000,800000,0,2.0,"[""Algorithms"", ""Git"", ""Java"", ""OOP"", ""SQL""]","[""Agile"", ""Docker"", ""Python"", ""REST API""]",BTech,Education,Part-time,"Join the education team at Juniper Labs as a Software Developer. Your work supports cost optimization for a new product launch. You will resolve production defects, review maintainable code, and improve automated testing. Use Java, SQL, Git to deliver clear, documented work. Collaborate with a team of 15 across customer success and sales. Success means measurable quality improvements. This is a fictional demonstration listing; no employer receives applications.",4.6,2026-09-18,2026-11-24,True,"Software Developer Join the education team at Juniper Labs as a Software Developer. Your work supports cost optimization for a new product launch. You will resolve production defects, review maintainable code, and improve automated testing. Use Java, SQL, Git to deliver clear, documented work. Collaborate with a team of 15 across customer success and sales. Success means measurable quality improvements. This is a fictional demonstration listing; no employer receives applications. Algorithms Git Java OOP SQL Agile Docker Python REST API"
SYN-0058,remote,True,Web Developer,Cobalt Works,Remote,Remote,280000,460000,0,2.0,"[""Accessibility"", ""CSS"", ""Git"", ""HTML"", ""JavaScript"", ""React""]","[""Bootstrap"", ""Node.js"", ""TypeScript""]",Diploma,Retail,Full-time,"Join the retail team at Cobalt Works as a Web Developer. Your work supports service efficiency for regional service teams. You will create reusable UI components, optimize page performance, and integrate REST APIs. Use HTML, CSS, JavaScript to deliver clear, documented work. Collaborate with a team of 11 across customer success and sales. Success means reliable weekly delivery. This is a fictional demonstration listing; no employer receives applications.",4.7,2026-09-10,2026-12-18,True,"Web Developer Join the retail team at Cobalt Works as a Web Developer. Your work supports service efficiency for regional service teams. You will create reusable UI components, optimize page performance, and integrate REST APIs. Use HTML, CSS, JavaScript to deliver clear, documented work. Collaborate with a team of 11 across customer success and sales. Success means reliable weekly delivery. This is a fictional demonstration listing; no employer receives applications. Accessibility CSS Git HTML JavaScript React Bootstrap Node.js TypeScript"
SYN-0059,onsite,False,Digital Marketing Analyst,Maple Works,Kolkata,West Bengal,510000,860000,2.0,5.0,"[""Digital Marketing"", ""Excel"", ""Google Analytics"", ""SEO""]","[""Campaign Analysis"", ""Google Ads"", ""Power BI"", ""SQL""]",BA,Manufacturing,Full-time,"Join the manufacturing team at Maple Works as a Digital Marketing Analyst. Your work supports subscription growth for weekly business reviews. You will build attribution reports, audit acquisition channels, and recommend landing page experiments. Use Google Analytics, SEO, Excel to deliver clear, documented work. Collaborate with a team of 13 across product and operations. Success means clear stakeholder communication. This is a fictional demonstration listing; no employer receives applications.",4.9,2026-10-04,2026-11-05,True,"Digital Marketing Analyst Join the manufacturing team at Maple Works as a Digital Marketing Analyst. Your work supports subscription growth for weekly business reviews. You will build attribution reports, audit acquisition channels, and recommend landing page experiments. Use Google Analytics, SEO, Excel to deliver clear, documented work. Collaborate with a team of 13 across product and operations. Success means clear stakeholder communication. This is a fictional demonstration listing; no employer receives applications. Digital Marketing Excel Google Analytics SEO Campaign Analysis Google Ads Power BI SQL"
SYN-0060,onsite,False,SEO Analyst,Northstar Solutions,Bangalore,Karnataka,410000,660000,1.0,2.0,"[""Content Marketing"", ""Excel"", ""Google Analytics"", ""SEO""]","[""Copywriting"", ""HTML"", ""Market Research"", ""SEM""]",12th,Healthcare,Full-time,"Join the healthcare team at Northstar Solutions as a SEO Analyst. Your work supports subscription growth for weekly business reviews. You will audit site content, improve technical SEO checks, and track organic conversions. Use SEO, Google Analytics, Content Marketing to deliver clear, documented work. Collaborate with a team of 15 across design and engineering. Success means well-tested, reusable outputs. This is a fictional demonstration listing; no employer receives applications.",4.3,2026-09-03,2026-12-27,True,"SEO Analyst Join the healthcare team at Northstar Solutions as a SEO Analyst. Your work supports subscription growth for weekly business reviews. You will audit site content, improve technical SEO checks, and track organic conversions. Use SEO, Google Analytics, Content Marketing to deliver clear, documented work. Collaborate with a team of 15 across design and engineering. Success means well-tested, reusable outputs. This is a fictional demonstration listing; no employer receives applications. Content Marketing Excel Google Analytics SEO Copywriting HTML Market Research SEM"
SYN-0061,onsite,False,Customer Support Executive,Bluepeak Labs,Hyderabad,Telangana,210000,330000,0,2.0,"[""Communication"", ""CRM"", ""Customer Support"", ""Ticketing"", ""Zendesk""]","[""Chat Support"", ""Conflict Resolution"", ""Email Support""]",12th,Retail,Full-time,"Join the retail team at Bluepeak Labs as a Customer Support Executive. Your work supports quality improvement for regional service teams. You will resolve customer tickets, identify recurring service problems, and maintain accurate case notes. Use Customer Support, Communication, CRM to deliver clear, documented work. Collaborate with a team of 15 across product and operations. Success means clear stakeholder communication. This is a fictional demonstration listing; no employer receives applications.",4.8,2026-09-02,2026-12-17,True,"Customer Support Executive Join the retail team at Bluepeak Labs as a Customer Support Executive. Your work supports quality improvement for regional service teams. You will resolve customer tickets, identify recurring service problems, and maintain accurate case notes. Use Customer Support, Communication, CRM to deliver clear, documented work. Collaborate with a team of 15 across product and operations. Success means clear stakeholder communication. This is a fictional demonstration listing; no employer receives applications. Communication CRM Customer Support Ticketing Zendesk Chat Support Conflict Resolution Email Support"
SYN-0062,onsite,False,Operations Analyst,Vantage Labs,Delhi,Delhi,610000,790000,4.0,5.0,"[""Excel"", ""Operations"", ""Process Improvement"", ""SQL""]","[""Forecasting"", ""Inventory Management"", ""Power BI"", ""Supply Chain""]",BA,Retail,Full-time,"Join the retail team at Vantage Labs as a Operations Analyst. Your work supports cost optimization for a new product launch. You will plan operational capacity, monitor service metrics, and identify process bottlenecks. Use Excel, SQL, Operations to deliver clear, documented work. Collaborate with a team of 16 across product and operations. Success means clear stakeholder communication. This is a fictional demonstration listing; no employer receives applications.",4.6,2026-09-10,2026-11-15,True,"Operations Analyst Join the retail team at Vantage Labs as a Operations Analyst. Your work supports cost optimization for a new product launch. You will plan operational capacity, monitor service metrics, and identify process bottlenecks. Use Excel, SQL, Operations to deliver clear, documented work. Collaborate with a team of 16 across product and operations. Success means clear stakeholder communication. This is a fictional demonstration listing; no employer receives applications. Excel Operations Process Improvement SQL Forecasting Inventory Management Power BI Supply Chain"
SYN-0063,onsite,False,Financial Analyst,Cobalt Solutions,Noida,Uttar Pradesh,1000000,1180000,5.0,6.0,"[""Accounting"", ""Excel"", ""Financial Analysis"", ""Financial Modeling""]","[""Budgeting"", ""Power BI"", ""SQL"", ""Valuation""]",BCom,Education,Full-time,"Join the education team at Cobalt Solutions as a Financial Analyst. Your work supports subscription growth for a cross-functional transformation program. You will prepare budget variance reports, validate financial assumptions, and model unit economics. Use Excel, Financial Analysis, Accounting to deliver clear, documented work. Collaborate with a team of 5 across design and engineering. Success means well-tested, reusable outputs. This is a fictional demonstration listing; no employer receives applications.",4.7,2026-10-07,2026-12-07,True,"Financial Analyst Join the education team at Cobalt Solutions as a Financial Analyst. Your work supports subscription growth for a cross-functional transformation program. You will prepare budget variance reports, validate financial assumptions, and model unit economics. Use Excel, Financial Analysis, Accounting to deliver clear, documented work. Collaborate with a team of 5 across design and engineering. Success means well-tested, reusable outputs. This is a fictional demonstration listing; no employer receives applications. Accounting Excel Financial Analysis Financial Modeling Budgeting Power BI SQL Valuation"
SYN-0064,onsite,False,Cybersecurity Analyst,Nexa Partners,Gurugram,Haryana,470000,590000,0,3.0,"[""Cybersecurity"", ""Linux"", ""Networking"", ""SIEM"", ""Splunk""]","[""Incident Response"", ""Python"", ""Wireshark""]",BTech,Retail,Full-time,"Join the retail team at Nexa Partners as a Cybersecurity Analyst. Your work supports regional expansion for a new product launch. You will investigate suspicious logs, assess infrastructure vulnerabilities, and document response procedures. Use Cybersecurity, Networking, Linux to deliver clear, documented work. Collaborate with a team of 6 across finance and strategy. Success means measurable quality improvements. This is a fictional demonstration listing; no employer receives applications.",3.6,2026-09-30,2026-12-10,True,"Cybersecurity Analyst Join the retail team at Nexa Partners as a Cybersecurity Analyst. Your work supports regional expansion for a new product launch. You will investigate suspicious logs, assess infrastructure vulnerabilities, and document response procedures. Use Cybersecurity, Networking, Linux to deliver clear, documented work. Collaborate with a team of 6 across finance and strategy. Success means measurable quality improvements. This is a fictional demonstration listing; no employer receives applications. Cybersecurity Linux Networking SIEM Splunk Incident Response Python Wireshark"
SYN-0065,onsite,False,Cloud Engineer,Maple Systems,Mumbai,Maharashtra,830000,1010000,2.0,4.0,"[""AWS"", ""Docker"", ""Linux"", ""Networking""]","[""Azure"", ""Kubernetes"", ""Monitoring"", ""Terraform""]",BTech,Retail,Full-time,"Join the retail team at Maple Systems as a Cloud Engineer. Your work supports customer experience for regional service teams. You will monitor system capacity, automate infrastructure changes, and operate cloud infrastructure. Use AWS, Linux, Networking to deliver clear, documented work. Collaborate with a team of 9 across finance and strategy. Success means clear stakeholder communication. This is a fictional demonstration listing; no employer receives applications.",4.3,2026-10-05,2026-11-30,True,"Cloud Engineer Join the retail team at Maple Systems as a Cloud Engineer. Your work supports customer experience for regional service teams. You will monitor system capacity, automate infrastructure changes, and operate cloud infrastructure. Use AWS, Linux, Networking to deliver clear, documented work. Collaborate with a team of 9 across finance and strategy. Success means clear stakeholder communication. This is a fictional demonstration listing; no employer receives applications. AWS Docker Linux Networking Azure Kubernetes Monitoring Terraform"
SYN-0066,onsite,False,Graphic Designer,Riverstone Works,Pune,Maharashtra,280000,400000,0,3.0,"[""Canva"", ""Illustrator"", ""Photoshop"", ""Typography""]","[""Branding"", ""Figma"", ""InDesign"", ""Video Editing""]",Diploma,Retail,Full-time,"Join the retail team at Riverstone Works as a Graphic Designer. Your work supports digital transformation for an expanding customer base. You will adapt creative for digital channels, design campaign assets, and maintain visual guidelines. Use Photoshop, Illustrator, Canva to deliver clear, documented work. Collaborate with a team of 8 across design and engineering. Success means measurable quality improvements. This is a fictional demonstration listing; no employer receives applications.",4.7,2026-10-04,2026-10-30,True,"Graphic Designer Join the retail team at Riverstone Works as a Graphic Designer. Your work supports digital transformation for an expanding customer base. You will adapt creative for digital channels, design campaign assets, and maintain visual guidelines. Use Photoshop, Illustrator, Canva to deliver clear, documented work. Collaborate with a team of 8 across design and engineering. Success means measurable quality improvements. This is a fictional demonstration listing; no employer receives applications. Canva Illustrator Photoshop Typography Branding Figma InDesign Video Editing"
SYN-0067,onsite,False,Marketing Analyst,Northstar Labs,Chennai,Tamil Nadu,550000,730000,3.0,6.0,"[""A/B Testing"", ""Campaign Analysis"", ""Excel"", ""Google Analytics"", ""Market Research""]","[""Communication"", ""SQL"", ""Tableau""]",BA,Logistics,Full-time,"Join the logistics team at Northstar Labs as a Marketing Analyst. Your work supports inventory accuracy for weekly business reviews. You will segment customer audiences, research competitor positioning, and measure marketing efficiency. Use Excel, Market Research, Google Analytics to deliver clear, documented work. Collaborate with a team of 8 across customer success and sales. Success means well-tested, reusable outputs. This is a fictional demonstration listing; no employer receives applications.",3.8,2026-08-29,2026-11-19,True,"Marketing Analyst Join the logistics team at Northstar Labs as a Marketing Analyst. Your work supports inventory accuracy for weekly business reviews. You will segment customer audiences, research competitor positioning, and measure marketing efficiency. Use Excel, Market Research, Google Analytics to deliver clear, documented work. Collaborate with a team of 8 across customer success and sales. Success means well-tested, reusable outputs. This is a fictional demonstration listing; no employer receives applications. A/B Testing Campaign Analysis Excel Google Analytics Market Research Communication SQL Tableau"
SYN-0068,onsite,False,HR Analyst,Prism Labs,Ahmedabad,Gujarat,440000,790000,1.0,4.0,"[""Communication"", ""Excel"", ""HR Analytics"", ""Reporting""]","[""HRIS"", ""Payroll"", ""Power BI"", ""SQL""]",BA,Logistics,Full-time,"Join the logistics team at Prism Labs as a HR Analyst. Your work supports service efficiency for regional service teams. You will audit HR data quality, report recruitment efficiency, and monitor employee retention. Use Excel, HR Analytics, Communication to deliver clear, documented work. Collaborate with a team of 14 across design and engineering. Success means well-tested, reusable outputs. This is a fictional demonstration listing; no employer receives applications.",4.7,2026-10-02,2026-10-24,True,"HR Analyst Join the logistics team at Prism Labs as a HR Analyst. Your work supports service efficiency for regional service teams. You will audit HR data quality, report recruitment efficiency, and monitor employee retention. Use Excel, HR Analytics, Communication to deliver clear, documented work. Collaborate with a team of 14 across design and engineering. Success means well-tested, reusable outputs. This is a fictional demonstration listing; no employer receives applications. Communication Excel HR Analytics Reporting HRIS Payroll Power BI SQL"
SYN-0069,onsite,False,Business Intelligence Analyst,Nimbus Solutions,Patna,Bihar,640000,760000,1.0,3.0,"[""Data Modeling"", ""Data Visualization"", ""Power BI"", ""SQL""]","[""DAX"", ""Excel"", ""Stakeholder Management"", ""Tableau""]",BSc,Manufacturing,Full-time,"Join the manufacturing team at Nimbus Solutions as a Business Intelligence Analyst. Your work supports quality improvement for weekly business reviews. You will define consistent KPI metrics, document reporting models, and build self-service analytics. Use SQL, Power BI, Data Modeling to deliver clear, documented work. Collaborate with a team of 8 across product and operations. Success means measurable quality improvements. This is a fictional demonstration listing; no employer receives applications.",3.6,2026-09-24,2026-11-26,True,"Business Intelligence Analyst Join the manufacturing team at Nimbus Solutions as a Business Intelligence Analyst. Your work supports quality improvement for weekly business reviews. You will define consistent KPI metrics, document reporting models, and build self-service analytics. Use SQL, Power BI, Data Modeling to deliver clear, documented work. Collaborate with a team of 8 across product and operations. Success means measurable quality improvements. This is a fictional demonstration listing; no employer receives applications. Data Modeling Data Visualization Power BI SQL DAX Excel Stakeholder Management Tableau"
SYN-0070,remote,True,Quality Assurance Analyst,Maple Solutions,Remote,Remote,330000,680000,1.0,3.0,"[""Communication"", ""Jira"", ""Problem Solving"", ""Quality Assurance"", ""SQL""]","[""Agile"", ""Python"", ""REST API""]",Diploma,Media,Full-time,"Join the media team at Maple Solutions as a Quality Assurance Analyst. Your work supports customer experience for a new product launch. You will verify data integrity, reproduce reported defects, and track release readiness. Use Quality Assurance, SQL, Communication to deliver clear, documented work. Collaborate with a team of 8 across customer success and sales. Success means clear stakeholder communication. This is a fictional demonstration listing; no employer receives applications.",4.6,2026-09-02,2026-12-16,True,"Quality Assurance Analyst Join the media team at Maple Solutions as a Quality Assurance Analyst. Your work supports customer experience for a new product launch. You will verify data integrity, reproduce reported defects, and track release readiness. Use Quality Assurance, SQL, Communication to deliver clear, documented work. Collaborate with a team of 8 across customer success and sales. Success means clear stakeholder communication. This is a fictional demonstration listing; no employer receives applications. Communication Jira Problem Solving Quality Assurance SQL Agile Python REST API"
SYN-0071,onsite,False,UX Researcher,Nimbus Works,Kolkata,West Bengal,400000,580000,0,1.0,"[""Communication"", ""Figma"", ""Prototyping"", ""UX Research""]","[""A/B Testing"", ""Accessibility"", ""Presentation"", ""UI Design""]",BA,Logistics,Full-time,"Join the logistics team at Nimbus Works as a UX Researcher. Your work supports inventory accuracy for a new product launch. You will validate interface prototypes, present user journey insights, and conduct usability sessions. Use UX Research, Figma, Communication to deliver clear, documented work. Collaborate with a team of 15 across design and engineering. Success means measurable quality improvements. This is a fictional demonstration listing; no employer receives applications.",4.0,2026-09-23,2026-11-19,True,"UX Researcher Join the logistics team at Nimbus Works as a UX Researcher. Your work supports inventory accuracy for a new product launch. You will validate interface prototypes, present user journey insights, and conduct usability sessions. Use UX Research, Figma, Communication to deliver clear, documented work. Collaborate with a team of 15 across design and engineering. Success means measurable quality improvements. This is a fictional demonstration listing; no employer receives applications. Communication Figma Prototyping UX Research A/B Testing Accessibility Presentation UI Design"
SYN-0072,onsite,False,Data Engineer,Nexa Labs,Bangalore,Karnataka,920000,1170000,2.0,4.0,"[""Data Modeling"", ""ETL"", ""PostgreSQL"", ""Python"", ""SQL""]","[""AWS"", ""Azure"", ""Databricks"", ""Spark""]",BTech,Technology,Full-time,"Join the technology team at Nexa Labs as a Data Engineer. Your work supports digital transformation for a cross-functional transformation program. You will enforce data quality contracts, monitor dataset freshness, and build ingestion pipelines. Use Python, SQL, ETL to deliver clear, documented work. Collaborate with a team of 18 across customer success and sales. Success means clear stakeholder communication. This is a fictional demonstration listing; no employer receives applications.",3.4,2026-09-20,2026-11-06,True,"Data Engineer Join the technology team at Nexa Labs as a Data Engineer. Your work supports digital transformation for a cross-functional transformation program. You will enforce data quality contracts, monitor dataset freshness, and build ingestion pipelines. Use Python, SQL, ETL to deliver clear, documented work. Collaborate with a team of 18 across customer success and sales. Success means clear stakeholder communication. This is a fictional demonstration listing; no employer receives applications. Data Modeling ETL PostgreSQL Python SQL AWS Azure Databricks Spark"
SYN-0073,onsite,False,Data Analyst,Lumina Works,Delhi,Delhi,520000,770000,1.0,4.0,"[""Data Cleaning"", ""Excel"", ""Power BI"", ""Python"", ""SQL"", ""Statistics"", ""Tableau""]","[""DAX"", ""ETL"", ""Pandas"", ""Presentation""]",Diploma,Education,Full-time,"Join the education team at Lumina Works as a Data Analyst. Your work supports subscription growth for a cross-functional transformation program. You will build weekly KPI dashboards, analyze sales funnels, and validate transaction data. Use SQL, Excel, Python to deliver clear, documented work. Collaborate with a team of 8 across customer success and sales. Success means reliable weekly delivery. This is a fictional demonstration listing; no employer receives applications.",3.4,2026-09-20,2026-12-11,True,"Data Analyst Join the education team at Lumina Works as a Data Analyst. Your work supports subscription growth for a cross-functional transformation program. You will build weekly KPI dashboards, analyze sales funnels, and validate transaction data. Use SQL, Excel, Python to deliver clear, documented work. Collaborate with a team of 8 across customer success and sales. Success means reliable weekly delivery. This is a fictional demonstration listing; no employer receives applications. Data Cleaning Excel Power BI Python SQL Statistics Tableau DAX ETL Pandas Presentation"
SYN-0074,onsite,False,Business Analyst,Northstar Partners,Noida,Uttar Pradesh,410000,760000,0,1.0,"[""Business Analysis"", ""Communication"", ""Excel"", ""Requirements Gathering"", ""SQL""]","[""Agile"", ""Jira"", ""Process Improvement"", ""Tableau""]",BA,Technology,Contract,"Join the technology team at Northstar Partners as a Business Analyst. Your work supports regional expansion for an expanding customer base. You will map operational workflows, evaluate product changes, and document business requirements. Use SQL, Excel, Business Analysis to deliver clear, documented work. Collaborate with a team of 14 across finance and strategy. Success means reliable weekly delivery. This is a fictional demonstration listing; no employer receives applications.",4.0,2026-10-06,2027-01-05,True,"Business Analyst Join the technology team at Northstar Partners as a Business Analyst. Your work supports regional expansion for an expanding customer base. You will map operational workflows, evaluate product changes, and document business requirements. Use SQL, Excel, Business Analysis to deliver clear, documented work. Collaborate with a team of 14 across finance and strategy. Success means reliable weekly delivery. This is a fictional demonstration listing; no employer receives applications. Business Analysis Communication Excel Requirements Gathering SQL Agile Jira Process Improvement Tableau"
SYN-0075,onsite,False,Power BI Developer,Nimbus Solutions,Gurugram,Haryana,620000,800000,1.0,3.0,"[""Data Modeling"", ""DAX"", ""Power BI"", ""Power Query"", ""SQL""]","[""Azure"", ""Dashboard Design"", ""ETL"", ""Excel""]",BTech,Healthcare,Full-time,"Join the healthcare team at Nimbus Solutions as a Power BI Developer. Your work supports subscription growth for a new product launch. You will publish operational dashboards, optimize DAX measures, and design dimensional models. Use Power BI, DAX, SQL to deliver clear, documented work. Collaborate with a team of 4 across design and engineering. Success means well-tested, reusable outputs. This is a fictional demonstration listing; no employer receives applications.",4.4,2026-10-01,2026-12-14,True,"Power BI Developer Join the healthcare team at Nimbus Solutions as a Power BI Developer. Your work supports subscription growth for a new product launch. You will publish operational dashboards, optimize DAX measures, and design dimensional models. Use Power BI, DAX, SQL to deliver clear, documented work. Collaborate with a team of 4 across design and engineering. Success means well-tested, reusable outputs. This is a fictional demonstration listing; no employer receives applications. Data Modeling DAX Power BI Power Query SQL Azure Dashboard Design ETL Excel"
SYN-0076,onsite,False,MIS Executive,Bluepeak Labs,Mumbai,Maharashtra,120000,370000,0,3.0,"[""Advanced Excel"", ""Communication"", ""Data Cleaning"", ""Excel"", ""Reporting""]","[""Excel VBA"", ""Power BI"", ""SQL""]",12th,Technology,Internship,"Join the technology team at Bluepeak Labs as a MIS Executive. Your work supports customer experience for weekly business reviews. You will maintain daily reports, prepare management summaries, and automate spreadsheet checks. Use Excel, Reporting, Data Cleaning to deliver clear, documented work. Collaborate with a team of 4 across design and engineering. Success means reliable weekly delivery. This is a fictional demonstration listing; no employer receives applications.",3.6,2026-10-07,2026-11-30,True,"MIS Executive Join the technology team at Bluepeak Labs as a MIS Executive. Your work supports customer experience for weekly business reviews. You will maintain daily reports, prepare management summaries, and automate spreadsheet checks. Use Excel, Reporting, Data Cleaning to deliver clear, documented work. Collaborate with a team of 4 across design and engineering. Success means reliable weekly delivery. This is a fictional demonstration listing; no employer receives applications. Advanced Excel Communication Data Cleaning Excel Reporting Excel VBA Power BI SQL"
SYN-0077,onsite,False,SQL Developer,Nimbus Labs,Pune,Maharashtra,590000,940000,1.0,3.0,"[""Database Design"", ""ETL"", ""PostgreSQL"", ""SQL""]","[""Advanced SQL"", ""Git"", ""Python"", ""SQL Server""]",BCA,Logistics,Full-time,"Join the logistics team at Nimbus Labs as a SQL Developer. Your work supports service efficiency for weekly business reviews. You will design warehouse tables, build scheduled data pipelines, and optimize database queries. Use SQL, PostgreSQL, Database Design to deliver clear, documented work. Collaborate with a team of 5 across finance and strategy. Success means well-tested, reusable outputs. This is a fictional demonstration listing; no employer receives applications.",3.3,2026-10-02,2026-11-10,True,"SQL Developer Join the logistics team at Nimbus Labs as a SQL Developer. Your work supports service efficiency for weekly business reviews. You will design warehouse tables, build scheduled data pipelines, and optimize database queries. Use SQL, PostgreSQL, Database Design to deliver clear, documented work. Collaborate with a team of 5 across finance and strategy. Success means well-tested, reusable outputs. This is a fictional demonstration listing; no employer receives applications. Database Design ETL PostgreSQL SQL Advanced SQL Git Python SQL Server"
SYN-0078,onsite,False,Python Developer,Aster Solutions,Chennai,Tamil Nadu,240000,420000,0,1.0,"[""Flask"", ""Git"", ""Python"", ""REST API"", ""SQL""]","[""Django"", ""Docker"", ""FastAPI"", ""Linux""]",Diploma,Retail,Internship,"Join the retail team at Aster Solutions as a Python Developer. Your work supports inventory accuracy for a new product launch. You will write integration tests, maintain internal automation, and build backend APIs. Use Python, Flask, SQL to deliver clear, documented work. Collaborate with a team of 11 across product and operations. Success means well-tested, reusable outputs. This is a fictional demonstration listing; no employer receives applications.",3.8,2026-09-30,2026-11-08,True,"Python Developer Join the retail team at Aster Solutions as a Python Developer. Your work supports inventory accuracy for a new product launch. You will write integration tests, maintain internal automation, and build backend APIs. Use Python, Flask, SQL to deliver clear, documented work. Collaborate with a team of 11 across product and operations. Success means well-tested, reusable outputs. This is a fictional demonstration listing; no employer receives applications. Flask Git Python REST API SQL Django Docker FastAPI Linux"
SYN-0079,onsite,False,Junior Data Scientist,Nimbus Works,Ahmedabad,Gujarat,810000,1160000,1.0,3.0,"[""Machine Learning"", ""Pandas"", ""Python"", ""Scikit-learn"", ""SQL"", ""Statistics""]","[""A/B Testing"", ""Feature Engineering"", ""NLP""]",BSc,Logistics,Contract,"Join the logistics team at Nimbus Works as a Junior Data Scientist. Your work supports digital transformation for a cross-functional transformation program. You will explain model errors, evaluate classification models, and prepare experimentation datasets. Use Python, Statistics, Machine Learning to deliver clear, documented work. Collaborate with a team of 7 across design and engineering. Success means reliable weekly delivery. This is a fictional demonstration listing; no employer receives applications.",4.0,2026-09-04,2026-11-09,True,"Junior Data Scientist Join the logistics team at Nimbus Works as a Junior Data Scientist. Your work supports digital transformation for a cross-functional transformation program. You will explain model errors, evaluate classification models, and prepare experimentation datasets. Use Python, Statistics, Machine Learning to deliver clear, documented work. Collaborate with a team of 7 across design and engineering. Success means reliable weekly delivery. This is a fictional demonstration listing; no employer receives applications. Machine Learning Pandas Python Scikit-learn SQL Statistics A/B Testing Feature Engineering NLP"
SYN-0080,onsite,False,Machine Learning Engineer,Orbit Works,Patna,Bihar,1190000,1310000,2.0,3.0,"[""Docker"", ""Machine Learning"", ""Model Evaluation"", ""Python"", ""Scikit-learn""]","[""AWS"", ""MLOps"", ""PyTorch"", ""TensorFlow""]",BTech,Retail,Full-time,"Join the retail team at Orbit Works as a Machine Learning Engineer. Your work supports cost optimization for a new product launch. You will monitor model drift, optimize inference workloads, and build reproducible ML pipelines. Use Python, Machine Learning, Scikit-learn to deliver clear, documented work. Collaborate with a team of 17 across customer success and sales. Success means well-tested, reusable outputs. This is a fictional demonstration listing; no employer receives applications.",4.1,2026-09-27,2027-01-03,True,"Machine Learning Engineer Join the retail team at Orbit Works as a Machine Learning Engineer. Your work supports cost optimization for a new product launch. You will monitor model drift, optimize inference workloads, and build reproducible ML pipelines. Use Python, Machine Learning, Scikit-learn to deliver clear, documented work. Collaborate with a team of 17 across customer success and sales. Success means well-tested, reusable outputs. This is a fictional demonstration listing; no employer receives applications. Docker Machine Learning Model Evaluation Python Scikit-learn AWS MLOps PyTorch TensorFlow"
SYN-0081,remote,True,Software Developer,Orbit Works,Remote,Remote,120000,240000,0,2.0,"[""Algorithms"", ""Git"", ""Java"", ""OOP"", ""SQL""]","[""Agile"", ""Docker"", ""Python"", ""REST API""]",BTech,Finance,Internship,"Join the finance team at Orbit Works as a Software Developer. Your work supports customer experience for a new product launch. You will implement service features, resolve production defects, and review maintainable code. Use Java, SQL, Git to deliver clear, documented work. Collaborate with a team of 10 across finance and strategy. Success means measurable quality improvements. This is a fictional demonstration listing; no employer receives applications.",4.4,2026-10-06,2026-12-07,True,"Software Developer Join the finance team at Orbit Works as a Software Developer. Your work supports customer experience for a new product launch. You will implement service features, resolve production defects, and review maintainable code. Use Java, SQL, Git to deliver clear, documented work. Collaborate with a team of 10 across finance and strategy. Success means measurable quality improvements. This is a fictional demonstration listing; no employer receives applications. Algorithms Git Java OOP SQL Agile Docker Python REST API"
SYN-0082,onsite,False,Web Developer,Northstar Works,Kolkata,West Bengal,240000,590000,0,2.0,"[""CSS"", ""Git"", ""HTML"", ""JavaScript"", ""Node.js"", ""React""]","[""Accessibility"", ""Bootstrap"", ""TypeScript""]",Diploma,Retail,Internship,"Join the retail team at Northstar Works as a Web Developer. Your work supports service efficiency for weekly business reviews. You will build accessible interfaces, integrate REST APIs, and create reusable UI components. Use HTML, CSS, JavaScript to deliver clear, documented work. Collaborate with a team of 7 across finance and strategy. Success means measurable quality improvements. This is a fictional demonstration listing; no employer receives applications.",4.7,2026-09-13,2027-01-05,True,"Web Developer Join the retail team at Northstar Works as a Web Developer. Your work supports service efficiency for weekly business reviews. You will build accessible interfaces, integrate REST APIs, and create reusable UI components. Use HTML, CSS, JavaScript to deliver clear, documented work. Collaborate with a team of 7 across finance and strategy. Success means measurable quality improvements. This is a fictional demonstration listing; no employer receives applications. CSS Git HTML JavaScript Node.js React Accessibility Bootstrap TypeScript"
SYN-0083,onsite,False,Digital Marketing Analyst,Orbit Systems,Bangalore,Karnataka,730000,1080000,4.0,7.0,"[""Digital Marketing"", ""Excel"", ""Google Analytics"", ""SEO""]","[""Campaign Analysis"", ""Google Ads"", ""Power BI"", ""SQL""]",BA,Media,Full-time,"Join the media team at Orbit Systems as a Digital Marketing Analyst. Your work supports subscription growth for weekly business reviews. You will audit acquisition channels, measure campaign conversion, and recommend landing page experiments. Use Google Analytics, SEO, Excel to deliver clear, documented work. Collaborate with a team of 6 across product and operations. Success means measurable quality improvements. This is a fictional demonstration listing; no employer receives applications.",4.8,2026-09-12,2026-10-29,True,"Digital Marketing Analyst Join the media team at Orbit Systems as a Digital Marketing Analyst. Your work supports subscription growth for weekly business reviews. You will audit acquisition channels, measure campaign conversion, and recommend landing page experiments. Use Google Analytics, SEO, Excel to deliver clear, documented work. Collaborate with a team of 6 across product and operations. Success means measurable quality improvements. This is a fictional demonstration listing; no employer receives applications. Digital Marketing Excel Google Analytics SEO Campaign Analysis Google Ads Power BI SQL"
SYN-0084,onsite,False,SEO Analyst,Vantage Partners,Hyderabad,Telangana,250000,600000,0,2.0,"[""Content Marketing"", ""Excel"", ""Google Analytics"", ""SEO""]","[""Copywriting"", ""HTML"", ""Market Research"", ""SEM""]",12th,Logistics,Full-time,"Join the logistics team at Vantage Partners as a SEO Analyst. Your work supports inventory accuracy for a cross-functional transformation program. You will track organic conversions, audit site content, and improve technical SEO checks. Use SEO, Google Analytics, Content Marketing to deliver clear, documented work. Collaborate with a team of 8 across customer success and sales. Success means clear stakeholder communication. This is a fictional demonstration listing; no employer receives applications.",3.3,2026-09-25,2026-12-07,True,"SEO Analyst Join the logistics team at Vantage Partners as a SEO Analyst. Your work supports inventory accuracy for a cross-functional transformation program. You will track organic conversions, audit site content, and improve technical SEO checks. Use SEO, Google Analytics, Content Marketing to deliver clear, documented work. Collaborate with a team of 8 across customer success and sales. Success means clear stakeholder communication. This is a fictional demonstration listing; no employer receives applications. Content Marketing Excel Google Analytics SEO Copywriting HTML Market Research SEM"
SYN-0085,onsite,False,Customer Support Executive,Riverstone Systems,Delhi,Delhi,240000,590000,0,1.0,"[""Communication"", ""CRM"", ""Customer Support"", ""Ticketing"", ""Zendesk""]","[""Chat Support"", ""Conflict Resolution"", ""Email Support""]",12th,Retail,Full-time,"Join the retail team at Riverstone Systems as a Customer Support Executive. Your work supports cost optimization for a new product launch. You will resolve customer tickets, meet response time targets, and identify recurring service problems. Use Customer Support, Communication, CRM to deliver clear, documented work. Collaborate with a team of 16 across design and engineering. Success means measurable quality improvements. This is a fictional demonstration listing; no employer receives applications.",4.3,2026-10-03,2026-12-14,True,"Customer Support Executive Join the retail team at Riverstone Systems as a Customer Support Executive. Your work supports cost optimization for a new product launch. You will resolve customer tickets, meet response time targets, and identify recurring service problems. Use Customer Support, Communication, CRM to deliver clear, documented work. Collaborate with a team of 16 across design and engineering. Success means measurable quality improvements. This is a fictional demonstration listing; no employer receives applications. Communication CRM Customer Support Ticketing Zendesk Chat Support Conflict Resolution Email Support"
SYN-0086,onsite,False,Operations Analyst,Northstar Labs,Noida,Uttar Pradesh,580000,930000,2.0,3.0,"[""Excel"", ""Operations"", ""Process Improvement"", ""SQL""]","[""Forecasting"", ""Inventory Management"", ""Power BI"", ""Supply Chain""]",BA,Logistics,Full-time,"Join the logistics team at Northstar Labs as a Operations Analyst. Your work supports digital transformation for weekly business reviews. You will monitor service metrics, analyze fulfillment delays, and plan operational capacity. Use Excel, SQL, Operations to deliver clear, documented work. Collaborate with a team of 4 across finance and strategy. Success means reliable weekly delivery. This is a fictional demonstration listing; no employer receives applications.",3.5,2026-10-07,2026-11-11,True,"Operations Analyst Join the logistics team at Northstar Labs as a Operations Analyst. Your work supports digital transformation for weekly business reviews. You will monitor service metrics, analyze fulfillment delays, and plan operational capacity. Use Excel, SQL, Operations to deliver clear, documented work. Collaborate with a team of 4 across finance and strategy. Success means reliable weekly delivery. This is a fictional demonstration listing; no employer receives applications. Excel Operations Process Improvement SQL Forecasting Inventory Management Power BI Supply Chain"
SYN-0087,onsite,False,Financial Analyst,Bluepeak Works,Gurugram,Haryana,480000,600000,1.0,2.0,"[""Accounting"", ""Excel"", ""Financial Analysis"", ""Financial Modeling""]","[""Budgeting"", ""Power BI"", ""SQL"", ""Valuation""]",BCom,Finance,Full-time,"Join the finance team at Bluepeak Works as a Financial Analyst. Your work supports digital transformation for an expanding customer base. You will prepare budget variance reports, analyze monthly cash flow, and validate financial assumptions. Use Excel, Financial Analysis, Accounting to deliver clear, documented work. Collaborate with a team of 5 across product and operations. Success means measurable quality improvements. This is a fictional demonstration listing; no employer receives applications.",4.9,2026-09-12,2026-10-30,True,"Financial Analyst Join the finance team at Bluepeak Works as a Financial Analyst. Your work supports digital transformation for an expanding customer base. You will prepare budget variance reports, analyze monthly cash flow, and validate financial assumptions. Use Excel, Financial Analysis, Accounting to deliver clear, documented work. Collaborate with a team of 5 across product and operations. Success means measurable quality improvements. This is a fictional demonstration listing; no employer receives applications. Accounting Excel Financial Analysis Financial Modeling Budgeting Power BI SQL Valuation"
SYN-0088,onsite,False,Cybersecurity Analyst,Aster Solutions,Mumbai,Maharashtra,550000,730000,1.0,4.0,"[""Cybersecurity"", ""Incident Response"", ""Linux"", ""Networking"", ""SIEM""]","[""Python"", ""Splunk"", ""Wireshark""]",BTech,Healthcare,Full-time,"Join the healthcare team at Aster Solutions as a Cybersecurity Analyst. Your work supports quality improvement for a cross-functional transformation program. You will investigate suspicious logs, assess infrastructure vulnerabilities, and document response procedures. Use Cybersecurity, Networking, Linux to deliver clear, documented work. Collaborate with a team of 10 across product and operations. Success means clear stakeholder communication. This is a fictional demonstration listing; no employer receives applications.",3.2,2026-09-18,2026-11-12,True,"Cybersecurity Analyst Join the healthcare team at Aster Solutions as a Cybersecurity Analyst. Your work supports quality improvement for a cross-functional transformation program. You will investigate suspicious logs, assess infrastructure vulnerabilities, and document response procedures. Use Cybersecurity, Networking, Linux to deliver clear, documented work. Collaborate with a team of 10 across product and operations. Success means clear stakeholder communication. This is a fictional demonstration listing; no employer receives applications. Cybersecurity Incident Response Linux Networking SIEM Python Splunk Wireshark"
SYN-0089,onsite,False,Cloud Engineer,Juniper Solutions,Pune,Maharashtra,1030000,1210000,3.0,5.0,"[""AWS"", ""Docker"", ""Linux"", ""Networking""]","[""Azure"", ""Kubernetes"", ""Monitoring"", ""Terraform""]",BTech,Manufacturing,Full-time,"Join the manufacturing team at Juniper Solutions as a Cloud Engineer. Your work supports quality improvement for regional service teams. You will monitor system capacity, operate cloud infrastructure, and automate infrastructure changes. Use AWS, Linux, Networking to deliver clear, documented work. Collaborate with a team of 16 across customer success and sales. Success means clear stakeholder communication. This is a fictional demonstration listing; no employer receives applications.",4.4,2026-09-09,2026-12-12,True,"Cloud Engineer Join the manufacturing team at Juniper Solutions as a Cloud Engineer. Your work supports quality improvement for regional service teams. You will monitor system capacity, operate cloud infrastructure, and automate infrastructure changes. Use AWS, Linux, Networking to deliver clear, documented work. Collaborate with a team of 16 across customer success and sales. Success means clear stakeholder communication. This is a fictional demonstration listing; no employer receives applications. AWS Docker Linux Networking Azure Kubernetes Monitoring Terraform"
SYN-0090,onsite,False,Graphic Designer,Lumina Partners,Chennai,Tamil Nadu,180000,300000,0,2.0,"[""Canva"", ""Illustrator"", ""Photoshop"", ""Typography""]","[""Branding"", ""Figma"", ""InDesign"", ""Video Editing""]",Diploma,Healthcare,Internship,"Join the healthcare team at Lumina Partners as a Graphic Designer. Your work supports quality improvement for an expanding customer base. You will design campaign assets, prepare print layouts, and maintain visual guidelines. Use Photoshop, Illustrator, Canva to deliver clear, documented work. Collaborate with a team of 4 across design and engineering. Success means well-tested, reusable outputs. This is a fictional demonstration listing; no employer receives applications.",4.8,2026-10-07,2027-01-03,True,"Graphic Designer Join the healthcare team at Lumina Partners as a Graphic Designer. Your work supports quality improvement for an expanding customer base. You will design campaign assets, prepare print layouts, and maintain visual guidelines. Use Photoshop, Illustrator, Canva to deliver clear, documented work. Collaborate with a team of 4 across design and engineering. Success means well-tested, reusable outputs. This is a fictional demonstration listing; no employer receives applications. Canva Illustrator Photoshop Typography Branding Figma InDesign Video Editing"
SYN-0091,onsite,False,Marketing Analyst,Riverstone Partners,Ahmedabad,Gujarat,360000,540000,0,2.0,"[""Campaign Analysis"", ""Communication"", ""Excel"", ""Google Analytics"", ""Market Research""]","[""A/B Testing"", ""SQL"", ""Tableau""]",BA,Manufacturing,Full-time,"Join the manufacturing team at Riverstone Partners as a Marketing Analyst. Your work supports customer experience for a cross-functional transformation program. You will present customer insights, research competitor positioning, and measure marketing efficiency. Use Excel, Market Research, Google Analytics to deliver clear, documented work. Collaborate with a team of 5 across product and operations. Success means well-tested, reusable outputs. This is a fictional demonstration listing; no employer receives applications.",3.6,2026-09-12,2026-11-30,True,"Marketing Analyst Join the manufacturing team at Riverstone Partners as a Marketing Analyst. Your work supports customer experience for a cross-functional transformation program. You will present customer insights, research competitor positioning, and measure marketing efficiency. Use Excel, Market Research, Google Analytics to deliver clear, documented work. Collaborate with a team of 5 across product and operations. Success means well-tested, reusable outputs. This is a fictional demonstration listing; no employer receives applications. Campaign Analysis Communication Excel Google Analytics Market Research A/B Testing SQL Tableau"
SYN-0092,onsite,False,HR Analyst,Lumina Solutions,Patna,Bihar,560000,910000,4.0,5.0,"[""Communication"", ""Excel"", ""HR Analytics"", ""Reporting""]","[""HRIS"", ""Payroll"", ""Power BI"", ""SQL""]",BA,Media,Full-time,"Join the media team at Lumina Solutions as a HR Analyst. Your work supports quality improvement for a cross-functional transformation program. You will analyze workforce trends, audit HR data quality, and report recruitment efficiency. Use Excel, HR Analytics, Communication to deliver clear, documented work. Collaborate with a team of 12 across customer success and sales. Success means clear stakeholder communication. This is a fictional demonstration listing; no employer receives applications.",3.9,2026-09-18,2026-12-30,True,"HR Analyst Join the media team at Lumina Solutions as a HR Analyst. Your work supports quality improvement for a cross-functional transformation program. You will analyze workforce trends, audit HR data quality, and report recruitment efficiency. Use Excel, HR Analytics, Communication to deliver clear, documented work. Collaborate with a team of 12 across customer success and sales. Success means clear stakeholder communication. This is a fictional demonstration listing; no employer receives applications. Communication Excel HR Analytics Reporting HRIS Payroll Power BI SQL"
SYN-0093,remote,True,Business Intelligence Analyst,Prism Solutions,Remote,Remote,510000,690000,1.0,2.0,"[""Data Modeling"", ""Data Visualization"", ""Power BI"", ""SQL""]","[""DAX"", ""Excel"", ""Stakeholder Management"", ""Tableau""]",BSc,Finance,Full-time,"Join the finance team at Prism Solutions as a Business Intelligence Analyst. Your work supports subscription growth for a new product launch. You will translate business questions into dashboards, build self-service analytics, and document reporting models. Use SQL, Power BI, Data Modeling to deliver clear, documented work. Collaborate with a team of 15 across customer success and sales. Success means reliable weekly delivery. This is a fictional demonstration listing; no employer receives applications.",3.2,2026-09-01,2026-12-27,True,"Business Intelligence Analyst Join the finance team at Prism Solutions as a Business Intelligence Analyst. Your work supports subscription growth for a new product launch. You will translate business questions into dashboards, build self-service analytics, and document reporting models. Use SQL, Power BI, Data Modeling to deliver clear, documented work. Collaborate with a team of 15 across customer success and sales. Success means reliable weekly delivery. This is a fictional demonstration listing; no employer receives applications. Data Modeling Data Visualization Power BI SQL DAX Excel Stakeholder Management Tableau"
SYN-0094,onsite,False,Quality Assurance Analyst,Aster Labs,Kolkata,West Bengal,330000,510000,1.0,2.0,"[""Agile"", ""Communication"", ""Problem Solving"", ""Quality Assurance"", ""SQL""]","[""Jira"", ""Python"", ""REST API""]",Diploma,Manufacturing,Full-time,"Join the manufacturing team at Aster Labs as a Quality Assurance Analyst. Your work supports subscription growth for regional service teams. You will design test scenarios, reproduce reported defects, and verify data integrity. Use Quality Assurance, SQL, Communication to deliver clear, documented work. Collaborate with a team of 6 across design and engineering. Success means clear stakeholder communication. This is a fictional demonstration listing; no employer receives applications.",4.9,2026-09-04,2026-11-09,True,"Quality Assurance Analyst Join the manufacturing team at Aster Labs as a Quality Assurance Analyst. Your work supports subscription growth for regional service teams. You will design test scenarios, reproduce reported defects, and verify data integrity. Use Quality Assurance, SQL, Communication to deliver clear, documented work. Collaborate with a team of 6 across design and engineering. Success means clear stakeholder communication. This is a fictional demonstration listing; no employer receives applications. Agile Communication Problem Solving Quality Assurance SQL Jira Python REST API"
SYN-0095,onsite,False,UX Researcher,Juniper Solutions,Bangalore,Karnataka,720000,970000,2.0,5.0,"[""Communication"", ""Figma"", ""Prototyping"", ""UX Research""]","[""A/B Testing"", ""Accessibility"", ""Presentation"", ""UI Design""]",BA,Retail,Full-time,"Join the retail team at Juniper Solutions as a UX Researcher. Your work supports cost optimization for a cross-functional transformation program. You will present user journey insights, synthesize research findings, and validate interface prototypes. Use UX Research, Figma, Communication to deliver clear, documented work. Collaborate with a team of 8 across finance and strategy. Success means measurable quality improvements. This is a fictional demonstration listing; no employer receives applications.",3.6,2026-09-10,2026-12-21,True,"UX Researcher Join the retail team at Juniper Solutions as a UX Researcher. Your work supports cost optimization for a cross-functional transformation program. You will present user journey insights, synthesize research findings, and validate interface prototypes. Use UX Research, Figma, Communication to deliver clear, documented work. Collaborate with a team of 8 across finance and strategy. Success means measurable quality improvements. This is a fictional demonstration listing; no employer receives applications. Communication Figma Prototyping UX Research A/B Testing Accessibility Presentation UI Design"
SYN-0096,onsite,False,Data Engineer,Riverstone Works,Hyderabad,Telangana,700000,950000,1.0,4.0,"[""Data Modeling"", ""ETL"", ""PostgreSQL"", ""Python"", ""SQL""]","[""AWS"", ""Azure"", ""Databricks"", ""Spark""]",BTech,Education,Full-time,"Join the education team at Riverstone Works as a Data Engineer. Your work supports cost optimization for an expanding customer base. You will enforce data quality contracts, monitor dataset freshness, and build ingestion pipelines. Use Python, SQL, ETL to deliver clear, documented work. Collaborate with a team of 17 across finance and strategy. Success means reliable weekly delivery. This is a fictional demonstration listing; no employer receives applications.",4.8,2026-09-01,2026-10-26,True,"Data Engineer Join the education team at Riverstone Works as a Data Engineer. Your work supports cost optimization for an expanding customer base. You will enforce data quality contracts, monitor dataset freshness, and build ingestion pipelines. Use Python, SQL, ETL to deliver clear, documented work. Collaborate with a team of 17 across finance and strategy. Success means reliable weekly delivery. This is a fictional demonstration listing; no employer receives applications. Data Modeling ETL PostgreSQL Python SQL AWS Azure Databricks Spark"
SYN-0097,onsite,False,Data Analyst,Prism Partners,Noida,Uttar Pradesh,370000,720000,0,3.0,"[""Data Cleaning"", ""DAX"", ""Excel"", ""Power BI"", ""Python"", ""SQL"", ""Statistics""]","[""ETL"", ""Pandas"", ""Presentation"", ""Tableau""]",Diploma,Finance,Full-time,"Join the finance team at Prism Partners as a Data Analyst. Your work supports customer experience for regional service teams. You will explain customer retention, analyze sales funnels, and build weekly KPI dashboards. Use SQL, Excel, Python to deliver clear, documented work. Collaborate with a team of 7 across product and operations. Success means measurable quality improvements. This is a fictional demonstration listing; no employer receives applications.",3.7,2026-09-06,2026-11-02,True,"Data Analyst Join the finance team at Prism Partners as a Data Analyst. Your work supports customer experience for regional service teams. You will explain customer retention, analyze sales funnels, and build weekly KPI dashboards. Use SQL, Excel, Python to deliver clear, documented work. Collaborate with a team of 7 across product and operations. Success means measurable quality improvements. This is a fictional demonstration listing; no employer receives applications. Data Cleaning DAX Excel Power BI Python SQL Statistics ETL Pandas Presentation Tableau"
SYN-0098,onsite,False,Business Analyst,Orbit Partners,Gurugram,Haryana,240000,490000,0,3.0,"[""Business Analysis"", ""Communication"", ""Excel"", ""Requirements Gathering"", ""SQL""]","[""Agile"", ""Jira"", ""Process Improvement"", ""Tableau""]",BA,Finance,Internship,"Join the finance team at Orbit Partners as a Business Analyst. Your work supports subscription growth for an expanding customer base. You will evaluate product changes, interview stakeholders, and map operational workflows. Use SQL, Excel, Business Analysis to deliver clear, documented work. Collaborate with a team of 10 across design and engineering. Success means well-tested, reusable outputs. This is a fictional demonstration listing; no employer receives applications.",4.1,2026-09-07,2026-11-03,True,"Business Analyst Join the finance team at Orbit Partners as a Business Analyst. Your work supports subscription growth for an expanding customer base. You will evaluate product changes, interview stakeholders, and map operational workflows. Use SQL, Excel, Business Analysis to deliver clear, documented work. Collaborate with a team of 10 across design and engineering. Success means well-tested, reusable outputs. This is a fictional demonstration listing; no employer receives applications. Business Analysis Communication Excel Requirements Gathering SQL Agile Jira Process Improvement Tableau"
SYN-0099,onsite,False,Power BI Developer,Cedar Systems,Mumbai,Maharashtra,650000,1000000,2.0,3.0,"[""Data Modeling"", ""DAX"", ""Power BI"", ""Power Query"", ""SQL""]","[""Azure"", ""Dashboard Design"", ""ETL"", ""Excel""]",BTech,Education,Full-time,"Join the education team at Cedar Systems as a Power BI Developer. Your work supports service efficiency for an expanding customer base. You will design dimensional models, reconcile reporting metrics, and publish operational dashboards. Use Power BI, DAX, SQL to deliver clear, documented work. Collaborate with a team of 9 across design and engineering. Success means well-tested, reusable outputs. This is a fictional demonstration listing; no employer receives applications.",4.6,2026-09-01,2026-12-16,True,"Power BI Developer Join the education team at Cedar Systems as a Power BI Developer. Your work supports service efficiency for an expanding customer base. You will design dimensional models, reconcile reporting metrics, and publish operational dashboards. Use Power BI, DAX, SQL to deliver clear, documented work. Collaborate with a team of 9 across design and engineering. Success means well-tested, reusable outputs. This is a fictional demonstration listing; no employer receives applications. Data Modeling DAX Power BI Power Query SQL Azure Dashboard Design ETL Excel"
SYN-0100,onsite,False,MIS Executive,Northstar Systems,Pune,Maharashtra,410000,530000,3.0,4.0,"[""Communication"", ""Data Cleaning"", ""Excel"", ""Excel VBA"", ""Reporting""]","[""Advanced Excel"", ""Power BI"", ""SQL""]",12th,Education,Full-time,"Join the education team at Northstar Systems as a MIS Executive. Your work supports service efficiency for weekly business reviews. You will maintain daily reports, reconcile inventory records, and prepare management summaries. Use Excel, Reporting, Data Cleaning to deliver clear, documented work. Collaborate with a team of 5 across finance and strategy. Success means measurable quality improvements. This is a fictional demonstration listing; no employer receives applications.",4.6,2026-09-14,2026-12-15,True,"MIS Executive Join the education team at Northstar Systems as a MIS Executive. Your work supports service efficiency for weekly business reviews. You will maintain daily reports, reconcile inventory records, and prepare management summaries. Use Excel, Reporting, Data Cleaning to deliver clear, documented work. Collaborate with a team of 5 across finance and strategy. Success means measurable quality improvements. This is a fictional demonstration listing; no employer receives applications. Communication Data Cleaning Excel Excel VBA Reporting Advanced Excel Power BI SQL"
SYN-0101,onsite,False,SQL Developer,Evergreen Partners,Chennai,Tamil Nadu,400000,580000,0,3.0,"[""Database Design"", ""ETL"", ""PostgreSQL"", ""SQL""]","[""Advanced SQL"", ""Git"", ""Python"", ""SQL Server""]",BCA,Retail,Full-time,"Join the retail team at Evergreen Partners as a SQL Developer. Your work supports service efficiency for weekly business reviews. You will audit data consistency, optimize database queries, and build scheduled data pipelines. Use SQL, PostgreSQL, Database Design to deliver clear, documented work. Collaborate with a team of 4 across product and operations. Success means clear stakeholder communication. This is a fictional demonstration listing; no employer receives applications.",4.7,2026-09-19,2026-11-24,True,"SQL Developer Join the retail team at Evergreen Partners as a SQL Developer. Your work supports service efficiency for weekly business reviews. You will audit data consistency, optimize database queries, and build scheduled data pipelines. Use SQL, PostgreSQL, Database Design to deliver clear, documented work. Collaborate with a team of 4 across product and operations. Success means clear stakeholder communication. This is a fictional demonstration listing; no employer receives applications. Database Design ETL PostgreSQL SQL Advanced SQL Git Python SQL Server"
SYN-0102,onsite,False,Python Developer,Maple Solutions,Ahmedabad,Gujarat,630000,980000,1.0,4.0,"[""Flask"", ""Git"", ""Python"", ""REST API"", ""SQL""]","[""Django"", ""Docker"", ""FastAPI"", ""Linux""]",Diploma,Finance,Full-time,"Join the finance team at Maple Solutions as a Python Developer. Your work supports regional expansion for an expanding customer base. You will build backend APIs, improve service reliability, and maintain internal automation. Use Python, Flask, SQL to deliver clear, documented work. Collaborate with a team of 8 across product and operations. Success means measurable quality improvements. This is a fictional demonstration listing; no employer receives applications.",4.6,2026-09-02,2026-12-25,True,"Python Developer Join the finance team at Maple Solutions as a Python Developer. Your work supports regional expansion for an expanding customer base. You will build backend APIs, improve service reliability, and maintain internal automation. Use Python, Flask, SQL to deliver clear, documented work. Collaborate with a team of 8 across product and operations. Success means measurable quality improvements. This is a fictional demonstration listing; no employer receives applications. Flask Git Python REST API SQL Django Docker FastAPI Linux"
SYN-0103,onsite,False,Junior Data Scientist,Nexa Solutions,Patna,Bihar,500000,620000,0,1.0,"[""Machine Learning"", ""Pandas"", ""Python"", ""Scikit-learn"", ""SQL"", ""Statistics""]","[""A/B Testing"", ""Feature Engineering"", ""NLP""]",BSc,Healthcare,Full-time,"Join the healthcare team at Nexa Solutions as a Junior Data Scientist. Your work supports cost optimization for regional service teams. You will prepare experimentation datasets, evaluate classification models, and prototype demand forecasts. Use Python, Statistics, Machine Learning to deliver clear, documented work. Collaborate with a team of 16 across customer success and sales. Success means clear stakeholder communication. This is a fictional demonstration listing; no employer receives applications.",3.9,2026-09-17,2026-11-27,True,"Junior Data Scientist Join the healthcare team at Nexa Solutions as a Junior Data Scientist. Your work supports cost optimization for regional service teams. You will prepare experimentation datasets, evaluate classification models, and prototype demand forecasts. Use Python, Statistics, Machine Learning to deliver clear, documented work. Collaborate with a team of 16 across customer success and sales. Success means clear stakeholder communication. This is a fictional demonstration listing; no employer receives applications. Machine Learning Pandas Python Scikit-learn SQL Statistics A/B Testing Feature Engineering NLP"
SYN-0104,remote,True,Machine Learning Engineer,Cobalt Partners,Remote,Remote,850000,970000,0,3.0,"[""Docker"", ""Machine Learning"", ""Model Evaluation"", ""Python"", ""Scikit-learn""]","[""AWS"", ""MLOps"", ""PyTorch"", ""TensorFlow""]",BTech,Education,Full-time,"Join the education team at Cobalt Partners as a Machine Learning Engineer. Your work supports subscription growth for regional service teams. You will optimize inference workloads, monitor model drift, and build reproducible ML pipelines. Use Python, Machine Learning, Scikit-learn to deliver clear, documented work. Collaborate with a team of 17 across design and engineering. Success means well-tested, reusable outputs. This is a fictional demonstration listing; no employer receives applications.",4.6,2026-09-29,2026-12-02,True,"Machine Learning Engineer Join the education team at Cobalt Partners as a Machine Learning Engineer. Your work supports subscription growth for regional service teams. You will optimize inference workloads, monitor model drift, and build reproducible ML pipelines. Use Python, Machine Learning, Scikit-learn to deliver clear, documented work. Collaborate with a team of 17 across design and engineering. Success means well-tested, reusable outputs. This is a fictional demonstration listing; no employer receives applications. Docker Machine Learning Model Evaluation Python Scikit-learn AWS MLOps PyTorch TensorFlow"
SYN-0105,onsite,False,Software Developer,Prism Solutions,Kolkata,West Bengal,630000,750000,1.0,2.0,"[""Algorithms"", ""Git"", ""Java"", ""OOP"", ""SQL""]","[""Agile"", ""Docker"", ""Python"", ""REST API""]",BTech,Education,Full-time,"Join the education team at Prism Solutions as a Software Developer. Your work supports subscription growth for a new product launch. You will resolve production defects, review maintainable code, and implement service features. Use Java, SQL, Git to deliver clear, documented work. Collaborate with a team of 9 across customer success and sales. Success means clear stakeholder communication. This is a fictional demonstration listing; no employer receives applications.",3.9,2026-09-19,2026-11-11,True,"Software Developer Join the education team at Prism Solutions as a Software Developer. Your work supports subscription growth for a new product launch. You will resolve production defects, review maintainable code, and implement service features. Use Java, SQL, Git to deliver clear, documented work. Collaborate with a team of 9 across customer success and sales. Success means clear stakeholder communication. This is a fictional demonstration listing; no employer receives applications. Algorithms Git Java OOP SQL Agile Docker Python REST API"
SYN-0106,onsite,False,Web Developer,Nexa Solutions,Bangalore,Karnataka,550000,670000,2.0,4.0,"[""Bootstrap"", ""CSS"", ""Git"", ""HTML"", ""JavaScript"", ""React""]","[""Accessibility"", ""Node.js"", ""TypeScript""]",Diploma,Healthcare,Full-time,"Join the healthcare team at Nexa Solutions as a Web Developer. Your work supports regional expansion for an expanding customer base. You will create reusable UI components, optimize page performance, and build accessible interfaces. Use HTML, CSS, JavaScript to deliver clear, documented work. Collaborate with a team of 7 across product and operations. Success means well-tested, reusable outputs. This is a fictional demonstration listing; no employer receives applications.",4.0,2026-09-09,2026-12-10,True,"Web Developer Join the healthcare team at Nexa Solutions as a Web Developer. Your work supports regional expansion for an expanding customer base. You will create reusable UI components, optimize page performance, and build accessible interfaces. Use HTML, CSS, JavaScript to deliver clear, documented work. Collaborate with a team of 7 across product and operations. Success means well-tested, reusable outputs. This is a fictional demonstration listing; no employer receives applications. Bootstrap CSS Git HTML JavaScript React Accessibility Node.js TypeScript"
SYN-0107,onsite,False,Digital Marketing Analyst,Bluepeak Partners,Hyderabad,Telangana,470000,820000,2.0,3.0,"[""Digital Marketing"", ""Excel"", ""Google Analytics"", ""SEO""]","[""Campaign Analysis"", ""Google Ads"", ""Power BI"", ""SQL""]",BA,Technology,Part-time,"Join the technology team at Bluepeak Partners as a Digital Marketing Analyst. Your work supports digital transformation for weekly business reviews. You will build attribution reports, measure campaign conversion, and audit acquisition channels. Use Google Analytics, SEO, Excel to deliver clear, documented work. Collaborate with a team of 18 across finance and strategy. Success means clear stakeholder communication. This is a fictional demonstration listing; no employer receives applications.",4.9,2026-09-10,2026-12-01,True,"Digital Marketing Analyst Join the technology team at Bluepeak Partners as a Digital Marketing Analyst. Your work supports digital transformation for weekly business reviews. You will build attribution reports, measure campaign conversion, and audit acquisition channels. Use Google Analytics, SEO, Excel to deliver clear, documented work. Collaborate with a team of 18 across finance and strategy. Success means clear stakeholder communication. This is a fictional demonstration listing; no employer receives applications. Digital Marketing Excel Google Analytics SEO Campaign Analysis Google Ads Power BI SQL"
SYN-0108,onsite,False,SEO Analyst,Juniper Systems,Delhi,Delhi,540000,790000,4.0,5.0,"[""Content Marketing"", ""Excel"", ""Google Analytics"", ""SEO""]","[""Copywriting"", ""HTML"", ""Market Research"", ""SEM""]",12th,Retail,Full-time,"Join the retail team at Juniper Systems as a SEO Analyst. Your work supports subscription growth for a cross-functional transformation program. You will improve technical SEO checks, research search demand, and track organic conversions. Use SEO, Google Analytics, Content Marketing to deliver clear, documented work. Collaborate with a team of 12 across product and operations. Success means well-tested, reusable outputs. This is a fictional demonstration listing; no employer receives applications.",4.8,2026-09-20,2026-12-10,True,"SEO Analyst Join the retail team at Juniper Systems as a SEO Analyst. Your work supports subscription growth for a cross-functional transformation program. You will improve technical SEO checks, research search demand, and track organic conversions. Use SEO, Google Analytics, Content Marketing to deliver clear, documented work. Collaborate with a team of 12 across product and operations. Success means well-tested, reusable outputs. This is a fictional demonstration listing; no employer receives applications. Content Marketing Excel Google Analytics SEO Copywriting HTML Market Research SEM"
SYN-0109,onsite,False,Customer Support Executive,Aster Partners,Noida,Uttar Pradesh,190000,310000,0,3.0,"[""Communication"", ""Conflict Resolution"", ""CRM"", ""Customer Support"", ""Ticketing""]","[""Chat Support"", ""Email Support"", ""Zendesk""]",12th,Education,Full-time,"Join the education team at Aster Partners as a Customer Support Executive. Your work supports service efficiency for regional service teams. You will maintain accurate case notes, meet response time targets, and identify recurring service problems. Use Customer Support, Communication, CRM to deliver clear, documented work. Collaborate with a team of 4 across finance and strategy. Success means clear stakeholder communication. This is a fictional demonstration listing; no employer receives applications.",4.0,2026-08-29,2026-12-17,True,"Customer Support Executive Join the education team at Aster Partners as a Customer Support Executive. Your work supports service efficiency for regional service teams. You will maintain accurate case notes, meet response time targets, and identify recurring service problems. Use Customer Support, Communication, CRM to deliver clear, documented work. Collaborate with a team of 4 across finance and strategy. Success means clear stakeholder communication. This is a fictional demonstration listing; no employer receives applications. Communication Conflict Resolution CRM Customer Support Ticketing Chat Support Email Support Zendesk"
SYN-0110,onsite,False,Operations Analyst,Vantage Labs,Gurugram,Haryana,610000,860000,3.0,6.0,"[""Excel"", ""Operations"", ""Process Improvement"", ""SQL""]","[""Forecasting"", ""Inventory Management"", ""Power BI"", ""Supply Chain""]",BA,Manufacturing,Full-time,"Join the manufacturing team at Vantage Labs as a Operations Analyst. Your work supports cost optimization for an expanding customer base. You will identify process bottlenecks, monitor service metrics, and plan operational capacity. Use Excel, SQL, Operations to deliver clear, documented work. Collaborate with a team of 10 across customer success and sales. Success means reliable weekly delivery. This is a fictional demonstration listing; no employer receives applications.",3.8,2026-09-19,2026-12-28,True,"Operations Analyst Join the manufacturing team at Vantage Labs as a Operations Analyst. Your work supports cost optimization for an expanding customer base. You will identify process bottlenecks, monitor service metrics, and plan operational capacity. Use Excel, SQL, Operations to deliver clear, documented work. Collaborate with a team of 10 across customer success and sales. Success means reliable weekly delivery. This is a fictional demonstration listing; no employer receives applications. Excel Operations Process Improvement SQL Forecasting Inventory Management Power BI Supply Chain"
SYN-0111,onsite,False,Financial Analyst,Nimbus Labs,Mumbai,Maharashtra,890000,1240000,4.0,5.0,"[""Accounting"", ""Excel"", ""Financial Analysis"", ""Financial Modeling""]","[""Budgeting"", ""Power BI"", ""SQL"", ""Valuation""]",BCom,Manufacturing,Full-time,"Join the manufacturing team at Nimbus Labs as a Financial Analyst. Your work supports service efficiency for a new product launch. You will model unit economics, prepare budget variance reports, and validate financial assumptions. Use Excel, Financial Analysis, Accounting to deliver clear, documented work. Collaborate with a team of 8 across design and engineering. Success means well-tested, reusable outputs. This is a fictional demonstration listing; no employer receives applications.",4.0,2026-09-21,2026-12-27,True,"Financial Analyst Join the manufacturing team at Nimbus Labs as a Financial Analyst. Your work supports service efficiency for a new product launch. You will model unit economics, prepare budget variance reports, and validate financial assumptions. Use Excel, Financial Analysis, Accounting to deliver clear, documented work. Collaborate with a team of 8 across design and engineering. Success means well-tested, reusable outputs. This is a fictional demonstration listing; no employer receives applications. Accounting Excel Financial Analysis Financial Modeling Budgeting Power BI SQL Valuation"
SYN-0112,onsite,False,Cybersecurity Analyst,Northstar Labs,Pune,Maharashtra,710000,890000,1.0,3.0,"[""Cybersecurity"", ""Incident Response"", ""Linux"", ""Networking"", ""SIEM""]","[""Python"", ""Splunk"", ""Wireshark""]",BTech,Retail,Full-time,"Join the retail team at Northstar Labs as a Cybersecurity Analyst. Your work supports cost optimization for a new product launch. You will investigate suspicious logs, triage security alerts, and document response procedures. Use Cybersecurity, Networking, Linux to deliver clear, documented work. Collaborate with a team of 16 across design and engineering. Success means well-tested, reusable outputs. This is a fictional demonstration listing; no employer receives applications.",3.3,2026-09-04,2026-10-27,True,"Cybersecurity Analyst Join the retail team at Northstar Labs as a Cybersecurity Analyst. Your work supports cost optimization for a new product launch. You will investigate suspicious logs, triage security alerts, and document response procedures. Use Cybersecurity, Networking, Linux to deliver clear, documented work. Collaborate with a team of 16 across design and engineering. Success means well-tested, reusable outputs. This is a fictional demonstration listing; no employer receives applications. Cybersecurity Incident Response Linux Networking SIEM Python Splunk Wireshark"
SYN-0113,onsite,False,Cloud Engineer,Nexa Works,Chennai,Tamil Nadu,1290000,1540000,3.0,6.0,"[""AWS"", ""Docker"", ""Linux"", ""Networking""]","[""Azure"", ""Kubernetes"", ""Monitoring"", ""Terraform""]",BTech,Manufacturing,Full-time,"Join the manufacturing team at Nexa Works as a Cloud Engineer. Your work supports regional expansion for regional service teams. You will operate cloud infrastructure, automate infrastructure changes, and improve deployment reliability. Use AWS, Linux, Networking to deliver clear, documented work. Collaborate with a team of 18 across finance and strategy. Success means measurable quality improvements. This is a fictional demonstration listing; no employer receives applications.",4.5,2026-09-04,2026-11-15,True,"Cloud Engineer Join the manufacturing team at Nexa Works as a Cloud Engineer. Your work supports regional expansion for regional service teams. You will operate cloud infrastructure, automate infrastructure changes, and improve deployment reliability. Use AWS, Linux, Networking to deliver clear, documented work. Collaborate with a team of 18 across finance and strategy. Success means measurable quality improvements. This is a fictional demonstration listing; no employer receives applications. AWS Docker Linux Networking Azure Kubernetes Monitoring Terraform"
SYN-0114,onsite,False,Graphic Designer,Cobalt Labs,Ahmedabad,Gujarat,370000,620000,1.0,4.0,"[""Canva"", ""Illustrator"", ""Photoshop"", ""Typography""]","[""Branding"", ""Figma"", ""InDesign"", ""Video Editing""]",Diploma,Education,Contract,"Join the education team at Cobalt Labs as a Graphic Designer. Your work supports inventory accuracy for an expanding customer base. You will prepare print layouts, design campaign assets, and adapt creative for digital channels. Use Photoshop, Illustrator, Canva to deliver clear, documented work. Collaborate with a team of 13 across finance and strategy. Success means well-tested, reusable outputs. This is a fictional demonstration listing; no employer receives applications.",4.1,2026-09-25,2026-12-12,True,"Graphic Designer Join the education team at Cobalt Labs as a Graphic Designer. Your work supports inventory accuracy for an expanding customer base. You will prepare print layouts, design campaign assets, and adapt creative for digital channels. Use Photoshop, Illustrator, Canva to deliver clear, documented work. Collaborate with a team of 13 across finance and strategy. Success means well-tested, reusable outputs. This is a fictional demonstration listing; no employer receives applications. Canva Illustrator Photoshop Typography Branding Figma InDesign Video Editing"
SYN-0115,onsite,False,Marketing Analyst,Nimbus Labs,Patna,Bihar,460000,710000,1.0,2.0,"[""Campaign Analysis"", ""Communication"", ""Excel"", ""Google Analytics"", ""Market Research""]","[""A/B Testing"", ""SQL"", ""Tableau""]",BA,Education,Part-time,"Join the education team at Nimbus Labs as a Marketing Analyst. Your work supports cost optimization for weekly business reviews. You will measure marketing efficiency, segment customer audiences, and research competitor positioning. Use Excel, Market Research, Google Analytics to deliver clear, documented work. Collaborate with a team of 6 across design and engineering. Success means clear stakeholder communication. This is a fictional demonstration listing; no employer receives applications.",4.9,2026-09-02,2026-12-23,True,"Marketing Analyst Join the education team at Nimbus Labs as a Marketing Analyst. Your work supports cost optimization for weekly business reviews. You will measure marketing efficiency, segment customer audiences, and research competitor positioning. Use Excel, Market Research, Google Analytics to deliver clear, documented work. Collaborate with a team of 6 across design and engineering. Success means clear stakeholder communication. This is a fictional demonstration listing; no employer receives applications. Campaign Analysis Communication Excel Google Analytics Market Research A/B Testing SQL Tableau"
SYN-0116,remote,True,HR Analyst,Northstar Works,Remote,Remote,310000,560000,0,1.0,"[""Communication"", ""Excel"", ""HR Analytics"", ""Reporting""]","[""HRIS"", ""Payroll"", ""Power BI"", ""SQL""]",BA,Healthcare,Full-time,"Join the healthcare team at Northstar Works as a HR Analyst. Your work supports subscription growth for regional service teams. You will monitor employee retention, audit HR data quality, and analyze workforce trends. Use Excel, HR Analytics, Communication to deliver clear, documented work. Collaborate with a team of 6 across design and engineering. Success means measurable quality improvements. This is a fictional demonstration listing; no employer receives applications.",4.8,2026-09-24,2026-11-16,True,"HR Analyst Join the healthcare team at Northstar Works as a HR Analyst. Your work supports subscription growth for regional service teams. You will monitor employee retention, audit HR data quality, and analyze workforce trends. Use Excel, HR Analytics, Communication to deliver clear, documented work. Collaborate with a team of 6 across design and engineering. Success means measurable quality improvements. This is a fictional demonstration listing; no employer receives applications. Communication Excel HR Analytics Reporting HRIS Payroll Power BI SQL"
SYN-0117,onsite,False,Business Intelligence Analyst,Nexa Partners,Kolkata,West Bengal,120000,240000,0,1.0,"[""Data Modeling"", ""Data Visualization"", ""Power BI"", ""SQL""]","[""DAX"", ""Excel"", ""Stakeholder Management"", ""Tableau""]",BSc,Logistics,Internship,"Join the logistics team at Nexa Partners as a Business Intelligence Analyst. Your work supports cost optimization for an expanding customer base. You will document reporting models, build self-service analytics, and define consistent KPI metrics. Use SQL, Power BI, Data Modeling to deliver clear, documented work. Collaborate with a team of 12 across customer success and sales. Success means well-tested, reusable outputs. This is a fictional demonstration listing; no employer receives applications.",4.6,2026-09-07,2026-10-31,True,"Business Intelligence Analyst Join the logistics team at Nexa Partners as a Business Intelligence Analyst. Your work supports cost optimization for an expanding customer base. You will document reporting models, build self-service analytics, and define consistent KPI metrics. Use SQL, Power BI, Data Modeling to deliver clear, documented work. Collaborate with a team of 12 across customer success and sales. Success means well-tested, reusable outputs. This is a fictional demonstration listing; no employer receives applications. Data Modeling Data Visualization Power BI SQL DAX Excel Stakeholder Management Tableau"
SYN-0118,onsite,False,Quality Assurance Analyst,Orbit Systems,Bangalore,Karnataka,310000,560000,1.0,3.0,"[""Communication"", ""Jira"", ""Problem Solving"", ""Quality Assurance"", ""SQL""]","[""Agile"", ""Python"", ""REST API""]",Diploma,Logistics,Contract,"Join the logistics team at Orbit Systems as a Quality Assurance Analyst. Your work supports regional expansion for a new product launch. You will design test scenarios, reproduce reported defects, and verify data integrity. Use Quality Assurance, SQL, Communication to deliver clear, documented work. Collaborate with a team of 10 across design and engineering. Success means measurable quality improvements. This is a fictional demonstration listing; no employer receives applications.",4.7,2026-08-29,2026-10-29,True,"Quality Assurance Analyst Join the logistics team at Orbit Systems as a Quality Assurance Analyst. Your work supports regional expansion for a new product launch. You will design test scenarios, reproduce reported defects, and verify data integrity. Use Quality Assurance, SQL, Communication to deliver clear, documented work. Collaborate with a team of 10 across design and engineering. Success means measurable quality improvements. This is a fictional demonstration listing; no employer receives applications. Communication Jira Problem Solving Quality Assurance SQL Agile Python REST API"
SYN-0119,onsite,False,UX Researcher,Orbit Partners,Hyderabad,Telangana,630000,880000,1.0,2.0,"[""Communication"", ""Figma"", ""Prototyping"", ""UX Research""]","[""A/B Testing"", ""Accessibility"", ""Presentation"", ""UI Design""]",BA,Media,Full-time,"Join the media team at Orbit Partners as a UX Researcher. Your work supports service efficiency for an expanding customer base. You will validate interface prototypes, synthesize research findings, and conduct usability sessions. Use UX Research, Figma, Communication to deliver clear, documented work. Collaborate with a team of 9 across product and operations. Success means measurable quality improvements. This is a fictional demonstration listing; no employer receives applications.",3.2,2026-08-28,2026-10-26,True,"UX Researcher Join the media team at Orbit Partners as a UX Researcher. Your work supports service efficiency for an expanding customer base. You will validate interface prototypes, synthesize research findings, and conduct usability sessions. Use UX Research, Figma, Communication to deliver clear, documented work. Collaborate with a team of 9 across product and operations. Success means measurable quality improvements. This is a fictional demonstration listing; no employer receives applications. Communication Figma Prototyping UX Research A/B Testing Accessibility Presentation UI Design"
SYN-0120,onsite,False,Data Engineer,Cobalt Systems,Delhi,Delhi,560000,810000,0,2.0,"[""Data Modeling"", ""ETL"", ""PostgreSQL"", ""Python"", ""SQL""]","[""AWS"", ""Azure"", ""Databricks"", ""Spark""]",BTech,Finance,Part-time,"Join the finance team at Cobalt Systems as a Data Engineer. Your work supports customer experience for weekly business reviews. You will monitor dataset freshness, enforce data quality contracts, and build ingestion pipelines. Use Python, SQL, ETL to deliver clear, documented work. Collaborate with a team of 18 across finance and strategy. Success means measurable quality improvements. This is a fictional demonstration listing; no employer receives applications.",4.4,2026-09-21,2026-10-26,True,"Data Engineer Join the finance team at Cobalt Systems as a Data Engineer. Your work supports customer experience for weekly business reviews. You will monitor dataset freshness, enforce data quality contracts, and build ingestion pipelines. Use Python, SQL, ETL to deliver clear, documented work. Collaborate with a team of 18 across finance and strategy. Success means measurable quality improvements. This is a fictional demonstration listing; no employer receives applications. Data Modeling ETL PostgreSQL Python SQL AWS Azure Databricks Spark"
SYN-0121,onsite,False,Data Analyst,Riverstone Labs,Gurugram,Haryana,490000,740000,2.0,4.0,"[""Data Cleaning"", ""ETL"", ""Excel"", ""Power BI"", ""Python"", ""SQL"", ""Statistics""]","[""DAX"", ""Pandas"", ""Presentation"", ""Tableau""]",Diploma,Logistics,Full-time,"Join the logistics team at Riverstone Labs as a Data Analyst. Your work supports subscription growth for a new product launch. You will explain customer retention, analyze sales funnels, and build weekly KPI dashboards. Use SQL, Excel, Python to deliver clear, documented work. Collaborate with a team of 16 across customer success and sales. Success means clear stakeholder communication. This is a fictional demonstration listing; no employer receives applications.",3.6,2026-09-16,2026-11-30,True,"Data Analyst Join the logistics team at Riverstone Labs as a Data Analyst. Your work supports subscription growth for a new product launch. You will explain customer retention, analyze sales funnels, and build weekly KPI dashboards. Use SQL, Excel, Python to deliver clear, documented work. Collaborate with a team of 16 across customer success and sales. Success means clear stakeholder communication. This is a fictional demonstration listing; no employer receives applications. Data Cleaning ETL Excel Power BI Python SQL Statistics DAX Pandas Presentation Tableau"
SYN-0122,onsite,False,Business Analyst,Bluepeak Partners,Mumbai,Maharashtra,670000,920000,3.0,4.0,"[""Business Analysis"", ""Communication"", ""Excel"", ""Requirements Gathering"", ""SQL""]","[""Agile"", ""Jira"", ""Process Improvement"", ""Tableau""]",BA,Logistics,Full-time,"Join the logistics team at Bluepeak Partners as a Business Analyst. Your work supports service efficiency for regional service teams. You will interview stakeholders, document business requirements, and map operational workflows. Use SQL, Excel, Business Analysis to deliver clear, documented work. Collaborate with a team of 18 across product and operations. Success means well-tested, reusable outputs. This is a fictional demonstration listing; no employer receives applications.",4.5,2026-09-25,2026-12-13,True,"Business Analyst Join the logistics team at Bluepeak Partners as a Business Analyst. Your work supports service efficiency for regional service teams. You will interview stakeholders, document business requirements, and map operational workflows. Use SQL, Excel, Business Analysis to deliver clear, documented work. Collaborate with a team of 18 across product and operations. Success means well-tested, reusable outputs. This is a fictional demonstration listing; no employer receives applications. Business Analysis Communication Excel Requirements Gathering SQL Agile Jira Process Improvement Tableau"
SYN-0123,onsite,False,Power BI Developer,Lumina Systems,Pune,Maharashtra,680000,800000,2.0,4.0,"[""Data Modeling"", ""DAX"", ""Power BI"", ""Power Query"", ""SQL""]","[""Azure"", ""Dashboard Design"", ""ETL"", ""Excel""]",BTech,Logistics,Full-time,"Join the logistics team at Lumina Systems as a Power BI Developer. Your work supports customer experience for an expanding customer base. You will reconcile reporting metrics, publish operational dashboards, and design dimensional models. Use Power BI, DAX, SQL to deliver clear, documented work. Collaborate with a team of 11 across customer success and sales. Success means reliable weekly delivery. This is a fictional demonstration listing; no employer receives applications.",4.4,2026-09-30,2026-12-31,True,"Power BI Developer Join the logistics team at Lumina Systems as a Power BI Developer. Your work supports customer experience for an expanding customer base. You will reconcile reporting metrics, publish operational dashboards, and design dimensional models. Use Power BI, DAX, SQL to deliver clear, documented work. Collaborate with a team of 11 across customer success and sales. Success means reliable weekly delivery. This is a fictional demonstration listing; no employer receives applications. Data Modeling DAX Power BI Power Query SQL Azure Dashboard Design ETL Excel"
SYN-0124,onsite,False,MIS Executive,Cobalt Solutions,Chennai,Tamil Nadu,120000,300000,0,1.0,"[""Communication"", ""Data Cleaning"", ""Excel"", ""Power BI"", ""Reporting""]","[""Advanced Excel"", ""Excel VBA"", ""SQL""]",12th,Finance,Internship,"Join the finance team at Cobalt Solutions as a MIS Executive. Your work supports service efficiency for a cross-functional transformation program. You will prepare management summaries, reconcile inventory records, and maintain daily reports. Use Excel, Reporting, Data Cleaning to deliver clear, documented work. Collaborate with a team of 4 across customer success and sales. Success means measurable quality improvements. This is a fictional demonstration listing; no employer receives applications.",4.1,2026-09-01,2026-10-28,True,"MIS Executive Join the finance team at Cobalt Solutions as a MIS Executive. Your work supports service efficiency for a cross-functional transformation program. You will prepare management summaries, reconcile inventory records, and maintain daily reports. Use Excel, Reporting, Data Cleaning to deliver clear, documented work. Collaborate with a team of 4 across customer success and sales. Success means measurable quality improvements. This is a fictional demonstration listing; no employer receives applications. Communication Data Cleaning Excel Power BI Reporting Advanced Excel Excel VBA SQL"
SYN-0125,onsite,False,SQL Developer,Juniper Works,Ahmedabad,Gujarat,860000,1210000,5.0,6.0,"[""Database Design"", ""ETL"", ""PostgreSQL"", ""SQL""]","[""Advanced SQL"", ""Git"", ""Python"", ""SQL Server""]",BCA,Logistics,Full-time,"Join the logistics team at Juniper Works as a SQL Developer. Your work supports customer experience for a cross-functional transformation program. You will audit data consistency, design warehouse tables, and optimize database queries. Use SQL, PostgreSQL, Database Design to deliver clear, documented work. Collaborate with a team of 14 across product and operations. Success means clear stakeholder communication. This is a fictional demonstration listing; no employer receives applications.",3.4,2026-09-19,2026-11-04,True,"SQL Developer Join the logistics team at Juniper Works as a SQL Developer. Your work supports customer experience for a cross-functional transformation program. You will audit data consistency, design warehouse tables, and optimize database queries. Use SQL, PostgreSQL, Database Design to deliver clear, documented work. Collaborate with a team of 14 across product and operations. Success means clear stakeholder communication. This is a fictional demonstration listing; no employer receives applications. Database Design ETL PostgreSQL SQL Advanced SQL Git Python SQL Server"
SYN-0126,onsite,False,Python Developer,Aster Works,Patna,Bihar,440000,620000,0,3.0,"[""Flask"", ""Git"", ""Python"", ""REST API"", ""SQL""]","[""Django"", ""Docker"", ""FastAPI"", ""Linux""]",Diploma,Retail,Full-time,"Join the retail team at Aster Works as a Python Developer. Your work supports service efficiency for an expanding customer base. You will write integration tests, build backend APIs, and maintain internal automation. Use Python, Flask, SQL to deliver clear, documented work. Collaborate with a team of 11 across customer success and sales. Success means well-tested, reusable outputs. This is a fictional demonstration listing; no employer receives applications.",4.5,2026-09-28,2026-12-13,True,"Python Developer Join the retail team at Aster Works as a Python Developer. Your work supports service efficiency for an expanding customer base. You will write integration tests, build backend APIs, and maintain internal automation. Use Python, Flask, SQL to deliver clear, documented work. Collaborate with a team of 11 across customer success and sales. Success means well-tested, reusable outputs. This is a fictional demonstration listing; no employer receives applications. Flask Git Python REST API SQL Django Docker FastAPI Linux"
SYN-0127,remote,True,Junior Data Scientist,Riverstone Partners,Remote,Remote,750000,1000000,1.0,2.0,"[""Machine Learning"", ""Pandas"", ""Python"", ""Scikit-learn"", ""SQL"", ""Statistics""]","[""A/B Testing"", ""Feature Engineering"", ""NLP""]",BSc,Healthcare,Full-time,"Join the healthcare team at Riverstone Partners as a Junior Data Scientist. Your work supports customer experience for weekly business reviews. You will evaluate classification models, prepare experimentation datasets, and explain model errors. Use Python, Statistics, Machine Learning to deliver clear, documented work. Collaborate with a team of 13 across product and operations. Success means measurable quality improvements. This is a fictional demonstration listing; no employer receives applications.",4.0,2026-09-06,2026-10-25,True,"Junior Data Scientist Join the healthcare team at Riverstone Partners as a Junior Data Scientist. Your work supports customer experience for weekly business reviews. You will evaluate classification models, prepare experimentation datasets, and explain model errors. Use Python, Statistics, Machine Learning to deliver clear, documented work. Collaborate with a team of 13 across product and operations. Success means measurable quality improvements. This is a fictional demonstration listing; no employer receives applications. Machine Learning Pandas Python Scikit-learn SQL Statistics A/B Testing Feature Engineering NLP"
SYN-0128,onsite,False,Machine Learning Engineer,Vantage Works,Kolkata,West Bengal,710000,1060000,0,3.0,"[""Docker"", ""Machine Learning"", ""Model Evaluation"", ""Python"", ""Scikit-learn""]","[""AWS"", ""MLOps"", ""PyTorch"", ""TensorFlow""]",BTech,Education,Full-time,"Join the education team at Vantage Works as a Machine Learning Engineer. Your work supports cost optimization for a cross-functional transformation program. You will optimize inference workloads, build reproducible ML pipelines, and serve prediction models. Use Python, Machine Learning, Scikit-learn to deliver clear, documented work. Collaborate with a team of 10 across product and operations. Success means well-tested, reusable outputs. This is a fictional demonstration listing; no employer receives applications.",4.0,2026-09-10,2026-10-29,True,"Machine Learning Engineer Join the education team at Vantage Works as a Machine Learning Engineer. Your work supports cost optimization for a cross-functional transformation program. You will optimize inference workloads, build reproducible ML pipelines, and serve prediction models. Use Python, Machine Learning, Scikit-learn to deliver clear, documented work. Collaborate with a team of 10 across product and operations. Success means well-tested, reusable outputs. This is a fictional demonstration listing; no employer receives applications. Docker Machine Learning Model Evaluation Python Scikit-learn AWS MLOps PyTorch TensorFlow"
SYN-0129,onsite,False,Software Developer,Vantage Labs,Bangalore,Karnataka,180000,530000,0,1.0,"[""Algorithms"", ""Git"", ""Java"", ""OOP"", ""SQL""]","[""Agile"", ""Docker"", ""Python"", ""REST API""]",BTech,Finance,Internship,"Join the finance team at Vantage Labs as a Software Developer. Your work supports quality improvement for an expanding customer base. You will review maintainable code, improve automated testing, and resolve production defects. Use Java, SQL, Git to deliver clear, documented work. Collaborate with a team of 15 across customer success and sales. Success means clear stakeholder communication. This is a fictional demonstration listing; no employer receives applications.",3.8,2026-09-19,2026-12-24,True,"Software Developer Join the finance team at Vantage Labs as a Software Developer. Your work supports quality improvement for an expanding customer base. You will review maintainable code, improve automated testing, and resolve production defects. Use Java, SQL, Git to deliver clear, documented work. Collaborate with a team of 15 across customer success and sales. Success means clear stakeholder communication. This is a fictional demonstration listing; no employer receives applications. Algorithms Git Java OOP SQL Agile Docker Python REST API"
SYN-0130,onsite,False,Web Developer,Lumina Systems,Hyderabad,Telangana,480000,730000,2.0,5.0,"[""Bootstrap"", ""CSS"", ""Git"", ""HTML"", ""JavaScript"", ""React""]","[""Accessibility"", ""Node.js"", ""TypeScript""]",Diploma,Media,Full-time,"Join the media team at Lumina Systems as a Web Developer. Your work supports inventory accuracy for a cross-functional transformation program. You will build accessible interfaces, integrate REST APIs, and optimize page performance. Use HTML, CSS, JavaScript to deliver clear, documented work. Collaborate with a team of 5 across product and operations. Success means reliable weekly delivery. This is a fictional demonstration listing; no employer receives applications.",4.6,2026-09-22,2026-11-18,True,"Web Developer Join the media team at Lumina Systems as a Web Developer. Your work supports inventory accuracy for a cross-functional transformation program. You will build accessible interfaces, integrate REST APIs, and optimize page performance. Use HTML, CSS, JavaScript to deliver clear, documented work. Collaborate with a team of 5 across product and operations. Success means reliable weekly delivery. This is a fictional demonstration listing; no employer receives applications. Bootstrap CSS Git HTML JavaScript React Accessibility Node.js TypeScript"
SYN-0131,onsite,False,Digital Marketing Analyst,Northstar Works,Delhi,Delhi,320000,570000,1.0,3.0,"[""Digital Marketing"", ""Excel"", ""Google Analytics"", ""SEO""]","[""Campaign Analysis"", ""Google Ads"", ""Power BI"", ""SQL""]",BA,Retail,Full-time,"Join the retail team at Northstar Works as a Digital Marketing Analyst. Your work supports service efficiency for a cross-functional transformation program. You will audit acquisition channels, measure campaign conversion, and build attribution reports. Use Google Analytics, SEO, Excel to deliver clear, documented work. Collaborate with a team of 14 across customer success and sales. Success means reliable weekly delivery. This is a fictional demonstration listing; no employer receives applications.",4.1,2026-09-19,2026-11-24,True,"Digital Marketing Analyst Join the retail team at Northstar Works as a Digital Marketing Analyst. Your work supports service efficiency for a cross-functional transformation program. You will audit acquisition channels, measure campaign conversion, and build attribution reports. Use Google Analytics, SEO, Excel to deliver clear, documented work. Collaborate with a team of 14 across customer success and sales. Success means reliable weekly delivery. This is a fictional demonstration listing; no employer receives applications. Digital Marketing Excel Google Analytics SEO Campaign Analysis Google Ads Power BI SQL"
SYN-0132,onsite,False,SEO Analyst,Prism Systems,Noida,Uttar Pradesh,570000,750000,5.0,7.0,"[""Content Marketing"", ""Excel"", ""Google Analytics"", ""SEO""]","[""Copywriting"", ""HTML"", ""Market Research"", ""SEM""]",12th,Logistics,Full-time,"Join the logistics team at Prism Systems as a SEO Analyst. Your work supports regional expansion for an expanding customer base. You will research search demand, improve technical SEO checks, and audit site content. Use SEO, Google Analytics, Content Marketing to deliver clear, documented work. Collaborate with a team of 9 across design and engineering. Success means well-tested, reusable outputs. This is a fictional demonstration listing; no employer receives applications.",3.4,2026-09-18,2026-12-24,True,"SEO Analyst Join the logistics team at Prism Systems as a SEO Analyst. Your work supports regional expansion for an expanding customer base. You will research search demand, improve technical SEO checks, and audit site content. Use SEO, Google Analytics, Content Marketing to deliver clear, documented work. Collaborate with a team of 9 across design and engineering. Success means well-tested, reusable outputs. This is a fictional demonstration listing; no employer receives applications. Content Marketing Excel Google Analytics SEO Copywriting HTML Market Research SEM"
SYN-0133,onsite,False,Customer Support Executive,Cedar Solutions,Gurugram,Haryana,120000,300000,0,2.0,"[""Communication"", ""CRM"", ""Customer Support"", ""Email Support"", ""Ticketing""]","[""Chat Support"", ""Conflict Resolution"", ""Zendesk""]",12th,Media,Internship,"Join the media team at Cedar Solutions as a Customer Support Executive. Your work supports quality improvement for a new product launch. You will maintain accurate case notes, identify recurring service problems, and meet response time targets. Use Customer Support, Communication, CRM to deliver clear, documented work. Collaborate with a team of 10 across customer success and sales. Success means well-tested, reusable outputs. This is a fictional demonstration listing; no employer receives applications.",4.7,2026-08-29,2026-12-22,True,"Customer Support Executive Join the media team at Cedar Solutions as a Customer Support Executive. Your work supports quality improvement for a new product launch. You will maintain accurate case notes, identify recurring service problems, and meet response time targets. Use Customer Support, Communication, CRM to deliver clear, documented work. Collaborate with a team of 10 across customer success and sales. Success means well-tested, reusable outputs. This is a fictional demonstration listing; no employer receives applications. Communication CRM Customer Support Email Support Ticketing Chat Support Conflict Resolution Zendesk"
SYN-0134,onsite,False,Operations Analyst,Bluepeak Systems,Mumbai,Maharashtra,690000,870000,4.0,7.0,"[""Excel"", ""Operations"", ""Process Improvement"", ""SQL""]","[""Forecasting"", ""Inventory Management"", ""Power BI"", ""Supply Chain""]",BA,Education,Full-time,"Join the education team at Bluepeak Systems as a Operations Analyst. Your work supports regional expansion for a cross-functional transformation program. You will identify process bottlenecks, analyze fulfillment delays, and plan operational capacity. Use Excel, SQL, Operations to deliver clear, documented work. Collaborate with a team of 13 across customer success and sales. Success means clear stakeholder communication. This is a fictional demonstration listing; no employer receives applications.",3.8,2026-09-27,2026-11-08,True,"Operations Analyst Join the education team at Bluepeak Systems as a Operations Analyst. Your work supports regional expansion for a cross-functional transformation program. You will identify process bottlenecks, analyze fulfillment delays, and plan operational capacity. Use Excel, SQL, Operations to deliver clear, documented work. Collaborate with a team of 13 across customer success and sales. Success means clear stakeholder communication. This is a fictional demonstration listing; no employer receives applications. Excel Operations Process Improvement SQL Forecasting Inventory Management Power BI Supply Chain"
SYN-0135,onsite,False,Financial Analyst,Evergreen Labs,Pune,Maharashtra,420000,670000,1.0,2.0,"[""Accounting"", ""Excel"", ""Financial Analysis"", ""Financial Modeling""]","[""Budgeting"", ""Power BI"", ""SQL"", ""Valuation""]",BCom,Education,Full-time,"Join the education team at Evergreen Labs as a Financial Analyst. Your work supports subscription growth for a cross-functional transformation program. You will validate financial assumptions, analyze monthly cash flow, and prepare budget variance reports. Use Excel, Financial Analysis, Accounting to deliver clear, documented work. Collaborate with a team of 16 across design and engineering. Success means clear stakeholder communication. This is a fictional demonstration listing; no employer receives applications.",3.7,2026-08-30,2026-12-24,True,"Financial Analyst Join the education team at Evergreen Labs as a Financial Analyst. Your work supports subscription growth for a cross-functional transformation program. You will validate financial assumptions, analyze monthly cash flow, and prepare budget variance reports. Use Excel, Financial Analysis, Accounting to deliver clear, documented work. Collaborate with a team of 16 across design and engineering. Success means clear stakeholder communication. This is a fictional demonstration listing; no employer receives applications. Accounting Excel Financial Analysis Financial Modeling Budgeting Power BI SQL Valuation"
SYN-0136,onsite,False,Cybersecurity Analyst,Prism Labs,Chennai,Tamil Nadu,470000,590000,0,3.0,"[""Cybersecurity"", ""Linux"", ""Networking"", ""SIEM"", ""Wireshark""]","[""Incident Response"", ""Python"", ""Splunk""]",BTech,Manufacturing,Contract,"Join the manufacturing team at Prism Labs as a Cybersecurity Analyst. Your work supports quality improvement for an expanding customer base. You will investigate suspicious logs, document response procedures, and assess infrastructure vulnerabilities. Use Cybersecurity, Networking, Linux to deliver clear, documented work. Collaborate with a team of 7 across design and engineering. Success means reliable weekly delivery. This is a fictional demonstration listing; no employer receives applications.",4.2,2026-10-05,2026-11-28,True,"Cybersecurity Analyst Join the manufacturing team at Prism Labs as a Cybersecurity Analyst. Your work supports quality improvement for an expanding customer base. You will investigate suspicious logs, document response procedures, and assess infrastructure vulnerabilities. Use Cybersecurity, Networking, Linux to deliver clear, documented work. Collaborate with a team of 7 across design and engineering. Success means reliable weekly delivery. This is a fictional demonstration listing; no employer receives applications. Cybersecurity Linux Networking SIEM Wireshark Incident Response Python Splunk"
SYN-0137,onsite,False,Cloud Engineer,Bluepeak Solutions,Ahmedabad,Gujarat,580000,930000,0,3.0,"[""AWS"", ""Docker"", ""Linux"", ""Networking""]","[""Azure"", ""Kubernetes"", ""Monitoring"", ""Terraform""]",BTech,Manufacturing,Part-time,"Join the manufacturing team at Bluepeak Solutions as a Cloud Engineer. Your work supports service efficiency for regional service teams. You will operate cloud infrastructure, improve deployment reliability, and monitor system capacity. Use AWS, Linux, Networking to deliver clear, documented work. Collaborate with a team of 5 across customer success and sales. Success means measurable quality improvements. This is a fictional demonstration listing; no employer receives applications.",3.4,2026-09-13,2026-11-14,True,"Cloud Engineer Join the manufacturing team at Bluepeak Solutions as a Cloud Engineer. Your work supports service efficiency for regional service teams. You will operate cloud infrastructure, improve deployment reliability, and monitor system capacity. Use AWS, Linux, Networking to deliver clear, documented work. Collaborate with a team of 5 across customer success and sales. Success means measurable quality improvements. This is a fictional demonstration listing; no employer receives applications. AWS Docker Linux Networking Azure Kubernetes Monitoring Terraform"
SYN-0138,onsite,False,Graphic Designer,Evergreen Partners,Patna,Bihar,390000,510000,2.0,5.0,"[""Canva"", ""Illustrator"", ""Photoshop"", ""Typography""]","[""Branding"", ""Figma"", ""InDesign"", ""Video Editing""]",Diploma,Manufacturing,Full-time,"Join the manufacturing team at Evergreen Partners as a Graphic Designer. Your work supports digital transformation for regional service teams. You will prepare print layouts, adapt creative for digital channels, and maintain visual guidelines. Use Photoshop, Illustrator, Canva to deliver clear, documented work. Collaborate with a team of 14 across finance and strategy. Success means clear stakeholder communication. This is a fictional demonstration listing; no employer receives applications.",3.7,2026-09-29,2026-11-12,True,"Graphic Designer Join the manufacturing team at Evergreen Partners as a Graphic Designer. Your work supports digital transformation for regional service teams. You will prepare print layouts, adapt creative for digital channels, and maintain visual guidelines. Use Photoshop, Illustrator, Canva to deliver clear, documented work. Collaborate with a team of 14 across finance and strategy. Success means clear stakeholder communication. This is a fictional demonstration listing; no employer receives applications. Canva Illustrator Photoshop Typography Branding Figma InDesign Video Editing"
SYN-0139,remote,True,Marketing Analyst,Bluepeak Partners,Remote,Remote,840000,1090000,4.0,5.0,"[""A/B Testing"", ""Campaign Analysis"", ""Excel"", ""Google Analytics"", ""Market Research""]","[""Communication"", ""SQL"", ""Tableau""]",BA,Manufacturing,Full-time,"Join the manufacturing team at Bluepeak Partners as a Marketing Analyst. Your work supports quality improvement for an expanding customer base. You will segment customer audiences, measure marketing efficiency, and present customer insights. Use Excel, Market Research, Google Analytics to deliver clear, documented work. Collaborate with a team of 7 across product and operations. Success means well-tested, reusable outputs. This is a fictional demonstration listing; no employer receives applications.",4.6,2026-09-12,2026-12-30,True,"Marketing Analyst Join the manufacturing team at Bluepeak Partners as a Marketing Analyst. Your work supports quality improvement for an expanding customer base. You will segment customer audiences, measure marketing efficiency, and present customer insights. Use Excel, Market Research, Google Analytics to deliver clear, documented work. Collaborate with a team of 7 across product and operations. Success means well-tested, reusable outputs. This is a fictional demonstration listing; no employer receives applications. A/B Testing Campaign Analysis Excel Google Analytics Market Research Communication SQL Tableau"
SYN-0140,onsite,False,HR Analyst,Prism Solutions,Kolkata,West Bengal,470000,590000,2.0,4.0,"[""Communication"", ""Excel"", ""HR Analytics"", ""Reporting""]","[""HRIS"", ""Payroll"", ""Power BI"", ""SQL""]",BA,Retail,Part-time,"Join the retail team at Prism Solutions as a HR Analyst. Your work supports subscription growth for weekly business reviews. You will report recruitment efficiency, monitor employee retention, and analyze workforce trends. Use Excel, HR Analytics, Communication to deliver clear, documented work. Collaborate with a team of 7 across design and engineering. Success means measurable quality improvements. This is a fictional demonstration listing; no employer receives applications.",4.0,2026-09-09,2026-12-07,True,"HR Analyst Join the retail team at Prism Solutions as a HR Analyst. Your work supports subscription growth for weekly business reviews. You will report recruitment efficiency, monitor employee retention, and analyze workforce trends. Use Excel, HR Analytics, Communication to deliver clear, documented work. Collaborate with a team of 7 across design and engineering. Success means measurable quality improvements. This is a fictional demonstration listing; no employer receives applications. Communication Excel HR Analytics Reporting HRIS Payroll Power BI SQL"
SYN-0141,onsite,False,Business Intelligence Analyst,Evergreen Works,Bangalore,Karnataka,420000,770000,0,3.0,"[""Data Modeling"", ""Data Visualization"", ""Power BI"", ""SQL""]","[""DAX"", ""Excel"", ""Stakeholder Management"", ""Tableau""]",BSc,Manufacturing,Full-time,"Join the manufacturing team at Evergreen Works as a Business Intelligence Analyst. Your work supports digital transformation for weekly business reviews. You will translate business questions into dashboards, document reporting models, and define consistent KPI metrics. Use SQL, Power BI, Data Modeling to deliver clear, documented work. Collaborate with a team of 15 across product and operations. Success means reliable weekly delivery. This is a fictional demonstration listing; no employer receives applications.",3.4,2026-09-29,2026-11-16,True,"Business Intelligence Analyst Join the manufacturing team at Evergreen Works as a Business Intelligence Analyst. Your work supports digital transformation for weekly business reviews. You will translate business questions into dashboards, document reporting models, and define consistent KPI metrics. Use SQL, Power BI, Data Modeling to deliver clear, documented work. Collaborate with a team of 15 across product and operations. Success means reliable weekly delivery. This is a fictional demonstration listing; no employer receives applications. Data Modeling Data Visualization Power BI SQL DAX Excel Stakeholder Management Tableau"
SYN-0142,onsite,False,Quality Assurance Analyst,Maple Works,Hyderabad,Telangana,260000,610000,0,3.0,"[""Communication"", ""Jira"", ""Problem Solving"", ""Quality Assurance"", ""SQL""]","[""Agile"", ""Python"", ""REST API""]",Diploma,Manufacturing,Contract,"Join the manufacturing team at Maple Works as a Quality Assurance Analyst. Your work supports cost optimization for a cross-functional transformation program. You will design test scenarios, track release readiness, and reproduce reported defects. Use Quality Assurance, SQL, Communication to deliver clear, documented work. Collaborate with a team of 16 across customer success and sales. Success means measurable quality improvements. This is a fictional demonstration listing; no employer receives applications.",4.4,2026-09-26,2026-10-26,True,"Quality Assurance Analyst Join the manufacturing team at Maple Works as a Quality Assurance Analyst. Your work supports cost optimization for a cross-functional transformation program. You will design test scenarios, track release readiness, and reproduce reported defects. Use Quality Assurance, SQL, Communication to deliver clear, documented work. Collaborate with a team of 16 across customer success and sales. Success means measurable quality improvements. This is a fictional demonstration listing; no employer receives applications. Communication Jira Problem Solving Quality Assurance SQL Agile Python REST API"
SYN-0143,onsite,False,UX Researcher,Vantage Labs,Delhi,Delhi,470000,590000,1.0,2.0,"[""Communication"", ""Figma"", ""Prototyping"", ""UX Research""]","[""A/B Testing"", ""Accessibility"", ""Presentation"", ""UI Design""]",BA,Retail,Part-time,"Join the retail team at Vantage Labs as a UX Researcher. Your work supports digital transformation for a cross-functional transformation program. You will validate interface prototypes, conduct usability sessions, and present user journey insights. Use UX Research, Figma, Communication to deliver clear, documented work. Collaborate with a team of 10 across product and operations. Success means reliable weekly delivery. This is a fictional demonstration listing; no employer receives applications.",4.7,2026-10-02,2026-11-14,True,"UX Researcher Join the retail team at Vantage Labs as a UX Researcher. Your work supports digital transformation for a cross-functional transformation program. You will validate interface prototypes, conduct usability sessions, and present user journey insights. Use UX Research, Figma, Communication to deliver clear, documented work. Collaborate with a team of 10 across product and operations. Success means reliable weekly delivery. This is a fictional demonstration listing; no employer receives applications. Communication Figma Prototyping UX Research A/B Testing Accessibility Presentation UI Design"
SYN-0144,onsite,False,Data Engineer,Northstar Works,Noida,Uttar Pradesh,910000,1090000,2.0,5.0,"[""Data Modeling"", ""ETL"", ""PostgreSQL"", ""Python"", ""SQL""]","[""AWS"", ""Azure"", ""Databricks"", ""Spark""]",BTech,Logistics,Full-time,"Join the logistics team at Northstar Works as a Data Engineer. Your work supports inventory accuracy for an expanding customer base. You will monitor dataset freshness, design analytical storage, and build ingestion pipelines. Use Python, SQL, ETL to deliver clear, documented work. Collaborate with a team of 17 across product and operations. Success means well-tested, reusable outputs. This is a fictional demonstration listing; no employer receives applications.",4.5,2026-10-04,2026-11-02,True,"Data Engineer Join the logistics team at Northstar Works as a Data Engineer. Your work supports inventory accuracy for an expanding customer base. You will monitor dataset freshness, design analytical storage, and build ingestion pipelines. Use Python, SQL, ETL to deliver clear, documented work. Collaborate with a team of 17 across product and operations. Success means well-tested, reusable outputs. This is a fictional demonstration listing; no employer receives applications. Data Modeling ETL PostgreSQL Python SQL AWS Azure Databricks Spark"
SYN-0145,onsite,False,Data Analyst,Maple Solutions,Mumbai,Maharashtra,370000,720000,1.0,2.0,"[""Data Cleaning"", ""Excel"", ""Pandas"", ""Power BI"", ""Python"", ""SQL"", ""Statistics""]","[""DAX"", ""ETL"", ""Presentation"", ""Tableau""]",Diploma,Education,Full-time,"Join the education team at Maple Solutions as a Data Analyst. Your work supports regional expansion for weekly business reviews. You will validate transaction data, build weekly KPI dashboards, and analyze sales funnels. Use SQL, Excel, Python to deliver clear, documented work. Collaborate with a team of 8 across customer success and sales. Success means measurable quality improvements. This is a fictional demonstration listing; no employer receives applications.",3.6,2026-09-16,2026-12-25,True,"Data Analyst Join the education team at Maple Solutions as a Data Analyst. Your work supports regional expansion for weekly business reviews. You will validate transaction data, build weekly KPI dashboards, and analyze sales funnels. Use SQL, Excel, Python to deliver clear, documented work. Collaborate with a team of 8 across customer success and sales. Success means measurable quality improvements. This is a fictional demonstration listing; no employer receives applications. Data Cleaning Excel Pandas Power BI Python SQL Statistics DAX ETL Presentation Tableau"
SYN-0146,onsite,False,Business Analyst,Riverstone Partners,Pune,Maharashtra,590000,770000,2.0,4.0,"[""Business Analysis"", ""Communication"", ""Excel"", ""Requirements Gathering"", ""SQL""]","[""Agile"", ""Jira"", ""Process Improvement"", ""Tableau""]",BA,Finance,Full-time,"Join the finance team at Riverstone Partners as a Business Analyst. Your work supports service efficiency for a new product launch. You will map operational workflows, evaluate product changes, and document business requirements. Use SQL, Excel, Business Analysis to deliver clear, documented work. Collaborate with a team of 13 across design and engineering. Success means measurable quality improvements. This is a fictional demonstration listing; no employer receives applications.",3.7,2026-09-30,2026-11-26,True,"Business Analyst Join the finance team at Riverstone Partners as a Business Analyst. Your work supports service efficiency for a new product launch. You will map operational workflows, evaluate product changes, and document business requirements. Use SQL, Excel, Business Analysis to deliver clear, documented work. Collaborate with a team of 13 across design and engineering. Success means measurable quality improvements. This is a fictional demonstration listing; no employer receives applications. Business Analysis Communication Excel Requirements Gathering SQL Agile Jira Process Improvement Tableau"
SYN-0147,onsite,False,Power BI Developer,Orbit Labs,Chennai,Tamil Nadu,520000,870000,0,1.0,"[""Data Modeling"", ""DAX"", ""Power BI"", ""Power Query"", ""SQL""]","[""Azure"", ""Dashboard Design"", ""ETL"", ""Excel""]",BTech,Technology,Full-time,"Join the technology team at Orbit Labs as a Power BI Developer. Your work supports inventory accuracy for weekly business reviews. You will publish operational dashboards, optimize DAX measures, and reconcile reporting metrics. Use Power BI, DAX, SQL to deliver clear, documented work. Collaborate with a team of 13 across design and engineering. Success means measurable quality improvements. This is a fictional demonstration listing; no employer receives applications.",4.2,2026-09-16,2026-12-07,True,"Power BI Developer Join the technology team at Orbit Labs as a Power BI Developer. Your work supports inventory accuracy for weekly business reviews. You will publish operational dashboards, optimize DAX measures, and reconcile reporting metrics. Use Power BI, DAX, SQL to deliver clear, documented work. Collaborate with a team of 13 across design and engineering. Success means measurable quality improvements. This is a fictional demonstration listing; no employer receives applications. Data Modeling DAX Power BI Power Query SQL Azure Dashboard Design ETL Excel"
SYN-0148,onsite,False,MIS Executive,Prism Partners,Ahmedabad,Gujarat,120000,240000,0,2.0,"[""Communication"", ""Data Cleaning"", ""Excel"", ""Power BI"", ""Reporting""]","[""Advanced Excel"", ""Excel VBA"", ""SQL""]",12th,Manufacturing,Internship,"Join the manufacturing team at Prism Partners as a MIS Executive. Your work supports customer experience for weekly business reviews. You will automate spreadsheet checks, reconcile inventory records, and maintain daily reports. Use Excel, Reporting, Data Cleaning to deliver clear, documented work. Collaborate with a team of 15 across design and engineering. Success means well-tested, reusable outputs. This is a fictional demonstration listing; no employer receives applications.",3.5,2026-09-10,2026-11-05,True,"MIS Executive Join the manufacturing team at Prism Partners as a MIS Executive. Your work supports customer experience for weekly business reviews. You will automate spreadsheet checks, reconcile inventory records, and maintain daily reports. Use Excel, Reporting, Data Cleaning to deliver clear, documented work. Collaborate with a team of 15 across design and engineering. Success means well-tested, reusable outputs. This is a fictional demonstration listing; no employer receives applications. Communication Data Cleaning Excel Power BI Reporting Advanced Excel Excel VBA SQL"
SYN-0149,onsite,False,SQL Developer,Vantage Partners,Patna,Bihar,850000,970000,3.0,4.0,"[""Database Design"", ""ETL"", ""PostgreSQL"", ""SQL""]","[""Advanced SQL"", ""Git"", ""Python"", ""SQL Server""]",BCA,Education,Full-time,"Join the education team at Vantage Partners as a SQL Developer. Your work supports digital transformation for weekly business reviews. You will build scheduled data pipelines, design warehouse tables, and audit data consistency. Use SQL, PostgreSQL, Database Design to deliver clear, documented work. Collaborate with a team of 13 across design and engineering. Success means well-tested, reusable outputs. This is a fictional demonstration listing; no employer receives applications.",4.1,2026-09-25,2026-11-26,True,"SQL Developer Join the education team at Vantage Partners as a SQL Developer. Your work supports digital transformation for weekly business reviews. You will build scheduled data pipelines, design warehouse tables, and audit data consistency. Use SQL, PostgreSQL, Database Design to deliver clear, documented work. Collaborate with a team of 13 across design and engineering. Success means well-tested, reusable outputs. This is a fictional demonstration listing; no employer receives applications. Database Design ETL PostgreSQL SQL Advanced SQL Git Python SQL Server"
SYN-0150,remote,True,Python Developer,Lumina Partners,Remote,Remote,750000,1000000,2.0,4.0,"[""Flask"", ""Git"", ""Python"", ""REST API"", ""SQL""]","[""Django"", ""Docker"", ""FastAPI"", ""Linux""]",Diploma,Education,Full-time,"Join the education team at Lumina Partners as a Python Developer. Your work supports regional expansion for a cross-functional transformation program. You will build backend APIs, improve service reliability, and maintain internal automation. Use Python, Flask, SQL to deliver clear, documented work. Collaborate with a team of 4 across product and operations. Success means clear stakeholder communication. This is a fictional demonstration listing; no employer receives applications.",4.1,2026-08-31,2027-01-04,True,"Python Developer Join the education team at Lumina Partners as a Python Developer. Your work supports regional expansion for a cross-functional transformation program. You will build backend APIs, improve service reliability, and maintain internal automation. Use Python, Flask, SQL to deliver clear, documented work. Collaborate with a team of 4 across product and operations. Success means clear stakeholder communication. This is a fictional demonstration listing; no employer receives applications. Flask Git Python REST API SQL Django Docker FastAPI Linux"
SYN-0151,onsite,False,Junior Data Scientist,Northstar Works,Kolkata,West Bengal,180000,300000,0,1.0,"[""Machine Learning"", ""NLP"", ""Pandas"", ""Python"", ""SQL"", ""Statistics""]","[""A/B Testing"", ""Feature Engineering"", ""Scikit-learn""]",BSc,Healthcare,Internship,"Join the healthcare team at Northstar Works as a Junior Data Scientist. Your work supports service efficiency for regional service teams. You will evaluate classification models, prototype demand forecasts, and explain model errors. Use Python, Statistics, Machine Learning to deliver clear, documented work. Collaborate with a team of 16 across customer success and sales. Success means clear stakeholder communication. This is a fictional demonstration listing; no employer receives applications.",3.3,2026-09-22,2026-11-28,True,"Junior Data Scientist Join the healthcare team at Northstar Works as a Junior Data Scientist. Your work supports service efficiency for regional service teams. You will evaluate classification models, prototype demand forecasts, and explain model errors. Use Python, Statistics, Machine Learning to deliver clear, documented work. Collaborate with a team of 16 across customer success and sales. Success means clear stakeholder communication. This is a fictional demonstration listing; no employer receives applications. Machine Learning NLP Pandas Python SQL Statistics A/B Testing Feature Engineering Scikit-learn"
SYN-0152,onsite,False,Machine Learning Engineer,Cedar Systems,Bangalore,Karnataka,1100000,1350000,1.0,2.0,"[""Docker"", ""Machine Learning"", ""Model Evaluation"", ""Python"", ""Scikit-learn""]","[""AWS"", ""MLOps"", ""PyTorch"", ""TensorFlow""]",BTech,Media,Full-time,"Join the media team at Cedar Systems as a Machine Learning Engineer. Your work supports digital transformation for an expanding customer base. You will serve prediction models, monitor model drift, and optimize inference workloads. Use Python, Machine Learning, Scikit-learn to deliver clear, documented work. Collaborate with a team of 13 across customer success and sales. Success means well-tested, reusable outputs. This is a fictional demonstration listing; no employer receives applications.",3.8,2026-09-23,2026-12-10,True,"Machine Learning Engineer Join the media team at Cedar Systems as a Machine Learning Engineer. Your work supports digital transformation for an expanding customer base. You will serve prediction models, monitor model drift, and optimize inference workloads. Use Python, Machine Learning, Scikit-learn to deliver clear, documented work. Collaborate with a team of 13 across customer success and sales. Success means well-tested, reusable outputs. This is a fictional demonstration listing; no employer receives applications. Docker Machine Learning Model Evaluation Python Scikit-learn AWS MLOps PyTorch TensorFlow"
SYN-0153,onsite,False,Software Developer,Cedar Labs,Hyderabad,Telangana,620000,740000,1.0,4.0,"[""Algorithms"", ""Git"", ""Java"", ""OOP"", ""SQL""]","[""Agile"", ""Docker"", ""Python"", ""REST API""]",BTech,Retail,Contract,"Join the retail team at Cedar Labs as a Software Developer. Your work supports subscription growth for weekly business reviews. You will improve automated testing, review maintainable code, and implement service features. Use Java, SQL, Git to deliver clear, documented work. Collaborate with a team of 11 across product and operations. Success means reliable weekly delivery. This is a fictional demonstration listing; no employer receives applications.",4.9,2026-09-30,2026-12-05,True,"Software Developer Join the retail team at Cedar Labs as a Software Developer. Your work supports subscription growth for weekly business reviews. You will improve automated testing, review maintainable code, and implement service features. Use Java, SQL, Git to deliver clear, documented work. Collaborate with a team of 11 across product and operations. Success means reliable weekly delivery. This is a fictional demonstration listing; no employer receives applications. Algorithms Git Java OOP SQL Agile Docker Python REST API"
SYN-0154,onsite,False,Web Developer,Evergreen Solutions,Delhi,Delhi,120000,240000,0,3.0,"[""CSS"", ""Git"", ""HTML"", ""JavaScript"", ""React"", ""TypeScript""]","[""Accessibility"", ""Bootstrap"", ""Node.js""]",Diploma,Manufacturing,Internship,"Join the manufacturing team at Evergreen Solutions as a Web Developer. Your work supports regional expansion for an expanding customer base. You will create reusable UI components, build accessible interfaces, and optimize page performance. Use HTML, CSS, JavaScript to deliver clear, documented work. Collaborate with a team of 15 across design and engineering. Success means clear stakeholder communication. This is a fictional demonstration listing; no employer receives applications.",4.7,2026-10-04,2026-11-26,True,"Web Developer Join the manufacturing team at Evergreen Solutions as a Web Developer. Your work supports regional expansion for an expanding customer base. You will create reusable UI components, build accessible interfaces, and optimize page performance. Use HTML, CSS, JavaScript to deliver clear, documented work. Collaborate with a team of 15 across design and engineering. Success means clear stakeholder communication. This is a fictional demonstration listing; no employer receives applications. CSS Git HTML JavaScript React TypeScript Accessibility Bootstrap Node.js"
SYN-0155,onsite,False,Digital Marketing Analyst,Bluepeak Solutions,Noida,Uttar Pradesh,310000,490000,0,3.0,"[""Digital Marketing"", ""Excel"", ""Google Analytics"", ""SEO""]","[""Campaign Analysis"", ""Google Ads"", ""Power BI"", ""SQL""]",BA,Technology,Full-time,"Join the technology team at Bluepeak Solutions as a Digital Marketing Analyst. Your work supports subscription growth for an expanding customer base. You will audit acquisition channels, recommend landing page experiments, and build attribution reports. Use Google Analytics, SEO, Excel to deliver clear, documented work. Collaborate with a team of 4 across product and operations. Success means well-tested, reusable outputs. This is a fictional demonstration listing; no employer receives applications.",3.8,2026-09-24,2026-12-11,True,"Digital Marketing Analyst Join the technology team at Bluepeak Solutions as a Digital Marketing Analyst. Your work supports subscription growth for an expanding customer base. You will audit acquisition channels, recommend landing page experiments, and build attribution reports. Use Google Analytics, SEO, Excel to deliver clear, documented work. Collaborate with a team of 4 across product and operations. Success means well-tested, reusable outputs. This is a fictional demonstration listing; no employer receives applications. Digital Marketing Excel Google Analytics SEO Campaign Analysis Google Ads Power BI SQL"
SYN-0156,onsite,False,SEO Analyst,Aster Works,Gurugram,Haryana,120000,300000,0,2.0,"[""Content Marketing"", ""Excel"", ""Google Analytics"", ""SEO""]","[""Copywriting"", ""HTML"", ""Market Research"", ""SEM""]",12th,Media,Internship,"Join the media team at Aster Works as a SEO Analyst. Your work supports service efficiency for regional service teams. You will improve technical SEO checks, track organic conversions, and research search demand. Use SEO, Google Analytics, Content Marketing to deliver clear, documented work. Collaborate with a team of 13 across design and engineering. Success means reliable weekly delivery. This is a fictional demonstration listing; no employer receives applications.",4.2,2026-09-10,2026-11-28,True,"SEO Analyst Join the media team at Aster Works as a SEO Analyst. Your work supports service efficiency for regional service teams. You will improve technical SEO checks, track organic conversions, and research search demand. Use SEO, Google Analytics, Content Marketing to deliver clear, documented work. Collaborate with a team of 13 across design and engineering. Success means reliable weekly delivery. This is a fictional demonstration listing; no employer receives applications. Content Marketing Excel Google Analytics SEO Copywriting HTML Market Research SEM"
SYN-0157,onsite,False,Customer Support Executive,Orbit Works,Mumbai,Maharashtra,380000,730000,4.0,5.0,"[""Communication"", ""CRM"", ""Customer Support"", ""Email Support"", ""Ticketing""]","[""Chat Support"", ""Conflict Resolution"", ""Zendesk""]",12th,Manufacturing,Full-time,"Join the manufacturing team at Orbit Works as a Customer Support Executive. Your work supports service efficiency for regional service teams. You will meet response time targets, identify recurring service problems, and resolve customer tickets. Use Customer Support, Communication, CRM to deliver clear, documented work. Collaborate with a team of 4 across product and operations. Success means measurable quality improvements. This is a fictional demonstration listing; no employer receives applications.",4.8,2026-09-19,2026-12-08,True,"Customer Support Executive Join the manufacturing team at Orbit Works as a Customer Support Executive. Your work supports service efficiency for regional service teams. You will meet response time targets, identify recurring service problems, and resolve customer tickets. Use Customer Support, Communication, CRM to deliver clear, documented work. Collaborate with a team of 4 across product and operations. Success means measurable quality improvements. This is a fictional demonstration listing; no employer receives applications. Communication CRM Customer Support Email Support Ticketing Chat Support Conflict Resolution Zendesk"
SYN-0158,onsite,False,Operations Analyst,Cobalt Labs,Pune,Maharashtra,530000,880000,2.0,3.0,"[""Excel"", ""Operations"", ""Process Improvement"", ""SQL""]","[""Forecasting"", ""Inventory Management"", ""Power BI"", ""Supply Chain""]",BA,Manufacturing,Full-time,"Join the manufacturing team at Cobalt Labs as a Operations Analyst. Your work supports cost optimization for an expanding customer base. You will plan operational capacity, analyze fulfillment delays, and monitor service metrics. Use Excel, SQL, Operations to deliver clear, documented work. Collaborate with a team of 16 across product and operations. Success means clear stakeholder communication. This is a fictional demonstration listing; no employer receives applications.",3.7,2026-09-24,2026-12-26,True,"Operations Analyst Join the manufacturing team at Cobalt Labs as a Operations Analyst. Your work supports cost optimization for an expanding customer base. You will plan operational capacity, analyze fulfillment delays, and monitor service metrics. Use Excel, SQL, Operations to deliver clear, documented work. Collaborate with a team of 16 across product and operations. Success means clear stakeholder communication. This is a fictional demonstration listing; no employer receives applications. Excel Operations Process Improvement SQL Forecasting Inventory Management Power BI Supply Chain"
SYN-0159,onsite,False,Financial Analyst,Cedar Solutions,Chennai,Tamil Nadu,590000,710000,1.0,3.0,"[""Accounting"", ""Excel"", ""Financial Analysis"", ""Financial Modeling""]","[""Budgeting"", ""Power BI"", ""SQL"", ""Valuation""]",BCom,Education,Full-time,"Join the education team at Cedar Solutions as a Financial Analyst. Your work supports subscription growth for a new product launch. You will validate financial assumptions, model unit economics, and prepare budget variance reports. Use Excel, Financial Analysis, Accounting to deliver clear, documented work. Collaborate with a team of 6 across product and operations. Success means clear stakeholder communication. This is a fictional demonstration listing; no employer receives applications.",4.3,2026-08-29,2026-10-29,True,"Financial Analyst Join the education team at Cedar Solutions as a Financial Analyst. Your work supports subscription growth for a new product launch. You will validate financial assumptions, model unit economics, and prepare budget variance reports. Use Excel, Financial Analysis, Accounting to deliver clear, documented work. Collaborate with a team of 6 across product and operations. Success means clear stakeholder communication. This is a fictional demonstration listing; no employer receives applications. Accounting Excel Financial Analysis Financial Modeling Budgeting Power BI SQL Valuation"
SYN-0160,onsite,False,Cybersecurity Analyst,Prism Solutions,Ahmedabad,Gujarat,180000,430000,0,2.0,"[""Cybersecurity"", ""Incident Response"", ""Linux"", ""Networking"", ""SIEM""]","[""Python"", ""Splunk"", ""Wireshark""]",BTech,Media,Internship,"Join the media team at Prism Solutions as a Cybersecurity Analyst. Your work supports service efficiency for a new product launch. You will assess infrastructure vulnerabilities, triage security alerts, and document response procedures. Use Cybersecurity, Networking, Linux to deliver clear, documented work. Collaborate with a team of 4 across design and engineering. Success means reliable weekly delivery. This is a fictional demonstration listing; no employer receives applications.",4.5,2026-09-30,2026-12-13,True,"Cybersecurity Analyst Join the media team at Prism Solutions as a Cybersecurity Analyst. Your work supports service efficiency for a new product launch. You will assess infrastructure vulnerabilities, triage security alerts, and document response procedures. Use Cybersecurity, Networking, Linux to deliver clear, documented work. Collaborate with a team of 4 across design and engineering. Success means reliable weekly delivery. This is a fictional demonstration listing; no employer receives applications. Cybersecurity Incident Response Linux Networking SIEM Python Splunk Wireshark"
SYN-0161,onsite,False,Cloud Engineer,Prism Works,Patna,Bihar,720000,900000,1.0,2.0,"[""AWS"", ""Docker"", ""Linux"", ""Networking""]","[""Azure"", ""Kubernetes"", ""Monitoring"", ""Terraform""]",BTech,Retail,Full-time,"Join the retail team at Prism Works as a Cloud Engineer. Your work supports cost optimization for a cross-functional transformation program. You will operate cloud infrastructure, automate infrastructure changes, and monitor system capacity. Use AWS, Linux, Networking to deliver clear, documented work. Collaborate with a team of 13 across customer success and sales. Success means clear stakeholder communication. This is a fictional demonstration listing; no employer receives applications.",4.1,2026-09-18,2026-12-31,True,"Cloud Engineer Join the retail team at Prism Works as a Cloud Engineer. Your work supports cost optimization for a cross-functional transformation program. You will operate cloud infrastructure, automate infrastructure changes, and monitor system capacity. Use AWS, Linux, Networking to deliver clear, documented work. Collaborate with a team of 13 across customer success and sales. Success means clear stakeholder communication. This is a fictional demonstration listing; no employer receives applications. AWS Docker Linux Networking Azure Kubernetes Monitoring Terraform"
SYN-0162,remote,True,Graphic Designer,Nexa Solutions,Remote,Remote,260000,440000,0,3.0,"[""Canva"", ""Illustrator"", ""Photoshop"", ""Typography""]","[""Branding"", ""Figma"", ""InDesign"", ""Video Editing""]",Diploma,Manufacturing,Contract,"Join the manufacturing team at Nexa Solutions as a Graphic Designer. Your work supports service efficiency for a new product launch. You will prepare print layouts, maintain visual guidelines, and design campaign assets. Use Photoshop, Illustrator, Canva to deliver clear, documented work. Collaborate with a team of 16 across design and engineering. Success means well-tested, reusable outputs. This is a fictional demonstration listing; no employer receives applications.",3.3,2026-09-27,2026-11-18,True,"Graphic Designer Join the manufacturing team at Nexa Solutions as a Graphic Designer. Your work supports service efficiency for a new product launch. You will prepare print layouts, maintain visual guidelines, and design campaign assets. Use Photoshop, Illustrator, Canva to deliver clear, documented work. Collaborate with a team of 16 across design and engineering. Success means well-tested, reusable outputs. This is a fictional demonstration listing; no employer receives applications. Canva Illustrator Photoshop Typography Branding Figma InDesign Video Editing"
SYN-0163,onsite,False,Marketing Analyst,Bluepeak Solutions,Kolkata,West Bengal,770000,1120000,4.0,5.0,"[""Campaign Analysis"", ""Communication"", ""Excel"", ""Google Analytics"", ""Market Research""]","[""A/B Testing"", ""SQL"", ""Tableau""]",BA,Retail,Full-time,"Join the retail team at Bluepeak Solutions as a Marketing Analyst. Your work supports cost optimization for weekly business reviews. You will research competitor positioning, present customer insights, and measure marketing efficiency. Use Excel, Market Research, Google Analytics to deliver clear, documented work. Collaborate with a team of 18 across product and operations. Success means clear stakeholder communication. This is a fictional demonstration listing; no employer receives applications.",3.6,2026-09-30,2026-12-30,True,"Marketing Analyst Join the retail team at Bluepeak Solutions as a Marketing Analyst. Your work supports cost optimization for weekly business reviews. You will research competitor positioning, present customer insights, and measure marketing efficiency. Use Excel, Market Research, Google Analytics to deliver clear, documented work. Collaborate with a team of 18 across product and operations. Success means clear stakeholder communication. This is a fictional demonstration listing; no employer receives applications. Campaign Analysis Communication Excel Google Analytics Market Research A/B Testing SQL Tableau"
SYN-0164,onsite,False,HR Analyst,Cobalt Solutions,Bangalore,Karnataka,430000,610000,1.0,2.0,"[""Communication"", ""Excel"", ""HR Analytics"", ""Reporting""]","[""HRIS"", ""Payroll"", ""Power BI"", ""SQL""]",BA,Logistics,Full-time,"Join the logistics team at Cobalt Solutions as a HR Analyst. Your work supports inventory accuracy for regional service teams. You will audit HR data quality, analyze workforce trends, and monitor employee retention. Use Excel, HR Analytics, Communication to deliver clear, documented work. Collaborate with a team of 16 across finance and strategy. Success means reliable weekly delivery. This is a fictional demonstration listing; no employer receives applications.",4.2,2026-10-01,2026-10-30,True,"HR Analyst Join the logistics team at Cobalt Solutions as a HR Analyst. Your work supports inventory accuracy for regional service teams. You will audit HR data quality, analyze workforce trends, and monitor employee retention. Use Excel, HR Analytics, Communication to deliver clear, documented work. Collaborate with a team of 16 across finance and strategy. Success means reliable weekly delivery. This is a fictional demonstration listing; no employer receives applications. Communication Excel HR Analytics Reporting HRIS Payroll Power BI SQL"
SYN-0165,onsite,False,Business Intelligence Analyst,Nimbus Works,Hyderabad,Telangana,800000,1150000,2.0,3.0,"[""Data Modeling"", ""Data Visualization"", ""Power BI"", ""SQL""]","[""DAX"", ""Excel"", ""Stakeholder Management"", ""Tableau""]",BSc,Finance,Contract,"Join the finance team at Nimbus Works as a Business Intelligence Analyst. Your work supports regional expansion for an expanding customer base. You will translate business questions into dashboards, define consistent KPI metrics, and document reporting models. Use SQL, Power BI, Data Modeling to deliver clear, documented work. Collaborate with a team of 18 across design and engineering. Success means well-tested, reusable outputs. This is a fictional demonstration listing; no employer receives applications.",3.6,2026-09-24,2027-01-04,True,"Business Intelligence Analyst Join the finance team at Nimbus Works as a Business Intelligence Analyst. Your work supports regional expansion for an expanding customer base. You will translate business questions into dashboards, define consistent KPI metrics, and document reporting models. Use SQL, Power BI, Data Modeling to deliver clear, documented work. Collaborate with a team of 18 across design and engineering. Success means well-tested, reusable outputs. This is a fictional demonstration listing; no employer receives applications. Data Modeling Data Visualization Power BI SQL DAX Excel Stakeholder Management Tableau"
SYN-0166,onsite,False,Quality Assurance Analyst,Orbit Labs,Delhi,Delhi,540000,890000,2.0,3.0,"[""Communication"", ""Problem Solving"", ""Quality Assurance"", ""REST API"", ""SQL""]","[""Agile"", ""Jira"", ""Python""]",Diploma,Logistics,Full-time,"Join the logistics team at Orbit Labs as a Quality Assurance Analyst. Your work supports service efficiency for regional service teams. You will reproduce reported defects, track release readiness, and verify data integrity. Use Quality Assurance, SQL, Communication to deliver clear, documented work. Collaborate with a team of 10 across design and engineering. Success means measurable quality improvements. This is a fictional demonstration listing; no employer receives applications.",3.6,2026-09-02,2026-12-10,True,"Quality Assurance Analyst Join the logistics team at Orbit Labs as a Quality Assurance Analyst. Your work supports service efficiency for regional service teams. You will reproduce reported defects, track release readiness, and verify data integrity. Use Quality Assurance, SQL, Communication to deliver clear, documented work. Collaborate with a team of 10 across design and engineering. Success means measurable quality improvements. This is a fictional demonstration listing; no employer receives applications. Communication Problem Solving Quality Assurance REST API SQL Agile Jira Python"
SYN-0167,onsite,False,UX Researcher,Vantage Works,Noida,Uttar Pradesh,500000,850000,1.0,3.0,"[""Communication"", ""Figma"", ""Prototyping"", ""UX Research""]","[""A/B Testing"", ""Accessibility"", ""Presentation"", ""UI Design""]",BA,Logistics,Part-time,"Join the logistics team at Vantage Works as a UX Researcher. Your work supports subscription growth for an expanding customer base. You will present user journey insights, conduct usability sessions, and validate interface prototypes. Use UX Research, Figma, Communication to deliver clear, documented work. Collaborate with a team of 7 across design and engineering. Success means measurable quality improvements. This is a fictional demonstration listing; no employer receives applications.",4.6,2026-09-12,2026-11-20,True,"UX Researcher Join the logistics team at Vantage Works as a UX Researcher. Your work supports subscription growth for an expanding customer base. You will present user journey insights, conduct usability sessions, and validate interface prototypes. Use UX Research, Figma, Communication to deliver clear, documented work. Collaborate with a team of 7 across design and engineering. Success means measurable quality improvements. This is a fictional demonstration listing; no employer receives applications. Communication Figma Prototyping UX Research A/B Testing Accessibility Presentation UI Design"
SYN-0168,onsite,False,Data Engineer,Cedar Systems,Gurugram,Haryana,1070000,1190000,2.0,3.0,"[""Data Modeling"", ""ETL"", ""PostgreSQL"", ""Python"", ""SQL""]","[""AWS"", ""Azure"", ""Databricks"", ""Spark""]",BTech,Education,Full-time,"Join the education team at Cedar Systems as a Data Engineer. Your work supports regional expansion for regional service teams. You will enforce data quality contracts, build ingestion pipelines, and monitor dataset freshness. Use Python, SQL, ETL to deliver clear, documented work. Collaborate with a team of 10 across design and engineering. Success means clear stakeholder communication. This is a fictional demonstration listing; no employer receives applications.",3.9,2026-09-04,2026-11-06,True,"Data Engineer Join the education team at Cedar Systems as a Data Engineer. Your work supports regional expansion for regional service teams. You will enforce data quality contracts, build ingestion pipelines, and monitor dataset freshness. Use Python, SQL, ETL to deliver clear, documented work. Collaborate with a team of 10 across design and engineering. Success means clear stakeholder communication. This is a fictional demonstration listing; no employer receives applications. Data Modeling ETL PostgreSQL Python SQL AWS Azure Databricks Spark"
SYN-0169,onsite,False,Data Analyst,Juniper Labs,Pune,Maharashtra,450000,800000,2.0,5.0,"[""Data Cleaning"", ""ETL"", ""Excel"", ""Power BI"", ""Python"", ""SQL"", ""Statistics""]","[""DAX"", ""Pandas"", ""Presentation"", ""Tableau""]",Diploma,Manufacturing,Full-time,"Join the manufacturing team at Juniper Labs as a Data Analyst. Your work supports regional expansion for an expanding customer base. You will analyze sales funnels, explain customer retention, and build weekly KPI dashboards. Use SQL, Excel, Python to deliver clear, documented work. Collaborate with a team of 15 across finance and strategy. Success means clear stakeholder communication. This is a fictional demonstration listing; no employer receives applications.",3.2,2026-09-08,2026-12-02,True,"Data Analyst Join the manufacturing team at Juniper Labs as a Data Analyst. Your work supports regional expansion for an expanding customer base. You will analyze sales funnels, explain customer retention, and build weekly KPI dashboards. Use SQL, Excel, Python to deliver clear, documented work. Collaborate with a team of 15 across finance and strategy. Success means clear stakeholder communication. This is a fictional demonstration listing; no employer receives applications. Data Cleaning ETL Excel Power BI Python SQL Statistics DAX Pandas Presentation Tableau"
SYN-0170,onsite,False,Business Analyst,Nexa Labs,Chennai,Tamil Nadu,120000,300000,0,2.0,"[""Business Analysis"", ""Communication"", ""Excel"", ""Requirements Gathering"", ""SQL""]","[""Agile"", ""Jira"", ""Process Improvement"", ""Tableau""]",BA,Technology,Internship,"Join the technology team at Nexa Labs as a Business Analyst. Your work supports subscription growth for a cross-functional transformation program. You will document business requirements, map operational workflows, and interview stakeholders. Use SQL, Excel, Business Analysis to deliver clear, documented work. Collaborate with a team of 16 across design and engineering. Success means clear stakeholder communication. This is a fictional demonstration listing; no employer receives applications.",4.8,2026-09-04,2026-12-10,True,"Business Analyst Join the technology team at Nexa Labs as a Business Analyst. Your work supports subscription growth for a cross-functional transformation program. You will document business requirements, map operational workflows, and interview stakeholders. Use SQL, Excel, Business Analysis to deliver clear, documented work. Collaborate with a team of 16 across design and engineering. Success means clear stakeholder communication. This is a fictional demonstration listing; no employer receives applications. Business Analysis Communication Excel Requirements Gathering SQL Agile Jira Process Improvement Tableau"
SYN-0171,onsite,False,Power BI Developer,Vantage Systems,Ahmedabad,Gujarat,180000,430000,0,1.0,"[""Data Modeling"", ""DAX"", ""Power BI"", ""Power Query"", ""SQL""]","[""Azure"", ""Dashboard Design"", ""ETL"", ""Excel""]",BTech,Healthcare,Internship,"Join the healthcare team at Vantage Systems as a Power BI Developer. Your work supports regional expansion for weekly business reviews. You will publish operational dashboards, optimize DAX measures, and design dimensional models. Use Power BI, DAX, SQL to deliver clear, documented work. Collaborate with a team of 8 across design and engineering. Success means measurable quality improvements. This is a fictional demonstration listing; no employer receives applications.",3.5,2026-09-18,2026-11-29,True,"Power BI Developer Join the healthcare team at Vantage Systems as a Power BI Developer. Your work supports regional expansion for weekly business reviews. You will publish operational dashboards, optimize DAX measures, and design dimensional models. Use Power BI, DAX, SQL to deliver clear, documented work. Collaborate with a team of 8 across design and engineering. Success means measurable quality improvements. This is a fictional demonstration listing; no employer receives applications. Data Modeling DAX Power BI Power Query SQL Azure Dashboard Design ETL Excel"
SYN-0172,onsite,False,MIS Executive,Northstar Works,Patna,Bihar,320000,570000,2.0,4.0,"[""Communication"", ""Data Cleaning"", ""Excel"", ""Reporting"", ""SQL""]","[""Advanced Excel"", ""Excel VBA"", ""Power BI""]",12th,Logistics,Full-time,"Join the logistics team at Northstar Works as a MIS Executive. Your work supports digital transformation for weekly business reviews. You will automate spreadsheet checks, prepare management summaries, and maintain daily reports. Use Excel, Reporting, Data Cleaning to deliver clear, documented work. Collaborate with a team of 8 across finance and strategy. Success means reliable weekly delivery. This is a fictional demonstration listing; no employer receives applications.",3.9,2026-09-06,2026-10-23,True,"MIS Executive Join the logistics team at Northstar Works as a MIS Executive. Your work supports digital transformation for weekly business reviews. You will automate spreadsheet checks, prepare management summaries, and maintain daily reports. Use Excel, Reporting, Data Cleaning to deliver clear, documented work. Collaborate with a team of 8 across finance and strategy. Success means reliable weekly delivery. This is a fictional demonstration listing; no employer receives applications. Communication Data Cleaning Excel Reporting SQL Advanced Excel Excel VBA Power BI"
SYN-0173,remote,True,SQL Developer,Nimbus Partners,Remote,Remote,530000,780000,2.0,3.0,"[""Database Design"", ""ETL"", ""PostgreSQL"", ""SQL""]","[""Advanced SQL"", ""Git"", ""Python"", ""SQL Server""]",BCA,Manufacturing,Full-time,"Join the manufacturing team at Nimbus Partners as a SQL Developer. Your work supports digital transformation for a new product launch. You will audit data consistency, design warehouse tables, and optimize database queries. Use SQL, PostgreSQL, Database Design to deliver clear, documented work. Collaborate with a team of 16 across customer success and sales. Success means well-tested, reusable outputs. This is a fictional demonstration listing; no employer receives applications.",4.1,2026-09-11,2026-12-31,True,"SQL Developer Join the manufacturing team at Nimbus Partners as a SQL Developer. Your work supports digital transformation for a new product launch. You will audit data consistency, design warehouse tables, and optimize database queries. Use SQL, PostgreSQL, Database Design to deliver clear, documented work. Collaborate with a team of 16 across customer success and sales. Success means well-tested, reusable outputs. This is a fictional demonstration listing; no employer receives applications. Database Design ETL PostgreSQL SQL Advanced SQL Git Python SQL Server"
SYN-0174,onsite,False,Python Developer,Prism Partners,Kolkata,West Bengal,1140000,1390000,5.0,8.0,"[""Flask"", ""Git"", ""Python"", ""REST API"", ""SQL""]","[""Django"", ""Docker"", ""FastAPI"", ""Linux""]",Diploma,Technology,Full-time,"Join the technology team at Prism Partners as a Python Developer. Your work supports inventory accuracy for regional service teams. You will build backend APIs, write integration tests, and improve service reliability. Use Python, Flask, SQL to deliver clear, documented work. Collaborate with a team of 13 across product and operations. Success means well-tested, reusable outputs. This is a fictional demonstration listing; no employer receives applications.",3.8,2026-10-05,2026-10-24,True,"Python Developer Join the technology team at Prism Partners as a Python Developer. Your work supports inventory accuracy for regional service teams. You will build backend APIs, write integration tests, and improve service reliability. Use Python, Flask, SQL to deliver clear, documented work. Collaborate with a team of 13 across product and operations. Success means well-tested, reusable outputs. This is a fictional demonstration listing; no employer receives applications. Flask Git Python REST API SQL Django Docker FastAPI Linux"
SYN-0175,onsite,False,Junior Data Scientist,Cobalt Partners,Bangalore,Karnataka,620000,970000,0,1.0,"[""A/B Testing"", ""Machine Learning"", ""Pandas"", ""Python"", ""SQL"", ""Statistics""]","[""Feature Engineering"", ""NLP"", ""Scikit-learn""]",BSc,Education,Full-time,"Join the education team at Cobalt Partners as a Junior Data Scientist. Your work supports quality improvement for a cross-functional transformation program. You will evaluate classification models, explain model errors, and prepare experimentation datasets. Use Python, Statistics, Machine Learning to deliver clear, documented work. Collaborate with a team of 7 across design and engineering. Success means reliable weekly delivery. This is a fictional demonstration listing; no employer receives applications.",3.4,2026-09-04,2026-12-02,True,"Junior Data Scientist Join the education team at Cobalt Partners as a Junior Data Scientist. Your work supports quality improvement for a cross-functional transformation program. You will evaluate classification models, explain model errors, and prepare experimentation datasets. Use Python, Statistics, Machine Learning to deliver clear, documented work. Collaborate with a team of 7 across design and engineering. Success means reliable weekly delivery. This is a fictional demonstration listing; no employer receives applications. A/B Testing Machine Learning Pandas Python SQL Statistics Feature Engineering NLP Scikit-learn"
SYN-0176,onsite,False,Machine Learning Engineer,Evergreen Systems,Hyderabad,Telangana,120000,370000,0,3.0,"[""Docker"", ""Machine Learning"", ""Model Evaluation"", ""Python"", ""Scikit-learn""]","[""AWS"", ""MLOps"", ""PyTorch"", ""TensorFlow""]",BTech,Media,Internship,"Join the media team at Evergreen Systems as a Machine Learning Engineer. Your work supports subscription growth for an expanding customer base. You will build reproducible ML pipelines, serve prediction models, and optimize inference workloads. Use Python, Machine Learning, Scikit-learn to deliver clear, documented work. Collaborate with a team of 18 across customer success and sales. Success means reliable weekly delivery. This is a fictional demonstration listing; no employer receives applications.",3.5,2026-10-03,2026-12-07,True,"Machine Learning Engineer Join the media team at Evergreen Systems as a Machine Learning Engineer. Your work supports subscription growth for an expanding customer base. You will build reproducible ML pipelines, serve prediction models, and optimize inference workloads. Use Python, Machine Learning, Scikit-learn to deliver clear, documented work. Collaborate with a team of 18 across customer success and sales. Success means reliable weekly delivery. This is a fictional demonstration listing; no employer receives applications. Docker Machine Learning Model Evaluation Python Scikit-learn AWS MLOps PyTorch TensorFlow"
SYN-0177,onsite,False,Software Developer,Riverstone Solutions,Delhi,Delhi,520000,640000,0,1.0,"[""Algorithms"", ""Git"", ""Java"", ""OOP"", ""SQL""]","[""Agile"", ""Docker"", ""Python"", ""REST API""]",BTech,Manufacturing,Part-time,"Join the manufacturing team at Riverstone Solutions as a Software Developer. Your work supports subscription growth for an expanding customer base. You will improve automated testing, resolve production defects, and implement service features. Use Java, SQL, Git to deliver clear, documented work. Collaborate with a team of 16 across product and operations. Success means reliable weekly delivery. This is a fictional demonstration listing; no employer receives applications.",4.5,2026-09-26,2026-12-24,True,"Software Developer Join the manufacturing team at Riverstone Solutions as a Software Developer. Your work supports subscription growth for an expanding customer base. You will improve automated testing, resolve production defects, and implement service features. Use Java, SQL, Git to deliver clear, documented work. Collaborate with a team of 16 across product and operations. Success means reliable weekly delivery. This is a fictional demonstration listing; no employer receives applications. Algorithms Git Java OOP SQL Agile Docker Python REST API"
SYN-0178,onsite,False,Web Developer,Lumina Solutions,Noida,Uttar Pradesh,620000,870000,2.0,3.0,"[""CSS"", ""Git"", ""HTML"", ""JavaScript"", ""Node.js"", ""React""]","[""Accessibility"", ""Bootstrap"", ""TypeScript""]",Diploma,Media,Full-time,"Join the media team at Lumina Solutions as a Web Developer. Your work supports quality improvement for a cross-functional transformation program. You will create reusable UI components, build accessible interfaces, and optimize page performance. Use HTML, CSS, JavaScript to deliver clear, documented work. Collaborate with a team of 8 across finance and strategy. Success means well-tested, reusable outputs. This is a fictional demonstration listing; no employer receives applications.",3.8,2026-09-17,2026-12-02,True,"Web Developer Join the media team at Lumina Solutions as a Web Developer. Your work supports quality improvement for a cross-functional transformation program. You will create reusable UI components, build accessible interfaces, and optimize page performance. Use HTML, CSS, JavaScript to deliver clear, documented work. Collaborate with a team of 8 across finance and strategy. Success means well-tested, reusable outputs. This is a fictional demonstration listing; no employer receives applications. CSS Git HTML JavaScript Node.js React Accessibility Bootstrap TypeScript"
SYN-0179,onsite,False,Digital Marketing Analyst,Northstar Systems,Gurugram,Haryana,340000,590000,0,1.0,"[""Digital Marketing"", ""Excel"", ""Google Analytics"", ""SEO""]","[""Campaign Analysis"", ""Google Ads"", ""Power BI"", ""SQL""]",BA,Healthcare,Full-time,"Join the healthcare team at Northstar Systems as a Digital Marketing Analyst. Your work supports customer experience for weekly business reviews. You will audit acquisition channels, measure campaign conversion, and build attribution reports. Use Google Analytics, SEO, Excel to deliver clear, documented work. Collaborate with a team of 7 across product and operations. Success means well-tested, reusable outputs. This is a fictional demonstration listing; no employer receives applications.",4.5,2026-08-30,2026-10-28,True,"Digital Marketing Analyst Join the healthcare team at Northstar Systems as a Digital Marketing Analyst. Your work supports customer experience for weekly business reviews. You will audit acquisition channels, measure campaign conversion, and build attribution reports. Use Google Analytics, SEO, Excel to deliver clear, documented work. Collaborate with a team of 7 across product and operations. Success means well-tested, reusable outputs. This is a fictional demonstration listing; no employer receives applications. Digital Marketing Excel Google Analytics SEO Campaign Analysis Google Ads Power BI SQL"
SYN-0180,onsite,False,SEO Analyst,Meridian Partners,Mumbai,Maharashtra,400000,750000,1.0,4.0,"[""Content Marketing"", ""Excel"", ""Google Analytics"", ""SEO""]","[""Copywriting"", ""HTML"", ""Market Research"", ""SEM""]",12th,Media,Contract,"Join the media team at Meridian Partners as a SEO Analyst. Your work supports quality improvement for regional service teams. You will research search demand, audit site content, and improve technical SEO checks. Use SEO, Google Analytics, Content Marketing to deliver clear, documented work. Collaborate with a team of 14 across design and engineering. Success means reliable weekly delivery. This is a fictional demonstration listing; no employer receives applications.",4.8,2026-09-24,2026-11-23,True,"SEO Analyst Join the media team at Meridian Partners as a SEO Analyst. Your work supports quality improvement for regional service teams. You will research search demand, audit site content, and improve technical SEO checks. Use SEO, Google Analytics, Content Marketing to deliver clear, documented work. Collaborate with a team of 14 across design and engineering. Success means reliable weekly delivery. This is a fictional demonstration listing; no employer receives applications. Content Marketing Excel Google Analytics SEO Copywriting HTML Market Research SEM"
SYN-0181,onsite,False,Customer Support Executive,Nexa Labs,Pune,Maharashtra,380000,630000,4.0,5.0,"[""Communication"", ""CRM"", ""Customer Support"", ""Email Support"", ""Ticketing""]","[""Chat Support"", ""Conflict Resolution"", ""Zendesk""]",12th,Manufacturing,Full-time,"Join the manufacturing team at Nexa Labs as a Customer Support Executive. Your work supports inventory accuracy for regional service teams. You will meet response time targets, identify recurring service problems, and resolve customer tickets. Use Customer Support, Communication, CRM to deliver clear, documented work. Collaborate with a team of 15 across design and engineering. Success means well-tested, reusable outputs. This is a fictional demonstration listing; no employer receives applications.",3.3,2026-10-03,2026-11-09,True,"Customer Support Executive Join the manufacturing team at Nexa Labs as a Customer Support Executive. Your work supports inventory accuracy for regional service teams. You will meet response time targets, identify recurring service problems, and resolve customer tickets. Use Customer Support, Communication, CRM to deliver clear, documented work. Collaborate with a team of 15 across design and engineering. Success means well-tested, reusable outputs. This is a fictional demonstration listing; no employer receives applications. Communication CRM Customer Support Email Support Ticketing Chat Support Conflict Resolution Zendesk"
SYN-0182,onsite,False,Operations Analyst,Nimbus Labs,Chennai,Tamil Nadu,450000,630000,2.0,3.0,"[""Excel"", ""Operations"", ""Process Improvement"", ""SQL""]","[""Forecasting"", ""Inventory Management"", ""Power BI"", ""Supply Chain""]",BA,Retail,Full-time,"Join the retail team at Nimbus Labs as a Operations Analyst. Your work supports regional expansion for an expanding customer base. You will plan operational capacity, monitor service metrics, and identify process bottlenecks. Use Excel, SQL, Operations to deliver clear, documented work. Collaborate with a team of 10 across design and engineering. Success means reliable weekly delivery. This is a fictional demonstration listing; no employer receives applications.",4.4,2026-08-29,2026-11-11,True,"Operations Analyst Join the retail team at Nimbus Labs as a Operations Analyst. Your work supports regional expansion for an expanding customer base. You will plan operational capacity, monitor service metrics, and identify process bottlenecks. Use Excel, SQL, Operations to deliver clear, documented work. Collaborate with a team of 10 across design and engineering. Success means reliable weekly delivery. This is a fictional demonstration listing; no employer receives applications. Excel Operations Process Improvement SQL Forecasting Inventory Management Power BI Supply Chain"
SYN-0183,onsite,False,Financial Analyst,Lumina Systems,Ahmedabad,Gujarat,620000,970000,2.0,5.0,"[""Accounting"", ""Excel"", ""Financial Analysis"", ""Financial Modeling""]","[""Budgeting"", ""Power BI"", ""SQL"", ""Valuation""]",BCom,Finance,Full-time,"Join the finance team at Lumina Systems as a Financial Analyst. Your work supports regional expansion for an expanding customer base. You will analyze monthly cash flow, prepare budget variance reports, and model unit economics. Use Excel, Financial Analysis, Accounting to deliver clear, documented work. Collaborate with a team of 8 across customer success and sales. Success means reliable weekly delivery. This is a fictional demonstration listing; no employer receives applications.",4.1,2026-09-28,2026-11-13,True,"Financial Analyst Join the finance team at Lumina Systems as a Financial Analyst. Your work supports regional expansion for an expanding customer base. You will analyze monthly cash flow, prepare budget variance reports, and model unit economics. Use Excel, Financial Analysis, Accounting to deliver clear, documented work. Collaborate with a team of 8 across customer success and sales. Success means reliable weekly delivery. This is a fictional demonstration listing; no employer receives applications. Accounting Excel Financial Analysis Financial Modeling Budgeting Power BI SQL Valuation"
SYN-0184,onsite,False,Cybersecurity Analyst,Cobalt Labs,Patna,Bihar,450000,800000,0,1.0,"[""Cybersecurity"", ""Incident Response"", ""Linux"", ""Networking"", ""SIEM""]","[""Python"", ""Splunk"", ""Wireshark""]",BTech,Logistics,Contract,"Join the logistics team at Cobalt Labs as a Cybersecurity Analyst. Your work supports digital transformation for an expanding customer base. You will investigate suspicious logs, document response procedures, and assess infrastructure vulnerabilities. Use Cybersecurity, Networking, Linux to deliver clear, documented work. Collaborate with a team of 6 across design and engineering. Success means measurable quality improvements. This is a fictional demonstration listing; no employer receives applications.",4.5,2026-09-26,2026-10-22,True,"Cybersecurity Analyst Join the logistics team at Cobalt Labs as a Cybersecurity Analyst. Your work supports digital transformation for an expanding customer base. You will investigate suspicious logs, document response procedures, and assess infrastructure vulnerabilities. Use Cybersecurity, Networking, Linux to deliver clear, documented work. Collaborate with a team of 6 across design and engineering. Success means measurable quality improvements. This is a fictional demonstration listing; no employer receives applications. Cybersecurity Incident Response Linux Networking SIEM Python Splunk Wireshark"
SYN-0185,remote,True,Cloud Engineer,Orbit Partners,Remote,Remote,1510000,1630000,5.0,7.0,"[""AWS"", ""Docker"", ""Linux"", ""Networking""]","[""Azure"", ""Kubernetes"", ""Monitoring"", ""Terraform""]",BTech,Education,Full-time,"Join the education team at Orbit Partners as a Cloud Engineer. Your work supports inventory accuracy for an expanding customer base. You will improve deployment reliability, monitor system capacity, and operate cloud infrastructure. Use AWS, Linux, Networking to deliver clear, documented work. Collaborate with a team of 8 across design and engineering. Success means well-tested, reusable outputs. This is a fictional demonstration listing; no employer receives applications.",3.5,2026-09-25,2026-12-28,True,"Cloud Engineer Join the education team at Orbit Partners as a Cloud Engineer. Your work supports inventory accuracy for an expanding customer base. You will improve deployment reliability, monitor system capacity, and operate cloud infrastructure. Use AWS, Linux, Networking to deliver clear, documented work. Collaborate with a team of 8 across design and engineering. Success means well-tested, reusable outputs. This is a fictional demonstration listing; no employer receives applications. AWS Docker Linux Networking Azure Kubernetes Monitoring Terraform"
SYN-0186,onsite,False,Graphic Designer,Nimbus Systems,Kolkata,West Bengal,220000,400000,0,1.0,"[""Canva"", ""Illustrator"", ""Photoshop"", ""Typography""]","[""Branding"", ""Figma"", ""InDesign"", ""Video Editing""]",Diploma,Education,Full-time,"Join the education team at Nimbus Systems as a Graphic Designer. Your work supports service efficiency for a new product launch. You will design campaign assets, adapt creative for digital channels, and prepare print layouts. Use Photoshop, Illustrator, Canva to deliver clear, documented work. Collaborate with a team of 12 across finance and strategy. Success means measurable quality improvements. This is a fictional demonstration listing; no employer receives applications.",4.7,2026-09-19,2027-01-05,True,"Graphic Designer Join the education team at Nimbus Systems as a Graphic Designer. Your work supports service efficiency for a new product launch. You will design campaign assets, adapt creative for digital channels, and prepare print layouts. Use Photoshop, Illustrator, Canva to deliver clear, documented work. Collaborate with a team of 12 across finance and strategy. Success means measurable quality improvements. This is a fictional demonstration listing; no employer receives applications. Canva Illustrator Photoshop Typography Branding Figma InDesign Video Editing"
SYN-0187,onsite,False,Marketing Analyst,Cobalt Solutions,Bangalore,Karnataka,350000,700000,1.0,3.0,"[""Campaign Analysis"", ""Excel"", ""Google Analytics"", ""Market Research"", ""SQL""]","[""A/B Testing"", ""Communication"", ""Tableau""]",BA,Healthcare,Full-time,"Join the healthcare team at Cobalt Solutions as a Marketing Analyst. Your work supports subscription growth for regional service teams. You will measure marketing efficiency, present customer insights, and segment customer audiences. Use Excel, Market Research, Google Analytics to deliver clear, documented work. Collaborate with a team of 9 across design and engineering. Success means clear stakeholder communication. This is a fictional demonstration listing; no employer receives applications.",4.2,2026-09-03,2026-11-30,True,"Marketing Analyst Join the healthcare team at Cobalt Solutions as a Marketing Analyst. Your work supports subscription growth for regional service teams. You will measure marketing efficiency, present customer insights, and segment customer audiences. Use Excel, Market Research, Google Analytics to deliver clear, documented work. Collaborate with a team of 9 across design and engineering. Success means clear stakeholder communication. This is a fictional demonstration listing; no employer receives applications. Campaign Analysis Excel Google Analytics Market Research SQL A/B Testing Communication Tableau"
SYN-0188,onsite,False,HR Analyst,Nexa Labs,Hyderabad,Telangana,330000,450000,0,2.0,"[""Communication"", ""Excel"", ""HR Analytics"", ""Reporting""]","[""HRIS"", ""Payroll"", ""Power BI"", ""SQL""]",BA,Media,Full-time,"Join the media team at Nexa Labs as a HR Analyst. Your work supports digital transformation for a new product launch. You will report recruitment efficiency, analyze workforce trends, and monitor employee retention. Use Excel, HR Analytics, Communication to deliver clear, documented work. Collaborate with a team of 4 across customer success and sales. Success means well-tested, reusable outputs. This is a fictional demonstration listing; no employer receives applications.",4.3,2026-09-13,2026-11-23,True,"HR Analyst Join the media team at Nexa Labs as a HR Analyst. Your work supports digital transformation for a new product launch. You will report recruitment efficiency, analyze workforce trends, and monitor employee retention. Use Excel, HR Analytics, Communication to deliver clear, documented work. Collaborate with a team of 4 across customer success and sales. Success means well-tested, reusable outputs. This is a fictional demonstration listing; no employer receives applications. Communication Excel HR Analytics Reporting HRIS Payroll Power BI SQL"
SYN-0189,onsite,False,Business Intelligence Analyst,Bluepeak Systems,Delhi,Delhi,490000,840000,0,2.0,"[""Data Modeling"", ""Data Visualization"", ""Power BI"", ""SQL""]","[""DAX"", ""Excel"", ""Stakeholder Management"", ""Tableau""]",BSc,Education,Full-time,"Join the education team at Bluepeak Systems as a Business Intelligence Analyst. Your work supports subscription growth for a cross-functional transformation program. You will document reporting models, define consistent KPI metrics, and build self-service analytics. Use SQL, Power BI, Data Modeling to deliver clear, documented work. Collaborate with a team of 4 across customer success and sales. Success means clear stakeholder communication. This is a fictional demonstration listing; no employer receives applications.",3.4,2026-09-05,2026-11-01,True,"Business Intelligence Analyst Join the education team at Bluepeak Systems as a Business Intelligence Analyst. Your work supports subscription growth for a cross-functional transformation program. You will document reporting models, define consistent KPI metrics, and build self-service analytics. Use SQL, Power BI, Data Modeling to deliver clear, documented work. Collaborate with a team of 4 across customer success and sales. Success means clear stakeholder communication. This is a fictional demonstration listing; no employer receives applications. Data Modeling Data Visualization Power BI SQL DAX Excel Stakeholder Management Tableau"
SYN-0190,onsite,False,Quality Assurance Analyst,Evergreen Works,Noida,Uttar Pradesh,330000,450000,0,1.0,"[""Agile"", ""Communication"", ""Problem Solving"", ""Quality Assurance"", ""SQL""]","[""Jira"", ""Python"", ""REST API""]",Diploma,Retail,Full-time,"Join the retail team at Evergreen Works as a Quality Assurance Analyst. Your work supports regional expansion for weekly business reviews. You will reproduce reported defects, design test scenarios, and verify data integrity. Use Quality Assurance, SQL, Communication to deliver clear, documented work. Collaborate with a team of 6 across product and operations. Success means measurable quality improvements. This is a fictional demonstration listing; no employer receives applications.",3.4,2026-10-01,2026-11-24,True,"Quality Assurance Analyst Join the retail team at Evergreen Works as a Quality Assurance Analyst. Your work supports regional expansion for weekly business reviews. You will reproduce reported defects, design test scenarios, and verify data integrity. Use Quality Assurance, SQL, Communication to deliver clear, documented work. Collaborate with a team of 6 across product and operations. Success means measurable quality improvements. This is a fictional demonstration listing; no employer receives applications. Agile Communication Problem Solving Quality Assurance SQL Jira Python REST API"
SYN-0191,onsite,False,UX Researcher,Meridian Partners,Gurugram,Haryana,240000,590000,0,1.0,"[""Communication"", ""Figma"", ""Prototyping"", ""UX Research""]","[""A/B Testing"", ""Accessibility"", ""Presentation"", ""UI Design""]",BA,Retail,Internship,"Join the retail team at Meridian Partners as a UX Researcher. Your work supports quality improvement for a new product launch. You will validate interface prototypes, synthesize research findings, and conduct usability sessions. Use UX Research, Figma, Communication to deliver clear, documented work. Collaborate with a team of 4 across customer success and sales. Success means clear stakeholder communication. This is a fictional demonstration listing; no employer receives applications.",3.5,2026-09-05,2026-11-28,True,"UX Researcher Join the retail team at Meridian Partners as a UX Researcher. Your work supports quality improvement for a new product launch. You will validate interface prototypes, synthesize research findings, and conduct usability sessions. Use UX Research, Figma, Communication to deliver clear, documented work. Collaborate with a team of 4 across customer success and sales. Success means clear stakeholder communication. This is a fictional demonstration listing; no employer receives applications. Communication Figma Prototyping UX Research A/B Testing Accessibility Presentation UI Design"
SYN-0192,onsite,False,Data Engineer,Northstar Works,Mumbai,Maharashtra,700000,1050000,0,1.0,"[""Data Modeling"", ""ETL"", ""PostgreSQL"", ""Python"", ""SQL""]","[""AWS"", ""Azure"", ""Databricks"", ""Spark""]",BTech,Technology,Full-time,"Join the technology team at Northstar Works as a Data Engineer. Your work supports subscription growth for weekly business reviews. You will enforce data quality contracts, build ingestion pipelines, and design analytical storage. Use Python, SQL, ETL to deliver clear, documented work. Collaborate with a team of 7 across product and operations. Success means clear stakeholder communication. This is a fictional demonstration listing; no employer receives applications.",3.4,2026-09-22,2026-11-10,True,"Data Engineer Join the technology team at Northstar Works as a Data Engineer. Your work supports subscription growth for weekly business reviews. You will enforce data quality contracts, build ingestion pipelines, and design analytical storage. Use Python, SQL, ETL to deliver clear, documented work. Collaborate with a team of 7 across product and operations. Success means clear stakeholder communication. This is a fictional demonstration listing; no employer receives applications. Data Modeling ETL PostgreSQL Python SQL AWS Azure Databricks Spark"
SYN-0193,onsite,False,Data Analyst,Lumina Solutions,Chennai,Tamil Nadu,740000,1090000,3.0,6.0,"[""Data Cleaning"", ""Excel"", ""Pandas"", ""Power BI"", ""Python"", ""SQL"", ""Statistics""]","[""DAX"", ""ETL"", ""Presentation"", ""Tableau""]",Diploma,Media,Full-time,"Join the media team at Lumina Solutions as a Data Analyst. Your work supports inventory accuracy for regional service teams. You will validate transaction data, build weekly KPI dashboards, and explain customer retention. Use SQL, Excel, Python to deliver clear, documented work. Collaborate with a team of 17 across customer success and sales. Success means well-tested, reusable outputs. This is a fictional demonstration listing; no employer receives applications.",3.7,2026-09-03,2026-10-29,True,"Data Analyst Join the media team at Lumina Solutions as a Data Analyst. Your work supports inventory accuracy for regional service teams. You will validate transaction data, build weekly KPI dashboards, and explain customer retention. Use SQL, Excel, Python to deliver clear, documented work. Collaborate with a team of 17 across customer success and sales. Success means well-tested, reusable outputs. This is a fictional demonstration listing; no employer receives applications. Data Cleaning Excel Pandas Power BI Python SQL Statistics DAX ETL Presentation Tableau"
SYN-0194,onsite,False,Business Analyst,Nexa Solutions,Ahmedabad,Gujarat,790000,970000,3.0,5.0,"[""Business Analysis"", ""Communication"", ""Excel"", ""Requirements Gathering"", ""SQL""]","[""Agile"", ""Jira"", ""Process Improvement"", ""Tableau""]",BA,Technology,Full-time,"Join the technology team at Nexa Solutions as a Business Analyst. Your work supports cost optimization for weekly business reviews. You will evaluate product changes, document business requirements, and interview stakeholders. Use SQL, Excel, Business Analysis to deliver clear, documented work. Collaborate with a team of 14 across customer success and sales. Success means clear stakeholder communication. This is a fictional demonstration listing; no employer receives applications.",4.0,2026-09-05,2026-12-05,True,"Business Analyst Join the technology team at Nexa Solutions as a Business Analyst. Your work supports cost optimization for weekly business reviews. You will evaluate product changes, document business requirements, and interview stakeholders. Use SQL, Excel, Business Analysis to deliver clear, documented work. Collaborate with a team of 14 across customer success and sales. Success means clear stakeholder communication. This is a fictional demonstration listing; no employer receives applications. Business Analysis Communication Excel Requirements Gathering SQL Agile Jira Process Improvement Tableau"
SYN-0195,onsite,False,Power BI Developer,Vantage Solutions,Patna,Bihar,180000,530000,0,3.0,"[""Data Modeling"", ""DAX"", ""Power BI"", ""Power Query"", ""SQL""]","[""Azure"", ""Dashboard Design"", ""ETL"", ""Excel""]",BTech,Education,Internship,"Join the education team at Vantage Solutions as a Power BI Developer. Your work supports digital transformation for a new product launch. You will design dimensional models, reconcile reporting metrics, and publish operational dashboards. Use Power BI, DAX, SQL to deliver clear, documented work. Collaborate with a team of 13 across finance and strategy. Success means clear stakeholder communication. This is a fictional demonstration listing; no employer receives applications.",4.4,2026-09-03,2026-12-14,True,"Power BI Developer Join the education team at Vantage Solutions as a Power BI Developer. Your work supports digital transformation for a new product launch. You will design dimensional models, reconcile reporting metrics, and publish operational dashboards. Use Power BI, DAX, SQL to deliver clear, documented work. Collaborate with a team of 13 across finance and strategy. Success means clear stakeholder communication. This is a fictional demonstration listing; no employer receives applications. Data Modeling DAX Power BI Power Query SQL Azure Dashboard Design ETL Excel"
SYN-0196,remote,True,MIS Executive,Riverstone Solutions,Remote,Remote,180000,430000,0,1.0,"[""Communication"", ""Data Cleaning"", ""Excel"", ""Power BI"", ""Reporting""]","[""Advanced Excel"", ""Excel VBA"", ""SQL""]",12th,Finance,Internship,"Join the finance team at Riverstone Solutions as a MIS Executive. Your work supports digital transformation for a new product launch. You will reconcile inventory records, automate spreadsheet checks, and maintain daily reports. Use Excel, Reporting, Data Cleaning to deliver clear, documented work. Collaborate with a team of 4 across design and engineering. Success means clear stakeholder communication. This is a fictional demonstration listing; no employer receives applications.",4.6,2026-09-06,2026-11-22,True,"MIS Executive Join the finance team at Riverstone Solutions as a MIS Executive. Your work supports digital transformation for a new product launch. You will reconcile inventory records, automate spreadsheet checks, and maintain daily reports. Use Excel, Reporting, Data Cleaning to deliver clear, documented work. Collaborate with a team of 4 across design and engineering. Success means clear stakeholder communication. This is a fictional demonstration listing; no employer receives applications. Communication Data Cleaning Excel Power BI Reporting Advanced Excel Excel VBA SQL"
SYN-0197,onsite,False,SQL Developer,Nimbus Labs,Kolkata,West Bengal,890000,1010000,4.0,7.0,"[""Database Design"", ""ETL"", ""PostgreSQL"", ""SQL""]","[""Advanced SQL"", ""Git"", ""Python"", ""SQL Server""]",BCA,Technology,Part-time,"Join the technology team at Nimbus Labs as a SQL Developer. Your work supports regional expansion for a cross-functional transformation program. You will design warehouse tables, audit data consistency, and optimize database queries. Use SQL, PostgreSQL, Database Design to deliver clear, documented work. Collaborate with a team of 4 across finance and strategy. Success means reliable weekly delivery. This is a fictional demonstration listing; no employer receives applications.",4.8,2026-09-13,2026-10-31,True,"SQL Developer Join the technology team at Nimbus Labs as a SQL Developer. Your work supports regional expansion for a cross-functional transformation program. You will design warehouse tables, audit data consistency, and optimize database queries. Use SQL, PostgreSQL, Database Design to deliver clear, documented work. Collaborate with a team of 4 across finance and strategy. Success means reliable weekly delivery. This is a fictional demonstration listing; no employer receives applications. Database Design ETL PostgreSQL SQL Advanced SQL Git Python SQL Server"
SYN-0198,onsite,False,Python Developer,Prism Solutions,Bangalore,Karnataka,500000,680000,1.0,2.0,"[""Flask"", ""Git"", ""Python"", ""REST API"", ""SQL""]","[""Django"", ""Docker"", ""FastAPI"", ""Linux""]",Diploma,Logistics,Full-time,"Join the logistics team at Prism Solutions as a Python Developer. Your work supports digital transformation for weekly business reviews. You will write integration tests, maintain internal automation, and improve service reliability. Use Python, Flask, SQL to deliver clear, documented work. Collaborate with a team of 12 across customer success and sales. Success means measurable quality improvements. This is a fictional demonstration listing; no employer receives applications.",4.3,2026-09-17,2026-11-29,True,"Python Developer Join the logistics team at Prism Solutions as a Python Developer. Your work supports digital transformation for weekly business reviews. You will write integration tests, maintain internal automation, and improve service reliability. Use Python, Flask, SQL to deliver clear, documented work. Collaborate with a team of 12 across customer success and sales. Success means measurable quality improvements. This is a fictional demonstration listing; no employer receives applications. Flask Git Python REST API SQL Django Docker FastAPI Linux"
SYN-0199,onsite,False,Junior Data Scientist,Nimbus Works,Hyderabad,Telangana,790000,970000,1.0,4.0,"[""Feature Engineering"", ""Machine Learning"", ""Pandas"", ""Python"", ""SQL"", ""Statistics""]","[""A/B Testing"", ""NLP"", ""Scikit-learn""]",BSc,Media,Full-time,"Join the media team at Nimbus Works as a Junior Data Scientist. Your work supports customer experience for a new product launch. You will prepare experimentation datasets, evaluate classification models, and explain model errors. Use Python, Statistics, Machine Learning to deliver clear, documented work. Collaborate with a team of 18 across finance and strategy. Success means clear stakeholder communication. This is a fictional demonstration listing; no employer receives applications.",4.8,2026-09-04,2027-01-03,True,"Junior Data Scientist Join the media team at Nimbus Works as a Junior Data Scientist. Your work supports customer experience for a new product launch. You will prepare experimentation datasets, evaluate classification models, and explain model errors. Use Python, Statistics, Machine Learning to deliver clear, documented work. Collaborate with a team of 18 across finance and strategy. Success means clear stakeholder communication. This is a fictional demonstration listing; no employer receives applications. Feature Engineering Machine Learning Pandas Python SQL Statistics A/B Testing NLP Scikit-learn"
SYN-0200,onsite,False,Machine Learning Engineer,Orbit Works,Delhi,Delhi,650000,830000,0,2.0,"[""Docker"", ""Machine Learning"", ""Model Evaluation"", ""Python"", ""Scikit-learn""]","[""AWS"", ""MLOps"", ""PyTorch"", ""TensorFlow""]",BTech,Education,Full-time,"Join the education team at Orbit Works as a Machine Learning Engineer. Your work supports inventory accuracy for an expanding customer base. You will build reproducible ML pipelines, monitor model drift, and serve prediction models. Use Python, Machine Learning, Scikit-learn to deliver clear, documented work. Collaborate with a team of 10 across design and engineering. Success means measurable quality improvements. This is a fictional demonstration listing; no employer receives applications.",4.8,2026-09-25,2026-11-13,True,"Machine Learning Engineer Join the education team at Orbit Works as a Machine Learning Engineer. Your work supports inventory accuracy for an expanding customer base. You will build reproducible ML pipelines, monitor model drift, and serve prediction models. Use Python, Machine Learning, Scikit-learn to deliver clear, documented work. Collaborate with a team of 10 across design and engineering. Success means measurable quality improvements. This is a fictional demonstration listing; no employer receives applications. Docker Machine Learning Model Evaluation Python Scikit-learn AWS MLOps PyTorch TensorFlow"
SYN-0201,onsite,False,Software Developer,Nimbus Systems,Noida,Uttar Pradesh,740000,990000,3.0,6.0,"[""Algorithms"", ""Git"", ""Java"", ""OOP"", ""SQL""]","[""Agile"", ""Docker"", ""Python"", ""REST API""]",BTech,Education,Part-time,"Join the education team at Nimbus Systems as a Software Developer. Your work supports customer experience for an expanding customer base. You will resolve production defects, improve automated testing, and implement service features. Use Java, SQL, Git to deliver clear, documented work. Collaborate with a team of 16 across product and operations. Success means reliable weekly delivery. This is a fictional demonstration listing; no employer receives applications.",4.9,2026-09-12,2026-11-19,True,"Software Developer Join the education team at Nimbus Systems as a Software Developer. Your work supports customer experience for an expanding customer base. You will resolve production defects, improve automated testing, and implement service features. Use Java, SQL, Git to deliver clear, documented work. Collaborate with a team of 16 across product and operations. Success means reliable weekly delivery. This is a fictional demonstration listing; no employer receives applications. Algorithms Git Java OOP SQL Agile Docker Python REST API"
SYN-0202,onsite,False,Web Developer,Nexa Solutions,Gurugram,Haryana,710000,890000,5.0,7.0,"[""Bootstrap"", ""CSS"", ""Git"", ""HTML"", ""JavaScript"", ""React""]","[""Accessibility"", ""Node.js"", ""TypeScript""]",Diploma,Logistics,Full-time,"Join the logistics team at Nexa Solutions as a Web Developer. Your work supports quality improvement for a new product launch. You will optimize page performance, create reusable UI components, and build accessible interfaces. Use HTML, CSS, JavaScript to deliver clear, documented work. Collaborate with a team of 9 across design and engineering. Success means clear stakeholder communication. This is a fictional demonstration listing; no employer receives applications.",4.3,2026-09-11,2026-11-14,True,"Web Developer Join the logistics team at Nexa Solutions as a Web Developer. Your work supports quality improvement for a new product launch. You will optimize page performance, create reusable UI components, and build accessible interfaces. Use HTML, CSS, JavaScript to deliver clear, documented work. Collaborate with a team of 9 across design and engineering. Success means clear stakeholder communication. This is a fictional demonstration listing; no employer receives applications. Bootstrap CSS Git HTML JavaScript React Accessibility Node.js TypeScript"
SYN-0203,onsite,False,Digital Marketing Analyst,Evergreen Works,Mumbai,Maharashtra,630000,810000,3.0,5.0,"[""Digital Marketing"", ""Excel"", ""Google Analytics"", ""SEO""]","[""Campaign Analysis"", ""Google Ads"", ""Power BI"", ""SQL""]",BA,Logistics,Contract,"Join the logistics team at Evergreen Works as a Digital Marketing Analyst. Your work supports customer experience for regional service teams. You will recommend landing page experiments, measure campaign conversion, and build attribution reports. Use Google Analytics, SEO, Excel to deliver clear, documented work. Collaborate with a team of 18 across finance and strategy. Success means measurable quality improvements. This is a fictional demonstration listing; no employer receives applications.",4.1,2026-09-03,2026-12-03,True,"Digital Marketing Analyst Join the logistics team at Evergreen Works as a Digital Marketing Analyst. Your work supports customer experience for regional service teams. You will recommend landing page experiments, measure campaign conversion, and build attribution reports. Use Google Analytics, SEO, Excel to deliver clear, documented work. Collaborate with a team of 18 across finance and strategy. Success means measurable quality improvements. This is a fictional demonstration listing; no employer receives applications. Digital Marketing Excel Google Analytics SEO Campaign Analysis Google Ads Power BI SQL"
SYN-0204,onsite,False,SEO Analyst,Prism Works,Pune,Maharashtra,540000,720000,4.0,5.0,"[""Content Marketing"", ""Excel"", ""Google Analytics"", ""SEO""]","[""Copywriting"", ""HTML"", ""Market Research"", ""SEM""]",12th,Media,Full-time,"Join the media team at Prism Works as a SEO Analyst. Your work supports digital transformation for a new product launch. You will research search demand, track organic conversions, and improve technical SEO checks. Use SEO, Google Analytics, Content Marketing to deliver clear, documented work. Collaborate with a team of 13 across customer success and sales. Success means measurable quality improvements. This is a fictional demonstration listing; no employer receives applications.",4.1,2026-09-10,2026-12-15,True,"SEO Analyst Join the media team at Prism Works as a SEO Analyst. Your work supports digital transformation for a new product launch. You will research search demand, track organic conversions, and improve technical SEO checks. Use SEO, Google Analytics, Content Marketing to deliver clear, documented work. Collaborate with a team of 13 across customer success and sales. Success means measurable quality improvements. This is a fictional demonstration listing; no employer receives applications. Content Marketing Excel Google Analytics SEO Copywriting HTML Market Research SEM"
SYN-0205,onsite,False,Customer Support Executive,Orbit Partners,Chennai,Tamil Nadu,330000,510000,3.0,5.0,"[""Communication"", ""CRM"", ""Customer Support"", ""Email Support"", ""Ticketing""]","[""Chat Support"", ""Conflict Resolution"", ""Zendesk""]",12th,Finance,Contract,"Join the finance team at Orbit Partners as a Customer Support Executive. Your work supports subscription growth for regional service teams. You will resolve customer tickets, meet response time targets, and identify recurring service problems. Use Customer Support, Communication, CRM to deliver clear, documented work. Collaborate with a team of 13 across customer success and sales. Success means reliable weekly delivery. This is a fictional demonstration listing; no employer receives applications.",3.7,2026-09-04,2026-12-08,True,"Customer Support Executive Join the finance team at Orbit Partners as a Customer Support Executive. Your work supports subscription growth for regional service teams. You will resolve customer tickets, meet response time targets, and identify recurring service problems. Use Customer Support, Communication, CRM to deliver clear, documented work. Collaborate with a team of 13 across customer success and sales. Success means reliable weekly delivery. This is a fictional demonstration listing; no employer receives applications. Communication CRM Customer Support Email Support Ticketing Chat Support Conflict Resolution Zendesk"
SYN-0206,onsite,False,Operations Analyst,Evergreen Systems,Ahmedabad,Gujarat,570000,750000,2.0,5.0,"[""Excel"", ""Operations"", ""Process Improvement"", ""SQL""]","[""Forecasting"", ""Inventory Management"", ""Power BI"", ""Supply Chain""]",BA,Logistics,Full-time,"Join the logistics team at Evergreen Systems as a Operations Analyst. Your work supports cost optimization for a cross-functional transformation program. You will monitor service metrics, identify process bottlenecks, and analyze fulfillment delays. Use Excel, SQL, Operations to deliver clear, documented work. Collaborate with a team of 5 across product and operations. Success means reliable weekly delivery. This is a fictional demonstration listing; no employer receives applications.",3.4,2026-09-09,2026-11-06,True,"Operations Analyst Join the logistics team at Evergreen Systems as a Operations Analyst. Your work supports cost optimization for a cross-functional transformation program. You will monitor service metrics, identify process bottlenecks, and analyze fulfillment delays. Use Excel, SQL, Operations to deliver clear, documented work. Collaborate with a team of 5 across product and operations. Success means reliable weekly delivery. This is a fictional demonstration listing; no employer receives applications. Excel Operations Process Improvement SQL Forecasting Inventory Management Power BI Supply Chain"
SYN-0207,onsite,False,Financial Analyst,Riverstone Works,Patna,Bihar,960000,1310000,4.0,6.0,"[""Accounting"", ""Excel"", ""Financial Analysis"", ""Financial Modeling""]","[""Budgeting"", ""Power BI"", ""SQL"", ""Valuation""]",BCom,Technology,Full-time,"Join the technology team at Riverstone Works as a Financial Analyst. Your work supports digital transformation for weekly business reviews. You will prepare budget variance reports, analyze monthly cash flow, and model unit economics. Use Excel, Financial Analysis, Accounting to deliver clear, documented work. Collaborate with a team of 12 across customer success and sales. Success means measurable quality improvements. This is a fictional demonstration listing; no employer receives applications.",3.4,2026-10-06,2026-12-14,True,"Financial Analyst Join the technology team at Riverstone Works as a Financial Analyst. Your work supports digital transformation for weekly business reviews. You will prepare budget variance reports, analyze monthly cash flow, and model unit economics. Use Excel, Financial Analysis, Accounting to deliver clear, documented work. Collaborate with a team of 12 across customer success and sales. Success means measurable quality improvements. This is a fictional demonstration listing; no employer receives applications. Accounting Excel Financial Analysis Financial Modeling Budgeting Power BI SQL Valuation"
SYN-0208,remote,True,Cybersecurity Analyst,Cobalt Solutions,Remote,Remote,490000,740000,0,1.0,"[""Cybersecurity"", ""Linux"", ""Networking"", ""Python"", ""SIEM""]","[""Incident Response"", ""Splunk"", ""Wireshark""]",BTech,Retail,Full-time,"Join the retail team at Cobalt Solutions as a Cybersecurity Analyst. Your work supports subscription growth for a new product launch. You will document response procedures, assess infrastructure vulnerabilities, and triage security alerts. Use Cybersecurity, Networking, Linux to deliver clear, documented work. Collaborate with a team of 8 across product and operations. Success means well-tested, reusable outputs. This is a fictional demonstration listing; no employer receives applications.",3.6,2026-10-03,2026-11-18,True,"Cybersecurity Analyst Join the retail team at Cobalt Solutions as a Cybersecurity Analyst. Your work supports subscription growth for a new product launch. You will document response procedures, assess infrastructure vulnerabilities, and triage security alerts. Use Cybersecurity, Networking, Linux to deliver clear, documented work. Collaborate with a team of 8 across product and operations. Success means well-tested, reusable outputs. This is a fictional demonstration listing; no employer receives applications. Cybersecurity Linux Networking Python SIEM Incident Response Splunk Wireshark"
SYN-0209,onsite,False,Cloud Engineer,Orbit Systems,Kolkata,West Bengal,1140000,1320000,3.0,5.0,"[""AWS"", ""Docker"", ""Linux"", ""Networking""]","[""Azure"", ""Kubernetes"", ""Monitoring"", ""Terraform""]",BTech,Media,Full-time,"Join the media team at Orbit Systems as a Cloud Engineer. Your work supports subscription growth for a cross-functional transformation program. You will improve deployment reliability, operate cloud infrastructure, and automate infrastructure changes. Use AWS, Linux, Networking to deliver clear, documented work. Collaborate with a team of 10 across finance and strategy. Success means measurable quality improvements. This is a fictional demonstration listing; no employer receives applications.",3.8,2026-09-14,2026-12-24,True,"Cloud Engineer Join the media team at Orbit Systems as a Cloud Engineer. Your work supports subscription growth for a cross-functional transformation program. You will improve deployment reliability, operate cloud infrastructure, and automate infrastructure changes. Use AWS, Linux, Networking to deliver clear, documented work. Collaborate with a team of 10 across finance and strategy. Success means measurable quality improvements. This is a fictional demonstration listing; no employer receives applications. AWS Docker Linux Networking Azure Kubernetes Monitoring Terraform"
SYN-0210,onsite,False,Graphic Designer,Juniper Labs,Bangalore,Karnataka,270000,450000,0,2.0,"[""Canva"", ""Illustrator"", ""Photoshop"", ""Typography""]","[""Branding"", ""Figma"", ""InDesign"", ""Video Editing""]",Diploma,Healthcare,Full-time,"Join the healthcare team at Juniper Labs as a Graphic Designer. Your work supports customer experience for an expanding customer base. You will prepare print layouts, adapt creative for digital channels, and design campaign assets. Use Photoshop, Illustrator, Canva to deliver clear, documented work. Collaborate with a team of 4 across customer success and sales. Success means measurable quality improvements. This is a fictional demonstration listing; no employer receives applications.",4.8,2026-09-29,2026-11-30,True,"Graphic Designer Join the healthcare team at Juniper Labs as a Graphic Designer. Your work supports customer experience for an expanding customer base. You will prepare print layouts, adapt creative for digital channels, and design campaign assets. Use Photoshop, Illustrator, Canva to deliver clear, documented work. Collaborate with a team of 4 across customer success and sales. Success means measurable quality improvements. This is a fictional demonstration listing; no employer receives applications. Canva Illustrator Photoshop Typography Branding Figma InDesign Video Editing"
SYN-0211,onsite,False,Marketing Analyst,Evergreen Partners,Hyderabad,Telangana,430000,610000,1.0,3.0,"[""Campaign Analysis"", ""Excel"", ""Google Analytics"", ""Market Research"", ""SQL""]","[""A/B Testing"", ""Communication"", ""Tableau""]",BA,Finance,Full-time,"Join the finance team at Evergreen Partners as a Marketing Analyst. Your work supports service efficiency for an expanding customer base. You will research competitor positioning, measure marketing efficiency, and segment customer audiences. Use Excel, Market Research, Google Analytics to deliver clear, documented work. Collaborate with a team of 7 across customer success and sales. Success means measurable quality improvements. This is a fictional demonstration listing; no employer receives applications.",4.6,2026-09-21,2026-10-24,True,"Marketing Analyst Join the finance team at Evergreen Partners as a Marketing Analyst. Your work supports service efficiency for an expanding customer base. You will research competitor positioning, measure marketing efficiency, and segment customer audiences. Use Excel, Market Research, Google Analytics to deliver clear, documented work. Collaborate with a team of 7 across customer success and sales. Success means measurable quality improvements. This is a fictional demonstration listing; no employer receives applications. Campaign Analysis Excel Google Analytics Market Research SQL A/B Testing Communication Tableau"
SYN-0212,onsite,False,HR Analyst,Nexa Labs,Delhi,Delhi,330000,580000,0,2.0,"[""Communication"", ""Excel"", ""HR Analytics"", ""Reporting""]","[""HRIS"", ""Payroll"", ""Power BI"", ""SQL""]",BA,Manufacturing,Full-time,"Join the manufacturing team at Nexa Labs as a HR Analyst. Your work supports digital transformation for regional service teams. You will analyze workforce trends, monitor employee retention, and report recruitment efficiency. Use Excel, HR Analytics, Communication to deliver clear, documented work. Collaborate with a team of 11 across design and engineering. Success means reliable weekly delivery. This is a fictional demonstration listing; no employer receives applications.",4.5,2026-08-28,2026-12-01,True,"HR Analyst Join the manufacturing team at Nexa Labs as a HR Analyst. Your work supports digital transformation for regional service teams. You will analyze workforce trends, monitor employee retention, and report recruitment efficiency. Use Excel, HR Analytics, Communication to deliver clear, documented work. Collaborate with a team of 11 across design and engineering. Success means reliable weekly delivery. This is a fictional demonstration listing; no employer receives applications. Communication Excel HR Analytics Reporting HRIS Payroll Power BI SQL"
SYN-0213,onsite,False,Business Intelligence Analyst,Prism Works,Noida,Uttar Pradesh,440000,790000,0,3.0,"[""Data Modeling"", ""Data Visualization"", ""Power BI"", ""SQL""]","[""DAX"", ""Excel"", ""Stakeholder Management"", ""Tableau""]",BSc,Technology,Full-time,"Join the technology team at Prism Works as a Business Intelligence Analyst. Your work supports regional expansion for a new product launch. You will document reporting models, build self-service analytics, and translate business questions into dashboards. Use SQL, Power BI, Data Modeling to deliver clear, documented work. Collaborate with a team of 9 across design and engineering. Success means measurable quality improvements. This is a fictional demonstration listing; no employer receives applications.",4.7,2026-09-11,2026-11-24,True,"Business Intelligence Analyst Join the technology team at Prism Works as a Business Intelligence Analyst. Your work supports regional expansion for a new product launch. You will document reporting models, build self-service analytics, and translate business questions into dashboards. Use SQL, Power BI, Data Modeling to deliver clear, documented work. Collaborate with a team of 9 across design and engineering. Success means measurable quality improvements. This is a fictional demonstration listing; no employer receives applications. Data Modeling Data Visualization Power BI SQL DAX Excel Stakeholder Management Tableau"
SYN-0214,onsite,False,Quality Assurance Analyst,Lumina Partners,Gurugram,Haryana,410000,530000,1.0,3.0,"[""Communication"", ""Problem Solving"", ""Python"", ""Quality Assurance"", ""SQL""]","[""Agile"", ""Jira"", ""REST API""]",Diploma,Media,Contract,"Join the media team at Lumina Partners as a Quality Assurance Analyst. Your work supports digital transformation for a cross-functional transformation program. You will verify data integrity, reproduce reported defects, and track release readiness. Use Quality Assurance, SQL, Communication to deliver clear, documented work. Collaborate with a team of 6 across design and engineering. Success means clear stakeholder communication. This is a fictional demonstration listing; no employer receives applications.",4.4,2026-09-27,2026-12-16,True,"Quality Assurance Analyst Join the media team at Lumina Partners as a Quality Assurance Analyst. Your work supports digital transformation for a cross-functional transformation program. You will verify data integrity, reproduce reported defects, and track release readiness. Use Quality Assurance, SQL, Communication to deliver clear, documented work. Collaborate with a team of 6 across design and engineering. Success means clear stakeholder communication. This is a fictional demonstration listing; no employer receives applications. Communication Problem Solving Python Quality Assurance SQL Agile Jira REST API"
SYN-0215,onsite,False,UX Researcher,Maple Works,Mumbai,Maharashtra,490000,610000,1.0,3.0,"[""Communication"", ""Figma"", ""Prototyping"", ""UX Research""]","[""A/B Testing"", ""Accessibility"", ""Presentation"", ""UI Design""]",BA,Manufacturing,Full-time,"Join the manufacturing team at Maple Works as a UX Researcher. Your work supports quality improvement for an expanding customer base. You will conduct usability sessions, synthesize research findings, and validate interface prototypes. Use UX Research, Figma, Communication to deliver clear, documented work. Collaborate with a team of 17 across finance and strategy. Success means well-tested, reusable outputs. This is a fictional demonstration listing; no employer receives applications.",4.7,2026-09-15,2026-11-06,True,"UX Researcher Join the manufacturing team at Maple Works as a UX Researcher. Your work supports quality improvement for an expanding customer base. You will conduct usability sessions, synthesize research findings, and validate interface prototypes. Use UX Research, Figma, Communication to deliver clear, documented work. Collaborate with a team of 17 across finance and strategy. Success means well-tested, reusable outputs. This is a fictional demonstration listing; no employer receives applications. Communication Figma Prototyping UX Research A/B Testing Accessibility Presentation UI Design"
SYN-0216,onsite,False,Data Engineer,Nimbus Solutions,Pune,Maharashtra,590000,840000,0,1.0,"[""Data Modeling"", ""ETL"", ""PostgreSQL"", ""Python"", ""SQL""]","[""AWS"", ""Azure"", ""Databricks"", ""Spark""]",BTech,Manufacturing,Full-time,"Join the manufacturing team at Nimbus Solutions as a Data Engineer. Your work supports cost optimization for a new product launch. You will design analytical storage, enforce data quality contracts, and build ingestion pipelines. Use Python, SQL, ETL to deliver clear, documented work. Collaborate with a team of 6 across customer success and sales. Success means clear stakeholder communication. This is a fictional demonstration listing; no employer receives applications.",4.3,2026-09-03,2026-11-20,True,"Data Engineer Join the manufacturing team at Nimbus Solutions as a Data Engineer. Your work supports cost optimization for a new product launch. You will design analytical storage, enforce data quality contracts, and build ingestion pipelines. Use Python, SQL, ETL to deliver clear, documented work. Collaborate with a team of 6 across customer success and sales. Success means clear stakeholder communication. This is a fictional demonstration listing; no employer receives applications. Data Modeling ETL PostgreSQL Python SQL AWS Azure Databricks Spark"
SYN-0217,onsite,False,Data Analyst,Lumina Partners,Ahmedabad,Gujarat,380000,560000,0,1.0,"[""Data Cleaning"", ""Excel"", ""Pandas"", ""Power BI"", ""Python"", ""SQL"", ""Statistics""]","[""DAX"", ""ETL"", ""Presentation"", ""Tableau""]",Diploma,Manufacturing,Full-time,"Join the manufacturing team at Lumina Partners as a Data Analyst. Your work supports inventory accuracy for an expanding customer base. You will validate transaction data, build weekly KPI dashboards, and explain customer retention. Use SQL, Excel, Python to deliver clear, documented work. Collaborate with a team of 18 across finance and strategy. Success means clear stakeholder communication. This is a fictional demonstration listing; no employer receives applications.",3.4,2026-09-15,2026-12-03,True,"Data Analyst Join the manufacturing team at Lumina Partners as a Data Analyst. Your work supports inventory accuracy for an expanding customer base. You will validate transaction data, build weekly KPI dashboards, and explain customer retention. Use SQL, Excel, Python to deliver clear, documented work. Collaborate with a team of 18 across finance and strategy. Success means clear stakeholder communication. This is a fictional demonstration listing; no employer receives applications. Data Cleaning Excel Pandas Power BI Python SQL Statistics DAX ETL Presentation Tableau"
SYN-0218,onsite,False,Business Analyst,Nimbus Systems,Patna,Bihar,410000,760000,0,1.0,"[""Business Analysis"", ""Communication"", ""Excel"", ""Requirements Gathering"", ""SQL""]","[""Agile"", ""Jira"", ""Process Improvement"", ""Tableau""]",BA,Manufacturing,Full-time,"Join the manufacturing team at Nimbus Systems as a Business Analyst. Your work supports quality improvement for an expanding customer base. You will document business requirements, interview stakeholders, and evaluate product changes. Use SQL, Excel, Business Analysis to deliver clear, documented work. Collaborate with a team of 8 across customer success and sales. Success means measurable quality improvements. This is a fictional demonstration listing; no employer receives applications.",4.4,2026-09-15,2026-12-16,True,"Business Analyst Join the manufacturing team at Nimbus Systems as a Business Analyst. Your work supports quality improvement for an expanding customer base. You will document business requirements, interview stakeholders, and evaluate product changes. Use SQL, Excel, Business Analysis to deliver clear, documented work. Collaborate with a team of 8 across customer success and sales. Success means measurable quality improvements. This is a fictional demonstration listing; no employer receives applications. Business Analysis Communication Excel Requirements Gathering SQL Agile Jira Process Improvement Tableau"
SYN-0219,remote,True,Power BI Developer,Northstar Labs,Remote,Remote,450000,800000,0,2.0,"[""Data Modeling"", ""DAX"", ""Power BI"", ""Power Query"", ""SQL""]","[""Azure"", ""Dashboard Design"", ""ETL"", ""Excel""]",BTech,Finance,Full-time,"Join the finance team at Northstar Labs as a Power BI Developer. Your work supports service efficiency for a new product launch. You will design dimensional models, reconcile reporting metrics, and publish operational dashboards. Use Power BI, DAX, SQL to deliver clear, documented work. Collaborate with a team of 18 across design and engineering. Success means reliable weekly delivery. This is a fictional demonstration listing; no employer receives applications.",4.0,2026-09-03,2026-12-18,True,"Power BI Developer Join the finance team at Northstar Labs as a Power BI Developer. Your work supports service efficiency for a new product launch. You will design dimensional models, reconcile reporting metrics, and publish operational dashboards. Use Power BI, DAX, SQL to deliver clear, documented work. Collaborate with a team of 18 across design and engineering. Success means reliable weekly delivery. This is a fictional demonstration listing; no employer receives applications. Data Modeling DAX Power BI Power Query SQL Azure Dashboard Design ETL Excel"
SYN-0220,onsite,False,MIS Executive,Cedar Labs,Kolkata,West Bengal,240000,360000,0,3.0,"[""Communication"", ""Data Cleaning"", ""Excel"", ""Excel VBA"", ""Reporting""]","[""Advanced Excel"", ""Power BI"", ""SQL""]",12th,Logistics,Internship,"Join the logistics team at Cedar Labs as a MIS Executive. Your work supports inventory accuracy for weekly business reviews. You will prepare management summaries, reconcile inventory records, and maintain daily reports. Use Excel, Reporting, Data Cleaning to deliver clear, documented work. Collaborate with a team of 13 across product and operations. Success means reliable weekly delivery. This is a fictional demonstration listing; no employer receives applications.",3.5,2026-08-30,2027-01-05,True,"MIS Executive Join the logistics team at Cedar Labs as a MIS Executive. Your work supports inventory accuracy for weekly business reviews. You will prepare management summaries, reconcile inventory records, and maintain daily reports. Use Excel, Reporting, Data Cleaning to deliver clear, documented work. Collaborate with a team of 13 across product and operations. Success means reliable weekly delivery. This is a fictional demonstration listing; no employer receives applications. Communication Data Cleaning Excel Excel VBA Reporting Advanced Excel Power BI SQL"
SYN-0221,onsite,False,SQL Developer,Riverstone Labs,Bangalore,Karnataka,340000,460000,0,1.0,"[""Database Design"", ""ETL"", ""PostgreSQL"", ""SQL""]","[""Advanced SQL"", ""Git"", ""Python"", ""SQL Server""]",BCA,Logistics,Full-time,"Join the logistics team at Riverstone Labs as a SQL Developer. Your work supports cost optimization for an expanding customer base. You will optimize database queries, design warehouse tables, and build scheduled data pipelines. Use SQL, PostgreSQL, Database Design to deliver clear, documented work. Collaborate with a team of 14 across customer success and sales. Success means reliable weekly delivery. This is a fictional demonstration listing; no employer receives applications.",3.3,2026-09-13,2026-12-15,True,"SQL Developer Join the logistics team at Riverstone Labs as a SQL Developer. Your work supports cost optimization for an expanding customer base. You will optimize database queries, design warehouse tables, and build scheduled data pipelines. Use SQL, PostgreSQL, Database Design to deliver clear, documented work. Collaborate with a team of 14 across customer success and sales. Success means reliable weekly delivery. This is a fictional demonstration listing; no employer receives applications. Database Design ETL PostgreSQL SQL Advanced SQL Git Python SQL Server"
SYN-0222,onsite,False,Python Developer,Cobalt Labs,Hyderabad,Telangana,990000,1240000,4.0,5.0,"[""Flask"", ""Git"", ""Python"", ""REST API"", ""SQL""]","[""Django"", ""Docker"", ""FastAPI"", ""Linux""]",Diploma,Finance,Full-time,"Join the finance team at Cobalt Labs as a Python Developer. Your work supports cost optimization for weekly business reviews. You will write integration tests, build backend APIs, and improve service reliability. Use Python, Flask, SQL to deliver clear, documented work. Collaborate with a team of 18 across finance and strategy. Success means measurable quality improvements. This is a fictional demonstration listing; no employer receives applications.",3.8,2026-09-07,2026-10-28,True,"Python Developer Join the finance team at Cobalt Labs as a Python Developer. Your work supports cost optimization for weekly business reviews. You will write integration tests, build backend APIs, and improve service reliability. Use Python, Flask, SQL to deliver clear, documented work. Collaborate with a team of 18 across finance and strategy. Success means measurable quality improvements. This is a fictional demonstration listing; no employer receives applications. Flask Git Python REST API SQL Django Docker FastAPI Linux"
SYN-0223,onsite,False,Junior Data Scientist,Nimbus Solutions,Delhi,Delhi,640000,990000,1.0,2.0,"[""Feature Engineering"", ""Machine Learning"", ""Pandas"", ""Python"", ""SQL"", ""Statistics""]","[""A/B Testing"", ""NLP"", ""Scikit-learn""]",BSc,Finance,Full-time,"Join the finance team at Nimbus Solutions as a Junior Data Scientist. Your work supports service efficiency for regional service teams. You will prototype demand forecasts, evaluate classification models, and explain model errors. Use Python, Statistics, Machine Learning to deliver clear, documented work. Collaborate with a team of 11 across finance and strategy. Success means measurable quality improvements. This is a fictional demonstration listing; no employer receives applications.",3.5,2026-08-30,2026-12-11,True,"Junior Data Scientist Join the finance team at Nimbus Solutions as a Junior Data Scientist. Your work supports service efficiency for regional service teams. You will prototype demand forecasts, evaluate classification models, and explain model errors. Use Python, Statistics, Machine Learning to deliver clear, documented work. Collaborate with a team of 11 across finance and strategy. Success means measurable quality improvements. This is a fictional demonstration listing; no employer receives applications. Feature Engineering Machine Learning Pandas Python SQL Statistics A/B Testing NLP Scikit-learn"
SYN-0224,onsite,False,Machine Learning Engineer,Nimbus Systems,Noida,Uttar Pradesh,690000,940000,0,2.0,"[""Docker"", ""Machine Learning"", ""Model Evaluation"", ""Python"", ""Scikit-learn""]","[""AWS"", ""MLOps"", ""PyTorch"", ""TensorFlow""]",BTech,Logistics,Full-time,"Join the logistics team at Nimbus Systems as a Machine Learning Engineer. Your work supports quality improvement for weekly business reviews. You will build reproducible ML pipelines, monitor model drift, and optimize inference workloads. Use Python, Machine Learning, Scikit-learn to deliver clear, documented work. Collaborate with a team of 14 across customer success and sales. Success means well-tested, reusable outputs. This is a fictional demonstration listing; no employer receives applications.",4.1,2026-09-15,2026-12-19,True,"Machine Learning Engineer Join the logistics team at Nimbus Systems as a Machine Learning Engineer. Your work supports quality improvement for weekly business reviews. You will build reproducible ML pipelines, monitor model drift, and optimize inference workloads. Use Python, Machine Learning, Scikit-learn to deliver clear, documented work. Collaborate with a team of 14 across customer success and sales. Success means well-tested, reusable outputs. This is a fictional demonstration listing; no employer receives applications. Docker Machine Learning Model Evaluation Python Scikit-learn AWS MLOps PyTorch TensorFlow"
SYN-0225,onsite,False,Software Developer,Riverstone Works,Gurugram,Haryana,710000,830000,2.0,3.0,"[""Algorithms"", ""Git"", ""Java"", ""OOP"", ""SQL""]","[""Agile"", ""Docker"", ""Python"", ""REST API""]",BTech,Manufacturing,Full-time,"Join the manufacturing team at Riverstone Works as a Software Developer. Your work supports quality improvement for a cross-functional transformation program. You will review maintainable code, resolve production defects, and improve automated testing. Use Java, SQL, Git to deliver clear, documented work. Collaborate with a team of 14 across product and operations. Success means clear stakeholder communication. This is a fictional demonstration listing; no employer receives applications.",4.0,2026-09-17,2026-10-25,True,"Software Developer Join the manufacturing team at Riverstone Works as a Software Developer. Your work supports quality improvement for a cross-functional transformation program. You will review maintainable code, resolve production defects, and improve automated testing. Use Java, SQL, Git to deliver clear, documented work. Collaborate with a team of 14 across product and operations. Success means clear stakeholder communication. This is a fictional demonstration listing; no employer receives applications. Algorithms Git Java OOP SQL Agile Docker Python REST API"
SYN-0226,onsite,False,Web Developer,Nexa Solutions,Mumbai,Maharashtra,720000,900000,5.0,7.0,"[""Bootstrap"", ""CSS"", ""Git"", ""HTML"", ""JavaScript"", ""React""]","[""Accessibility"", ""Node.js"", ""TypeScript""]",Diploma,Media,Full-time,"Join the media team at Nexa Solutions as a Web Developer. Your work supports quality improvement for a new product launch. You will create reusable UI components, integrate REST APIs, and optimize page performance. Use HTML, CSS, JavaScript to deliver clear, documented work. Collaborate with a team of 11 across product and operations. Success means well-tested, reusable outputs. This is a fictional demonstration listing; no employer receives applications.",3.5,2026-09-29,2026-10-27,True,"Web Developer Join the media team at Nexa Solutions as a Web Developer. Your work supports quality improvement for a new product launch. You will create reusable UI components, integrate REST APIs, and optimize page performance. Use HTML, CSS, JavaScript to deliver clear, documented work. Collaborate with a team of 11 across product and operations. Success means well-tested, reusable outputs. This is a fictional demonstration listing; no employer receives applications. Bootstrap CSS Git HTML JavaScript React Accessibility Node.js TypeScript"
SYN-0227,onsite,False,Digital Marketing Analyst,Northstar Solutions,Pune,Maharashtra,370000,720000,1.0,2.0,"[""Digital Marketing"", ""Excel"", ""Google Analytics"", ""SEO""]","[""Campaign Analysis"", ""Google Ads"", ""Power BI"", ""SQL""]",BA,Manufacturing,Full-time,"Join the manufacturing team at Northstar Solutions as a Digital Marketing Analyst. Your work supports customer experience for a new product launch. You will build attribution reports, recommend landing page experiments, and audit acquisition channels. Use Google Analytics, SEO, Excel to deliver clear, documented work. Collaborate with a team of 11 across customer success and sales. Success means well-tested, reusable outputs. This is a fictional demonstration listing; no employer receives applications.",4.0,2026-09-04,2026-12-01,True,"Digital Marketing Analyst Join the manufacturing team at Northstar Solutions as a Digital Marketing Analyst. Your work supports customer experience for a new product launch. You will build attribution reports, recommend landing page experiments, and audit acquisition channels. Use Google Analytics, SEO, Excel to deliver clear, documented work. Collaborate with a team of 11 across customer success and sales. Success means well-tested, reusable outputs. This is a fictional demonstration listing; no employer receives applications. Digital Marketing Excel Google Analytics SEO Campaign Analysis Google Ads Power BI SQL"
SYN-0228,onsite,False,SEO Analyst,Cedar Partners,Chennai,Tamil Nadu,270000,450000,0,3.0,"[""Content Marketing"", ""Excel"", ""Google Analytics"", ""SEO""]","[""Copywriting"", ""HTML"", ""Market Research"", ""SEM""]",12th,Finance,Contract,"Join the finance team at Cedar Partners as a SEO Analyst. Your work supports customer experience for weekly business reviews. You will improve technical SEO checks, track organic conversions, and research search demand. Use SEO, Google Analytics, Content Marketing to deliver clear, documented work. Collaborate with a team of 17 across product and operations. Success means measurable quality improvements. This is a fictional demonstration listing; no employer receives applications.",3.8,2026-09-06,2026-10-28,True,"SEO Analyst Join the finance team at Cedar Partners as a SEO Analyst. Your work supports customer experience for weekly business reviews. You will improve technical SEO checks, track organic conversions, and research search demand. Use SEO, Google Analytics, Content Marketing to deliver clear, documented work. Collaborate with a team of 17 across product and operations. Success means measurable quality improvements. This is a fictional demonstration listing; no employer receives applications. Content Marketing Excel Google Analytics SEO Copywriting HTML Market Research SEM"
SYN-0229,onsite,False,Customer Support Executive,Northstar Partners,Ahmedabad,Gujarat,220000,400000,0,2.0,"[""Chat Support"", ""Communication"", ""CRM"", ""Customer Support"", ""Ticketing""]","[""Conflict Resolution"", ""Email Support"", ""Zendesk""]",12th,Technology,Full-time,"Join the technology team at Northstar Partners as a Customer Support Executive. Your work supports regional expansion for an expanding customer base. You will resolve customer tickets, meet response time targets, and identify recurring service problems. Use Customer Support, Communication, CRM to deliver clear, documented work. Collaborate with a team of 18 across product and operations. Success means reliable weekly delivery. This is a fictional demonstration listing; no employer receives applications.",4.5,2026-09-22,2026-10-25,True,"Customer Support Executive Join the technology team at Northstar Partners as a Customer Support Executive. Your work supports regional expansion for an expanding customer base. You will resolve customer tickets, meet response time targets, and identify recurring service problems. Use Customer Support, Communication, CRM to deliver clear, documented work. Collaborate with a team of 18 across product and operations. Success means reliable weekly delivery. This is a fictional demonstration listing; no employer receives applications. Chat Support Communication CRM Customer Support Ticketing Conflict Resolution Email Support Zendesk"
SYN-0230,onsite,False,Operations Analyst,Meridian Labs,Patna,Bihar,400000,580000,1.0,4.0,"[""Excel"", ""Operations"", ""Process Improvement"", ""SQL""]","[""Forecasting"", ""Inventory Management"", ""Power BI"", ""Supply Chain""]",BA,Logistics,Full-time,"Join the logistics team at Meridian Labs as a Operations Analyst. Your work supports customer experience for a new product launch. You will plan operational capacity, analyze fulfillment delays, and monitor service metrics. Use Excel, SQL, Operations to deliver clear, documented work. Collaborate with a team of 15 across finance and strategy. Success means reliable weekly delivery. This is a fictional demonstration listing; no employer receives applications.",3.3,2026-08-31,2026-12-30,True,"Operations Analyst Join the logistics team at Meridian Labs as a Operations Analyst. Your work supports customer experience for a new product launch. You will plan operational capacity, analyze fulfillment delays, and monitor service metrics. Use Excel, SQL, Operations to deliver clear, documented work. Collaborate with a team of 15 across finance and strategy. Success means reliable weekly delivery. This is a fictional demonstration listing; no employer receives applications. Excel Operations Process Improvement SQL Forecasting Inventory Management Power BI Supply Chain"
SYN-0231,remote,True,Financial Analyst,Cedar Systems,Remote,Remote,840000,1020000,4.0,6.0,"[""Accounting"", ""Excel"", ""Financial Analysis"", ""Financial Modeling""]","[""Budgeting"", ""Power BI"", ""SQL"", ""Valuation""]",BCom,Retail,Full-time,"Join the retail team at Cedar Systems as a Financial Analyst. Your work supports cost optimization for an expanding customer base. You will validate financial assumptions, model unit economics, and analyze monthly cash flow. Use Excel, Financial Analysis, Accounting to deliver clear, documented work. Collaborate with a team of 6 across design and engineering. Success means reliable weekly delivery. This is a fictional demonstration listing; no employer receives applications.",3.4,2026-09-12,2026-11-25,True,"Financial Analyst Join the retail team at Cedar Systems as a Financial Analyst. Your work supports cost optimization for an expanding customer base. You will validate financial assumptions, model unit economics, and analyze monthly cash flow. Use Excel, Financial Analysis, Accounting to deliver clear, documented work. Collaborate with a team of 6 across design and engineering. Success means reliable weekly delivery. This is a fictional demonstration listing; no employer receives applications. Accounting Excel Financial Analysis Financial Modeling Budgeting Power BI SQL Valuation"
SYN-0232,onsite,False,Cybersecurity Analyst,Lumina Labs,Kolkata,West Bengal,490000,840000,0,3.0,"[""Cybersecurity"", ""Linux"", ""Networking"", ""SIEM"", ""Splunk""]","[""Incident Response"", ""Python"", ""Wireshark""]",BTech,Retail,Full-time,"Join the retail team at Lumina Labs as a Cybersecurity Analyst. Your work supports service efficiency for a new product launch. You will document response procedures, assess infrastructure vulnerabilities, and triage security alerts. Use Cybersecurity, Networking, Linux to deliver clear, documented work. Collaborate with a team of 17 across customer success and sales. Success means measurable quality improvements. This is a fictional demonstration listing; no employer receives applications.",4.2,2026-09-11,2026-12-03,True,"Cybersecurity Analyst Join the retail team at Lumina Labs as a Cybersecurity Analyst. Your work supports service efficiency for a new product launch. You will document response procedures, assess infrastructure vulnerabilities, and triage security alerts. Use Cybersecurity, Networking, Linux to deliver clear, documented work. Collaborate with a team of 17 across customer success and sales. Success means measurable quality improvements. This is a fictional demonstration listing; no employer receives applications. Cybersecurity Linux Networking SIEM Splunk Incident Response Python Wireshark"
SYN-0233,onsite,False,Cloud Engineer,Orbit Solutions,Bangalore,Karnataka,700000,950000,0,1.0,"[""AWS"", ""Docker"", ""Linux"", ""Networking""]","[""Azure"", ""Kubernetes"", ""Monitoring"", ""Terraform""]",BTech,Technology,Full-time,"Join the technology team at Orbit Solutions as a Cloud Engineer. Your work supports cost optimization for a new product launch. You will automate infrastructure changes, improve deployment reliability, and monitor system capacity. Use AWS, Linux, Networking to deliver clear, documented work. Collaborate with a team of 12 across design and engineering. Success means measurable quality improvements. This is a fictional demonstration listing; no employer receives applications.",3.9,2026-10-05,2026-12-04,True,"Cloud Engineer Join the technology team at Orbit Solutions as a Cloud Engineer. Your work supports cost optimization for a new product launch. You will automate infrastructure changes, improve deployment reliability, and monitor system capacity. Use AWS, Linux, Networking to deliver clear, documented work. Collaborate with a team of 12 across design and engineering. Success means measurable quality improvements. This is a fictional demonstration listing; no employer receives applications. AWS Docker Linux Networking Azure Kubernetes Monitoring Terraform"
SYN-0234,onsite,False,Graphic Designer,Meridian Labs,Hyderabad,Telangana,240000,360000,0,2.0,"[""Canva"", ""Illustrator"", ""Photoshop"", ""Typography""]","[""Branding"", ""Figma"", ""InDesign"", ""Video Editing""]",Diploma,Finance,Internship,"Join the finance team at Meridian Labs as a Graphic Designer. Your work supports service efficiency for weekly business reviews. You will adapt creative for digital channels, design campaign assets, and maintain visual guidelines. Use Photoshop, Illustrator, Canva to deliver clear, documented work. Collaborate with a team of 11 across finance and strategy. Success means clear stakeholder communication. This is a fictional demonstration listing; no employer receives applications.",4.6,2026-10-02,2026-11-09,True,"Graphic Designer Join the finance team at Meridian Labs as a Graphic Designer. Your work supports service efficiency for weekly business reviews. You will adapt creative for digital channels, design campaign assets, and maintain visual guidelines. Use Photoshop, Illustrator, Canva to deliver clear, documented work. Collaborate with a team of 11 across finance and strategy. Success means clear stakeholder communication. This is a fictional demonstration listing; no employer receives applications. Canva Illustrator Photoshop Typography Branding Figma InDesign Video Editing"
SYN-0235,onsite,False,Marketing Analyst,Lumina Solutions,Delhi,Delhi,440000,620000,1.0,2.0,"[""Campaign Analysis"", ""Excel"", ""Google Analytics"", ""Market Research"", ""SQL""]","[""A/B Testing"", ""Communication"", ""Tableau""]",BA,Healthcare,Full-time,"Join the healthcare team at Lumina Solutions as a Marketing Analyst. Your work supports regional expansion for a cross-functional transformation program. You will present customer insights, measure marketing efficiency, and segment customer audiences. Use Excel, Market Research, Google Analytics to deliver clear, documented work. Collaborate with a team of 14 across design and engineering. Success means clear stakeholder communication. This is a fictional demonstration listing; no employer receives applications.",4.9,2026-09-03,2026-12-22,True,"Marketing Analyst Join the healthcare team at Lumina Solutions as a Marketing Analyst. Your work supports regional expansion for a cross-functional transformation program. You will present customer insights, measure marketing efficiency, and segment customer audiences. Use Excel, Market Research, Google Analytics to deliver clear, documented work. Collaborate with a team of 14 across design and engineering. Success means clear stakeholder communication. This is a fictional demonstration listing; no employer receives applications. Campaign Analysis Excel Google Analytics Market Research SQL A/B Testing Communication Tableau"
SYN-0236,onsite,False,HR Analyst,Cedar Labs,Noida,Uttar Pradesh,430000,680000,2.0,4.0,"[""Communication"", ""Excel"", ""HR Analytics"", ""Reporting""]","[""HRIS"", ""Payroll"", ""Power BI"", ""SQL""]",BA,Education,Full-time,"Join the education team at Cedar Labs as a HR Analyst. Your work supports customer experience for a cross-functional transformation program. You will audit HR data quality, report recruitment efficiency, and monitor employee retention. Use Excel, HR Analytics, Communication to deliver clear, documented work. Collaborate with a team of 11 across customer success and sales. Success means measurable quality improvements. This is a fictional demonstration listing; no employer receives applications.",3.3,2026-10-06,2026-10-30,True,"HR Analyst Join the education team at Cedar Labs as a HR Analyst. Your work supports customer experience for a cross-functional transformation program. You will audit HR data quality, report recruitment efficiency, and monitor employee retention. Use Excel, HR Analytics, Communication to deliver clear, documented work. Collaborate with a team of 11 across customer success and sales. Success means measurable quality improvements. This is a fictional demonstration listing; no employer receives applications. Communication Excel HR Analytics Reporting HRIS Payroll Power BI SQL"
SYN-0237,onsite,False,Business Intelligence Analyst,Nimbus Partners,Gurugram,Haryana,240000,420000,0,1.0,"[""Data Modeling"", ""Data Visualization"", ""Power BI"", ""SQL""]","[""DAX"", ""Excel"", ""Stakeholder Management"", ""Tableau""]",BSc,Technology,Internship,"Join the technology team at Nimbus Partners as a Business Intelligence Analyst. Your work supports subscription growth for an expanding customer base. You will document reporting models, translate business questions into dashboards, and define consistent KPI metrics. Use SQL, Power BI, Data Modeling to deliver clear, documented work. Collaborate with a team of 10 across design and engineering. Success means well-tested, reusable outputs. This is a fictional demonstration listing; no employer receives applications.",4.1,2026-09-28,2027-01-05,True,"Business Intelligence Analyst Join the technology team at Nimbus Partners as a Business Intelligence Analyst. Your work supports subscription growth for an expanding customer base. You will document reporting models, translate business questions into dashboards, and define consistent KPI metrics. Use SQL, Power BI, Data Modeling to deliver clear, documented work. Collaborate with a team of 10 across design and engineering. Success means well-tested, reusable outputs. This is a fictional demonstration listing; no employer receives applications. Data Modeling Data Visualization Power BI SQL DAX Excel Stakeholder Management Tableau"
SYN-0238,onsite,False,Quality Assurance Analyst,Riverstone Systems,Mumbai,Maharashtra,590000,840000,3.0,4.0,"[""Communication"", ""Problem Solving"", ""Quality Assurance"", ""REST API"", ""SQL""]","[""Agile"", ""Jira"", ""Python""]",Diploma,Education,Full-time,"Join the education team at Riverstone Systems as a Quality Assurance Analyst. Your work supports regional expansion for weekly business reviews. You will verify data integrity, track release readiness, and design test scenarios. Use Quality Assurance, SQL, Communication to deliver clear, documented work. Collaborate with a team of 6 across finance and strategy. Success means measurable quality improvements. This is a fictional demonstration listing; no employer receives applications.",3.2,2026-09-06,2026-11-06,True,"Quality Assurance Analyst Join the education team at Riverstone Systems as a Quality Assurance Analyst. Your work supports regional expansion for weekly business reviews. You will verify data integrity, track release readiness, and design test scenarios. Use Quality Assurance, SQL, Communication to deliver clear, documented work. Collaborate with a team of 6 across finance and strategy. Success means measurable quality improvements. This is a fictional demonstration listing; no employer receives applications. Communication Problem Solving Quality Assurance REST API SQL Agile Jira Python"
SYN-0239,onsite,False,UX Researcher,Evergreen Solutions,Pune,Maharashtra,910000,1160000,5.0,7.0,"[""Communication"", ""Figma"", ""Prototyping"", ""UX Research""]","[""A/B Testing"", ""Accessibility"", ""Presentation"", ""UI Design""]",BA,Media,Full-time,"Join the media team at Evergreen Solutions as a UX Researcher. Your work supports quality improvement for weekly business reviews. You will conduct usability sessions, present user journey insights, and synthesize research findings. Use UX Research, Figma, Communication to deliver clear, documented work. Collaborate with a team of 10 across product and operations. Success means reliable weekly delivery. This is a fictional demonstration listing; no employer receives applications.",4.3,2026-10-03,2027-01-03,True,"UX Researcher Join the media team at Evergreen Solutions as a UX Researcher. Your work supports quality improvement for weekly business reviews. You will conduct usability sessions, present user journey insights, and synthesize research findings. Use UX Research, Figma, Communication to deliver clear, documented work. Collaborate with a team of 10 across product and operations. Success means reliable weekly delivery. This is a fictional demonstration listing; no employer receives applications. Communication Figma Prototyping UX Research A/B Testing Accessibility Presentation UI Design"
SYN-0240,onsite,False,Data Engineer,Cobalt Partners,Chennai,Tamil Nadu,600000,950000,0,3.0,"[""Data Modeling"", ""ETL"", ""PostgreSQL"", ""Python"", ""SQL""]","[""AWS"", ""Azure"", ""Databricks"", ""Spark""]",BTech,Retail,Full-time,"Join the retail team at Cobalt Partners as a Data Engineer. Your work supports digital transformation for regional service teams. You will enforce data quality contracts, design analytical storage, and build ingestion pipelines. Use Python, SQL, ETL to deliver clear, documented work. Collaborate with a team of 8 across finance and strategy. Success means clear stakeholder communication. This is a fictional demonstration listing; no employer receives applications.",3.8,2026-09-09,2026-12-09,True,"Data Engineer Join the retail team at Cobalt Partners as a Data Engineer. Your work supports digital transformation for regional service teams. You will enforce data quality contracts, design analytical storage, and build ingestion pipelines. Use Python, SQL, ETL to deliver clear, documented work. Collaborate with a team of 8 across finance and strategy. Success means clear stakeholder communication. This is a fictional demonstration listing; no employer receives applications. Data Modeling ETL PostgreSQL Python SQL AWS Azure Databricks Spark"
SYN-0241,onsite,False,Data Analyst,Cedar Solutions,Patna,Bihar,490000,740000,1.0,4.0,"[""Data Cleaning"", ""ETL"", ""Excel"", ""Power BI"", ""Python"", ""SQL"", ""Statistics""]","[""DAX"", ""Pandas"", ""Presentation"", ""Tableau""]",Diploma,Logistics,Full-time,"Join the logistics team at Cedar Solutions as a Data Analyst. Your work supports regional expansion for weekly business reviews. You will explain customer retention, build weekly KPI dashboards, and analyze sales funnels. Use SQL, Excel, Python to deliver clear, documented work. Collaborate with a team of 15 across design and engineering. Success means well-tested, reusable outputs. This is a fictional demonstration listing; no employer receives applications.",4.5,2026-10-01,2026-12-03,True,"Data Analyst Join the logistics team at Cedar Solutions as a Data Analyst. Your work supports regional expansion for weekly business reviews. You will explain customer retention, build weekly KPI dashboards, and analyze sales funnels. Use SQL, Excel, Python to deliver clear, documented work. Collaborate with a team of 15 across design and engineering. Success means well-tested, reusable outputs. This is a fictional demonstration listing; no employer receives applications. Data Cleaning ETL Excel Power BI Python SQL Statistics DAX Pandas Presentation Tableau"
SYN-0242,remote,True,Business Analyst,Maple Solutions,Remote,Remote,550000,730000,2.0,5.0,"[""Business Analysis"", ""Communication"", ""Excel"", ""Requirements Gathering"", ""SQL""]","[""Agile"", ""Jira"", ""Process Improvement"", ""Tableau""]",BA,Manufacturing,Full-time,"Join the manufacturing team at Maple Solutions as a Business Analyst. Your work supports subscription growth for a cross-functional transformation program. You will document business requirements, map operational workflows, and evaluate product changes. Use SQL, Excel, Business Analysis to deliver clear, documented work. Collaborate with a team of 14 across design and engineering. Success means clear stakeholder communication. This is a fictional demonstration listing; no employer receives applications.",4.8,2026-09-18,2026-11-05,True,"Business Analyst Join the manufacturing team at Maple Solutions as a Business Analyst. Your work supports subscription growth for a cross-functional transformation program. You will document business requirements, map operational workflows, and evaluate product changes. Use SQL, Excel, Business Analysis to deliver clear, documented work. Collaborate with a team of 14 across design and engineering. Success means clear stakeholder communication. This is a fictional demonstration listing; no employer receives applications. Business Analysis Communication Excel Requirements Gathering SQL Agile Jira Process Improvement Tableau"
SYN-0243,onsite,False,Power BI Developer,Riverstone Labs,Kolkata,West Bengal,820000,1070000,2.0,4.0,"[""Data Modeling"", ""DAX"", ""Power BI"", ""Power Query"", ""SQL""]","[""Azure"", ""Dashboard Design"", ""ETL"", ""Excel""]",BTech,Healthcare,Full-time,"Join the healthcare team at Riverstone Labs as a Power BI Developer. Your work supports inventory accuracy for a new product launch. You will design dimensional models, publish operational dashboards, and reconcile reporting metrics. Use Power BI, DAX, SQL to deliver clear, documented work. Collaborate with a team of 18 across finance and strategy. Success means measurable quality improvements. This is a fictional demonstration listing; no employer receives applications.",4.4,2026-09-12,2026-12-18,True,"Power BI Developer Join the healthcare team at Riverstone Labs as a Power BI Developer. Your work supports inventory accuracy for a new product launch. You will design dimensional models, publish operational dashboards, and reconcile reporting metrics. Use Power BI, DAX, SQL to deliver clear, documented work. Collaborate with a team of 18 across finance and strategy. Success means measurable quality improvements. This is a fictional demonstration listing; no employer receives applications. Data Modeling DAX Power BI Power Query SQL Azure Dashboard Design ETL Excel"
SYN-0244,onsite,False,MIS Executive,Meridian Solutions,Bangalore,Karnataka,270000,390000,1.0,3.0,"[""Communication"", ""Data Cleaning"", ""Excel"", ""Excel VBA"", ""Reporting""]","[""Advanced Excel"", ""Power BI"", ""SQL""]",12th,Healthcare,Full-time,"Join the healthcare team at Meridian Solutions as a MIS Executive. Your work supports service efficiency for weekly business reviews. You will reconcile inventory records, maintain daily reports, and prepare management summaries. Use Excel, Reporting, Data Cleaning to deliver clear, documented work. Collaborate with a team of 17 across customer success and sales. Success means clear stakeholder communication. This is a fictional demonstration listing; no employer receives applications.",4.3,2026-09-18,2027-01-04,True,"MIS Executive Join the healthcare team at Meridian Solutions as a MIS Executive. Your work supports service efficiency for weekly business reviews. You will reconcile inventory records, maintain daily reports, and prepare management summaries. Use Excel, Reporting, Data Cleaning to deliver clear, documented work. Collaborate with a team of 17 across customer success and sales. Success means clear stakeholder communication. This is a fictional demonstration listing; no employer receives applications. Communication Data Cleaning Excel Excel VBA Reporting Advanced Excel Power BI SQL"
SYN-0245,onsite,False,SQL Developer,Bluepeak Works,Hyderabad,Telangana,650000,1000000,2.0,5.0,"[""Database Design"", ""ETL"", ""PostgreSQL"", ""SQL""]","[""Advanced SQL"", ""Git"", ""Python"", ""SQL Server""]",BCA,Healthcare,Contract,"Join the healthcare team at Bluepeak Works as a SQL Developer. Your work supports cost optimization for regional service teams. You will build scheduled data pipelines, design warehouse tables, and audit data consistency. Use SQL, PostgreSQL, Database Design to deliver clear, documented work. Collaborate with a team of 6 across finance and strategy. Success means clear stakeholder communication. This is a fictional demonstration listing; no employer receives applications.",4.0,2026-10-06,2026-12-21,True,"SQL Developer Join the healthcare team at Bluepeak Works as a SQL Developer. Your work supports cost optimization for regional service teams. You will build scheduled data pipelines, design warehouse tables, and audit data consistency. Use SQL, PostgreSQL, Database Design to deliver clear, documented work. Collaborate with a team of 6 across finance and strategy. Success means clear stakeholder communication. This is a fictional demonstration listing; no employer receives applications. Database Design ETL PostgreSQL SQL Advanced SQL Git Python SQL Server"
SYN-0246,onsite,False,Python Developer,Meridian Labs,Delhi,Delhi,120000,300000,0,3.0,"[""Flask"", ""Git"", ""Python"", ""REST API"", ""SQL""]","[""Django"", ""Docker"", ""FastAPI"", ""Linux""]",Diploma,Education,Internship,"Join the education team at Meridian Labs as a Python Developer. Your work supports subscription growth for a new product launch. You will improve service reliability, maintain internal automation, and build backend APIs. Use Python, Flask, SQL to deliver clear, documented work. Collaborate with a team of 14 across customer success and sales. Success means reliable weekly delivery. This is a fictional demonstration listing; no employer receives applications.",4.8,2026-09-12,2026-11-30,True,"Python Developer Join the education team at Meridian Labs as a Python Developer. Your work supports subscription growth for a new product launch. You will improve service reliability, maintain internal automation, and build backend APIs. Use Python, Flask, SQL to deliver clear, documented work. Collaborate with a team of 14 across customer success and sales. Success means reliable weekly delivery. This is a fictional demonstration listing; no employer receives applications. Flask Git Python REST API SQL Django Docker FastAPI Linux"
SYN-0247,onsite,False,Junior Data Scientist,Cobalt Solutions,Noida,Uttar Pradesh,240000,360000,0,2.0,"[""A/B Testing"", ""Machine Learning"", ""Pandas"", ""Python"", ""SQL"", ""Statistics""]","[""Feature Engineering"", ""NLP"", ""Scikit-learn""]",BSc,Finance,Internship,"Join the finance team at Cobalt Solutions as a Junior Data Scientist. Your work supports inventory accuracy for a cross-functional transformation program. You will prepare experimentation datasets, prototype demand forecasts, and explain model errors. Use Python, Statistics, Machine Learning to deliver clear, documented work. Collaborate with a team of 8 across design and engineering. Success means clear stakeholder communication. This is a fictional demonstration listing; no employer receives applications.",4.1,2026-09-10,2026-10-29,True,"Junior Data Scientist Join the finance team at Cobalt Solutions as a Junior Data Scientist. Your work supports inventory accuracy for a cross-functional transformation program. You will prepare experimentation datasets, prototype demand forecasts, and explain model errors. Use Python, Statistics, Machine Learning to deliver clear, documented work. Collaborate with a team of 8 across design and engineering. Success means clear stakeholder communication. This is a fictional demonstration listing; no employer receives applications. A/B Testing Machine Learning Pandas Python SQL Statistics Feature Engineering NLP Scikit-learn"
SYN-0248,onsite,False,Machine Learning Engineer,Aster Labs,Gurugram,Haryana,990000,1340000,1.0,3.0,"[""Docker"", ""Machine Learning"", ""Model Evaluation"", ""Python"", ""Scikit-learn""]","[""AWS"", ""MLOps"", ""PyTorch"", ""TensorFlow""]",BTech,Education,Full-time,"Join the education team at Aster Labs as a Machine Learning Engineer. Your work supports inventory accuracy for weekly business reviews. You will optimize inference workloads, serve prediction models, and monitor model drift. Use Python, Machine Learning, Scikit-learn to deliver clear, documented work. Collaborate with a team of 16 across customer success and sales. Success means reliable weekly delivery. This is a fictional demonstration listing; no employer receives applications.",3.4,2026-09-19,2027-01-04,True,"Machine Learning Engineer Join the education team at Aster Labs as a Machine Learning Engineer. Your work supports inventory accuracy for weekly business reviews. You will optimize inference workloads, serve prediction models, and monitor model drift. Use Python, Machine Learning, Scikit-learn to deliver clear, documented work. Collaborate with a team of 16 across customer success and sales. Success means reliable weekly delivery. This is a fictional demonstration listing; no employer receives applications. Docker Machine Learning Model Evaluation Python Scikit-learn AWS MLOps PyTorch TensorFlow"
SYN-0249,onsite,False,Software Developer,Aster Labs,Mumbai,Maharashtra,690000,1040000,3.0,4.0,"[""Algorithms"", ""Git"", ""Java"", ""OOP"", ""SQL""]","[""Agile"", ""Docker"", ""Python"", ""REST API""]",BTech,Retail,Full-time,"Join the retail team at Aster Labs as a Software Developer. Your work supports customer experience for a new product launch. You will resolve production defects, improve automated testing, and implement service features. Use Java, SQL, Git to deliver clear, documented work. Collaborate with a team of 16 across product and operations. Success means reliable weekly delivery. This is a fictional demonstration listing; no employer receives applications.",4.9,2026-09-16,2026-12-30,True,"Software Developer Join the retail team at Aster Labs as a Software Developer. Your work supports customer experience for a new product launch. You will resolve production defects, improve automated testing, and implement service features. Use Java, SQL, Git to deliver clear, documented work. Collaborate with a team of 16 across product and operations. Success means reliable weekly delivery. This is a fictional demonstration listing; no employer receives applications. Algorithms Git Java OOP SQL Agile Docker Python REST API"
SYN-0250,onsite,False,Web Developer,Cobalt Systems,Pune,Maharashtra,370000,490000,1.0,4.0,"[""CSS"", ""Git"", ""HTML"", ""JavaScript"", ""React"", ""TypeScript""]","[""Accessibility"", ""Bootstrap"", ""Node.js""]",Diploma,Finance,Full-time,"Join the finance team at Cobalt Systems as a Web Developer. Your work supports service efficiency for a new product launch. You will create reusable UI components, optimize page performance, and build accessible interfaces. Use HTML, CSS, JavaScript to deliver clear, documented work. Collaborate with a team of 17 across product and operations. Success means reliable weekly delivery. This is a fictional demonstration listing; no employer receives applications.",4.0,2026-09-20,2026-12-15,True,"Web Developer Join the finance team at Cobalt Systems as a Web Developer. Your work supports service efficiency for a new product launch. You will create reusable UI components, optimize page performance, and build accessible interfaces. Use HTML, CSS, JavaScript to deliver clear, documented work. Collaborate with a team of 17 across product and operations. Success means reliable weekly delivery. This is a fictional demonstration listing; no employer receives applications. CSS Git HTML JavaScript React TypeScript Accessibility Bootstrap Node.js"
SYN-0251,onsite,False,Digital Marketing Analyst,Nexa Systems,Chennai,Tamil Nadu,440000,690000,2.0,5.0,"[""Digital Marketing"", ""Excel"", ""Google Analytics"", ""SEO""]","[""Campaign Analysis"", ""Google Ads"", ""Power BI"", ""SQL""]",BA,Education,Full-time,"Join the education team at Nexa Systems as a Digital Marketing Analyst. Your work supports subscription growth for an expanding customer base. You will audit acquisition channels, recommend landing page experiments, and build attribution reports. Use Google Analytics, SEO, Excel to deliver clear, documented work. Collaborate with a team of 16 across customer success and sales. Success means measurable quality improvements. This is a fictional demonstration listing; no employer receives applications.",3.8,2026-09-19,2026-12-06,True,"Digital Marketing Analyst Join the education team at Nexa Systems as a Digital Marketing Analyst. Your work supports subscription growth for an expanding customer base. You will audit acquisition channels, recommend landing page experiments, and build attribution reports. Use Google Analytics, SEO, Excel to deliver clear, documented work. Collaborate with a team of 16 across customer success and sales. Success means measurable quality improvements. This is a fictional demonstration listing; no employer receives applications. Digital Marketing Excel Google Analytics SEO Campaign Analysis Google Ads Power BI SQL"
SYN-0252,onsite,False,SEO Analyst,Maple Solutions,Ahmedabad,Gujarat,310000,560000,0,1.0,"[""Content Marketing"", ""Excel"", ""Google Analytics"", ""SEO""]","[""Copywriting"", ""HTML"", ""Market Research"", ""SEM""]",12th,Retail,Full-time,"Join the retail team at Maple Solutions as a SEO Analyst. Your work supports inventory accuracy for weekly business reviews. You will audit site content, track organic conversions, and research search demand. Use SEO, Google Analytics, Content Marketing to deliver clear, documented work. Collaborate with a team of 6 across product and operations. Success means reliable weekly delivery. This is a fictional demonstration listing; no employer receives applications.",4.3,2026-09-30,2026-12-15,True,"SEO Analyst Join the retail team at Maple Solutions as a SEO Analyst. Your work supports inventory accuracy for weekly business reviews. You will audit site content, track organic conversions, and research search demand. Use SEO, Google Analytics, Content Marketing to deliver clear, documented work. Collaborate with a team of 6 across product and operations. Success means reliable weekly delivery. This is a fictional demonstration listing; no employer receives applications. Content Marketing Excel Google Analytics SEO Copywriting HTML Market Research SEM"
SYN-0253,onsite,False,Customer Support Executive,Riverstone Partners,Patna,Bihar,280000,400000,1.0,4.0,"[""Communication"", ""CRM"", ""Customer Support"", ""Ticketing"", ""Zendesk""]","[""Chat Support"", ""Conflict Resolution"", ""Email Support""]",12th,Media,Full-time,"Join the media team at Riverstone Partners as a Customer Support Executive. Your work supports digital transformation for weekly business reviews. You will resolve customer tickets, identify recurring service problems, and maintain accurate case notes. Use Customer Support, Communication, CRM to deliver clear, documented work. Collaborate with a team of 16 across product and operations. Success means well-tested, reusable outputs. This is a fictional demonstration listing; no employer receives applications.",4.9,2026-10-07,2026-12-07,True,"Customer Support Executive Join the media team at Riverstone Partners as a Customer Support Executive. Your work supports digital transformation for weekly business reviews. You will resolve customer tickets, identify recurring service problems, and maintain accurate case notes. Use Customer Support, Communication, CRM to deliver clear, documented work. Collaborate with a team of 16 across product and operations. Success means well-tested, reusable outputs. This is a fictional demonstration listing; no employer receives applications. Communication CRM Customer Support Ticketing Zendesk Chat Support Conflict Resolution Email Support"
SYN-0254,remote,True,Operations Analyst,Lumina Works,Remote,Remote,320000,570000,0,2.0,"[""Excel"", ""Operations"", ""Process Improvement"", ""SQL""]","[""Forecasting"", ""Inventory Management"", ""Power BI"", ""Supply Chain""]",BA,Education,Contract,"Join the education team at Lumina Works as a Operations Analyst. Your work supports subscription growth for an expanding customer base. You will identify process bottlenecks, analyze fulfillment delays, and plan operational capacity. Use Excel, SQL, Operations to deliver clear, documented work. Collaborate with a team of 13 across finance and strategy. Success means clear stakeholder communication. This is a fictional demonstration listing; no employer receives applications.",4.6,2026-09-17,2026-11-25,True,"Operations Analyst Join the education team at Lumina Works as a Operations Analyst. Your work supports subscription growth for an expanding customer base. You will identify process bottlenecks, analyze fulfillment delays, and plan operational capacity. Use Excel, SQL, Operations to deliver clear, documented work. Collaborate with a team of 13 across finance and strategy. Success means clear stakeholder communication. This is a fictional demonstration listing; no employer receives applications. Excel Operations Process Improvement SQL Forecasting Inventory Management Power BI Supply Chain"
SYN-0255,onsite,False,Financial Analyst,Riverstone Solutions,Kolkata,West Bengal,610000,960000,2.0,4.0,"[""Accounting"", ""Excel"", ""Financial Analysis"", ""Financial Modeling""]","[""Budgeting"", ""Power BI"", ""SQL"", ""Valuation""]",BCom,Logistics,Full-time,"Join the logistics team at Riverstone Solutions as a Financial Analyst. Your work supports service efficiency for weekly business reviews. You will model unit economics, validate financial assumptions, and prepare budget variance reports. Use Excel, Financial Analysis, Accounting to deliver clear, documented work. Collaborate with a team of 9 across design and engineering. Success means clear stakeholder communication. This is a fictional demonstration listing; no employer receives applications.",3.6,2026-09-23,2026-11-18,True,"Financial Analyst Join the logistics team at Riverstone Solutions as a Financial Analyst. Your work supports service efficiency for weekly business reviews. You will model unit economics, validate financial assumptions, and prepare budget variance reports. Use Excel, Financial Analysis, Accounting to deliver clear, documented work. Collaborate with a team of 9 across design and engineering. Success means clear stakeholder communication. This is a fictional demonstration listing; no employer receives applications. Accounting Excel Financial Analysis Financial Modeling Budgeting Power BI SQL Valuation"
SYN-0256,onsite,False,Cybersecurity Analyst,Orbit Labs,Bangalore,Karnataka,710000,960000,1.0,4.0,"[""Cybersecurity"", ""Incident Response"", ""Linux"", ""Networking"", ""SIEM""]","[""Python"", ""Splunk"", ""Wireshark""]",BTech,Technology,Full-time,"Join the technology team at Orbit Labs as a Cybersecurity Analyst. Your work supports service efficiency for a cross-functional transformation program. You will investigate suspicious logs, assess infrastructure vulnerabilities, and triage security alerts. Use Cybersecurity, Networking, Linux to deliver clear, documented work. Collaborate with a team of 14 across design and engineering. Success means measurable quality improvements. This is a fictional demonstration listing; no employer receives applications.",3.6,2026-09-09,2026-11-04,True,"Cybersecurity Analyst Join the technology team at Orbit Labs as a Cybersecurity Analyst. Your work supports service efficiency for a cross-functional transformation program. You will investigate suspicious logs, assess infrastructure vulnerabilities, and triage security alerts. Use Cybersecurity, Networking, Linux to deliver clear, documented work. Collaborate with a team of 14 across design and engineering. Success means measurable quality improvements. This is a fictional demonstration listing; no employer receives applications. Cybersecurity Incident Response Linux Networking SIEM Python Splunk Wireshark"
SYN-0257,onsite,False,Cloud Engineer,Nimbus Solutions,Hyderabad,Telangana,730000,850000,1.0,3.0,"[""AWS"", ""Docker"", ""Linux"", ""Networking""]","[""Azure"", ""Kubernetes"", ""Monitoring"", ""Terraform""]",BTech,Technology,Full-time,"Join the technology team at Nimbus Solutions as a Cloud Engineer. Your work supports customer experience for a new product launch. You will operate cloud infrastructure, improve deployment reliability, and monitor system capacity. Use AWS, Linux, Networking to deliver clear, documented work. Collaborate with a team of 10 across customer success and sales. Success means reliable weekly delivery. This is a fictional demonstration listing; no employer receives applications.",3.4,2026-10-04,2026-10-29,True,"Cloud Engineer Join the technology team at Nimbus Solutions as a Cloud Engineer. Your work supports customer experience for a new product launch. You will operate cloud infrastructure, improve deployment reliability, and monitor system capacity. Use AWS, Linux, Networking to deliver clear, documented work. Collaborate with a team of 10 across customer success and sales. Success means reliable weekly delivery. This is a fictional demonstration listing; no employer receives applications. AWS Docker Linux Networking Azure Kubernetes Monitoring Terraform"
SYN-0258,onsite,False,Graphic Designer,Nexa Labs,Delhi,Delhi,220000,470000,0,1.0,"[""Canva"", ""Illustrator"", ""Photoshop"", ""Typography""]","[""Branding"", ""Figma"", ""InDesign"", ""Video Editing""]",Diploma,Healthcare,Full-time,"Join the healthcare team at Nexa Labs as a Graphic Designer. Your work supports digital transformation for a cross-functional transformation program. You will prepare print layouts, maintain visual guidelines, and design campaign assets. Use Photoshop, Illustrator, Canva to deliver clear, documented work. Collaborate with a team of 15 across design and engineering. Success means measurable quality improvements. This is a fictional demonstration listing; no employer receives applications.",4.7,2026-09-24,2026-11-26,True,"Graphic Designer Join the healthcare team at Nexa Labs as a Graphic Designer. Your work supports digital transformation for a cross-functional transformation program. You will prepare print layouts, maintain visual guidelines, and design campaign assets. Use Photoshop, Illustrator, Canva to deliver clear, documented work. Collaborate with a team of 15 across design and engineering. Success means measurable quality improvements. This is a fictional demonstration listing; no employer receives applications. Canva Illustrator Photoshop Typography Branding Figma InDesign Video Editing"
SYN-0259,onsite,False,Marketing Analyst,Aster Solutions,Noida,Uttar Pradesh,500000,620000,1.0,3.0,"[""Campaign Analysis"", ""Excel"", ""Google Analytics"", ""Market Research"", ""Tableau""]","[""A/B Testing"", ""Communication"", ""SQL""]",BA,Finance,Full-time,"Join the finance team at Aster Solutions as a Marketing Analyst. Your work supports regional expansion for regional service teams. You will segment customer audiences, measure marketing efficiency, and research competitor positioning. Use Excel, Market Research, Google Analytics to deliver clear, documented work. Collaborate with a team of 13 across product and operations. Success means clear stakeholder communication. This is a fictional demonstration listing; no employer receives applications.",3.6,2026-09-15,2026-12-18,True,"Marketing Analyst Join the finance team at Aster Solutions as a Marketing Analyst. Your work supports regional expansion for regional service teams. You will segment customer audiences, measure marketing efficiency, and research competitor positioning. Use Excel, Market Research, Google Analytics to deliver clear, documented work. Collaborate with a team of 13 across product and operations. Success means clear stakeholder communication. This is a fictional demonstration listing; no employer receives applications. Campaign Analysis Excel Google Analytics Market Research Tableau A/B Testing Communication SQL"
SYN-0260,onsite,False,HR Analyst,Meridian Labs,Gurugram,Haryana,700000,1050000,5.0,8.0,"[""Communication"", ""Excel"", ""HR Analytics"", ""Reporting""]","[""HRIS"", ""Payroll"", ""Power BI"", ""SQL""]",BA,Manufacturing,Full-time,"Join the manufacturing team at Meridian Labs as a HR Analyst. Your work supports customer experience for weekly business reviews. You will report recruitment efficiency, analyze workforce trends, and monitor employee retention. Use Excel, HR Analytics, Communication to deliver clear, documented work. Collaborate with a team of 17 across product and operations. Success means reliable weekly delivery. This is a fictional demonstration listing; no employer receives applications.",3.9,2026-10-02,2026-12-17,True,"HR Analyst Join the manufacturing team at Meridian Labs as a HR Analyst. Your work supports customer experience for weekly business reviews. You will report recruitment efficiency, analyze workforce trends, and monitor employee retention. Use Excel, HR Analytics, Communication to deliver clear, documented work. Collaborate with a team of 17 across product and operations. Success means reliable weekly delivery. This is a fictional demonstration listing; no employer receives applications. Communication Excel HR Analytics Reporting HRIS Payroll Power BI SQL"
SYN-0261,onsite,False,Business Intelligence Analyst,Aster Solutions,Mumbai,Maharashtra,490000,740000,0,3.0,"[""Data Modeling"", ""Data Visualization"", ""Power BI"", ""SQL""]","[""DAX"", ""Excel"", ""Stakeholder Management"", ""Tableau""]",BSc,Manufacturing,Full-time,"Join the manufacturing team at Aster Solutions as a Business Intelligence Analyst. Your work supports service efficiency for weekly business reviews. You will document reporting models, define consistent KPI metrics, and build self-service analytics. Use SQL, Power BI, Data Modeling to deliver clear, documented work. Collaborate with a team of 11 across product and operations. Success means well-tested, reusable outputs. This is a fictional demonstration listing; no employer receives applications.",4.7,2026-09-09,2026-10-24,True,"Business Intelligence Analyst Join the manufacturing team at Aster Solutions as a Business Intelligence Analyst. Your work supports service efficiency for weekly business reviews. You will document reporting models, define consistent KPI metrics, and build self-service analytics. Use SQL, Power BI, Data Modeling to deliver clear, documented work. Collaborate with a team of 11 across product and operations. Success means well-tested, reusable outputs. This is a fictional demonstration listing; no employer receives applications. Data Modeling Data Visualization Power BI SQL DAX Excel Stakeholder Management Tableau"
SYN-0262,onsite,False,Quality Assurance Analyst,Maple Partners,Pune,Maharashtra,330000,580000,0,1.0,"[""Communication"", ""Problem Solving"", ""Python"", ""Quality Assurance"", ""SQL""]","[""Agile"", ""Jira"", ""REST API""]",Diploma,Logistics,Full-time,"Join the logistics team at Maple Partners as a Quality Assurance Analyst. Your work supports subscription growth for regional service teams. You will track release readiness, design test scenarios, and reproduce reported defects. Use Quality Assurance, SQL, Communication to deliver clear, documented work. Collaborate with a team of 5 across product and operations. Success means well-tested, reusable outputs. This is a fictional demonstration listing; no employer receives applications.",4.5,2026-09-28,2026-12-12,True,"Quality Assurance Analyst Join the logistics team at Maple Partners as a Quality Assurance Analyst. Your work supports subscription growth for regional service teams. You will track release readiness, design test scenarios, and reproduce reported defects. Use Quality Assurance, SQL, Communication to deliver clear, documented work. Collaborate with a team of 5 across product and operations. Success means well-tested, reusable outputs. This is a fictional demonstration listing; no employer receives applications. Communication Problem Solving Python Quality Assurance SQL Agile Jira REST API"
SYN-0263,onsite,False,UX Researcher,Lumina Partners,Chennai,Tamil Nadu,560000,680000,1.0,3.0,"[""Communication"", ""Figma"", ""Prototyping"", ""UX Research""]","[""A/B Testing"", ""Accessibility"", ""Presentation"", ""UI Design""]",BA,Healthcare,Full-time,"Join the healthcare team at Lumina Partners as a UX Researcher. Your work supports quality improvement for regional service teams. You will validate interface prototypes, synthesize research findings, and present user journey insights. Use UX Research, Figma, Communication to deliver clear, documented work. Collaborate with a team of 16 across design and engineering. Success means measurable quality improvements. This is a fictional demonstration listing; no employer receives applications.",3.8,2026-08-29,2026-11-06,True,"UX Researcher Join the healthcare team at Lumina Partners as a UX Researcher. Your work supports quality improvement for regional service teams. You will validate interface prototypes, synthesize research findings, and present user journey insights. Use UX Research, Figma, Communication to deliver clear, documented work. Collaborate with a team of 16 across design and engineering. Success means measurable quality improvements. This is a fictional demonstration listing; no employer receives applications. Communication Figma Prototyping UX Research A/B Testing Accessibility Presentation UI Design"
SYN-0264,onsite,False,Data Engineer,Northstar Partners,Ahmedabad,Gujarat,510000,690000,0,2.0,"[""Data Modeling"", ""ETL"", ""PostgreSQL"", ""Python"", ""SQL""]","[""AWS"", ""Azure"", ""Databricks"", ""Spark""]",BTech,Media,Full-time,"Join the media team at Northstar Partners as a Data Engineer. Your work supports inventory accuracy for a cross-functional transformation program. You will enforce data quality contracts, build ingestion pipelines, and monitor dataset freshness. Use Python, SQL, ETL to deliver clear, documented work. Collaborate with a team of 4 across product and operations. Success means reliable weekly delivery. This is a fictional demonstration listing; no employer receives applications.",3.5,2026-09-12,2026-11-02,True,"Data Engineer Join the media team at Northstar Partners as a Data Engineer. Your work supports inventory accuracy for a cross-functional transformation program. You will enforce data quality contracts, build ingestion pipelines, and monitor dataset freshness. Use Python, SQL, ETL to deliver clear, documented work. Collaborate with a team of 4 across product and operations. Success means reliable weekly delivery. This is a fictional demonstration listing; no employer receives applications. Data Modeling ETL PostgreSQL Python SQL AWS Azure Databricks Spark"
SYN-0265,remote,True,Data Analyst,Prism Labs,Remote,Remote,820000,1070000,5.0,7.0,"[""Data Cleaning"", ""Excel"", ""Power BI"", ""Presentation"", ""Python"", ""SQL"", ""Statistics""]","[""DAX"", ""ETL"", ""Pandas"", ""Tableau""]",Diploma,Manufacturing,Full-time,"Join the manufacturing team at Prism Labs as a Data Analyst. Your work supports subscription growth for an expanding customer base. You will build weekly KPI dashboards, validate transaction data, and analyze sales funnels. Use SQL, Excel, Python to deliver clear, documented work. Collaborate with a team of 13 across product and operations. Success means measurable quality improvements. This is a fictional demonstration listing; no employer receives applications.",3.5,2026-09-14,2026-11-14,True,"Data Analyst Join the manufacturing team at Prism Labs as a Data Analyst. Your work supports subscription growth for an expanding customer base. You will build weekly KPI dashboards, validate transaction data, and analyze sales funnels. Use SQL, Excel, Python to deliver clear, documented work. Collaborate with a team of 13 across product and operations. Success means measurable quality improvements. This is a fictional demonstration listing; no employer receives applications. Data Cleaning Excel Power BI Presentation Python SQL Statistics DAX ETL Pandas Tableau"
SYN-0266,onsite,False,Business Analyst,Cedar Labs,Kolkata,West Bengal,760000,1010000,3.0,6.0,"[""Business Analysis"", ""Communication"", ""Excel"", ""Requirements Gathering"", ""SQL""]","[""Agile"", ""Jira"", ""Process Improvement"", ""Tableau""]",BA,Manufacturing,Full-time,"Join the manufacturing team at Cedar Labs as a Business Analyst. Your work supports regional expansion for a new product launch. You will map operational workflows, document business requirements, and interview stakeholders. Use SQL, Excel, Business Analysis to deliver clear, documented work. Collaborate with a team of 13 across design and engineering. Success means reliable weekly delivery. This is a fictional demonstration listing; no employer receives applications.",3.7,2026-09-28,2026-12-03,True,"Business Analyst Join the manufacturing team at Cedar Labs as a Business Analyst. Your work supports regional expansion for a new product launch. You will map operational workflows, document business requirements, and interview stakeholders. Use SQL, Excel, Business Analysis to deliver clear, documented work. Collaborate with a team of 13 across design and engineering. Success means reliable weekly delivery. This is a fictional demonstration listing; no employer receives applications. Business Analysis Communication Excel Requirements Gathering SQL Agile Jira Process Improvement Tableau"
SYN-0267,onsite,False,Power BI Developer,Evergreen Partners,Bangalore,Karnataka,970000,1220000,3.0,6.0,"[""Data Modeling"", ""DAX"", ""Power BI"", ""Power Query"", ""SQL""]","[""Azure"", ""Dashboard Design"", ""ETL"", ""Excel""]",BTech,Technology,Full-time,"Join the technology team at Evergreen Partners as a Power BI Developer. Your work supports digital transformation for a cross-functional transformation program. You will optimize DAX measures, design dimensional models, and reconcile reporting metrics. Use Power BI, DAX, SQL to deliver clear, documented work. Collaborate with a team of 8 across finance and strategy. Success means measurable quality improvements. This is a fictional demonstration listing; no employer receives applications.",4.1,2026-09-03,2026-11-21,True,"Power BI Developer Join the technology team at Evergreen Partners as a Power BI Developer. Your work supports digital transformation for a cross-functional transformation program. You will optimize DAX measures, design dimensional models, and reconcile reporting metrics. Use Power BI, DAX, SQL to deliver clear, documented work. Collaborate with a team of 8 across finance and strategy. Success means measurable quality improvements. This is a fictional demonstration listing; no employer receives applications. Data Modeling DAX Power BI Power Query SQL Azure Dashboard Design ETL Excel"
SYN-0268,onsite,False,MIS Executive,Riverstone Systems,Hyderabad,Telangana,270000,390000,1.0,4.0,"[""Communication"", ""Data Cleaning"", ""Excel"", ""Excel VBA"", ""Reporting""]","[""Advanced Excel"", ""Power BI"", ""SQL""]",12th,Finance,Full-time,"Join the finance team at Riverstone Systems as a MIS Executive. Your work supports cost optimization for a cross-functional transformation program. You will automate spreadsheet checks, prepare management summaries, and maintain daily reports. Use Excel, Reporting, Data Cleaning to deliver clear, documented work. Collaborate with a team of 16 across finance and strategy. Success means well-tested, reusable outputs. This is a fictional demonstration listing; no employer receives applications.",4.4,2026-09-22,2026-11-25,True,"MIS Executive Join the finance team at Riverstone Systems as a MIS Executive. Your work supports cost optimization for a cross-functional transformation program. You will automate spreadsheet checks, prepare management summaries, and maintain daily reports. Use Excel, Reporting, Data Cleaning to deliver clear, documented work. Collaborate with a team of 16 across finance and strategy. Success means well-tested, reusable outputs. This is a fictional demonstration listing; no employer receives applications. Communication Data Cleaning Excel Excel VBA Reporting Advanced Excel Power BI SQL"
SYN-0269,onsite,False,SQL Developer,Nimbus Labs,Delhi,Delhi,400000,750000,0,1.0,"[""Database Design"", ""ETL"", ""PostgreSQL"", ""SQL""]","[""Advanced SQL"", ""Git"", ""Python"", ""SQL Server""]",BCA,Technology,Full-time,"Join the technology team at Nimbus Labs as a SQL Developer. Your work supports subscription growth for a new product launch. You will optimize database queries, design warehouse tables, and build scheduled data pipelines. Use SQL, PostgreSQL, Database Design to deliver clear, documented work. Collaborate with a team of 5 across design and engineering. Success means measurable quality improvements. This is a fictional demonstration listing; no employer receives applications.",4.6,2026-09-23,2026-12-10,True,"SQL Developer Join the technology team at Nimbus Labs as a SQL Developer. Your work supports subscription growth for a new product launch. You will optimize database queries, design warehouse tables, and build scheduled data pipelines. Use SQL, PostgreSQL, Database Design to deliver clear, documented work. Collaborate with a team of 5 across design and engineering. Success means measurable quality improvements. This is a fictional demonstration listing; no employer receives applications. Database Design ETL PostgreSQL SQL Advanced SQL Git Python SQL Server"
SYN-0270,onsite,False,Python Developer,Cedar Partners,Noida,Uttar Pradesh,560000,810000,2.0,4.0,"[""Flask"", ""Git"", ""Python"", ""REST API"", ""SQL""]","[""Django"", ""Docker"", ""FastAPI"", ""Linux""]",Diploma,Logistics,Full-time,"Join the logistics team at Cedar Partners as a Python Developer. Your work supports digital transformation for weekly business reviews. You will build backend APIs, write integration tests, and improve service reliability. Use Python, Flask, SQL to deliver clear, documented work. Collaborate with a team of 13 across product and operations. Success means clear stakeholder communication. This is a fictional demonstration listing; no employer receives applications.",3.7,2026-09-19,2027-01-01,True,"Python Developer Join the logistics team at Cedar Partners as a Python Developer. Your work supports digital transformation for weekly business reviews. You will build backend APIs, write integration tests, and improve service reliability. Use Python, Flask, SQL to deliver clear, documented work. Collaborate with a team of 13 across product and operations. Success means clear stakeholder communication. This is a fictional demonstration listing; no employer receives applications. Flask Git Python REST API SQL Django Docker FastAPI Linux"
SYN-0271,onsite,False,Junior Data Scientist,Orbit Labs,Gurugram,Haryana,580000,930000,1.0,4.0,"[""Machine Learning"", ""Pandas"", ""Python"", ""Scikit-learn"", ""SQL"", ""Statistics""]","[""A/B Testing"", ""Feature Engineering"", ""NLP""]",BSc,Finance,Full-time,"Join the finance team at Orbit Labs as a Junior Data Scientist. Your work supports inventory accuracy for a new product launch. You will explain model errors, evaluate classification models, and prepare experimentation datasets. Use Python, Statistics, Machine Learning to deliver clear, documented work. Collaborate with a team of 10 across finance and strategy. Success means reliable weekly delivery. This is a fictional demonstration listing; no employer receives applications.",3.3,2026-09-26,2026-12-04,True,"Junior Data Scientist Join the finance team at Orbit Labs as a Junior Data Scientist. Your work supports inventory accuracy for a new product launch. You will explain model errors, evaluate classification models, and prepare experimentation datasets. Use Python, Statistics, Machine Learning to deliver clear, documented work. Collaborate with a team of 10 across finance and strategy. Success means reliable weekly delivery. This is a fictional demonstration listing; no employer receives applications. Machine Learning Pandas Python Scikit-learn SQL Statistics A/B Testing Feature Engineering NLP"
SYN-0272,onsite,False,Machine Learning Engineer,Aster Partners,Mumbai,Maharashtra,1010000,1260000,1.0,2.0,"[""Docker"", ""Machine Learning"", ""Model Evaluation"", ""Python"", ""Scikit-learn""]","[""AWS"", ""MLOps"", ""PyTorch"", ""TensorFlow""]",BTech,Manufacturing,Full-time,"Join the manufacturing team at Aster Partners as a Machine Learning Engineer. Your work supports cost optimization for a new product launch. You will serve prediction models, monitor model drift, and build reproducible ML pipelines. Use Python, Machine Learning, Scikit-learn to deliver clear, documented work. Collaborate with a team of 17 across product and operations. Success means reliable weekly delivery. This is a fictional demonstration listing; no employer receives applications.",4.8,2026-09-24,2027-01-05,True,"Machine Learning Engineer Join the manufacturing team at Aster Partners as a Machine Learning Engineer. Your work supports cost optimization for a new product launch. You will serve prediction models, monitor model drift, and build reproducible ML pipelines. Use Python, Machine Learning, Scikit-learn to deliver clear, documented work. Collaborate with a team of 17 across product and operations. Success means reliable weekly delivery. This is a fictional demonstration listing; no employer receives applications. Docker Machine Learning Model Evaluation Python Scikit-learn AWS MLOps PyTorch TensorFlow"
SYN-0273,onsite,False,Software Developer,Lumina Labs,Pune,Maharashtra,780000,900000,2.0,5.0,"[""Algorithms"", ""Git"", ""Java"", ""OOP"", ""SQL""]","[""Agile"", ""Docker"", ""Python"", ""REST API""]",BTech,Education,Full-time,"Join the education team at Lumina Labs as a Software Developer. Your work supports subscription growth for a new product launch. You will improve automated testing, resolve production defects, and implement service features. Use Java, SQL, Git to deliver clear, documented work. Collaborate with a team of 10 across product and operations. Success means reliable weekly delivery. This is a fictional demonstration listing; no employer receives applications.",3.6,2026-08-29,2026-11-08,True,"Software Developer Join the education team at Lumina Labs as a Software Developer. Your work supports subscription growth for a new product launch. You will improve automated testing, resolve production defects, and implement service features. Use Java, SQL, Git to deliver clear, documented work. Collaborate with a team of 10 across product and operations. Success means reliable weekly delivery. This is a fictional demonstration listing; no employer receives applications. Algorithms Git Java OOP SQL Agile Docker Python REST API"
SYN-0274,onsite,False,Web Developer,Nimbus Systems,Chennai,Tamil Nadu,780000,1030000,4.0,6.0,"[""Accessibility"", ""CSS"", ""Git"", ""HTML"", ""JavaScript"", ""React""]","[""Bootstrap"", ""Node.js"", ""TypeScript""]",Diploma,Healthcare,Full-time,"Join the healthcare team at Nimbus Systems as a Web Developer. Your work supports inventory accuracy for a cross-functional transformation program. You will create reusable UI components, integrate REST APIs, and build accessible interfaces. Use HTML, CSS, JavaScript to deliver clear, documented work. Collaborate with a team of 12 across customer success and sales. Success means well-tested, reusable outputs. This is a fictional demonstration listing; no employer receives applications.",4.4,2026-10-06,2026-11-23,True,"Web Developer Join the healthcare team at Nimbus Systems as a Web Developer. Your work supports inventory accuracy for a cross-functional transformation program. You will create reusable UI components, integrate REST APIs, and build accessible interfaces. Use HTML, CSS, JavaScript to deliver clear, documented work. Collaborate with a team of 12 across customer success and sales. Success means well-tested, reusable outputs. This is a fictional demonstration listing; no employer receives applications. Accessibility CSS Git HTML JavaScript React Bootstrap Node.js TypeScript"
SYN-0275,onsite,False,Digital Marketing Analyst,Cedar Labs,Ahmedabad,Gujarat,430000,680000,1.0,4.0,"[""Digital Marketing"", ""Excel"", ""Google Analytics"", ""SEO""]","[""Campaign Analysis"", ""Google Ads"", ""Power BI"", ""SQL""]",BA,Media,Full-time,"Join the media team at Cedar Labs as a Digital Marketing Analyst. Your work supports customer experience for a cross-functional transformation program. You will build attribution reports, audit acquisition channels, and measure campaign conversion. Use Google Analytics, SEO, Excel to deliver clear, documented work. Collaborate with a team of 9 across product and operations. Success means clear stakeholder communication. This is a fictional demonstration listing; no employer receives applications.",4.6,2026-09-15,2027-01-01,True,"Digital Marketing Analyst Join the media team at Cedar Labs as a Digital Marketing Analyst. Your work supports customer experience for a cross-functional transformation program. You will build attribution reports, audit acquisition channels, and measure campaign conversion. Use Google Analytics, SEO, Excel to deliver clear, documented work. Collaborate with a team of 9 across product and operations. Success means clear stakeholder communication. This is a fictional demonstration listing; no employer receives applications. Digital Marketing Excel Google Analytics SEO Campaign Analysis Google Ads Power BI SQL"
SYN-0276,onsite,False,SEO Analyst,Vantage Solutions,Patna,Bihar,270000,450000,0,1.0,"[""Content Marketing"", ""Excel"", ""Google Analytics"", ""SEO""]","[""Copywriting"", ""HTML"", ""Market Research"", ""SEM""]",12th,Logistics,Full-time,"Join the logistics team at Vantage Solutions as a SEO Analyst. Your work supports regional expansion for a new product launch. You will improve technical SEO checks, audit site content, and track organic conversions. Use SEO, Google Analytics, Content Marketing to deliver clear, documented work. Collaborate with a team of 15 across finance and strategy. Success means measurable quality improvements. This is a fictional demonstration listing; no employer receives applications.",3.4,2026-09-16,2026-10-29,True,"SEO Analyst Join the logistics team at Vantage Solutions as a SEO Analyst. Your work supports regional expansion for a new product launch. You will improve technical SEO checks, audit site content, and track organic conversions. Use SEO, Google Analytics, Content Marketing to deliver clear, documented work. Collaborate with a team of 15 across finance and strategy. Success means measurable quality improvements. This is a fictional demonstration listing; no employer receives applications. Content Marketing Excel Google Analytics SEO Copywriting HTML Market Research SEM"
SYN-0277,remote,True,Customer Support Executive,Riverstone Systems,Remote,Remote,410000,760000,3.0,4.0,"[""Communication"", ""CRM"", ""Customer Support"", ""Email Support"", ""Ticketing""]","[""Chat Support"", ""Conflict Resolution"", ""Zendesk""]",12th,Retail,Full-time,"Join the retail team at Riverstone Systems as a Customer Support Executive. Your work supports inventory accuracy for regional service teams. You will meet response time targets, identify recurring service problems, and resolve customer tickets. Use Customer Support, Communication, CRM to deliver clear, documented work. Collaborate with a team of 14 across product and operations. Success means well-tested, reusable outputs. This is a fictional demonstration listing; no employer receives applications.",3.6,2026-09-10,2026-11-11,True,"Customer Support Executive Join the retail team at Riverstone Systems as a Customer Support Executive. Your work supports inventory accuracy for regional service teams. You will meet response time targets, identify recurring service problems, and resolve customer tickets. Use Customer Support, Communication, CRM to deliver clear, documented work. Collaborate with a team of 14 across product and operations. Success means well-tested, reusable outputs. This is a fictional demonstration listing; no employer receives applications. Communication CRM Customer Support Email Support Ticketing Chat Support Conflict Resolution Zendesk"
SYN-0278,onsite,False,Operations Analyst,Nimbus Labs,Kolkata,West Bengal,240000,420000,0,2.0,"[""Excel"", ""Operations"", ""Process Improvement"", ""SQL""]","[""Forecasting"", ""Inventory Management"", ""Power BI"", ""Supply Chain""]",BA,Retail,Internship,"Join the retail team at Nimbus Labs as a Operations Analyst. Your work supports digital transformation for weekly business reviews. You will analyze fulfillment delays, plan operational capacity, and identify process bottlenecks. Use Excel, SQL, Operations to deliver clear, documented work. Collaborate with a team of 12 across finance and strategy. Success means measurable quality improvements. This is a fictional demonstration listing; no employer receives applications.",4.2,2026-09-09,2026-12-01,True,"Operations Analyst Join the retail team at Nimbus Labs as a Operations Analyst. Your work supports digital transformation for weekly business reviews. You will analyze fulfillment delays, plan operational capacity, and identify process bottlenecks. Use Excel, SQL, Operations to deliver clear, documented work. Collaborate with a team of 12 across finance and strategy. Success means measurable quality improvements. This is a fictional demonstration listing; no employer receives applications. Excel Operations Process Improvement SQL Forecasting Inventory Management Power BI Supply Chain"
SYN-0279,onsite,False,Financial Analyst,Juniper Labs,Bangalore,Karnataka,570000,920000,1.0,2.0,"[""Accounting"", ""Excel"", ""Financial Analysis"", ""Financial Modeling""]","[""Budgeting"", ""Power BI"", ""SQL"", ""Valuation""]",BCom,Manufacturing,Full-time,"Join the manufacturing team at Juniper Labs as a Financial Analyst. Your work supports quality improvement for weekly business reviews. You will prepare budget variance reports, model unit economics, and validate financial assumptions. Use Excel, Financial Analysis, Accounting to deliver clear, documented work. Collaborate with a team of 12 across customer success and sales. Success means measurable quality improvements. This is a fictional demonstration listing; no employer receives applications.",3.9,2026-09-09,2026-11-19,True,"Financial Analyst Join the manufacturing team at Juniper Labs as a Financial Analyst. Your work supports quality improvement for weekly business reviews. You will prepare budget variance reports, model unit economics, and validate financial assumptions. Use Excel, Financial Analysis, Accounting to deliver clear, documented work. Collaborate with a team of 12 across customer success and sales. Success means measurable quality improvements. This is a fictional demonstration listing; no employer receives applications. Accounting Excel Financial Analysis Financial Modeling Budgeting Power BI SQL Valuation"
SYN-0280,onsite,False,Cybersecurity Analyst,Juniper Labs,Hyderabad,Telangana,480000,830000,0,3.0,"[""Cybersecurity"", ""Linux"", ""Networking"", ""SIEM"", ""Splunk""]","[""Incident Response"", ""Python"", ""Wireshark""]",BTech,Finance,Contract,"Join the finance team at Juniper Labs as a Cybersecurity Analyst. Your work supports subscription growth for a new product launch. You will document response procedures, triage security alerts, and investigate suspicious logs. Use Cybersecurity, Networking, Linux to deliver clear, documented work. Collaborate with a team of 6 across design and engineering. Success means reliable weekly delivery. This is a fictional demonstration listing; no employer receives applications.",4.8,2026-09-25,2026-12-27,True,"Cybersecurity Analyst Join the finance team at Juniper Labs as a Cybersecurity Analyst. Your work supports subscription growth for a new product launch. You will document response procedures, triage security alerts, and investigate suspicious logs. Use Cybersecurity, Networking, Linux to deliver clear, documented work. Collaborate with a team of 6 across design and engineering. Success means reliable weekly delivery. This is a fictional demonstration listing; no employer receives applications. Cybersecurity Linux Networking SIEM Splunk Incident Response Python Wireshark"
SYN-0281,onsite,False,Cloud Engineer,Bluepeak Solutions,Delhi,Delhi,690000,1040000,1.0,2.0,"[""AWS"", ""Docker"", ""Linux"", ""Networking""]","[""Azure"", ""Kubernetes"", ""Monitoring"", ""Terraform""]",BTech,Finance,Full-time,"Join the finance team at Bluepeak Solutions as a Cloud Engineer. Your work supports subscription growth for a cross-functional transformation program. You will automate infrastructure changes, monitor system capacity, and operate cloud infrastructure. Use AWS, Linux, Networking to deliver clear, documented work. Collaborate with a team of 8 across customer success and sales. Success means measurable quality improvements. This is a fictional demonstration listing; no employer receives applications.",4.2,2026-09-03,2026-11-20,True,"Cloud Engineer Join the finance team at Bluepeak Solutions as a Cloud Engineer. Your work supports subscription growth for a cross-functional transformation program. You will automate infrastructure changes, monitor system capacity, and operate cloud infrastructure. Use AWS, Linux, Networking to deliver clear, documented work. Collaborate with a team of 8 across customer success and sales. Success means measurable quality improvements. This is a fictional demonstration listing; no employer receives applications. AWS Docker Linux Networking Azure Kubernetes Monitoring Terraform"
SYN-0282,onsite,False,Graphic Designer,Riverstone Systems,Noida,Uttar Pradesh,120000,370000,0,3.0,"[""Canva"", ""Illustrator"", ""Photoshop"", ""Typography""]","[""Branding"", ""Figma"", ""InDesign"", ""Video Editing""]",Diploma,Technology,Internship,"Join the technology team at Riverstone Systems as a Graphic Designer. Your work supports customer experience for a cross-functional transformation program. You will design campaign assets, prepare print layouts, and maintain visual guidelines. Use Photoshop, Illustrator, Canva to deliver clear, documented work. Collaborate with a team of 7 across product and operations. Success means clear stakeholder communication. This is a fictional demonstration listing; no employer receives applications.",4.1,2026-09-07,2026-12-05,True,"Graphic Designer Join the technology team at Riverstone Systems as a Graphic Designer. Your work supports customer experience for a cross-functional transformation program. You will design campaign assets, prepare print layouts, and maintain visual guidelines. Use Photoshop, Illustrator, Canva to deliver clear, documented work. Collaborate with a team of 7 across product and operations. Success means clear stakeholder communication. This is a fictional demonstration listing; no employer receives applications. Canva Illustrator Photoshop Typography Branding Figma InDesign Video Editing"
SYN-0283,onsite,False,Marketing Analyst,Nimbus Partners,Gurugram,Haryana,390000,510000,0,3.0,"[""Campaign Analysis"", ""Communication"", ""Excel"", ""Google Analytics"", ""Market Research""]","[""A/B Testing"", ""SQL"", ""Tableau""]",BA,Logistics,Contract,"Join the logistics team at Nimbus Partners as a Marketing Analyst. Your work supports service efficiency for an expanding customer base. You will measure marketing efficiency, segment customer audiences, and research competitor positioning. Use Excel, Market Research, Google Analytics to deliver clear, documented work. Collaborate with a team of 17 across finance and strategy. Success means reliable weekly delivery. This is a fictional demonstration listing; no employer receives applications.",3.3,2026-09-20,2026-12-01,True,"Marketing Analyst Join the logistics team at Nimbus Partners as a Marketing Analyst. Your work supports service efficiency for an expanding customer base. You will measure marketing efficiency, segment customer audiences, and research competitor positioning. Use Excel, Market Research, Google Analytics to deliver clear, documented work. Collaborate with a team of 17 across finance and strategy. Success means reliable weekly delivery. This is a fictional demonstration listing; no employer receives applications. Campaign Analysis Communication Excel Google Analytics Market Research A/B Testing SQL Tableau"
SYN-0284,onsite,False,HR Analyst,Juniper Labs,Mumbai,Maharashtra,400000,650000,1.0,3.0,"[""Communication"", ""Excel"", ""HR Analytics"", ""Reporting""]","[""HRIS"", ""Payroll"", ""Power BI"", ""SQL""]",BA,Finance,Full-time,"Join the finance team at Juniper Labs as a HR Analyst. Your work supports subscription growth for an expanding customer base. You will analyze workforce trends, monitor employee retention, and audit HR data quality. Use Excel, HR Analytics, Communication to deliver clear, documented work. Collaborate with a team of 7 across design and engineering. Success means clear stakeholder communication. This is a fictional demonstration listing; no employer receives applications.",3.4,2026-09-12,2026-11-22,True,"HR Analyst Join the finance team at Juniper Labs as a HR Analyst. Your work supports subscription growth for an expanding customer base. You will analyze workforce trends, monitor employee retention, and audit HR data quality. Use Excel, HR Analytics, Communication to deliver clear, documented work. Collaborate with a team of 7 across design and engineering. Success means clear stakeholder communication. This is a fictional demonstration listing; no employer receives applications. Communication Excel HR Analytics Reporting HRIS Payroll Power BI SQL"
SYN-0285,onsite,False,Business Intelligence Analyst,Aster Works,Pune,Maharashtra,240000,360000,0,2.0,"[""Data Modeling"", ""Data Visualization"", ""Power BI"", ""SQL""]","[""DAX"", ""Excel"", ""Stakeholder Management"", ""Tableau""]",BSc,Retail,Internship,"Join the retail team at Aster Works as a Business Intelligence Analyst. Your work supports regional expansion for a new product launch. You will translate business questions into dashboards, document reporting models, and define consistent KPI metrics. Use SQL, Power BI, Data Modeling to deliver clear, documented work. Collaborate with a team of 9 across product and operations. Success means well-tested, reusable outputs. This is a fictional demonstration listing; no employer receives applications.",4.9,2026-08-31,2026-12-13,True,"Business Intelligence Analyst Join the retail team at Aster Works as a Business Intelligence Analyst. Your work supports regional expansion for a new product launch. You will translate business questions into dashboards, document reporting models, and define consistent KPI metrics. Use SQL, Power BI, Data Modeling to deliver clear, documented work. Collaborate with a team of 9 across product and operations. Success means well-tested, reusable outputs. This is a fictional demonstration listing; no employer receives applications. Data Modeling Data Visualization Power BI SQL DAX Excel Stakeholder Management Tableau"
SYN-0286,onsite,False,Quality Assurance Analyst,Meridian Solutions,Chennai,Tamil Nadu,240000,590000,0,1.0,"[""Communication"", ""Jira"", ""Problem Solving"", ""Quality Assurance"", ""SQL""]","[""Agile"", ""Python"", ""REST API""]",Diploma,Finance,Full-time,"Join the finance team at Meridian Solutions as a Quality Assurance Analyst. Your work supports subscription growth for weekly business reviews. You will track release readiness, verify data integrity, and reproduce reported defects. Use Quality Assurance, SQL, Communication to deliver clear, documented work. Collaborate with a team of 11 across finance and strategy. Success means measurable quality improvements. This is a fictional demonstration listing; no employer receives applications.",3.8,2026-09-11,2026-11-07,True,"Quality Assurance Analyst Join the finance team at Meridian Solutions as a Quality Assurance Analyst. Your work supports subscription growth for weekly business reviews. You will track release readiness, verify data integrity, and reproduce reported defects. Use Quality Assurance, SQL, Communication to deliver clear, documented work. Collaborate with a team of 11 across finance and strategy. Success means measurable quality improvements. This is a fictional demonstration listing; no employer receives applications. Communication Jira Problem Solving Quality Assurance SQL Agile Python REST API"
SYN-0287,onsite,False,UX Researcher,Bluepeak Partners,Ahmedabad,Gujarat,530000,780000,1.0,4.0,"[""Communication"", ""Figma"", ""Prototyping"", ""UX Research""]","[""A/B Testing"", ""Accessibility"", ""Presentation"", ""UI Design""]",BA,Education,Contract,"Join the education team at Bluepeak Partners as a UX Researcher. Your work supports customer experience for weekly business reviews. You will synthesize research findings, present user journey insights, and conduct usability sessions. Use UX Research, Figma, Communication to deliver clear, documented work. Collaborate with a team of 9 across finance and strategy. Success means well-tested, reusable outputs. This is a fictional demonstration listing; no employer receives applications.",3.9,2026-09-12,2026-11-20,True,"UX Researcher Join the education team at Bluepeak Partners as a UX Researcher. Your work supports customer experience for weekly business reviews. You will synthesize research findings, present user journey insights, and conduct usability sessions. Use UX Research, Figma, Communication to deliver clear, documented work. Collaborate with a team of 9 across finance and strategy. Success means well-tested, reusable outputs. This is a fictional demonstration listing; no employer receives applications. Communication Figma Prototyping UX Research A/B Testing Accessibility Presentation UI Design"
SYN-0288,onsite,False,Data Engineer,Nimbus Labs,Patna,Bihar,240000,360000,0,3.0,"[""Data Modeling"", ""ETL"", ""PostgreSQL"", ""Python"", ""SQL""]","[""AWS"", ""Azure"", ""Databricks"", ""Spark""]",BTech,Education,Internship,"Join the education team at Nimbus Labs as a Data Engineer. Your work supports cost optimization for an expanding customer base. You will design analytical storage, build ingestion pipelines, and enforce data quality contracts. Use Python, SQL, ETL to deliver clear, documented work. Collaborate with a team of 4 across product and operations. Success means well-tested, reusable outputs. This is a fictional demonstration listing; no employer receives applications.",4.7,2026-10-04,2026-11-08,True,"Data Engineer Join the education team at Nimbus Labs as a Data Engineer. Your work supports cost optimization for an expanding customer base. You will design analytical storage, build ingestion pipelines, and enforce data quality contracts. Use Python, SQL, ETL to deliver clear, documented work. Collaborate with a team of 4 across product and operations. Success means well-tested, reusable outputs. This is a fictional demonstration listing; no employer receives applications. Data Modeling ETL PostgreSQL Python SQL AWS Azure Databricks Spark"
SYN-0289,onsite,False,Data Analyst,Nexa Works,Kolkata,West Bengal,120000,470000,0,2.0,"[""Data Cleaning"", ""Excel"", ""Power BI"", ""Presentation"", ""Python"", ""SQL"", ""Statistics""]","[""DAX"", ""ETL"", ""Pandas"", ""Tableau""]",Diploma,Technology,Internship,"Join the technology team at Nexa Works as a Data Analyst. Your work supports digital transformation for weekly business reviews. You will build weekly KPI dashboards, validate transaction data, and explain customer retention. Use SQL, Excel, Python to deliver clear, documented work. Collaborate with a team of 13 across customer success and sales. Success means clear stakeholder communication. This is a fictional demonstration listing; no employer receives applications.",4.5,2026-08-29,2026-10-23,True,"Data Analyst Join the technology team at Nexa Works as a Data Analyst. Your work supports digital transformation for weekly business reviews. You will build weekly KPI dashboards, validate transaction data, and explain customer retention. Use SQL, Excel, Python to deliver clear, documented work. Collaborate with a team of 13 across customer success and sales. Success means clear stakeholder communication. This is a fictional demonstration listing; no employer receives applications. Data Cleaning Excel Power BI Presentation Python SQL Statistics DAX ETL Pandas Tableau"
SYN-0290,onsite,False,Business Analyst,Juniper Partners,Bangalore,Karnataka,640000,890000,3.0,6.0,"[""Business Analysis"", ""Communication"", ""Excel"", ""Requirements Gathering"", ""SQL""]","[""Agile"", ""Jira"", ""Process Improvement"", ""Tableau""]",BA,Logistics,Contract,"Join the logistics team at Juniper Partners as a Business Analyst. Your work supports digital transformation for an expanding customer base. You will interview stakeholders, map operational workflows, and document business requirements. Use SQL, Excel, Business Analysis to deliver clear, documented work. Collaborate with a team of 6 across finance and strategy. Success means well-tested, reusable outputs. This is a fictional demonstration listing; no employer receives applications.",4.8,2026-09-28,2026-10-25,True,"Business Analyst Join the logistics team at Juniper Partners as a Business Analyst. Your work supports digital transformation for an expanding customer base. You will interview stakeholders, map operational workflows, and document business requirements. Use SQL, Excel, Business Analysis to deliver clear, documented work. Collaborate with a team of 6 across finance and strategy. Success means well-tested, reusable outputs. This is a fictional demonstration listing; no employer receives applications. Business Analysis Communication Excel Requirements Gathering SQL Agile Jira Process Improvement Tableau"
SYN-0291,onsite,False,Power BI Developer,Aster Solutions,Hyderabad,Telangana,660000,840000,2.0,4.0,"[""Data Modeling"", ""DAX"", ""Power BI"", ""Power Query"", ""SQL""]","[""Azure"", ""Dashboard Design"", ""ETL"", ""Excel""]",BTech,Technology,Full-time,"Join the technology team at Aster Solutions as a Power BI Developer. Your work supports digital transformation for a new product launch. You will publish operational dashboards, design dimensional models, and optimize DAX measures. Use Power BI, DAX, SQL to deliver clear, documented work. Collaborate with a team of 4 across finance and strategy. Success means reliable weekly delivery. This is a fictional demonstration listing; no employer receives applications.",4.6,2026-09-28,2026-12-23,True,"Power BI Developer Join the technology team at Aster Solutions as a Power BI Developer. Your work supports digital transformation for a new product launch. You will publish operational dashboards, design dimensional models, and optimize DAX measures. Use Power BI, DAX, SQL to deliver clear, documented work. Collaborate with a team of 4 across finance and strategy. Success means reliable weekly delivery. This is a fictional demonstration listing; no employer receives applications. Data Modeling DAX Power BI Power Query SQL Azure Dashboard Design ETL Excel"
SYN-0292,onsite,False,MIS Executive,Evergreen Systems,Delhi,Delhi,210000,460000,0,1.0,"[""Advanced Excel"", ""Communication"", ""Data Cleaning"", ""Excel"", ""Reporting""]","[""Excel VBA"", ""Power BI"", ""SQL""]",12th,Retail,Contract,"Join the retail team at Evergreen Systems as a MIS Executive. Your work supports service efficiency for an expanding customer base. You will prepare management summaries, reconcile inventory records, and maintain daily reports. Use Excel, Reporting, Data Cleaning to deliver clear, documented work. Collaborate with a team of 14 across customer success and sales. Success means measurable quality improvements. This is a fictional demonstration listing; no employer receives applications.",4.6,2026-10-07,2026-11-11,True,"MIS Executive Join the retail team at Evergreen Systems as a MIS Executive. Your work supports service efficiency for an expanding customer base. You will prepare management summaries, reconcile inventory records, and maintain daily reports. Use Excel, Reporting, Data Cleaning to deliver clear, documented work. Collaborate with a team of 14 across customer success and sales. Success means measurable quality improvements. This is a fictional demonstration listing; no employer receives applications. Advanced Excel Communication Data Cleaning Excel Reporting Excel VBA Power BI SQL"
SYN-0293,onsite,False,SQL Developer,Cedar Labs,Noida,Uttar Pradesh,360000,710000,0,2.0,"[""Database Design"", ""ETL"", ""PostgreSQL"", ""SQL""]","[""Advanced SQL"", ""Git"", ""Python"", ""SQL Server""]",BCA,Manufacturing,Full-time,"Join the manufacturing team at Cedar Labs as a SQL Developer. Your work supports inventory accuracy for weekly business reviews. You will optimize database queries, build scheduled data pipelines, and design warehouse tables. Use SQL, PostgreSQL, Database Design to deliver clear, documented work. Collaborate with a team of 11 across design and engineering. Success means reliable weekly delivery. This is a fictional demonstration listing; no employer receives applications.",4.5,2026-09-11,2026-11-10,True,"SQL Developer Join the manufacturing team at Cedar Labs as a SQL Developer. Your work supports inventory accuracy for weekly business reviews. You will optimize database queries, build scheduled data pipelines, and design warehouse tables. Use SQL, PostgreSQL, Database Design to deliver clear, documented work. Collaborate with a team of 11 across design and engineering. Success means reliable weekly delivery. This is a fictional demonstration listing; no employer receives applications. Database Design ETL PostgreSQL SQL Advanced SQL Git Python SQL Server"
SYN-0294,onsite,False,Python Developer,Bluepeak Labs,Gurugram,Haryana,490000,740000,0,3.0,"[""Flask"", ""Git"", ""Python"", ""REST API"", ""SQL""]","[""Django"", ""Docker"", ""FastAPI"", ""Linux""]",Diploma,Healthcare,Part-time,"Join the healthcare team at Bluepeak Labs as a Python Developer. Your work supports service efficiency for a cross-functional transformation program. You will write integration tests, improve service reliability, and build backend APIs. Use Python, Flask, SQL to deliver clear, documented work. Collaborate with a team of 16 across product and operations. Success means reliable weekly delivery. This is a fictional demonstration listing; no employer receives applications.",3.9,2026-09-25,2026-12-24,True,"Python Developer Join the healthcare team at Bluepeak Labs as a Python Developer. Your work supports service efficiency for a cross-functional transformation program. You will write integration tests, improve service reliability, and build backend APIs. Use Python, Flask, SQL to deliver clear, documented work. Collaborate with a team of 16 across product and operations. Success means reliable weekly delivery. This is a fictional demonstration listing; no employer receives applications. Flask Git Python REST API SQL Django Docker FastAPI Linux"
SYN-0295,onsite,False,Junior Data Scientist,Lumina Works,Mumbai,Maharashtra,820000,1000000,1.0,2.0,"[""Machine Learning"", ""NLP"", ""Pandas"", ""Python"", ""SQL"", ""Statistics""]","[""A/B Testing"", ""Feature Engineering"", ""Scikit-learn""]",BSc,Healthcare,Full-time,"Join the healthcare team at Lumina Works as a Junior Data Scientist. Your work supports customer experience for a cross-functional transformation program. You will explain model errors, evaluate classification models, and prototype demand forecasts. Use Python, Statistics, Machine Learning to deliver clear, documented work. Collaborate with a team of 10 across design and engineering. Success means well-tested, reusable outputs. This is a fictional demonstration listing; no employer receives applications.",4.6,2026-09-23,2026-11-05,True,"Junior Data Scientist Join the healthcare team at Lumina Works as a Junior Data Scientist. Your work supports customer experience for a cross-functional transformation program. You will explain model errors, evaluate classification models, and prototype demand forecasts. Use Python, Statistics, Machine Learning to deliver clear, documented work. Collaborate with a team of 10 across design and engineering. Success means well-tested, reusable outputs. This is a fictional demonstration listing; no employer receives applications. Machine Learning NLP Pandas Python SQL Statistics A/B Testing Feature Engineering Scikit-learn"
SYN-0296,onsite,False,Machine Learning Engineer,Maple Partners,Pune,Maharashtra,830000,950000,1.0,4.0,"[""Docker"", ""Machine Learning"", ""Model Evaluation"", ""Python"", ""Scikit-learn""]","[""AWS"", ""MLOps"", ""PyTorch"", ""TensorFlow""]",BTech,Logistics,Full-time,"Join the logistics team at Maple Partners as a Machine Learning Engineer. Your work supports service efficiency for a new product launch. You will optimize inference workloads, monitor model drift, and serve prediction models. Use Python, Machine Learning, Scikit-learn to deliver clear, documented work. Collaborate with a team of 16 across product and operations. Success means reliable weekly delivery. This is a fictional demonstration listing; no employer receives applications.",4.7,2026-09-09,2026-11-25,True,"Machine Learning Engineer Join the logistics team at Maple Partners as a Machine Learning Engineer. Your work supports service efficiency for a new product launch. You will optimize inference workloads, monitor model drift, and serve prediction models. Use Python, Machine Learning, Scikit-learn to deliver clear, documented work. Collaborate with a team of 16 across product and operations. Success means reliable weekly delivery. This is a fictional demonstration listing; no employer receives applications. Docker Machine Learning Model Evaluation Python Scikit-learn AWS MLOps PyTorch TensorFlow"
SYN-0297,onsite,False,Software Developer,Lumina Systems,Chennai,Tamil Nadu,520000,770000,0,2.0,"[""Algorithms"", ""Git"", ""Java"", ""OOP"", ""SQL""]","[""Agile"", ""Docker"", ""Python"", ""REST API""]",BTech,Education,Full-time,"Join the education team at Lumina Systems as a Software Developer. Your work supports subscription growth for weekly business reviews. You will improve automated testing, implement service features, and resolve production defects. Use Java, SQL, Git to deliver clear, documented work. Collaborate with a team of 10 across finance and strategy. Success means reliable weekly delivery. This is a fictional demonstration listing; no employer receives applications.",3.7,2026-09-21,2026-12-29,True,"Software Developer Join the education team at Lumina Systems as a Software Developer. Your work supports subscription growth for weekly business reviews. You will improve automated testing, implement service features, and resolve production defects. Use Java, SQL, Git to deliver clear, documented work. Collaborate with a team of 10 across finance and strategy. Success means reliable weekly delivery. This is a fictional demonstration listing; no employer receives applications. Algorithms Git Java OOP SQL Agile Docker Python REST API"
SYN-0298,onsite,False,Web Developer,Prism Solutions,Ahmedabad,Gujarat,370000,620000,0,3.0,"[""Accessibility"", ""CSS"", ""Git"", ""HTML"", ""JavaScript"", ""React""]","[""Bootstrap"", ""Node.js"", ""TypeScript""]",Diploma,Education,Part-time,"Join the education team at Prism Solutions as a Web Developer. Your work supports inventory accuracy for an expanding customer base. You will create reusable UI components, build accessible interfaces, and integrate REST APIs. Use HTML, CSS, JavaScript to deliver clear, documented work. Collaborate with a team of 4 across finance and strategy. Success means clear stakeholder communication. This is a fictional demonstration listing; no employer receives applications.",3.4,2026-10-04,2026-12-30,True,"Web Developer Join the education team at Prism Solutions as a Web Developer. Your work supports inventory accuracy for an expanding customer base. You will create reusable UI components, build accessible interfaces, and integrate REST APIs. Use HTML, CSS, JavaScript to deliver clear, documented work. Collaborate with a team of 4 across finance and strategy. Success means clear stakeholder communication. This is a fictional demonstration listing; no employer receives applications. Accessibility CSS Git HTML JavaScript React Bootstrap Node.js TypeScript"
SYN-0299,onsite,False,Digital Marketing Analyst,Riverstone Solutions,Patna,Bihar,440000,790000,2.0,4.0,"[""Digital Marketing"", ""Excel"", ""Google Analytics"", ""SEO""]","[""Campaign Analysis"", ""Google Ads"", ""Power BI"", ""SQL""]",BA,Media,Full-time,"Join the media team at Riverstone Solutions as a Digital Marketing Analyst. Your work supports digital transformation for a new product launch. You will measure campaign conversion, recommend landing page experiments, and audit acquisition channels. Use Google Analytics, SEO, Excel to deliver clear, documented work. Collaborate with a team of 18 across product and operations. Success means clear stakeholder communication. This is a fictional demonstration listing; no employer receives applications.",4.8,2026-09-30,2026-10-22,True,"Digital Marketing Analyst Join the media team at Riverstone Solutions as a Digital Marketing Analyst. Your work supports digital transformation for a new product launch. You will measure campaign conversion, recommend landing page experiments, and audit acquisition channels. Use Google Analytics, SEO, Excel to deliver clear, documented work. Collaborate with a team of 18 across product and operations. Success means clear stakeholder communication. This is a fictional demonstration listing; no employer receives applications. Digital Marketing Excel Google Analytics SEO Campaign Analysis Google Ads Power BI SQL"
SYN-0300,remote,True,SEO Analyst,Evergreen Labs,Remote,Remote,370000,550000,1.0,3.0,"[""Content Marketing"", ""Excel"", ""Google Analytics"", ""SEO""]","[""Copywriting"", ""HTML"", ""Market Research"", ""SEM""]",12th,Logistics,Full-time,"Join the logistics team at Evergreen Labs as a SEO Analyst. Your work supports service efficiency for regional service teams. You will track organic conversions, improve technical SEO checks, and research search demand. Use SEO, Google Analytics, Content Marketing to deliver clear, documented work. Collaborate with a team of 15 across customer success and sales. Success means clear stakeholder communication. This is a fictional demonstration listing; no employer receives applications.",3.3,2026-09-16,2026-11-19,True,"SEO Analyst Join the logistics team at Evergreen Labs as a SEO Analyst. Your work supports service efficiency for regional service teams. You will track organic conversions, improve technical SEO checks, and research search demand. Use SEO, Google Analytics, Content Marketing to deliver clear, documented work. Collaborate with a team of 15 across customer success and sales. Success means clear stakeholder communication. This is a fictional demonstration listing; no employer receives applications. Content Marketing Excel Google Analytics SEO Copywriting HTML Market Research SEM"
SYN-0301,onsite,False,Customer Support Executive,Bluepeak Labs,Kolkata,West Bengal,510000,760000,5.0,8.0,"[""Communication"", ""CRM"", ""Customer Support"", ""Email Support"", ""Ticketing""]","[""Chat Support"", ""Conflict Resolution"", ""Zendesk""]",12th,Retail,Full-time,"Join the retail team at Bluepeak Labs as a Customer Support Executive. Your work supports regional expansion for a new product launch. You will maintain accurate case notes, resolve customer tickets, and identify recurring service problems. Use Customer Support, Communication, CRM to deliver clear, documented work. Collaborate with a team of 16 across design and engineering. Success means measurable quality improvements. This is a fictional demonstration listing; no employer receives applications.",4.4,2026-09-06,2026-11-05,True,"Customer Support Executive Join the retail team at Bluepeak Labs as a Customer Support Executive. Your work supports regional expansion for a new product launch. You will maintain accurate case notes, resolve customer tickets, and identify recurring service problems. Use Customer Support, Communication, CRM to deliver clear, documented work. Collaborate with a team of 16 across design and engineering. Success means measurable quality improvements. This is a fictional demonstration listing; no employer receives applications. Communication CRM Customer Support Email Support Ticketing Chat Support Conflict Resolution Zendesk"
SYN-0302,onsite,False,Operations Analyst,Aster Systems,Bangalore,Karnataka,590000,840000,2.0,4.0,"[""Excel"", ""Operations"", ""Process Improvement"", ""SQL""]","[""Forecasting"", ""Inventory Management"", ""Power BI"", ""Supply Chain""]",BA,Media,Full-time,"Join the media team at Aster Systems as a Operations Analyst. Your work supports quality improvement for weekly business reviews. You will monitor service metrics, identify process bottlenecks, and plan operational capacity. Use Excel, SQL, Operations to deliver clear, documented work. Collaborate with a team of 7 across finance and strategy. Success means clear stakeholder communication. This is a fictional demonstration listing; no employer receives applications.",3.6,2026-09-12,2026-12-18,True,"Operations Analyst Join the media team at Aster Systems as a Operations Analyst. Your work supports quality improvement for weekly business reviews. You will monitor service metrics, identify process bottlenecks, and plan operational capacity. Use Excel, SQL, Operations to deliver clear, documented work. Collaborate with a team of 7 across finance and strategy. Success means clear stakeholder communication. This is a fictional demonstration listing; no employer receives applications. Excel Operations Process Improvement SQL Forecasting Inventory Management Power BI Supply Chain"
SYN-0303,onsite,False,Financial Analyst,Bluepeak Solutions,Hyderabad,Telangana,350000,530000,0,2.0,"[""Accounting"", ""Excel"", ""Financial Analysis"", ""Financial Modeling""]","[""Budgeting"", ""Power BI"", ""SQL"", ""Valuation""]",BCom,Healthcare,Full-time,"Join the healthcare team at Bluepeak Solutions as a Financial Analyst. Your work supports inventory accuracy for regional service teams. You will model unit economics, prepare budget variance reports, and analyze monthly cash flow. Use Excel, Financial Analysis, Accounting to deliver clear, documented work. Collaborate with a team of 4 across finance and strategy. Success means reliable weekly delivery. This is a fictional demonstration listing; no employer receives applications.",3.3,2026-09-25,2027-01-02,True,"Financial Analyst Join the healthcare team at Bluepeak Solutions as a Financial Analyst. Your work supports inventory accuracy for regional service teams. You will model unit economics, prepare budget variance reports, and analyze monthly cash flow. Use Excel, Financial Analysis, Accounting to deliver clear, documented work. Collaborate with a team of 4 across finance and strategy. Success means reliable weekly delivery. This is a fictional demonstration listing; no employer receives applications. Accounting Excel Financial Analysis Financial Modeling Budgeting Power BI SQL Valuation"
SYN-0304,onsite,False,Cybersecurity Analyst,Orbit Solutions,Delhi,Delhi,490000,840000,0,3.0,"[""Cybersecurity"", ""Incident Response"", ""Linux"", ""Networking"", ""SIEM""]","[""Python"", ""Splunk"", ""Wireshark""]",BTech,Logistics,Full-time,"Join the logistics team at Orbit Solutions as a Cybersecurity Analyst. Your work supports regional expansion for a new product launch. You will investigate suspicious logs, triage security alerts, and document response procedures. Use Cybersecurity, Networking, Linux to deliver clear, documented work. Collaborate with a team of 17 across design and engineering. Success means measurable quality improvements. This is a fictional demonstration listing; no employer receives applications.",3.5,2026-09-30,2026-12-06,True,"Cybersecurity Analyst Join the logistics team at Orbit Solutions as a Cybersecurity Analyst. Your work supports regional expansion for a new product launch. You will investigate suspicious logs, triage security alerts, and document response procedures. Use Cybersecurity, Networking, Linux to deliver clear, documented work. Collaborate with a team of 17 across design and engineering. Success means measurable quality improvements. This is a fictional demonstration listing; no employer receives applications. Cybersecurity Incident Response Linux Networking SIEM Python Splunk Wireshark"
SYN-0305,onsite,False,Cloud Engineer,Riverstone Solutions,Noida,Uttar Pradesh,710000,960000,1.0,2.0,"[""AWS"", ""Docker"", ""Linux"", ""Networking""]","[""Azure"", ""Kubernetes"", ""Monitoring"", ""Terraform""]",BTech,Healthcare,Full-time,"Join the healthcare team at Riverstone Solutions as a Cloud Engineer. Your work supports cost optimization for a cross-functional transformation program. You will operate cloud infrastructure, improve deployment reliability, and monitor system capacity. Use AWS, Linux, Networking to deliver clear, documented work. Collaborate with a team of 16 across product and operations. Success means clear stakeholder communication. This is a fictional demonstration listing; no employer receives applications.",3.8,2026-08-29,2026-12-15,True,"Cloud Engineer Join the healthcare team at Riverstone Solutions as a Cloud Engineer. Your work supports cost optimization for a cross-functional transformation program. You will operate cloud infrastructure, improve deployment reliability, and monitor system capacity. Use AWS, Linux, Networking to deliver clear, documented work. Collaborate with a team of 16 across product and operations. Success means clear stakeholder communication. This is a fictional demonstration listing; no employer receives applications. AWS Docker Linux Networking Azure Kubernetes Monitoring Terraform"
SYN-0306,onsite,False,Graphic Designer,Prism Solutions,Gurugram,Haryana,240000,360000,0,2.0,"[""Canva"", ""Illustrator"", ""Photoshop"", ""Typography""]","[""Branding"", ""Figma"", ""InDesign"", ""Video Editing""]",Diploma,Retail,Internship,"Join the retail team at Prism Solutions as a Graphic Designer. Your work supports regional expansion for an expanding customer base. You will adapt creative for digital channels, prepare print layouts, and design campaign assets. Use Photoshop, Illustrator, Canva to deliver clear, documented work. Collaborate with a team of 5 across product and operations. Success means well-tested, reusable outputs. This is a fictional demonstration listing; no employer receives applications.",4.8,2026-09-04,2026-11-27,True,"Graphic Designer Join the retail team at Prism Solutions as a Graphic Designer. Your work supports regional expansion for an expanding customer base. You will adapt creative for digital channels, prepare print layouts, and design campaign assets. Use Photoshop, Illustrator, Canva to deliver clear, documented work. Collaborate with a team of 5 across product and operations. Success means well-tested, reusable outputs. This is a fictional demonstration listing; no employer receives applications. Canva Illustrator Photoshop Typography Branding Figma InDesign Video Editing"
SYN-0307,onsite,False,Marketing Analyst,Lumina Systems,Mumbai,Maharashtra,570000,920000,3.0,5.0,"[""Campaign Analysis"", ""Excel"", ""Google Analytics"", ""Market Research"", ""SQL""]","[""A/B Testing"", ""Communication"", ""Tableau""]",BA,Finance,Full-time,"Join the finance team at Lumina Systems as a Marketing Analyst. Your work supports cost optimization for a cross-functional transformation program. You will research competitor positioning, measure marketing efficiency, and segment customer audiences. Use Excel, Market Research, Google Analytics to deliver clear, documented work. Collaborate with a team of 17 across product and operations. Success means reliable weekly delivery. This is a fictional demonstration listing; no employer receives applications.",4.1,2026-09-15,2026-10-31,True,"Marketing Analyst Join the finance team at Lumina Systems as a Marketing Analyst. Your work supports cost optimization for a cross-functional transformation program. You will research competitor positioning, measure marketing efficiency, and segment customer audiences. Use Excel, Market Research, Google Analytics to deliver clear, documented work. Collaborate with a team of 17 across product and operations. Success means reliable weekly delivery. This is a fictional demonstration listing; no employer receives applications. Campaign Analysis Excel Google Analytics Market Research SQL A/B Testing Communication Tableau"
SYN-0308,onsite,False,HR Analyst,Maple Works,Pune,Maharashtra,480000,730000,2.0,4.0,"[""Communication"", ""Excel"", ""HR Analytics"", ""Reporting""]","[""HRIS"", ""Payroll"", ""Power BI"", ""SQL""]",BA,Education,Full-time,"Join the education team at Maple Works as a HR Analyst. Your work supports service efficiency for a new product launch. You will report recruitment efficiency, audit HR data quality, and monitor employee retention. Use Excel, HR Analytics, Communication to deliver clear, documented work. Collaborate with a team of 17 across customer success and sales. Success means measurable quality improvements. This is a fictional demonstration listing; no employer receives applications.",4.9,2026-09-09,2026-11-17,True,"HR Analyst Join the education team at Maple Works as a HR Analyst. Your work supports service efficiency for a new product launch. You will report recruitment efficiency, audit HR data quality, and monitor employee retention. Use Excel, HR Analytics, Communication to deliver clear, documented work. Collaborate with a team of 17 across customer success and sales. Success means measurable quality improvements. This is a fictional demonstration listing; no employer receives applications. Communication Excel HR Analytics Reporting HRIS Payroll Power BI SQL"
SYN-0309,onsite,False,Business Intelligence Analyst,Meridian Labs,Chennai,Tamil Nadu,510000,760000,0,2.0,"[""Data Modeling"", ""Data Visualization"", ""Power BI"", ""SQL""]","[""DAX"", ""Excel"", ""Stakeholder Management"", ""Tableau""]",BSc,Manufacturing,Full-time,"Join the manufacturing team at Meridian Labs as a Business Intelligence Analyst. Your work supports quality improvement for weekly business reviews. You will define consistent KPI metrics, build self-service analytics, and translate business questions into dashboards. Use SQL, Power BI, Data Modeling to deliver clear, documented work. Collaborate with a team of 8 across customer success and sales. Success means measurable quality improvements. This is a fictional demonstration listing; no employer receives applications.",3.4,2026-09-26,2026-11-24,True,"Business Intelligence Analyst Join the manufacturing team at Meridian Labs as a Business Intelligence Analyst. Your work supports quality improvement for weekly business reviews. You will define consistent KPI metrics, build self-service analytics, and translate business questions into dashboards. Use SQL, Power BI, Data Modeling to deliver clear, documented work. Collaborate with a team of 8 across customer success and sales. Success means measurable quality improvements. This is a fictional demonstration listing; no employer receives applications. Data Modeling Data Visualization Power BI SQL DAX Excel Stakeholder Management Tableau"
SYN-0310,onsite,False,Quality Assurance Analyst,Orbit Systems,Ahmedabad,Gujarat,600000,720000,4.0,7.0,"[""Communication"", ""Problem Solving"", ""Quality Assurance"", ""REST API"", ""SQL""]","[""Agile"", ""Jira"", ""Python""]",Diploma,Logistics,Full-time,"Join the logistics team at Orbit Systems as a Quality Assurance Analyst. Your work supports regional expansion for weekly business reviews. You will verify data integrity, track release readiness, and reproduce reported defects. Use Quality Assurance, SQL, Communication to deliver clear, documented work. Collaborate with a team of 6 across customer success and sales. Success means clear stakeholder communication. This is a fictional demonstration listing; no employer receives applications.",3.4,2026-09-28,2026-10-23,True,"Quality Assurance Analyst Join the logistics team at Orbit Systems as a Quality Assurance Analyst. Your work supports regional expansion for weekly business reviews. You will verify data integrity, track release readiness, and reproduce reported defects. Use Quality Assurance, SQL, Communication to deliver clear, documented work. Collaborate with a team of 6 across customer success and sales. Success means clear stakeholder communication. This is a fictional demonstration listing; no employer receives applications. Communication Problem Solving Quality Assurance REST API SQL Agile Jira Python"
SYN-0311,onsite,False,UX Researcher,Maple Labs,Patna,Bihar,760000,1110000,3.0,5.0,"[""Communication"", ""Figma"", ""Prototyping"", ""UX Research""]","[""A/B Testing"", ""Accessibility"", ""Presentation"", ""UI Design""]",BA,Healthcare,Full-time,"Join the healthcare team at Maple Labs as a UX Researcher. Your work supports subscription growth for weekly business reviews. You will validate interface prototypes, synthesize research findings, and conduct usability sessions. Use UX Research, Figma, Communication to deliver clear, documented work. Collaborate with a team of 7 across finance and strategy. Success means clear stakeholder communication. This is a fictional demonstration listing; no employer receives applications.",3.6,2026-09-27,2026-12-13,True,"UX Researcher Join the healthcare team at Maple Labs as a UX Researcher. Your work supports subscription growth for weekly business reviews. You will validate interface prototypes, synthesize research findings, and conduct usability sessions. Use UX Research, Figma, Communication to deliver clear, documented work. Collaborate with a team of 7 across finance and strategy. Success means clear stakeholder communication. This is a fictional demonstration listing; no employer receives applications. Communication Figma Prototyping UX Research A/B Testing Accessibility Presentation UI Design"
SYN-0312,remote,True,Data Engineer,Orbit Labs,Remote,Remote,840000,960000,1.0,3.0,"[""Data Modeling"", ""ETL"", ""PostgreSQL"", ""Python"", ""SQL""]","[""AWS"", ""Azure"", ""Databricks"", ""Spark""]",BTech,Retail,Full-time,"Join the retail team at Orbit Labs as a Data Engineer. Your work supports regional expansion for regional service teams. You will build ingestion pipelines, design analytical storage, and enforce data quality contracts. Use Python, SQL, ETL to deliver clear, documented work. Collaborate with a team of 4 across customer success and sales. Success means reliable weekly delivery. This is a fictional demonstration listing; no employer receives applications.",4.2,2026-10-02,2027-01-04,True,"Data Engineer Join the retail team at Orbit Labs as a Data Engineer. Your work supports regional expansion for regional service teams. You will build ingestion pipelines, design analytical storage, and enforce data quality contracts. Use Python, SQL, ETL to deliver clear, documented work. Collaborate with a team of 4 across customer success and sales. Success means reliable weekly delivery. This is a fictional demonstration listing; no employer receives applications. Data Modeling ETL PostgreSQL Python SQL AWS Azure Databricks Spark"
SYN-0313,onsite,False,Data Analyst,Lumina Works,Bangalore,Karnataka,510000,630000,1.0,3.0,"[""Data Cleaning"", ""DAX"", ""Excel"", ""Power BI"", ""Python"", ""SQL"", ""Statistics""]","[""ETL"", ""Pandas"", ""Presentation"", ""Tableau""]",Diploma,Healthcare,Full-time,"Join the healthcare team at Lumina Works as a Data Analyst. Your work supports quality improvement for regional service teams. You will validate transaction data, build weekly KPI dashboards, and explain customer retention. Use SQL, Excel, Python to deliver clear, documented work. Collaborate with a team of 8 across finance and strategy. Success means reliable weekly delivery. This is a fictional demonstration listing; no employer receives applications.",4.2,2026-09-08,2026-10-30,True,"Data Analyst Join the healthcare team at Lumina Works as a Data Analyst. Your work supports quality improvement for regional service teams. You will validate transaction data, build weekly KPI dashboards, and explain customer retention. Use SQL, Excel, Python to deliver clear, documented work. Collaborate with a team of 8 across finance and strategy. Success means reliable weekly delivery. This is a fictional demonstration listing; no employer receives applications. Data Cleaning DAX Excel Power BI Python SQL Statistics ETL Pandas Presentation Tableau"
SYN-0314,onsite,False,Business Analyst,Cedar Labs,Hyderabad,Telangana,350000,530000,0,1.0,"[""Business Analysis"", ""Communication"", ""Excel"", ""Requirements Gathering"", ""SQL""]","[""Agile"", ""Jira"", ""Process Improvement"", ""Tableau""]",BA,Education,Full-time,"Join the education team at Cedar Labs as a Business Analyst. Your work supports inventory accuracy for a cross-functional transformation program. You will interview stakeholders, document business requirements, and evaluate product changes. Use SQL, Excel, Business Analysis to deliver clear, documented work. Collaborate with a team of 6 across finance and strategy. Success means clear stakeholder communication. This is a fictional demonstration listing; no employer receives applications.",3.8,2026-09-27,2026-12-28,True,"Business Analyst Join the education team at Cedar Labs as a Business Analyst. Your work supports inventory accuracy for a cross-functional transformation program. You will interview stakeholders, document business requirements, and evaluate product changes. Use SQL, Excel, Business Analysis to deliver clear, documented work. Collaborate with a team of 6 across finance and strategy. Success means clear stakeholder communication. This is a fictional demonstration listing; no employer receives applications. Business Analysis Communication Excel Requirements Gathering SQL Agile Jira Process Improvement Tableau"
SYN-0315,onsite,False,Power BI Developer,Riverstone Systems,Delhi,Delhi,440000,790000,0,3.0,"[""Data Modeling"", ""DAX"", ""Power BI"", ""Power Query"", ""SQL""]","[""Azure"", ""Dashboard Design"", ""ETL"", ""Excel""]",BTech,Logistics,Full-time,"Join the logistics team at Riverstone Systems as a Power BI Developer. Your work supports inventory accuracy for weekly business reviews. You will publish operational dashboards, optimize DAX measures, and reconcile reporting metrics. Use Power BI, DAX, SQL to deliver clear, documented work. Collaborate with a team of 5 across design and engineering. Success means well-tested, reusable outputs. This is a fictional demonstration listing; no employer receives applications.",4.7,2026-10-01,2026-11-03,True,"Power BI Developer Join the logistics team at Riverstone Systems as a Power BI Developer. Your work supports inventory accuracy for weekly business reviews. You will publish operational dashboards, optimize DAX measures, and reconcile reporting metrics. Use Power BI, DAX, SQL to deliver clear, documented work. Collaborate with a team of 5 across design and engineering. Success means well-tested, reusable outputs. This is a fictional demonstration listing; no employer receives applications. Data Modeling DAX Power BI Power Query SQL Azure Dashboard Design ETL Excel"
SYN-0316,onsite,False,MIS Executive,Bluepeak Solutions,Noida,Uttar Pradesh,240000,420000,0,3.0,"[""Communication"", ""Data Cleaning"", ""Excel"", ""Reporting"", ""SQL""]","[""Advanced Excel"", ""Excel VBA"", ""Power BI""]",12th,Manufacturing,Internship,"Join the manufacturing team at Bluepeak Solutions as a MIS Executive. Your work supports customer experience for an expanding customer base. You will prepare management summaries, automate spreadsheet checks, and maintain daily reports. Use Excel, Reporting, Data Cleaning to deliver clear, documented work. Collaborate with a team of 14 across product and operations. Success means clear stakeholder communication. This is a fictional demonstration listing; no employer receives applications.",3.4,2026-08-28,2026-11-28,True,"MIS Executive Join the manufacturing team at Bluepeak Solutions as a MIS Executive. Your work supports customer experience for an expanding customer base. You will prepare management summaries, automate spreadsheet checks, and maintain daily reports. Use Excel, Reporting, Data Cleaning to deliver clear, documented work. Collaborate with a team of 14 across product and operations. Success means clear stakeholder communication. This is a fictional demonstration listing; no employer receives applications. Communication Data Cleaning Excel Reporting SQL Advanced Excel Excel VBA Power BI"
SYN-0317,onsite,False,SQL Developer,Cobalt Works,Gurugram,Haryana,420000,540000,0,1.0,"[""Database Design"", ""ETL"", ""PostgreSQL"", ""SQL""]","[""Advanced SQL"", ""Git"", ""Python"", ""SQL Server""]",BCA,Retail,Full-time,"Join the retail team at Cobalt Works as a SQL Developer. Your work supports customer experience for a cross-functional transformation program. You will optimize database queries, build scheduled data pipelines, and audit data consistency. Use SQL, PostgreSQL, Database Design to deliver clear, documented work. Collaborate with a team of 16 across finance and strategy. Success means well-tested, reusable outputs. This is a fictional demonstration listing; no employer receives applications.",4.3,2026-09-10,2026-11-01,True,"SQL Developer Join the retail team at Cobalt Works as a SQL Developer. Your work supports customer experience for a cross-functional transformation program. You will optimize database queries, build scheduled data pipelines, and audit data consistency. Use SQL, PostgreSQL, Database Design to deliver clear, documented work. Collaborate with a team of 16 across finance and strategy. Success means well-tested, reusable outputs. This is a fictional demonstration listing; no employer receives applications. Database Design ETL PostgreSQL SQL Advanced SQL Git Python SQL Server"
SYN-0318,onsite,False,Python Developer,Cobalt Labs,Mumbai,Maharashtra,780000,1030000,3.0,5.0,"[""Flask"", ""Git"", ""Python"", ""REST API"", ""SQL""]","[""Django"", ""Docker"", ""FastAPI"", ""Linux""]",Diploma,Healthcare,Full-time,"Join the healthcare team at Cobalt Labs as a Python Developer. Your work supports digital transformation for a new product launch. You will improve service reliability, maintain internal automation, and build backend APIs. Use Python, Flask, SQL to deliver clear, documented work. Collaborate with a team of 16 across design and engineering. Success means well-tested, reusable outputs. This is a fictional demonstration listing; no employer receives applications.",3.6,2026-08-28,2026-12-09,True,"Python Developer Join the healthcare team at Cobalt Labs as a Python Developer. Your work supports digital transformation for a new product launch. You will improve service reliability, maintain internal automation, and build backend APIs. Use Python, Flask, SQL to deliver clear, documented work. Collaborate with a team of 16 across design and engineering. Success means well-tested, reusable outputs. This is a fictional demonstration listing; no employer receives applications. Flask Git Python REST API SQL Django Docker FastAPI Linux"
SYN-0319,onsite,False,Junior Data Scientist,Lumina Labs,Pune,Maharashtra,620000,740000,1.0,2.0,"[""Feature Engineering"", ""Machine Learning"", ""Pandas"", ""Python"", ""SQL"", ""Statistics""]","[""A/B Testing"", ""NLP"", ""Scikit-learn""]",BSc,Education,Full-time,"Join the education team at Lumina Labs as a Junior Data Scientist. Your work supports digital transformation for weekly business reviews. You will prototype demand forecasts, prepare experimentation datasets, and evaluate classification models. Use Python, Statistics, Machine Learning to deliver clear, documented work. Collaborate with a team of 4 across design and engineering. Success means clear stakeholder communication. This is a fictional demonstration listing; no employer receives applications.",4.7,2026-10-03,2026-11-07,True,"Junior Data Scientist Join the education team at Lumina Labs as a Junior Data Scientist. Your work supports digital transformation for weekly business reviews. You will prototype demand forecasts, prepare experimentation datasets, and evaluate classification models. Use Python, Statistics, Machine Learning to deliver clear, documented work. Collaborate with a team of 4 across design and engineering. Success means clear stakeholder communication. This is a fictional demonstration listing; no employer receives applications. Feature Engineering Machine Learning Pandas Python SQL Statistics A/B Testing NLP Scikit-learn"
SYN-0320,onsite,False,Machine Learning Engineer,Meridian Labs,Chennai,Tamil Nadu,1160000,1510000,2.0,3.0,"[""Docker"", ""Machine Learning"", ""Model Evaluation"", ""Python"", ""Scikit-learn""]","[""AWS"", ""MLOps"", ""PyTorch"", ""TensorFlow""]",BTech,Retail,Full-time,"Join the retail team at Meridian Labs as a Machine Learning Engineer. Your work supports quality improvement for regional service teams. You will optimize inference workloads, serve prediction models, and build reproducible ML pipelines. Use Python, Machine Learning, Scikit-learn to deliver clear, documented work. Collaborate with a team of 4 across customer success and sales. Success means reliable weekly delivery. This is a fictional demonstration listing; no employer receives applications.",4.8,2026-08-30,2026-12-30,True,"Machine Learning Engineer Join the retail team at Meridian Labs as a Machine Learning Engineer. Your work supports quality improvement for regional service teams. You will optimize inference workloads, serve prediction models, and build reproducible ML pipelines. Use Python, Machine Learning, Scikit-learn to deliver clear, documented work. Collaborate with a team of 4 across customer success and sales. Success means reliable weekly delivery. This is a fictional demonstration listing; no employer receives applications. Docker Machine Learning Model Evaluation Python Scikit-learn AWS MLOps PyTorch TensorFlow"
SYN-0321,onsite,False,Software Developer,Vantage Labs,Ahmedabad,Gujarat,180000,300000,0,3.0,"[""Algorithms"", ""Git"", ""Java"", ""OOP"", ""SQL""]","[""Agile"", ""Docker"", ""Python"", ""REST API""]",BTech,Logistics,Internship,"Join the logistics team at Vantage Labs as a Software Developer. Your work supports regional expansion for an expanding customer base. You will implement service features, improve automated testing, and resolve production defects. Use Java, SQL, Git to deliver clear, documented work. Collaborate with a team of 13 across finance and strategy. Success means reliable weekly delivery. This is a fictional demonstration listing; no employer receives applications.",4.4,2026-09-19,2026-12-03,True,"Software Developer Join the logistics team at Vantage Labs as a Software Developer. Your work supports regional expansion for an expanding customer base. You will implement service features, improve automated testing, and resolve production defects. Use Java, SQL, Git to deliver clear, documented work. Collaborate with a team of 13 across finance and strategy. Success means reliable weekly delivery. This is a fictional demonstration listing; no employer receives applications. Algorithms Git Java OOP SQL Agile Docker Python REST API"
SYN-0322,onsite,False,Web Developer,Nimbus Partners,Patna,Bihar,880000,1130000,5.0,6.0,"[""Bootstrap"", ""CSS"", ""Git"", ""HTML"", ""JavaScript"", ""React""]","[""Accessibility"", ""Node.js"", ""TypeScript""]",Diploma,Media,Full-time,"Join the media team at Nimbus Partners as a Web Developer. Your work supports customer experience for weekly business reviews. You will create reusable UI components, build accessible interfaces, and optimize page performance. Use HTML, CSS, JavaScript to deliver clear, documented work. Collaborate with a team of 14 across design and engineering. Success means measurable quality improvements. This is a fictional demonstration listing; no employer receives applications.",4.3,2026-10-05,2026-12-09,True,"Web Developer Join the media team at Nimbus Partners as a Web Developer. Your work supports customer experience for weekly business reviews. You will create reusable UI components, build accessible interfaces, and optimize page performance. Use HTML, CSS, JavaScript to deliver clear, documented work. Collaborate with a team of 14 across design and engineering. Success means measurable quality improvements. This is a fictional demonstration listing; no employer receives applications. Bootstrap CSS Git HTML JavaScript React Accessibility Node.js TypeScript"
SYN-0323,remote,True,Digital Marketing Analyst,Cobalt Labs,Remote,Remote,500000,850000,3.0,6.0,"[""Digital Marketing"", ""Excel"", ""Google Analytics"", ""SEO""]","[""Campaign Analysis"", ""Google Ads"", ""Power BI"", ""SQL""]",BA,Education,Full-time,"Join the education team at Cobalt Labs as a Digital Marketing Analyst. Your work supports subscription growth for weekly business reviews. You will audit acquisition channels, build attribution reports, and recommend landing page experiments. Use Google Analytics, SEO, Excel to deliver clear, documented work. Collaborate with a team of 6 across finance and strategy. Success means measurable quality improvements. This is a fictional demonstration listing; no employer receives applications.",3.9,2026-09-22,2026-11-15,True,"Digital Marketing Analyst Join the education team at Cobalt Labs as a Digital Marketing Analyst. Your work supports subscription growth for weekly business reviews. You will audit acquisition channels, build attribution reports, and recommend landing page experiments. Use Google Analytics, SEO, Excel to deliver clear, documented work. Collaborate with a team of 6 across finance and strategy. Success means measurable quality improvements. This is a fictional demonstration listing; no employer receives applications. Digital Marketing Excel Google Analytics SEO Campaign Analysis Google Ads Power BI SQL"
SYN-0324,onsite,False,SEO Analyst,Maple Solutions,Kolkata,West Bengal,450000,570000,3.0,4.0,"[""Content Marketing"", ""Excel"", ""Google Analytics"", ""SEO""]","[""Copywriting"", ""HTML"", ""Market Research"", ""SEM""]",12th,Logistics,Full-time,"Join the logistics team at Maple Solutions as a SEO Analyst. Your work supports cost optimization for a cross-functional transformation program. You will research search demand, track organic conversions, and audit site content. Use SEO, Google Analytics, Content Marketing to deliver clear, documented work. Collaborate with a team of 18 across finance and strategy. Success means reliable weekly delivery. This is a fictional demonstration listing; no employer receives applications.",3.5,2026-08-28,2026-12-31,True,"SEO Analyst Join the logistics team at Maple Solutions as a SEO Analyst. Your work supports cost optimization for a cross-functional transformation program. You will research search demand, track organic conversions, and audit site content. Use SEO, Google Analytics, Content Marketing to deliver clear, documented work. Collaborate with a team of 18 across finance and strategy. Success means reliable weekly delivery. This is a fictional demonstration listing; no employer receives applications. Content Marketing Excel Google Analytics SEO Copywriting HTML Market Research SEM"
SYN-0325,onsite,False,Customer Support Executive,Cedar Partners,Bangalore,Karnataka,380000,630000,4.0,6.0,"[""Communication"", ""Conflict Resolution"", ""CRM"", ""Customer Support"", ""Ticketing""]","[""Chat Support"", ""Email Support"", ""Zendesk""]",12th,Finance,Full-time,"Join the finance team at Cedar Partners as a Customer Support Executive. Your work supports subscription growth for weekly business reviews. You will meet response time targets, identify recurring service problems, and maintain accurate case notes. Use Customer Support, Communication, CRM to deliver clear, documented work. Collaborate with a team of 11 across design and engineering. Success means well-tested, reusable outputs. This is a fictional demonstration listing; no employer receives applications.",4.5,2026-09-10,2026-12-23,True,"Customer Support Executive Join the finance team at Cedar Partners as a Customer Support Executive. Your work supports subscription growth for weekly business reviews. You will meet response time targets, identify recurring service problems, and maintain accurate case notes. Use Customer Support, Communication, CRM to deliver clear, documented work. Collaborate with a team of 11 across design and engineering. Success means well-tested, reusable outputs. This is a fictional demonstration listing; no employer receives applications. Communication Conflict Resolution CRM Customer Support Ticketing Chat Support Email Support Zendesk"
SYN-0326,onsite,False,Operations Analyst,Evergreen Labs,Hyderabad,Telangana,550000,670000,3.0,6.0,"[""Excel"", ""Operations"", ""Process Improvement"", ""SQL""]","[""Forecasting"", ""Inventory Management"", ""Power BI"", ""Supply Chain""]",BA,Finance,Full-time,"Join the finance team at Evergreen Labs as a Operations Analyst. Your work supports digital transformation for a new product launch. You will analyze fulfillment delays, plan operational capacity, and monitor service metrics. Use Excel, SQL, Operations to deliver clear, documented work. Collaborate with a team of 15 across finance and strategy. Success means clear stakeholder communication. This is a fictional demonstration listing; no employer receives applications.",3.6,2026-10-05,2026-10-28,True,"Operations Analyst Join the finance team at Evergreen Labs as a Operations Analyst. Your work supports digital transformation for a new product launch. You will analyze fulfillment delays, plan operational capacity, and monitor service metrics. Use Excel, SQL, Operations to deliver clear, documented work. Collaborate with a team of 15 across finance and strategy. Success means clear stakeholder communication. This is a fictional demonstration listing; no employer receives applications. Excel Operations Process Improvement SQL Forecasting Inventory Management Power BI Supply Chain"
SYN-0327,onsite,False,Financial Analyst,Juniper Solutions,Delhi,Delhi,790000,1140000,3.0,4.0,"[""Accounting"", ""Excel"", ""Financial Analysis"", ""Financial Modeling""]","[""Budgeting"", ""Power BI"", ""SQL"", ""Valuation""]",BCom,Retail,Contract,"Join the retail team at Juniper Solutions as a Financial Analyst. Your work supports regional expansion for regional service teams. You will analyze monthly cash flow, validate financial assumptions, and model unit economics. Use Excel, Financial Analysis, Accounting to deliver clear, documented work. Collaborate with a team of 14 across customer success and sales. Success means well-tested, reusable outputs. This is a fictional demonstration listing; no employer receives applications.",4.5,2026-09-17,2026-11-23,True,"Financial Analyst Join the retail team at Juniper Solutions as a Financial Analyst. Your work supports regional expansion for regional service teams. You will analyze monthly cash flow, validate financial assumptions, and model unit economics. Use Excel, Financial Analysis, Accounting to deliver clear, documented work. Collaborate with a team of 14 across customer success and sales. Success means well-tested, reusable outputs. This is a fictional demonstration listing; no employer receives applications. Accounting Excel Financial Analysis Financial Modeling Budgeting Power BI SQL Valuation"
SYN-0328,onsite,False,Cybersecurity Analyst,Nimbus Partners,Noida,Uttar Pradesh,620000,970000,1.0,3.0,"[""Cybersecurity"", ""Linux"", ""Networking"", ""Python"", ""SIEM""]","[""Incident Response"", ""Splunk"", ""Wireshark""]",BTech,Retail,Full-time,"Join the retail team at Nimbus Partners as a Cybersecurity Analyst. Your work supports service efficiency for an expanding customer base. You will document response procedures, investigate suspicious logs, and assess infrastructure vulnerabilities. Use Cybersecurity, Networking, Linux to deliver clear, documented work. Collaborate with a team of 17 across design and engineering. Success means measurable quality improvements. This is a fictional demonstration listing; no employer receives applications.",3.6,2026-09-09,2026-12-23,True,"Cybersecurity Analyst Join the retail team at Nimbus Partners as a Cybersecurity Analyst. Your work supports service efficiency for an expanding customer base. You will document response procedures, investigate suspicious logs, and assess infrastructure vulnerabilities. Use Cybersecurity, Networking, Linux to deliver clear, documented work. Collaborate with a team of 17 across design and engineering. Success means measurable quality improvements. This is a fictional demonstration listing; no employer receives applications. Cybersecurity Linux Networking Python SIEM Incident Response Splunk Wireshark"
SYN-0329,onsite,False,Cloud Engineer,Cedar Solutions,Gurugram,Haryana,1070000,1250000,2.0,4.0,"[""AWS"", ""Docker"", ""Linux"", ""Networking""]","[""Azure"", ""Kubernetes"", ""Monitoring"", ""Terraform""]",BTech,Retail,Full-time,"Join the retail team at Cedar Solutions as a Cloud Engineer. Your work supports digital transformation for weekly business reviews. You will operate cloud infrastructure, automate infrastructure changes, and improve deployment reliability. Use AWS, Linux, Networking to deliver clear, documented work. Collaborate with a team of 5 across design and engineering. Success means measurable quality improvements. This is a fictional demonstration listing; no employer receives applications.",3.4,2026-09-10,2026-12-26,True,"Cloud Engineer Join the retail team at Cedar Solutions as a Cloud Engineer. Your work supports digital transformation for weekly business reviews. You will operate cloud infrastructure, automate infrastructure changes, and improve deployment reliability. Use AWS, Linux, Networking to deliver clear, documented work. Collaborate with a team of 5 across design and engineering. Success means measurable quality improvements. This is a fictional demonstration listing; no employer receives applications. AWS Docker Linux Networking Azure Kubernetes Monitoring Terraform"
SYN-0330,onsite,False,Graphic Designer,Orbit Labs,Mumbai,Maharashtra,580000,830000,5.0,8.0,"[""Canva"", ""Illustrator"", ""Photoshop"", ""Typography""]","[""Branding"", ""Figma"", ""InDesign"", ""Video Editing""]",Diploma,Logistics,Full-time,"Join the logistics team at Orbit Labs as a Graphic Designer. Your work supports quality improvement for an expanding customer base. You will maintain visual guidelines, design campaign assets, and adapt creative for digital channels. Use Photoshop, Illustrator, Canva to deliver clear, documented work. Collaborate with a team of 9 across finance and strategy. Success means clear stakeholder communication. This is a fictional demonstration listing; no employer receives applications.",4.6,2026-09-13,2026-11-13,True,"Graphic Designer Join the logistics team at Orbit Labs as a Graphic Designer. Your work supports quality improvement for an expanding customer base. You will maintain visual guidelines, design campaign assets, and adapt creative for digital channels. Use Photoshop, Illustrator, Canva to deliver clear, documented work. Collaborate with a team of 9 across finance and strategy. Success means clear stakeholder communication. This is a fictional demonstration listing; no employer receives applications. Canva Illustrator Photoshop Typography Branding Figma InDesign Video Editing"
SYN-0331,onsite,False,Marketing Analyst,Bluepeak Partners,Pune,Maharashtra,370000,490000,1.0,2.0,"[""Campaign Analysis"", ""Communication"", ""Excel"", ""Google Analytics"", ""Market Research""]","[""A/B Testing"", ""SQL"", ""Tableau""]",BA,Retail,Full-time,"Join the retail team at Bluepeak Partners as a Marketing Analyst. Your work supports inventory accuracy for a cross-functional transformation program. You will segment customer audiences, measure marketing efficiency, and present customer insights. Use Excel, Market Research, Google Analytics to deliver clear, documented work. Collaborate with a team of 15 across finance and strategy. Success means well-tested, reusable outputs. This is a fictional demonstration listing; no employer receives applications.",4.4,2026-09-28,2026-11-30,True,"Marketing Analyst Join the retail team at Bluepeak Partners as a Marketing Analyst. Your work supports inventory accuracy for a cross-functional transformation program. You will segment customer audiences, measure marketing efficiency, and present customer insights. Use Excel, Market Research, Google Analytics to deliver clear, documented work. Collaborate with a team of 15 across finance and strategy. Success means well-tested, reusable outputs. This is a fictional demonstration listing; no employer receives applications. Campaign Analysis Communication Excel Google Analytics Market Research A/B Testing SQL Tableau"
SYN-0332,onsite,False,HR Analyst,Cobalt Systems,Chennai,Tamil Nadu,180000,430000,0,1.0,"[""Communication"", ""Excel"", ""HR Analytics"", ""Reporting""]","[""HRIS"", ""Payroll"", ""Power BI"", ""SQL""]",BA,Healthcare,Internship,"Join the healthcare team at Cobalt Systems as a HR Analyst. Your work supports customer experience for an expanding customer base. You will analyze workforce trends, audit HR data quality, and monitor employee retention. Use Excel, HR Analytics, Communication to deliver clear, documented work. Collaborate with a team of 8 across design and engineering. Success means measurable quality improvements. This is a fictional demonstration listing; no employer receives applications.",4.9,2026-10-06,2026-12-01,True,"HR Analyst Join the healthcare team at Cobalt Systems as a HR Analyst. Your work supports customer experience for an expanding customer base. You will analyze workforce trends, audit HR data quality, and monitor employee retention. Use Excel, HR Analytics, Communication to deliver clear, documented work. Collaborate with a team of 8 across design and engineering. Success means measurable quality improvements. This is a fictional demonstration listing; no employer receives applications. Communication Excel HR Analytics Reporting HRIS Payroll Power BI SQL"
SYN-0333,onsite,False,Business Intelligence Analyst,Cedar Solutions,Ahmedabad,Gujarat,410000,760000,0,1.0,"[""Data Modeling"", ""Data Visualization"", ""Power BI"", ""SQL""]","[""DAX"", ""Excel"", ""Stakeholder Management"", ""Tableau""]",BSc,Healthcare,Full-time,"Join the healthcare team at Cedar Solutions as a Business Intelligence Analyst. Your work supports regional expansion for a cross-functional transformation program. You will translate business questions into dashboards, define consistent KPI metrics, and document reporting models. Use SQL, Power BI, Data Modeling to deliver clear, documented work. Collaborate with a team of 15 across finance and strategy. Success means clear stakeholder communication. This is a fictional demonstration listing; no employer receives applications.",4.2,2026-09-26,2026-12-06,True,"Business Intelligence Analyst Join the healthcare team at Cedar Solutions as a Business Intelligence Analyst. Your work supports regional expansion for a cross-functional transformation program. You will translate business questions into dashboards, define consistent KPI metrics, and document reporting models. Use SQL, Power BI, Data Modeling to deliver clear, documented work. Collaborate with a team of 15 across finance and strategy. Success means clear stakeholder communication. This is a fictional demonstration listing; no employer receives applications. Data Modeling Data Visualization Power BI SQL DAX Excel Stakeholder Management Tableau"
SYN-0334,onsite,False,Quality Assurance Analyst,Northstar Systems,Patna,Bihar,680000,860000,5.0,7.0,"[""Communication"", ""Jira"", ""Problem Solving"", ""Quality Assurance"", ""SQL""]","[""Agile"", ""Python"", ""REST API""]",Diploma,Retail,Full-time,"Join the retail team at Northstar Systems as a Quality Assurance Analyst. Your work supports customer experience for a cross-functional transformation program. You will track release readiness, reproduce reported defects, and verify data integrity. Use Quality Assurance, SQL, Communication to deliver clear, documented work. Collaborate with a team of 13 across finance and strategy. Success means reliable weekly delivery. This is a fictional demonstration listing; no employer receives applications.",4.1,2026-08-31,2026-11-04,True,"Quality Assurance Analyst Join the retail team at Northstar Systems as a Quality Assurance Analyst. Your work supports customer experience for a cross-functional transformation program. You will track release readiness, reproduce reported defects, and verify data integrity. Use Quality Assurance, SQL, Communication to deliver clear, documented work. Collaborate with a team of 13 across finance and strategy. Success means reliable weekly delivery. This is a fictional demonstration listing; no employer receives applications. Communication Jira Problem Solving Quality Assurance SQL Agile Python REST API"
SYN-0335,remote,True,UX Researcher,Bluepeak Systems,Remote,Remote,510000,630000,1.0,3.0,"[""Communication"", ""Figma"", ""Prototyping"", ""UX Research""]","[""A/B Testing"", ""Accessibility"", ""Presentation"", ""UI Design""]",BA,Technology,Full-time,"Join the technology team at Bluepeak Systems as a UX Researcher. Your work supports service efficiency for a new product launch. You will present user journey insights, conduct usability sessions, and validate interface prototypes. Use UX Research, Figma, Communication to deliver clear, documented work. Collaborate with a team of 7 across finance and strategy. Success means reliable weekly delivery. This is a fictional demonstration listing; no employer receives applications.",3.4,2026-09-21,2027-01-03,True,"UX Researcher Join the technology team at Bluepeak Systems as a UX Researcher. Your work supports service efficiency for a new product launch. You will present user journey insights, conduct usability sessions, and validate interface prototypes. Use UX Research, Figma, Communication to deliver clear, documented work. Collaborate with a team of 7 across finance and strategy. Success means reliable weekly delivery. This is a fictional demonstration listing; no employer receives applications. Communication Figma Prototyping UX Research A/B Testing Accessibility Presentation UI Design"
SYN-0336,onsite,False,Data Engineer,Cedar Systems,Kolkata,West Bengal,1100000,1220000,4.0,5.0,"[""Data Modeling"", ""ETL"", ""PostgreSQL"", ""Python"", ""SQL""]","[""AWS"", ""Azure"", ""Databricks"", ""Spark""]",BTech,Technology,Full-time,"Join the technology team at Cedar Systems as a Data Engineer. Your work supports customer experience for regional service teams. You will enforce data quality contracts, monitor dataset freshness, and build ingestion pipelines. Use Python, SQL, ETL to deliver clear, documented work. Collaborate with a team of 14 across finance and strategy. Success means measurable quality improvements. This is a fictional demonstration listing; no employer receives applications.",4.9,2026-09-12,2026-12-28,True,"Data Engineer Join the technology team at Cedar Systems as a Data Engineer. Your work supports customer experience for regional service teams. You will enforce data quality contracts, monitor dataset freshness, and build ingestion pipelines. Use Python, SQL, ETL to deliver clear, documented work. Collaborate with a team of 14 across finance and strategy. Success means measurable quality improvements. This is a fictional demonstration listing; no employer receives applications. Data Modeling ETL PostgreSQL Python SQL AWS Azure Databricks Spark"
SYN-0337,onsite,False,Data Analyst,Meridian Solutions,Hyderabad,Telangana,470000,650000,1.0,4.0,"[""Data Cleaning"", ""Excel"", ""Pandas"", ""Power BI"", ""Python"", ""SQL"", ""Statistics""]","[""DAX"", ""ETL"", ""Presentation"", ""Tableau""]",Diploma,Healthcare,Full-time,"Join the healthcare team at Meridian Solutions as a Data Analyst. Your work supports customer experience for weekly business reviews. You will build weekly KPI dashboards, validate transaction data, and explain customer retention. Use SQL, Excel, Python to deliver clear, documented work. Collaborate with a team of 11 across design and engineering. Success means well-tested, reusable outputs. This is a fictional demonstration listing; no employer receives applications.",4.6,2026-09-29,2026-11-10,True,"Data Analyst Join the healthcare team at Meridian Solutions as a Data Analyst. Your work supports customer experience for weekly business reviews. You will build weekly KPI dashboards, validate transaction data, and explain customer retention. Use SQL, Excel, Python to deliver clear, documented work. Collaborate with a team of 11 across design and engineering. Success means well-tested, reusable outputs. This is a fictional demonstration listing; no employer receives applications. Data Cleaning Excel Pandas Power BI Python SQL Statistics DAX ETL Presentation Tableau"
SYN-0338,onsite,False,Business Analyst,Northstar Partners,Delhi,Delhi,420000,600000,1.0,3.0,"[""Business Analysis"", ""Communication"", ""Excel"", ""Requirements Gathering"", ""SQL""]","[""Agile"", ""Jira"", ""Process Improvement"", ""Tableau""]",BA,Education,Full-time,"Join the education team at Northstar Partners as a Business Analyst. Your work supports service efficiency for a new product launch. You will map operational workflows, interview stakeholders, and document business requirements. Use SQL, Excel, Business Analysis to deliver clear, documented work. Collaborate with a team of 6 across customer success and sales. Success means reliable weekly delivery. This is a fictional demonstration listing; no employer receives applications.",4.1,2026-09-19,2026-10-28,True,"Business Analyst Join the education team at Northstar Partners as a Business Analyst. Your work supports service efficiency for a new product launch. You will map operational workflows, interview stakeholders, and document business requirements. Use SQL, Excel, Business Analysis to deliver clear, documented work. Collaborate with a team of 6 across customer success and sales. Success means reliable weekly delivery. This is a fictional demonstration listing; no employer receives applications. Business Analysis Communication Excel Requirements Gathering SQL Agile Jira Process Improvement Tableau"
SYN-0339,onsite,False,Power BI Developer,Cobalt Solutions,Noida,Uttar Pradesh,590000,710000,1.0,2.0,"[""Data Modeling"", ""DAX"", ""Power BI"", ""Power Query"", ""SQL""]","[""Azure"", ""Dashboard Design"", ""ETL"", ""Excel""]",BTech,Media,Full-time,"Join the media team at Cobalt Solutions as a Power BI Developer. Your work supports service efficiency for regional service teams. You will reconcile reporting metrics, optimize DAX measures, and design dimensional models. Use Power BI, DAX, SQL to deliver clear, documented work. Collaborate with a team of 18 across finance and strategy. Success means clear stakeholder communication. This is a fictional demonstration listing; no employer receives applications.",3.9,2026-09-17,2026-11-12,True,"Power BI Developer Join the media team at Cobalt Solutions as a Power BI Developer. Your work supports service efficiency for regional service teams. You will reconcile reporting metrics, optimize DAX measures, and design dimensional models. Use Power BI, DAX, SQL to deliver clear, documented work. Collaborate with a team of 18 across finance and strategy. Success means clear stakeholder communication. This is a fictional demonstration listing; no employer receives applications. Data Modeling DAX Power BI Power Query SQL Azure Dashboard Design ETL Excel"
SYN-0340,onsite,False,MIS Executive,Bluepeak Solutions,Gurugram,Haryana,370000,620000,2.0,3.0,"[""Communication"", ""Data Cleaning"", ""Excel"", ""Excel VBA"", ""Reporting""]","[""Advanced Excel"", ""Power BI"", ""SQL""]",12th,Education,Full-time,"Join the education team at Bluepeak Solutions as a MIS Executive. Your work supports cost optimization for a new product launch. You will reconcile inventory records, prepare management summaries, and automate spreadsheet checks. Use Excel, Reporting, Data Cleaning to deliver clear, documented work. Collaborate with a team of 9 across customer success and sales. Success means well-tested, reusable outputs. This is a fictional demonstration listing; no employer receives applications.",4.2,2026-09-15,2026-12-22,True,"MIS Executive Join the education team at Bluepeak Solutions as a MIS Executive. Your work supports cost optimization for a new product launch. You will reconcile inventory records, prepare management summaries, and automate spreadsheet checks. Use Excel, Reporting, Data Cleaning to deliver clear, documented work. Collaborate with a team of 9 across customer success and sales. Success means well-tested, reusable outputs. This is a fictional demonstration listing; no employer receives applications. Communication Data Cleaning Excel Excel VBA Reporting Advanced Excel Power BI SQL"
SYN-0341,onsite,False,SQL Developer,Aster Works,Mumbai,Maharashtra,390000,510000,0,3.0,"[""Database Design"", ""ETL"", ""PostgreSQL"", ""SQL""]","[""Advanced SQL"", ""Git"", ""Python"", ""SQL Server""]",BCA,Manufacturing,Full-time,"Join the manufacturing team at Aster Works as a SQL Developer. Your work supports customer experience for a new product launch. You will design warehouse tables, optimize database queries, and audit data consistency. Use SQL, PostgreSQL, Database Design to deliver clear, documented work. Collaborate with a team of 11 across design and engineering. Success means clear stakeholder communication. This is a fictional demonstration listing; no employer receives applications.",3.9,2026-10-03,2026-12-22,True,"SQL Developer Join the manufacturing team at Aster Works as a SQL Developer. Your work supports customer experience for a new product launch. You will design warehouse tables, optimize database queries, and audit data consistency. Use SQL, PostgreSQL, Database Design to deliver clear, documented work. Collaborate with a team of 11 across design and engineering. Success means clear stakeholder communication. This is a fictional demonstration listing; no employer receives applications. Database Design ETL PostgreSQL SQL Advanced SQL Git Python SQL Server"
SYN-0342,onsite,False,Python Developer,Lumina Labs,Pune,Maharashtra,340000,690000,0,3.0,"[""Flask"", ""Git"", ""Python"", ""REST API"", ""SQL""]","[""Django"", ""Docker"", ""FastAPI"", ""Linux""]",Diploma,Media,Full-time,"Join the media team at Lumina Labs as a Python Developer. Your work supports digital transformation for a new product launch. You will improve service reliability, write integration tests, and build backend APIs. Use Python, Flask, SQL to deliver clear, documented work. Collaborate with a team of 12 across finance and strategy. Success means clear stakeholder communication. This is a fictional demonstration listing; no employer receives applications.",3.8,2026-08-30,2027-01-05,True,"Python Developer Join the media team at Lumina Labs as a Python Developer. Your work supports digital transformation for a new product launch. You will improve service reliability, write integration tests, and build backend APIs. Use Python, Flask, SQL to deliver clear, documented work. Collaborate with a team of 12 across finance and strategy. Success means clear stakeholder communication. This is a fictional demonstration listing; no employer receives applications. Flask Git Python REST API SQL Django Docker FastAPI Linux"
SYN-0343,onsite,False,Junior Data Scientist,Northstar Solutions,Chennai,Tamil Nadu,540000,720000,0,1.0,"[""A/B Testing"", ""Machine Learning"", ""Pandas"", ""Python"", ""SQL"", ""Statistics""]","[""Feature Engineering"", ""NLP"", ""Scikit-learn""]",BSc,Finance,Full-time,"Join the finance team at Northstar Solutions as a Junior Data Scientist. Your work supports cost optimization for a cross-functional transformation program. You will prepare experimentation datasets, prototype demand forecasts, and explain model errors. Use Python, Statistics, Machine Learning to deliver clear, documented work. Collaborate with a team of 9 across product and operations. Success means clear stakeholder communication. This is a fictional demonstration listing; no employer receives applications.",4.1,2026-10-07,2026-11-13,True,"Junior Data Scientist Join the finance team at Northstar Solutions as a Junior Data Scientist. Your work supports cost optimization for a cross-functional transformation program. You will prepare experimentation datasets, prototype demand forecasts, and explain model errors. Use Python, Statistics, Machine Learning to deliver clear, documented work. Collaborate with a team of 9 across product and operations. Success means clear stakeholder communication. This is a fictional demonstration listing; no employer receives applications. A/B Testing Machine Learning Pandas Python SQL Statistics Feature Engineering NLP Scikit-learn"
SYN-0344,onsite,False,Machine Learning Engineer,Vantage Works,Ahmedabad,Gujarat,1230000,1410000,2.0,4.0,"[""Docker"", ""Machine Learning"", ""Model Evaluation"", ""Python"", ""Scikit-learn""]","[""AWS"", ""MLOps"", ""PyTorch"", ""TensorFlow""]",BTech,Manufacturing,Full-time,"Join the manufacturing team at Vantage Works as a Machine Learning Engineer. Your work supports subscription growth for weekly business reviews. You will monitor model drift, serve prediction models, and optimize inference workloads. Use Python, Machine Learning, Scikit-learn to deliver clear, documented work. Collaborate with a team of 17 across finance and strategy. Success means measurable quality improvements. This is a fictional demonstration listing; no employer receives applications.",4.6,2026-09-11,2026-12-30,True,"Machine Learning Engineer Join the manufacturing team at Vantage Works as a Machine Learning Engineer. Your work supports subscription growth for weekly business reviews. You will monitor model drift, serve prediction models, and optimize inference workloads. Use Python, Machine Learning, Scikit-learn to deliver clear, documented work. Collaborate with a team of 17 across finance and strategy. Success means measurable quality improvements. This is a fictional demonstration listing; no employer receives applications. Docker Machine Learning Model Evaluation Python Scikit-learn AWS MLOps PyTorch TensorFlow"
SYN-0345,onsite,False,Software Developer,Maple Systems,Patna,Bihar,460000,810000,0,3.0,"[""Algorithms"", ""Git"", ""Java"", ""OOP"", ""SQL""]","[""Agile"", ""Docker"", ""Python"", ""REST API""]",BTech,Manufacturing,Full-time,"Join the manufacturing team at Maple Systems as a Software Developer. Your work supports regional expansion for a new product launch. You will review maintainable code, improve automated testing, and implement service features. Use Java, SQL, Git to deliver clear, documented work. Collaborate with a team of 18 across customer success and sales. Success means measurable quality improvements. This is a fictional demonstration listing; no employer receives applications.",3.3,2026-09-18,2026-11-20,True,"Software Developer Join the manufacturing team at Maple Systems as a Software Developer. Your work supports regional expansion for a new product launch. You will review maintainable code, improve automated testing, and implement service features. Use Java, SQL, Git to deliver clear, documented work. Collaborate with a team of 18 across customer success and sales. Success means measurable quality improvements. This is a fictional demonstration listing; no employer receives applications. Algorithms Git Java OOP SQL Agile Docker Python REST API"
SYN-0346,remote,True,Web Developer,Evergreen Solutions,Remote,Remote,300000,420000,0,2.0,"[""CSS"", ""Git"", ""HTML"", ""JavaScript"", ""Node.js"", ""React""]","[""Accessibility"", ""Bootstrap"", ""TypeScript""]",Diploma,Technology,Full-time,"Join the technology team at Evergreen Solutions as a Web Developer. Your work supports regional expansion for an expanding customer base. You will optimize page performance, integrate REST APIs, and create reusable UI components. Use HTML, CSS, JavaScript to deliver clear, documented work. Collaborate with a team of 4 across design and engineering. Success means clear stakeholder communication. This is a fictional demonstration listing; no employer receives applications.",3.3,2026-09-27,2026-11-29,True,"Web Developer Join the technology team at Evergreen Solutions as a Web Developer. Your work supports regional expansion for an expanding customer base. You will optimize page performance, integrate REST APIs, and create reusable UI components. Use HTML, CSS, JavaScript to deliver clear, documented work. Collaborate with a team of 4 across design and engineering. Success means clear stakeholder communication. This is a fictional demonstration listing; no employer receives applications. CSS Git HTML JavaScript Node.js React Accessibility Bootstrap TypeScript"
SYN-0347,onsite,False,Digital Marketing Analyst,Prism Solutions,Kolkata,West Bengal,480000,830000,3.0,4.0,"[""Digital Marketing"", ""Excel"", ""Google Analytics"", ""SEO""]","[""Campaign Analysis"", ""Google Ads"", ""Power BI"", ""SQL""]",BA,Logistics,Full-time,"Join the logistics team at Prism Solutions as a Digital Marketing Analyst. Your work supports quality improvement for regional service teams. You will build attribution reports, measure campaign conversion, and audit acquisition channels. Use Google Analytics, SEO, Excel to deliver clear, documented work. Collaborate with a team of 12 across product and operations. Success means measurable quality improvements. This is a fictional demonstration listing; no employer receives applications.",4.8,2026-10-04,2026-10-26,True,"Digital Marketing Analyst Join the logistics team at Prism Solutions as a Digital Marketing Analyst. Your work supports quality improvement for regional service teams. You will build attribution reports, measure campaign conversion, and audit acquisition channels. Use Google Analytics, SEO, Excel to deliver clear, documented work. Collaborate with a team of 12 across product and operations. Success means measurable quality improvements. This is a fictional demonstration listing; no employer receives applications. Digital Marketing Excel Google Analytics SEO Campaign Analysis Google Ads Power BI SQL"
SYN-0348,onsite,False,SEO Analyst,Maple Partners,Bangalore,Karnataka,290000,540000,0,3.0,"[""Content Marketing"", ""Excel"", ""Google Analytics"", ""SEO""]","[""Copywriting"", ""HTML"", ""Market Research"", ""SEM""]",12th,Retail,Full-time,"Join the retail team at Maple Partners as a SEO Analyst. Your work supports regional expansion for regional service teams. You will improve technical SEO checks, track organic conversions, and audit site content. Use SEO, Google Analytics, Content Marketing to deliver clear, documented work. Collaborate with a team of 18 across product and operations. Success means clear stakeholder communication. This is a fictional demonstration listing; no employer receives applications.",4.5,2026-10-04,2026-12-03,True,"SEO Analyst Join the retail team at Maple Partners as a SEO Analyst. Your work supports regional expansion for regional service teams. You will improve technical SEO checks, track organic conversions, and audit site content. Use SEO, Google Analytics, Content Marketing to deliver clear, documented work. Collaborate with a team of 18 across product and operations. Success means clear stakeholder communication. This is a fictional demonstration listing; no employer receives applications. Content Marketing Excel Google Analytics SEO Copywriting HTML Market Research SEM"
SYN-0349,onsite,False,Customer Support Executive,Meridian Labs,Hyderabad,Telangana,310000,430000,2.0,3.0,"[""Communication"", ""CRM"", ""Customer Support"", ""Ticketing"", ""Zendesk""]","[""Chat Support"", ""Conflict Resolution"", ""Email Support""]",12th,Media,Part-time,"Join the media team at Meridian Labs as a Customer Support Executive. Your work supports digital transformation for a cross-functional transformation program. You will meet response time targets, identify recurring service problems, and maintain accurate case notes. Use Customer Support, Communication, CRM to deliver clear, documented work. Collaborate with a team of 16 across design and engineering. Success means measurable quality improvements. This is a fictional demonstration listing; no employer receives applications.",4.3,2026-09-21,2026-12-25,True,"Customer Support Executive Join the media team at Meridian Labs as a Customer Support Executive. Your work supports digital transformation for a cross-functional transformation program. You will meet response time targets, identify recurring service problems, and maintain accurate case notes. Use Customer Support, Communication, CRM to deliver clear, documented work. Collaborate with a team of 16 across design and engineering. Success means measurable quality improvements. This is a fictional demonstration listing; no employer receives applications. Communication CRM Customer Support Ticketing Zendesk Chat Support Conflict Resolution Email Support"
SYN-0350,onsite,False,Operations Analyst,Nexa Labs,Delhi,Delhi,290000,410000,0,2.0,"[""Excel"", ""Operations"", ""Process Improvement"", ""SQL""]","[""Forecasting"", ""Inventory Management"", ""Power BI"", ""Supply Chain""]",BA,Healthcare,Full-time,"Join the healthcare team at Nexa Labs as a Operations Analyst. Your work supports customer experience for a cross-functional transformation program. You will identify process bottlenecks, monitor service metrics, and plan operational capacity. Use Excel, SQL, Operations to deliver clear, documented work. Collaborate with a team of 6 across product and operations. Success means well-tested, reusable outputs. This is a fictional demonstration listing; no employer receives applications.",4.9,2026-09-12,2026-11-25,True,"Operations Analyst Join the healthcare team at Nexa Labs as a Operations Analyst. Your work supports customer experience for a cross-functional transformation program. You will identify process bottlenecks, monitor service metrics, and plan operational capacity. Use Excel, SQL, Operations to deliver clear, documented work. Collaborate with a team of 6 across product and operations. Success means well-tested, reusable outputs. This is a fictional demonstration listing; no employer receives applications. Excel Operations Process Improvement SQL Forecasting Inventory Management Power BI Supply Chain"
SYN-0351,onsite,False,Financial Analyst,Cedar Solutions,Noida,Uttar Pradesh,430000,550000,1.0,3.0,"[""Accounting"", ""Excel"", ""Financial Analysis"", ""Financial Modeling""]","[""Budgeting"", ""Power BI"", ""SQL"", ""Valuation""]",BCom,Healthcare,Full-time,"Join the healthcare team at Cedar Solutions as a Financial Analyst. Your work supports inventory accuracy for weekly business reviews. You will analyze monthly cash flow, validate financial assumptions, and prepare budget variance reports. Use Excel, Financial Analysis, Accounting to deliver clear, documented work. Collaborate with a team of 18 across design and engineering. Success means clear stakeholder communication. This is a fictional demonstration listing; no employer receives applications.",3.3,2026-09-28,2026-10-31,True,"Financial Analyst Join the healthcare team at Cedar Solutions as a Financial Analyst. Your work supports inventory accuracy for weekly business reviews. You will analyze monthly cash flow, validate financial assumptions, and prepare budget variance reports. Use Excel, Financial Analysis, Accounting to deliver clear, documented work. Collaborate with a team of 18 across design and engineering. Success means clear stakeholder communication. This is a fictional demonstration listing; no employer receives applications. Accounting Excel Financial Analysis Financial Modeling Budgeting Power BI SQL Valuation"
SYN-0352,onsite,False,Cybersecurity Analyst,Lumina Labs,Gurugram,Haryana,1040000,1390000,5.0,6.0,"[""Cybersecurity"", ""Linux"", ""Networking"", ""Python"", ""SIEM""]","[""Incident Response"", ""Splunk"", ""Wireshark""]",BTech,Media,Full-time,"Join the media team at Lumina Labs as a Cybersecurity Analyst. Your work supports subscription growth for an expanding customer base. You will investigate suspicious logs, document response procedures, and assess infrastructure vulnerabilities. Use Cybersecurity, Networking, Linux to deliver clear, documented work. Collaborate with a team of 9 across finance and strategy. Success means clear stakeholder communication. This is a fictional demonstration listing; no employer receives applications.",3.8,2026-09-11,2026-10-22,True,"Cybersecurity Analyst Join the media team at Lumina Labs as a Cybersecurity Analyst. Your work supports subscription growth for an expanding customer base. You will investigate suspicious logs, document response procedures, and assess infrastructure vulnerabilities. Use Cybersecurity, Networking, Linux to deliver clear, documented work. Collaborate with a team of 9 across finance and strategy. Success means clear stakeholder communication. This is a fictional demonstration listing; no employer receives applications. Cybersecurity Linux Networking Python SIEM Incident Response Splunk Wireshark"
SYN-0353,onsite,False,Cloud Engineer,Nimbus Works,Mumbai,Maharashtra,680000,860000,1.0,3.0,"[""AWS"", ""Docker"", ""Linux"", ""Networking""]","[""Azure"", ""Kubernetes"", ""Monitoring"", ""Terraform""]",BTech,Technology,Full-time,"Join the technology team at Nimbus Works as a Cloud Engineer. Your work supports quality improvement for a cross-functional transformation program. You will monitor system capacity, operate cloud infrastructure, and improve deployment reliability. Use AWS, Linux, Networking to deliver clear, documented work. Collaborate with a team of 18 across customer success and sales. Success means clear stakeholder communication. This is a fictional demonstration listing; no employer receives applications.",4.0,2026-09-26,2026-10-24,True,"Cloud Engineer Join the technology team at Nimbus Works as a Cloud Engineer. Your work supports quality improvement for a cross-functional transformation program. You will monitor system capacity, operate cloud infrastructure, and improve deployment reliability. Use AWS, Linux, Networking to deliver clear, documented work. Collaborate with a team of 18 across customer success and sales. Success means clear stakeholder communication. This is a fictional demonstration listing; no employer receives applications. AWS Docker Linux Networking Azure Kubernetes Monitoring Terraform"
SYN-0354,onsite,False,Graphic Designer,Evergreen Solutions,Pune,Maharashtra,260000,380000,0,3.0,"[""Canva"", ""Illustrator"", ""Photoshop"", ""Typography""]","[""Branding"", ""Figma"", ""InDesign"", ""Video Editing""]",Diploma,Finance,Full-time,"Join the finance team at Evergreen Solutions as a Graphic Designer. Your work supports service efficiency for weekly business reviews. You will prepare print layouts, maintain visual guidelines, and design campaign assets. Use Photoshop, Illustrator, Canva to deliver clear, documented work. Collaborate with a team of 6 across design and engineering. Success means measurable quality improvements. This is a fictional demonstration listing; no employer receives applications.",4.7,2026-09-08,2026-12-27,True,"Graphic Designer Join the finance team at Evergreen Solutions as a Graphic Designer. Your work supports service efficiency for weekly business reviews. You will prepare print layouts, maintain visual guidelines, and design campaign assets. Use Photoshop, Illustrator, Canva to deliver clear, documented work. Collaborate with a team of 6 across design and engineering. Success means measurable quality improvements. This is a fictional demonstration listing; no employer receives applications. Canva Illustrator Photoshop Typography Branding Figma InDesign Video Editing"
SYN-0355,onsite,False,Marketing Analyst,Nexa Systems,Chennai,Tamil Nadu,410000,760000,1.0,3.0,"[""Campaign Analysis"", ""Excel"", ""Google Analytics"", ""Market Research"", ""SQL""]","[""A/B Testing"", ""Communication"", ""Tableau""]",BA,Education,Full-time,"Join the education team at Nexa Systems as a Marketing Analyst. Your work supports digital transformation for regional service teams. You will research competitor positioning, present customer insights, and segment customer audiences. Use Excel, Market Research, Google Analytics to deliver clear, documented work. Collaborate with a team of 8 across design and engineering. Success means well-tested, reusable outputs. This is a fictional demonstration listing; no employer receives applications.",4.6,2026-10-03,2026-12-26,True,"Marketing Analyst Join the education team at Nexa Systems as a Marketing Analyst. Your work supports digital transformation for regional service teams. You will research competitor positioning, present customer insights, and segment customer audiences. Use Excel, Market Research, Google Analytics to deliver clear, documented work. Collaborate with a team of 8 across design and engineering. Success means well-tested, reusable outputs. This is a fictional demonstration listing; no employer receives applications. Campaign Analysis Excel Google Analytics Market Research SQL A/B Testing Communication Tableau"
SYN-0356,onsite,False,HR Analyst,Aster Labs,Ahmedabad,Gujarat,290000,640000,0,2.0,"[""Communication"", ""Excel"", ""HR Analytics"", ""Reporting""]","[""HRIS"", ""Payroll"", ""Power BI"", ""SQL""]",BA,Media,Full-time,"Join the media team at Aster Labs as a HR Analyst. Your work supports digital transformation for an expanding customer base. You will monitor employee retention, analyze workforce trends, and report recruitment efficiency. Use Excel, HR Analytics, Communication to deliver clear, documented work. Collaborate with a team of 12 across product and operations. Success means reliable weekly delivery. This is a fictional demonstration listing; no employer receives applications.",3.3,2026-08-28,2026-11-16,True,"HR Analyst Join the media team at Aster Labs as a HR Analyst. Your work supports digital transformation for an expanding customer base. You will monitor employee retention, analyze workforce trends, and report recruitment efficiency. Use Excel, HR Analytics, Communication to deliver clear, documented work. Collaborate with a team of 12 across product and operations. Success means reliable weekly delivery. This is a fictional demonstration listing; no employer receives applications. Communication Excel HR Analytics Reporting HRIS Payroll Power BI SQL"
SYN-0357,onsite,False,Business Intelligence Analyst,Aster Solutions,Patna,Bihar,400000,580000,0,3.0,"[""Data Modeling"", ""Data Visualization"", ""Power BI"", ""SQL""]","[""DAX"", ""Excel"", ""Stakeholder Management"", ""Tableau""]",BSc,Manufacturing,Full-time,"Join the manufacturing team at Aster Solutions as a Business Intelligence Analyst. Your work supports quality improvement for regional service teams. You will translate business questions into dashboards, define consistent KPI metrics, and document reporting models. Use SQL, Power BI, Data Modeling to deliver clear, documented work. Collaborate with a team of 9 across design and engineering. Success means clear stakeholder communication. This is a fictional demonstration listing; no employer receives applications.",3.3,2026-10-01,2026-12-09,True,"Business Intelligence Analyst Join the manufacturing team at Aster Solutions as a Business Intelligence Analyst. Your work supports quality improvement for regional service teams. You will translate business questions into dashboards, define consistent KPI metrics, and document reporting models. Use SQL, Power BI, Data Modeling to deliver clear, documented work. Collaborate with a team of 9 across design and engineering. Success means clear stakeholder communication. This is a fictional demonstration listing; no employer receives applications. Data Modeling Data Visualization Power BI SQL DAX Excel Stakeholder Management Tableau"
SYN-0358,remote,True,Quality Assurance Analyst,Riverstone Systems,Remote,Remote,490000,670000,2.0,5.0,"[""Communication"", ""Jira"", ""Problem Solving"", ""Quality Assurance"", ""SQL""]","[""Agile"", ""Python"", ""REST API""]",Diploma,Media,Full-time,"Join the media team at Riverstone Systems as a Quality Assurance Analyst. Your work supports regional expansion for a new product launch. You will design test scenarios, verify data integrity, and reproduce reported defects. Use Quality Assurance, SQL, Communication to deliver clear, documented work. Collaborate with a team of 12 across customer success and sales. Success means well-tested, reusable outputs. This is a fictional demonstration listing; no employer receives applications.",3.7,2026-09-04,2026-12-11,True,"Quality Assurance Analyst Join the media team at Riverstone Systems as a Quality Assurance Analyst. Your work supports regional expansion for a new product launch. You will design test scenarios, verify data integrity, and reproduce reported defects. Use Quality Assurance, SQL, Communication to deliver clear, documented work. Collaborate with a team of 12 across customer success and sales. Success means well-tested, reusable outputs. This is a fictional demonstration listing; no employer receives applications. Communication Jira Problem Solving Quality Assurance SQL Agile Python REST API"
SYN-0359,onsite,False,UX Researcher,Prism Systems,Kolkata,West Bengal,600000,780000,1.0,4.0,"[""Communication"", ""Figma"", ""Prototyping"", ""UX Research""]","[""A/B Testing"", ""Accessibility"", ""Presentation"", ""UI Design""]",BA,Retail,Full-time,"Join the retail team at Prism Systems as a UX Researcher. Your work supports customer experience for regional service teams. You will synthesize research findings, present user journey insights, and conduct usability sessions. Use UX Research, Figma, Communication to deliver clear, documented work. Collaborate with a team of 5 across finance and strategy. Success means clear stakeholder communication. This is a fictional demonstration listing; no employer receives applications.",4.7,2026-09-17,2027-01-01,True,"UX Researcher Join the retail team at Prism Systems as a UX Researcher. Your work supports customer experience for regional service teams. You will synthesize research findings, present user journey insights, and conduct usability sessions. Use UX Research, Figma, Communication to deliver clear, documented work. Collaborate with a team of 5 across finance and strategy. Success means clear stakeholder communication. This is a fictional demonstration listing; no employer receives applications. Communication Figma Prototyping UX Research A/B Testing Accessibility Presentation UI Design"
SYN-0360,onsite,False,Data Engineer,Northstar Solutions,Bangalore,Karnataka,120000,470000,0,2.0,"[""Data Modeling"", ""ETL"", ""PostgreSQL"", ""Python"", ""SQL""]","[""AWS"", ""Azure"", ""Databricks"", ""Spark""]",BTech,Media,Internship,"Join the media team at Northstar Solutions as a Data Engineer. Your work supports customer experience for an expanding customer base. You will build ingestion pipelines, monitor dataset freshness, and enforce data quality contracts. Use Python, SQL, ETL to deliver clear, documented work. Collaborate with a team of 15 across product and operations. Success means reliable weekly delivery. This is a fictional demonstration listing; no employer receives applications.",3.7,2026-08-28,2026-10-24,True,"Data Engineer Join the media team at Northstar Solutions as a Data Engineer. Your work supports customer experience for an expanding customer base. You will build ingestion pipelines, monitor dataset freshness, and enforce data quality contracts. Use Python, SQL, ETL to deliver clear, documented work. Collaborate with a team of 15 across product and operations. Success means reliable weekly delivery. This is a fictional demonstration listing; no employer receives applications. Data Modeling ETL PostgreSQL Python SQL AWS Azure Databricks Spark"
SYN-0361,onsite,False,Data Analyst,Northstar Works,Delhi,Delhi,480000,830000,1.0,2.0,"[""Data Cleaning"", ""ETL"", ""Excel"", ""Power BI"", ""Python"", ""SQL"", ""Statistics""]","[""DAX"", ""Pandas"", ""Presentation"", ""Tableau""]",Diploma,Education,Full-time,"Join the education team at Northstar Works as a Data Analyst. Your work supports customer experience for regional service teams. You will analyze sales funnels, build weekly KPI dashboards, and explain customer retention. Use SQL, Excel, Python to deliver clear, documented work. Collaborate with a team of 6 across product and operations. Success means measurable quality improvements. This is a fictional demonstration listing; no employer receives applications.",3.5,2026-10-07,2026-11-01,True,"Data Analyst Join the education team at Northstar Works as a Data Analyst. Your work supports customer experience for regional service teams. You will analyze sales funnels, build weekly KPI dashboards, and explain customer retention. Use SQL, Excel, Python to deliver clear, documented work. Collaborate with a team of 6 across product and operations. Success means measurable quality improvements. This is a fictional demonstration listing; no employer receives applications. Data Cleaning ETL Excel Power BI Python SQL Statistics DAX Pandas Presentation Tableau"
SYN-0362,onsite,False,Business Analyst,Lumina Solutions,Noida,Uttar Pradesh,460000,810000,0,2.0,"[""Business Analysis"", ""Communication"", ""Excel"", ""Requirements Gathering"", ""SQL""]","[""Agile"", ""Jira"", ""Process Improvement"", ""Tableau""]",BA,Education,Full-time,"Join the education team at Lumina Solutions as a Business Analyst. Your work supports subscription growth for an expanding customer base. You will document business requirements, evaluate product changes, and interview stakeholders. Use SQL, Excel, Business Analysis to deliver clear, documented work. Collaborate with a team of 6 across customer success and sales. Success means well-tested, reusable outputs. This is a fictional demonstration listing; no employer receives applications.",3.3,2026-09-14,2026-12-24,True,"Business Analyst Join the education team at Lumina Solutions as a Business Analyst. Your work supports subscription growth for an expanding customer base. You will document business requirements, evaluate product changes, and interview stakeholders. Use SQL, Excel, Business Analysis to deliver clear, documented work. Collaborate with a team of 6 across customer success and sales. Success means well-tested, reusable outputs. This is a fictional demonstration listing; no employer receives applications. Business Analysis Communication Excel Requirements Gathering SQL Agile Jira Process Improvement Tableau"
SYN-0363,onsite,False,Power BI Developer,Evergreen Works,Gurugram,Haryana,980000,1330000,5.0,7.0,"[""Data Modeling"", ""DAX"", ""Power BI"", ""Power Query"", ""SQL""]","[""Azure"", ""Dashboard Design"", ""ETL"", ""Excel""]",BTech,Healthcare,Full-time,"Join the healthcare team at Evergreen Works as a Power BI Developer. Your work supports inventory accuracy for weekly business reviews. You will design dimensional models, optimize DAX measures, and publish operational dashboards. Use Power BI, DAX, SQL to deliver clear, documented work. Collaborate with a team of 14 across finance and strategy. Success means measurable quality improvements. This is a fictional demonstration listing; no employer receives applications.",4.7,2026-09-26,2026-12-24,True,"Power BI Developer Join the healthcare team at Evergreen Works as a Power BI Developer. Your work supports inventory accuracy for weekly business reviews. You will design dimensional models, optimize DAX measures, and publish operational dashboards. Use Power BI, DAX, SQL to deliver clear, documented work. Collaborate with a team of 14 across finance and strategy. Success means measurable quality improvements. This is a fictional demonstration listing; no employer receives applications. Data Modeling DAX Power BI Power Query SQL Azure Dashboard Design ETL Excel"
SYN-0364,onsite,False,MIS Executive,Northstar Partners,Mumbai,Maharashtra,250000,500000,0,1.0,"[""Advanced Excel"", ""Communication"", ""Data Cleaning"", ""Excel"", ""Reporting""]","[""Excel VBA"", ""Power BI"", ""SQL""]",12th,Media,Full-time,"Join the media team at Northstar Partners as a MIS Executive. Your work supports subscription growth for a new product launch. You will reconcile inventory records, automate spreadsheet checks, and prepare management summaries. Use Excel, Reporting, Data Cleaning to deliver clear, documented work. Collaborate with a team of 16 across product and operations. Success means clear stakeholder communication. This is a fictional demonstration listing; no employer receives applications.",4.6,2026-09-30,2027-01-05,True,"MIS Executive Join the media team at Northstar Partners as a MIS Executive. Your work supports subscription growth for a new product launch. You will reconcile inventory records, automate spreadsheet checks, and prepare management summaries. Use Excel, Reporting, Data Cleaning to deliver clear, documented work. Collaborate with a team of 16 across product and operations. Success means clear stakeholder communication. This is a fictional demonstration listing; no employer receives applications. Advanced Excel Communication Data Cleaning Excel Reporting Excel VBA Power BI SQL"
SYN-0365,onsite,False,SQL Developer,Meridian Partners,Pune,Maharashtra,240000,420000,0,3.0,"[""Database Design"", ""ETL"", ""PostgreSQL"", ""SQL""]","[""Advanced SQL"", ""Git"", ""Python"", ""SQL Server""]",BCA,Logistics,Internship,"Join the logistics team at Meridian Partners as a SQL Developer. Your work supports regional expansion for weekly business reviews. You will audit data consistency, design warehouse tables, and build scheduled data pipelines. Use SQL, PostgreSQL, Database Design to deliver clear, documented work. Collaborate with a team of 5 across product and operations. Success means clear stakeholder communication. This is a fictional demonstration listing; no employer receives applications.",4.6,2026-10-03,2026-12-10,True,"SQL Developer Join the logistics team at Meridian Partners as a SQL Developer. Your work supports regional expansion for weekly business reviews. You will audit data consistency, design warehouse tables, and build scheduled data pipelines. Use SQL, PostgreSQL, Database Design to deliver clear, documented work. Collaborate with a team of 5 across product and operations. Success means clear stakeholder communication. This is a fictional demonstration listing; no employer receives applications. Database Design ETL PostgreSQL SQL Advanced SQL Git Python SQL Server"
SYN-0366,onsite,False,Python Developer,Northstar Systems,Chennai,Tamil Nadu,1060000,1410000,5.0,7.0,"[""Flask"", ""Git"", ""Python"", ""REST API"", ""SQL""]","[""Django"", ""Docker"", ""FastAPI"", ""Linux""]",Diploma,Finance,Full-time,"Join the finance team at Northstar Systems as a Python Developer. Your work supports subscription growth for a new product launch. You will improve service reliability, write integration tests, and maintain internal automation. Use Python, Flask, SQL to deliver clear, documented work. Collaborate with a team of 7 across design and engineering. Success means reliable weekly delivery. This is a fictional demonstration listing; no employer receives applications.",4.3,2026-09-12,2026-10-24,True,"Python Developer Join the finance team at Northstar Systems as a Python Developer. Your work supports subscription growth for a new product launch. You will improve service reliability, write integration tests, and maintain internal automation. Use Python, Flask, SQL to deliver clear, documented work. Collaborate with a team of 7 across design and engineering. Success means reliable weekly delivery. This is a fictional demonstration listing; no employer receives applications. Flask Git Python REST API SQL Django Docker FastAPI Linux"
SYN-0367,onsite,False,Junior Data Scientist,Juniper Solutions,Ahmedabad,Gujarat,620000,740000,1.0,3.0,"[""Feature Engineering"", ""Machine Learning"", ""Pandas"", ""Python"", ""SQL"", ""Statistics""]","[""A/B Testing"", ""NLP"", ""Scikit-learn""]",BSc,Manufacturing,Full-time,"Join the manufacturing team at Juniper Solutions as a Junior Data Scientist. Your work supports subscription growth for an expanding customer base. You will evaluate classification models, prototype demand forecasts, and prepare experimentation datasets. Use Python, Statistics, Machine Learning to deliver clear, documented work. Collaborate with a team of 5 across customer success and sales. Success means measurable quality improvements. This is a fictional demonstration listing; no employer receives applications.",3.2,2026-09-06,2026-12-19,True,"Junior Data Scientist Join the manufacturing team at Juniper Solutions as a Junior Data Scientist. Your work supports subscription growth for an expanding customer base. You will evaluate classification models, prototype demand forecasts, and prepare experimentation datasets. Use Python, Statistics, Machine Learning to deliver clear, documented work. Collaborate with a team of 5 across customer success and sales. Success means measurable quality improvements. This is a fictional demonstration listing; no employer receives applications. Feature Engineering Machine Learning Pandas Python SQL Statistics A/B Testing NLP Scikit-learn"
SYN-0368,onsite,False,Machine Learning Engineer,Northstar Solutions,Patna,Bihar,1610000,1960000,5.0,8.0,"[""Docker"", ""Machine Learning"", ""Model Evaluation"", ""Python"", ""Scikit-learn""]","[""AWS"", ""MLOps"", ""PyTorch"", ""TensorFlow""]",BTech,Manufacturing,Full-time,"Join the manufacturing team at Northstar Solutions as a Machine Learning Engineer. Your work supports regional expansion for a cross-functional transformation program. You will monitor model drift, build reproducible ML pipelines, and optimize inference workloads. Use Python, Machine Learning, Scikit-learn to deliver clear, documented work. Collaborate with a team of 16 across product and operations. Success means reliable weekly delivery. This is a fictional demonstration listing; no employer receives applications.",4.7,2026-09-15,2026-12-30,True,"Machine Learning Engineer Join the manufacturing team at Northstar Solutions as a Machine Learning Engineer. Your work supports regional expansion for a cross-functional transformation program. You will monitor model drift, build reproducible ML pipelines, and optimize inference workloads. Use Python, Machine Learning, Scikit-learn to deliver clear, documented work. Collaborate with a team of 16 across product and operations. Success means reliable weekly delivery. This is a fictional demonstration listing; no employer receives applications. Docker Machine Learning Model Evaluation Python Scikit-learn AWS MLOps PyTorch TensorFlow"
SYN-0369,remote,True,Software Developer,Cobalt Works,Remote,Remote,630000,880000,1.0,2.0,"[""Algorithms"", ""Git"", ""Java"", ""OOP"", ""SQL""]","[""Agile"", ""Docker"", ""Python"", ""REST API""]",BTech,Retail,Full-time,"Join the retail team at Cobalt Works as a Software Developer. Your work supports digital transformation for an expanding customer base. You will implement service features, resolve production defects, and improve automated testing. Use Java, SQL, Git to deliver clear, documented work. Collaborate with a team of 8 across customer success and sales. Success means clear stakeholder communication. This is a fictional demonstration listing; no employer receives applications.",3.9,2026-10-05,2026-11-29,True,"Software Developer Join the retail team at Cobalt Works as a Software Developer. Your work supports digital transformation for an expanding customer base. You will implement service features, resolve production defects, and improve automated testing. Use Java, SQL, Git to deliver clear, documented work. Collaborate with a team of 8 across customer success and sales. Success means clear stakeholder communication. This is a fictional demonstration listing; no employer receives applications. Algorithms Git Java OOP SQL Agile Docker Python REST API"
SYN-0370,onsite,False,Web Developer,Meridian Solutions,Kolkata,West Bengal,440000,620000,1.0,3.0,"[""Accessibility"", ""CSS"", ""Git"", ""HTML"", ""JavaScript"", ""React""]","[""Bootstrap"", ""Node.js"", ""TypeScript""]",Diploma,Healthcare,Full-time,"Join the healthcare team at Meridian Solutions as a Web Developer. Your work supports inventory accuracy for regional service teams. You will optimize page performance, integrate REST APIs, and build accessible interfaces. Use HTML, CSS, JavaScript to deliver clear, documented work. Collaborate with a team of 8 across design and engineering. Success means reliable weekly delivery. This is a fictional demonstration listing; no employer receives applications.",4.3,2026-09-02,2026-12-26,True,"Web Developer Join the healthcare team at Meridian Solutions as a Web Developer. Your work supports inventory accuracy for regional service teams. You will optimize page performance, integrate REST APIs, and build accessible interfaces. Use HTML, CSS, JavaScript to deliver clear, documented work. Collaborate with a team of 8 across design and engineering. Success means reliable weekly delivery. This is a fictional demonstration listing; no employer receives applications. Accessibility CSS Git HTML JavaScript React Bootstrap Node.js TypeScript"
SYN-0371,onsite,False,Digital Marketing Analyst,Orbit Solutions,Bangalore,Karnataka,310000,430000,1.0,4.0,"[""Digital Marketing"", ""Excel"", ""Google Analytics"", ""SEO""]","[""Campaign Analysis"", ""Google Ads"", ""Power BI"", ""SQL""]",BA,Finance,Full-time,"Join the finance team at Orbit Solutions as a Digital Marketing Analyst. Your work supports cost optimization for regional service teams. You will build attribution reports, audit acquisition channels, and recommend landing page experiments. Use Google Analytics, SEO, Excel to deliver clear, documented work. Collaborate with a team of 18 across customer success and sales. Success means clear stakeholder communication. This is a fictional demonstration listing; no employer receives applications.",3.6,2026-09-13,2026-11-04,True,"Digital Marketing Analyst Join the finance team at Orbit Solutions as a Digital Marketing Analyst. Your work supports cost optimization for regional service teams. You will build attribution reports, audit acquisition channels, and recommend landing page experiments. Use Google Analytics, SEO, Excel to deliver clear, documented work. Collaborate with a team of 18 across customer success and sales. Success means clear stakeholder communication. This is a fictional demonstration listing; no employer receives applications. Digital Marketing Excel Google Analytics SEO Campaign Analysis Google Ads Power BI SQL"
SYN-0372,onsite,False,SEO Analyst,Riverstone Systems,Hyderabad,Telangana,320000,570000,1.0,3.0,"[""Content Marketing"", ""Excel"", ""Google Analytics"", ""SEO""]","[""Copywriting"", ""HTML"", ""Market Research"", ""SEM""]",12th,Retail,Full-time,"Join the retail team at Riverstone Systems as a SEO Analyst. Your work supports quality improvement for a cross-functional transformation program. You will track organic conversions, research search demand, and improve technical SEO checks. Use SEO, Google Analytics, Content Marketing to deliver clear, documented work. Collaborate with a team of 14 across product and operations. Success means clear stakeholder communication. This is a fictional demonstration listing; no employer receives applications.",4.7,2026-09-21,2026-11-29,True,"SEO Analyst Join the retail team at Riverstone Systems as a SEO Analyst. Your work supports quality improvement for a cross-functional transformation program. You will track organic conversions, research search demand, and improve technical SEO checks. Use SEO, Google Analytics, Content Marketing to deliver clear, documented work. Collaborate with a team of 14 across product and operations. Success means clear stakeholder communication. This is a fictional demonstration listing; no employer receives applications. Content Marketing Excel Google Analytics SEO Copywriting HTML Market Research SEM"
SYN-0373,onsite,False,Customer Support Executive,Maple Works,Delhi,Delhi,450000,800000,5.0,7.0,"[""Communication"", ""CRM"", ""Customer Support"", ""Ticketing"", ""Zendesk""]","[""Chat Support"", ""Conflict Resolution"", ""Email Support""]",12th,Manufacturing,Full-time,"Join the manufacturing team at Maple Works as a Customer Support Executive. Your work supports subscription growth for a cross-functional transformation program. You will meet response time targets, identify recurring service problems, and resolve customer tickets. Use Customer Support, Communication, CRM to deliver clear, documented work. Collaborate with a team of 18 across finance and strategy. Success means measurable quality improvements. This is a fictional demonstration listing; no employer receives applications.",4.5,2026-10-05,2026-11-04,True,"Customer Support Executive Join the manufacturing team at Maple Works as a Customer Support Executive. Your work supports subscription growth for a cross-functional transformation program. You will meet response time targets, identify recurring service problems, and resolve customer tickets. Use Customer Support, Communication, CRM to deliver clear, documented work. Collaborate with a team of 18 across finance and strategy. Success means measurable quality improvements. This is a fictional demonstration listing; no employer receives applications. Communication CRM Customer Support Ticketing Zendesk Chat Support Conflict Resolution Email Support"
SYN-0374,onsite,False,Operations Analyst,Riverstone Solutions,Noida,Uttar Pradesh,310000,430000,0,2.0,"[""Excel"", ""Operations"", ""Process Improvement"", ""SQL""]","[""Forecasting"", ""Inventory Management"", ""Power BI"", ""Supply Chain""]",BA,Technology,Full-time,"Join the technology team at Riverstone Solutions as a Operations Analyst. Your work supports service efficiency for a cross-functional transformation program. You will identify process bottlenecks, analyze fulfillment delays, and plan operational capacity. Use Excel, SQL, Operations to deliver clear, documented work. Collaborate with a team of 13 across design and engineering. Success means well-tested, reusable outputs. This is a fictional demonstration listing; no employer receives applications.",3.6,2026-09-15,2026-11-27,True,"Operations Analyst Join the technology team at Riverstone Solutions as a Operations Analyst. Your work supports service efficiency for a cross-functional transformation program. You will identify process bottlenecks, analyze fulfillment delays, and plan operational capacity. Use Excel, SQL, Operations to deliver clear, documented work. Collaborate with a team of 13 across design and engineering. Success means well-tested, reusable outputs. This is a fictional demonstration listing; no employer receives applications. Excel Operations Process Improvement SQL Forecasting Inventory Management Power BI Supply Chain"
SYN-0375,onsite,False,Financial Analyst,Maple Partners,Gurugram,Haryana,450000,630000,0,3.0,"[""Accounting"", ""Excel"", ""Financial Analysis"", ""Financial Modeling""]","[""Budgeting"", ""Power BI"", ""SQL"", ""Valuation""]",BCom,Finance,Full-time,"Join the finance team at Maple Partners as a Financial Analyst. Your work supports cost optimization for a new product launch. You will analyze monthly cash flow, prepare budget variance reports, and model unit economics. Use Excel, Financial Analysis, Accounting to deliver clear, documented work. Collaborate with a team of 11 across design and engineering. Success means clear stakeholder communication. This is a fictional demonstration listing; no employer receives applications.",3.9,2026-10-01,2026-11-05,True,"Financial Analyst Join the finance team at Maple Partners as a Financial Analyst. Your work supports cost optimization for a new product launch. You will analyze monthly cash flow, prepare budget variance reports, and model unit economics. Use Excel, Financial Analysis, Accounting to deliver clear, documented work. Collaborate with a team of 11 across design and engineering. Success means clear stakeholder communication. This is a fictional demonstration listing; no employer receives applications. Accounting Excel Financial Analysis Financial Modeling Budgeting Power BI SQL Valuation"
SYN-0376,onsite,False,Cybersecurity Analyst,Nexa Solutions,Mumbai,Maharashtra,1070000,1250000,3.0,6.0,"[""Cybersecurity"", ""Linux"", ""Networking"", ""SIEM"", ""Splunk""]","[""Incident Response"", ""Python"", ""Wireshark""]",BTech,Education,Full-time,"Join the education team at Nexa Solutions as a Cybersecurity Analyst. Your work supports customer experience for a cross-functional transformation program. You will assess infrastructure vulnerabilities, triage security alerts, and investigate suspicious logs. Use Cybersecurity, Networking, Linux to deliver clear, documented work. Collaborate with a team of 15 across customer success and sales. Success means measurable quality improvements. This is a fictional demonstration listing; no employer receives applications.",3.6,2026-10-07,2026-12-21,True,"Cybersecurity Analyst Join the education team at Nexa Solutions as a Cybersecurity Analyst. Your work supports customer experience for a cross-functional transformation program. You will assess infrastructure vulnerabilities, triage security alerts, and investigate suspicious logs. Use Cybersecurity, Networking, Linux to deliver clear, documented work. Collaborate with a team of 15 across customer success and sales. Success means measurable quality improvements. This is a fictional demonstration listing; no employer receives applications. Cybersecurity Linux Networking SIEM Splunk Incident Response Python Wireshark"
SYN-0377,onsite,False,Cloud Engineer,Northstar Works,Pune,Maharashtra,240000,490000,0,2.0,"[""AWS"", ""Docker"", ""Linux"", ""Networking""]","[""Azure"", ""Kubernetes"", ""Monitoring"", ""Terraform""]",BTech,Retail,Internship,"Join the retail team at Northstar Works as a Cloud Engineer. Your work supports quality improvement for an expanding customer base. You will operate cloud infrastructure, automate infrastructure changes, and monitor system capacity. Use AWS, Linux, Networking to deliver clear, documented work. Collaborate with a team of 5 across customer success and sales. Success means reliable weekly delivery. This is a fictional demonstration listing; no employer receives applications.",3.2,2026-09-17,2026-11-09,True,"Cloud Engineer Join the retail team at Northstar Works as a Cloud Engineer. Your work supports quality improvement for an expanding customer base. You will operate cloud infrastructure, automate infrastructure changes, and monitor system capacity. Use AWS, Linux, Networking to deliver clear, documented work. Collaborate with a team of 5 across customer success and sales. Success means reliable weekly delivery. This is a fictional demonstration listing; no employer receives applications. AWS Docker Linux Networking Azure Kubernetes Monitoring Terraform"
SYN-0378,onsite,False,Graphic Designer,Aster Partners,Chennai,Tamil Nadu,510000,630000,4.0,6.0,"[""Canva"", ""Illustrator"", ""Photoshop"", ""Typography""]","[""Branding"", ""Figma"", ""InDesign"", ""Video Editing""]",Diploma,Media,Part-time,"Join the media team at Aster Partners as a Graphic Designer. Your work supports digital transformation for weekly business reviews. You will design campaign assets, maintain visual guidelines, and prepare print layouts. Use Photoshop, Illustrator, Canva to deliver clear, documented work. Collaborate with a team of 13 across finance and strategy. Success means measurable quality improvements. This is a fictional demonstration listing; no employer receives applications.",3.4,2026-09-01,2026-11-04,True,"Graphic Designer Join the media team at Aster Partners as a Graphic Designer. Your work supports digital transformation for weekly business reviews. You will design campaign assets, maintain visual guidelines, and prepare print layouts. Use Photoshop, Illustrator, Canva to deliver clear, documented work. Collaborate with a team of 13 across finance and strategy. Success means measurable quality improvements. This is a fictional demonstration listing; no employer receives applications. Canva Illustrator Photoshop Typography Branding Figma InDesign Video Editing"
SYN-0379,onsite,False,Marketing Analyst,Lumina Partners,Ahmedabad,Gujarat,350000,470000,0,3.0,"[""A/B Testing"", ""Campaign Analysis"", ""Excel"", ""Google Analytics"", ""Market Research""]","[""Communication"", ""SQL"", ""Tableau""]",BA,Manufacturing,Full-time,"Join the manufacturing team at Lumina Partners as a Marketing Analyst. Your work supports cost optimization for a cross-functional transformation program. You will present customer insights, research competitor positioning, and measure marketing efficiency. Use Excel, Market Research, Google Analytics to deliver clear, documented work. Collaborate with a team of 4 across finance and strategy. Success means well-tested, reusable outputs. This is a fictional demonstration listing; no employer receives applications.",3.9,2026-09-29,2026-11-17,True,"Marketing Analyst Join the manufacturing team at Lumina Partners as a Marketing Analyst. Your work supports cost optimization for a cross-functional transformation program. You will present customer insights, research competitor positioning, and measure marketing efficiency. Use Excel, Market Research, Google Analytics to deliver clear, documented work. Collaborate with a team of 4 across finance and strategy. Success means well-tested, reusable outputs. This is a fictional demonstration listing; no employer receives applications. A/B Testing Campaign Analysis Excel Google Analytics Market Research Communication SQL Tableau"
SYN-0380,onsite,False,HR Analyst,Bluepeak Labs,Patna,Bihar,430000,610000,2.0,4.0,"[""Communication"", ""Excel"", ""HR Analytics"", ""Reporting""]","[""HRIS"", ""Payroll"", ""Power BI"", ""SQL""]",BA,Manufacturing,Full-time,"Join the manufacturing team at Bluepeak Labs as a HR Analyst. Your work supports digital transformation for an expanding customer base. You will audit HR data quality, monitor employee retention, and analyze workforce trends. Use Excel, HR Analytics, Communication to deliver clear, documented work. Collaborate with a team of 4 across customer success and sales. Success means well-tested, reusable outputs. This is a fictional demonstration listing; no employer receives applications.",3.5,2026-09-09,2026-11-07,True,"HR Analyst Join the manufacturing team at Bluepeak Labs as a HR Analyst. Your work supports digital transformation for an expanding customer base. You will audit HR data quality, monitor employee retention, and analyze workforce trends. Use Excel, HR Analytics, Communication to deliver clear, documented work. Collaborate with a team of 4 across customer success and sales. Success means well-tested, reusable outputs. This is a fictional demonstration listing; no employer receives applications. Communication Excel HR Analytics Reporting HRIS Payroll Power BI SQL"
SYN-0381,remote,True,Business Intelligence Analyst,Maple Systems,Remote,Remote,940000,1120000,5.0,7.0,"[""Data Modeling"", ""Data Visualization"", ""Power BI"", ""SQL""]","[""DAX"", ""Excel"", ""Stakeholder Management"", ""Tableau""]",BSc,Education,Full-time,"Join the education team at Maple Systems as a Business Intelligence Analyst. Your work supports regional expansion for regional service teams. You will document reporting models, define consistent KPI metrics, and build self-service analytics. Use SQL, Power BI, Data Modeling to deliver clear, documented work. Collaborate with a team of 6 across customer success and sales. Success means well-tested, reusable outputs. This is a fictional demonstration listing; no employer receives applications.",4.0,2026-09-25,2027-01-05,True,"Business Intelligence Analyst Join the education team at Maple Systems as a Business Intelligence Analyst. Your work supports regional expansion for regional service teams. You will document reporting models, define consistent KPI metrics, and build self-service analytics. Use SQL, Power BI, Data Modeling to deliver clear, documented work. Collaborate with a team of 6 across customer success and sales. Success means well-tested, reusable outputs. This is a fictional demonstration listing; no employer receives applications. Data Modeling Data Visualization Power BI SQL DAX Excel Stakeholder Management Tableau"
SYN-0382,onsite,False,Quality Assurance Analyst,Cedar Labs,Kolkata,West Bengal,360000,540000,1.0,3.0,"[""Communication"", ""Problem Solving"", ""Python"", ""Quality Assurance"", ""SQL""]","[""Agile"", ""Jira"", ""REST API""]",Diploma,Education,Contract,"Join the education team at Cedar Labs as a Quality Assurance Analyst. Your work supports quality improvement for regional service teams. You will verify data integrity, track release readiness, and reproduce reported defects. Use Quality Assurance, SQL, Communication to deliver clear, documented work. Collaborate with a team of 16 across customer success and sales. Success means well-tested, reusable outputs. This is a fictional demonstration listing; no employer receives applications.",3.4,2026-09-09,2026-12-15,True,"Quality Assurance Analyst Join the education team at Cedar Labs as a Quality Assurance Analyst. Your work supports quality improvement for regional service teams. You will verify data integrity, track release readiness, and reproduce reported defects. Use Quality Assurance, SQL, Communication to deliver clear, documented work. Collaborate with a team of 16 across customer success and sales. Success means well-tested, reusable outputs. This is a fictional demonstration listing; no employer receives applications. Communication Problem Solving Python Quality Assurance SQL Agile Jira REST API"
SYN-0383,onsite,False,UX Researcher,Aster Systems,Bangalore,Karnataka,630000,750000,2.0,3.0,"[""Communication"", ""Figma"", ""Prototyping"", ""UX Research""]","[""A/B Testing"", ""Accessibility"", ""Presentation"", ""UI Design""]",BA,Media,Full-time,"Join the media team at Aster Systems as a UX Researcher. Your work supports regional expansion for regional service teams. You will conduct usability sessions, validate interface prototypes, and present user journey insights. Use UX Research, Figma, Communication to deliver clear, documented work. Collaborate with a team of 6 across customer success and sales. Success means well-tested, reusable outputs. This is a fictional demonstration listing; no employer receives applications.",3.3,2026-09-20,2027-01-04,True,"UX Researcher Join the media team at Aster Systems as a UX Researcher. Your work supports regional expansion for regional service teams. You will conduct usability sessions, validate interface prototypes, and present user journey insights. Use UX Research, Figma, Communication to deliver clear, documented work. Collaborate with a team of 6 across customer success and sales. Success means well-tested, reusable outputs. This is a fictional demonstration listing; no employer receives applications. Communication Figma Prototyping UX Research A/B Testing Accessibility Presentation UI Design"
SYN-0384,onsite,False,Data Engineer,Northstar Works,Hyderabad,Telangana,830000,1180000,1.0,3.0,"[""Data Modeling"", ""ETL"", ""PostgreSQL"", ""Python"", ""SQL""]","[""AWS"", ""Azure"", ""Databricks"", ""Spark""]",BTech,Retail,Full-time,"Join the retail team at Northstar Works as a Data Engineer. Your work supports digital transformation for regional service teams. You will enforce data quality contracts, build ingestion pipelines, and design analytical storage. Use Python, SQL, ETL to deliver clear, documented work. Collaborate with a team of 7 across customer success and sales. Success means well-tested, reusable outputs. This is a fictional demonstration listing; no employer receives applications.",4.1,2026-09-03,2026-11-09,True,"Data Engineer Join the retail team at Northstar Works as a Data Engineer. Your work supports digital transformation for regional service teams. You will enforce data quality contracts, build ingestion pipelines, and design analytical storage. Use Python, SQL, ETL to deliver clear, documented work. Collaborate with a team of 7 across customer success and sales. Success means well-tested, reusable outputs. This is a fictional demonstration listing; no employer receives applications. Data Modeling ETL PostgreSQL Python SQL AWS Azure Databricks Spark"
SYN-0385,onsite,False,Data Analyst,Cobalt Partners,Noida,Uttar Pradesh,730000,850000,4.0,6.0,"[""Data Cleaning"", ""Excel"", ""Power BI"", ""Python"", ""SQL"", ""Statistics"", ""Tableau""]","[""DAX"", ""ETL"", ""Pandas"", ""Presentation""]",Diploma,Media,Full-time,"Join the media team at Cobalt Partners as a Data Analyst. Your work supports cost optimization for a new product launch. You will validate transaction data, explain customer retention, and build weekly KPI dashboards. Use SQL, Excel, Python to deliver clear, documented work. Collaborate with a team of 11 across customer success and sales. Success means well-tested, reusable outputs. This is a fictional demonstration listing; no employer receives applications.",4.3,2026-09-07,2026-10-26,True,"Data Analyst Join the media team at Cobalt Partners as a Data Analyst. Your work supports cost optimization for a new product launch. You will validate transaction data, explain customer retention, and build weekly KPI dashboards. Use SQL, Excel, Python to deliver clear, documented work. Collaborate with a team of 11 across customer success and sales. Success means well-tested, reusable outputs. This is a fictional demonstration listing; no employer receives applications. Data Cleaning Excel Power BI Python SQL Statistics Tableau DAX ETL Pandas Presentation"
SYN-0386,onsite,False,Business Analyst,Nexa Labs,Gurugram,Haryana,830000,1180000,4.0,7.0,"[""Business Analysis"", ""Communication"", ""Excel"", ""Requirements Gathering"", ""SQL""]","[""Agile"", ""Jira"", ""Process Improvement"", ""Tableau""]",BA,Healthcare,Full-time,"Join the healthcare team at Nexa Labs as a Business Analyst. Your work supports customer experience for a new product launch. You will evaluate product changes, interview stakeholders, and document business requirements. Use SQL, Excel, Business Analysis to deliver clear, documented work. Collaborate with a team of 4 across finance and strategy. Success means reliable weekly delivery. This is a fictional demonstration listing; no employer receives applications.",3.8,2026-09-04,2027-01-02,True,"Business Analyst Join the healthcare team at Nexa Labs as a Business Analyst. Your work supports customer experience for a new product launch. You will evaluate product changes, interview stakeholders, and document business requirements. Use SQL, Excel, Business Analysis to deliver clear, documented work. Collaborate with a team of 4 across finance and strategy. Success means reliable weekly delivery. This is a fictional demonstration listing; no employer receives applications. Business Analysis Communication Excel Requirements Gathering SQL Agile Jira Process Improvement Tableau"
SYN-0387,onsite,False,Power BI Developer,Orbit Works,Mumbai,Maharashtra,760000,940000,2.0,3.0,"[""Data Modeling"", ""DAX"", ""Power BI"", ""Power Query"", ""SQL""]","[""Azure"", ""Dashboard Design"", ""ETL"", ""Excel""]",BTech,Logistics,Full-time,"Join the logistics team at Orbit Works as a Power BI Developer. Your work supports cost optimization for a new product launch. You will reconcile reporting metrics, optimize DAX measures, and publish operational dashboards. Use Power BI, DAX, SQL to deliver clear, documented work. Collaborate with a team of 16 across finance and strategy. Success means measurable quality improvements. This is a fictional demonstration listing; no employer receives applications.",4.9,2026-09-23,2026-11-01,True,"Power BI Developer Join the logistics team at Orbit Works as a Power BI Developer. Your work supports cost optimization for a new product launch. You will reconcile reporting metrics, optimize DAX measures, and publish operational dashboards. Use Power BI, DAX, SQL to deliver clear, documented work. Collaborate with a team of 16 across finance and strategy. Success means measurable quality improvements. This is a fictional demonstration listing; no employer receives applications. Data Modeling DAX Power BI Power Query SQL Azure Dashboard Design ETL Excel"
SYN-0388,onsite,False,MIS Executive,Northstar Works,Pune,Maharashtra,250000,600000,0,3.0,"[""Communication"", ""Data Cleaning"", ""Excel"", ""Excel VBA"", ""Reporting""]","[""Advanced Excel"", ""Power BI"", ""SQL""]",12th,Technology,Full-time,"Join the technology team at Northstar Works as a MIS Executive. Your work supports customer experience for regional service teams. You will maintain daily reports, prepare management summaries, and automate spreadsheet checks. Use Excel, Reporting, Data Cleaning to deliver clear, documented work. Collaborate with a team of 5 across product and operations. Success means measurable quality improvements. This is a fictional demonstration listing; no employer receives applications.",4.0,2026-09-09,2026-11-19,True,"MIS Executive Join the technology team at Northstar Works as a MIS Executive. Your work supports customer experience for regional service teams. You will maintain daily reports, prepare management summaries, and automate spreadsheet checks. Use Excel, Reporting, Data Cleaning to deliver clear, documented work. Collaborate with a team of 5 across product and operations. Success means measurable quality improvements. This is a fictional demonstration listing; no employer receives applications. Communication Data Cleaning Excel Excel VBA Reporting Advanced Excel Power BI SQL"
SYN-0389,onsite,False,SQL Developer,Orbit Systems,Chennai,Tamil Nadu,340000,520000,0,3.0,"[""Database Design"", ""ETL"", ""PostgreSQL"", ""SQL""]","[""Advanced SQL"", ""Git"", ""Python"", ""SQL Server""]",BCA,Education,Full-time,"Join the education team at Orbit Systems as a SQL Developer. Your work supports subscription growth for a new product launch. You will design warehouse tables, optimize database queries, and audit data consistency. Use SQL, PostgreSQL, Database Design to deliver clear, documented work. Collaborate with a team of 16 across finance and strategy. Success means measurable quality improvements. This is a fictional demonstration listing; no employer receives applications.",4.3,2026-09-14,2026-12-11,True,"SQL Developer Join the education team at Orbit Systems as a SQL Developer. Your work supports subscription growth for a new product launch. You will design warehouse tables, optimize database queries, and audit data consistency. Use SQL, PostgreSQL, Database Design to deliver clear, documented work. Collaborate with a team of 16 across finance and strategy. Success means measurable quality improvements. This is a fictional demonstration listing; no employer receives applications. Database Design ETL PostgreSQL SQL Advanced SQL Git Python SQL Server"
SYN-0390,onsite,False,Python Developer,Vantage Labs,Ahmedabad,Gujarat,520000,870000,1.0,4.0,"[""Flask"", ""Git"", ""Python"", ""REST API"", ""SQL""]","[""Django"", ""Docker"", ""FastAPI"", ""Linux""]",Diploma,Retail,Full-time,"Join the retail team at Vantage Labs as a Python Developer. Your work supports customer experience for regional service teams. You will write integration tests, build backend APIs, and improve service reliability. Use Python, Flask, SQL to deliver clear, documented work. Collaborate with a team of 7 across product and operations. Success means reliable weekly delivery. This is a fictional demonstration listing; no employer receives applications.",4.0,2026-08-28,2026-11-17,True,"Python Developer Join the retail team at Vantage Labs as a Python Developer. Your work supports customer experience for regional service teams. You will write integration tests, build backend APIs, and improve service reliability. Use Python, Flask, SQL to deliver clear, documented work. Collaborate with a team of 7 across product and operations. Success means reliable weekly delivery. This is a fictional demonstration listing; no employer receives applications. Flask Git Python REST API SQL Django Docker FastAPI Linux"
SYN-0391,onsite,False,Junior Data Scientist,Nexa Partners,Patna,Bihar,710000,1060000,1.0,2.0,"[""Feature Engineering"", ""Machine Learning"", ""Pandas"", ""Python"", ""SQL"", ""Statistics""]","[""A/B Testing"", ""NLP"", ""Scikit-learn""]",BSc,Logistics,Full-time,"Join the logistics team at Nexa Partners as a Junior Data Scientist. Your work supports inventory accuracy for a new product launch. You will prepare experimentation datasets, evaluate classification models, and prototype demand forecasts. Use Python, Statistics, Machine Learning to deliver clear, documented work. Collaborate with a team of 14 across product and operations. Success means clear stakeholder communication. This is a fictional demonstration listing; no employer receives applications.",4.2,2026-10-01,2026-12-21,True,"Junior Data Scientist Join the logistics team at Nexa Partners as a Junior Data Scientist. Your work supports inventory accuracy for a new product launch. You will prepare experimentation datasets, evaluate classification models, and prototype demand forecasts. Use Python, Statistics, Machine Learning to deliver clear, documented work. Collaborate with a team of 14 across product and operations. Success means clear stakeholder communication. This is a fictional demonstration listing; no employer receives applications. Feature Engineering Machine Learning Pandas Python SQL Statistics A/B Testing NLP Scikit-learn"
SYN-0392,remote,True,Machine Learning Engineer,Riverstone Systems,Remote,Remote,790000,970000,0,1.0,"[""Docker"", ""Machine Learning"", ""Model Evaluation"", ""Python"", ""Scikit-learn""]","[""AWS"", ""MLOps"", ""PyTorch"", ""TensorFlow""]",BTech,Healthcare,Full-time,"Join the healthcare team at Riverstone Systems as a Machine Learning Engineer. Your work supports inventory accuracy for a cross-functional transformation program. You will monitor model drift, optimize inference workloads, and serve prediction models. Use Python, Machine Learning, Scikit-learn to deliver clear, documented work. Collaborate with a team of 17 across design and engineering. Success means well-tested, reusable outputs. This is a fictional demonstration listing; no employer receives applications.",4.1,2026-09-30,2026-11-15,True,"Machine Learning Engineer Join the healthcare team at Riverstone Systems as a Machine Learning Engineer. Your work supports inventory accuracy for a cross-functional transformation program. You will monitor model drift, optimize inference workloads, and serve prediction models. Use Python, Machine Learning, Scikit-learn to deliver clear, documented work. Collaborate with a team of 17 across design and engineering. Success means well-tested, reusable outputs. This is a fictional demonstration listing; no employer receives applications. Docker Machine Learning Model Evaluation Python Scikit-learn AWS MLOps PyTorch TensorFlow"
SYN-0393,onsite,False,Software Developer,Vantage Solutions,Kolkata,West Bengal,430000,680000,0,2.0,"[""Algorithms"", ""Git"", ""Java"", ""OOP"", ""SQL""]","[""Agile"", ""Docker"", ""Python"", ""REST API""]",BTech,Logistics,Full-time,"Join the logistics team at Vantage Solutions as a Software Developer. Your work supports digital transformation for a new product launch. You will review maintainable code, resolve production defects, and implement service features. Use Java, SQL, Git to deliver clear, documented work. Collaborate with a team of 5 across customer success and sales. Success means clear stakeholder communication. This is a fictional demonstration listing; no employer receives applications.",4.2,2026-09-30,2026-11-09,True,"Software Developer Join the logistics team at Vantage Solutions as a Software Developer. Your work supports digital transformation for a new product launch. You will review maintainable code, resolve production defects, and implement service features. Use Java, SQL, Git to deliver clear, documented work. Collaborate with a team of 5 across customer success and sales. Success means clear stakeholder communication. This is a fictional demonstration listing; no employer receives applications. Algorithms Git Java OOP SQL Agile Docker Python REST API"
SYN-0394,onsite,False,Web Developer,Lumina Systems,Bangalore,Karnataka,690000,810000,3.0,5.0,"[""Accessibility"", ""CSS"", ""Git"", ""HTML"", ""JavaScript"", ""React""]","[""Bootstrap"", ""Node.js"", ""TypeScript""]",Diploma,Education,Full-time,"Join the education team at Lumina Systems as a Web Developer. Your work supports inventory accuracy for regional service teams. You will optimize page performance, integrate REST APIs, and build accessible interfaces. Use HTML, CSS, JavaScript to deliver clear, documented work. Collaborate with a team of 5 across customer success and sales. Success means well-tested, reusable outputs. This is a fictional demonstration listing; no employer receives applications.",3.9,2026-09-16,2026-11-23,True,"Web Developer Join the education team at Lumina Systems as a Web Developer. Your work supports inventory accuracy for regional service teams. You will optimize page performance, integrate REST APIs, and build accessible interfaces. Use HTML, CSS, JavaScript to deliver clear, documented work. Collaborate with a team of 5 across customer success and sales. Success means well-tested, reusable outputs. This is a fictional demonstration listing; no employer receives applications. Accessibility CSS Git HTML JavaScript React Bootstrap Node.js TypeScript"
SYN-0395,onsite,False,Digital Marketing Analyst,Cedar Systems,Hyderabad,Telangana,560000,740000,3.0,6.0,"[""Digital Marketing"", ""Excel"", ""Google Analytics"", ""SEO""]","[""Campaign Analysis"", ""Google Ads"", ""Power BI"", ""SQL""]",BA,Education,Full-time,"Join the education team at Cedar Systems as a Digital Marketing Analyst. Your work supports quality improvement for an expanding customer base. You will recommend landing page experiments, build attribution reports, and measure campaign conversion. Use Google Analytics, SEO, Excel to deliver clear, documented work. Collaborate with a team of 9 across finance and strategy. Success means clear stakeholder communication. This is a fictional demonstration listing; no employer receives applications.",3.5,2026-09-06,2026-12-20,True,"Digital Marketing Analyst Join the education team at Cedar Systems as a Digital Marketing Analyst. Your work supports quality improvement for an expanding customer base. You will recommend landing page experiments, build attribution reports, and measure campaign conversion. Use Google Analytics, SEO, Excel to deliver clear, documented work. Collaborate with a team of 9 across finance and strategy. Success means clear stakeholder communication. This is a fictional demonstration listing; no employer receives applications. Digital Marketing Excel Google Analytics SEO Campaign Analysis Google Ads Power BI SQL"
SYN-0396,onsite,False,SEO Analyst,Nimbus Solutions,Delhi,Delhi,380000,630000,1.0,4.0,"[""Content Marketing"", ""Excel"", ""Google Analytics"", ""SEO""]","[""Copywriting"", ""HTML"", ""Market Research"", ""SEM""]",12th,Media,Full-time,"Join the media team at Nimbus Solutions as a SEO Analyst. Your work supports subscription growth for a new product launch. You will track organic conversions, research search demand, and improve technical SEO checks. Use SEO, Google Analytics, Content Marketing to deliver clear, documented work. Collaborate with a team of 13 across finance and strategy. Success means clear stakeholder communication. This is a fictional demonstration listing; no employer receives applications.",4.0,2026-09-17,2026-12-18,True,"SEO Analyst Join the media team at Nimbus Solutions as a SEO Analyst. Your work supports subscription growth for a new product launch. You will track organic conversions, research search demand, and improve technical SEO checks. Use SEO, Google Analytics, Content Marketing to deliver clear, documented work. Collaborate with a team of 13 across finance and strategy. Success means clear stakeholder communication. This is a fictional demonstration listing; no employer receives applications. Content Marketing Excel Google Analytics SEO Copywriting HTML Market Research SEM"
SYN-0397,onsite,False,Customer Support Executive,Bluepeak Partners,Noida,Uttar Pradesh,290000,470000,2.0,3.0,"[""Communication"", ""CRM"", ""Customer Support"", ""Email Support"", ""Ticketing""]","[""Chat Support"", ""Conflict Resolution"", ""Zendesk""]",12th,Manufacturing,Full-time,"Join the manufacturing team at Bluepeak Partners as a Customer Support Executive. Your work supports inventory accuracy for regional service teams. You will resolve customer tickets, meet response time targets, and maintain accurate case notes. Use Customer Support, Communication, CRM to deliver clear, documented work. Collaborate with a team of 9 across finance and strategy. Success means measurable quality improvements. This is a fictional demonstration listing; no employer receives applications.",4.5,2026-09-18,2026-11-21,True,"Customer Support Executive Join the manufacturing team at Bluepeak Partners as a Customer Support Executive. Your work supports inventory accuracy for regional service teams. You will resolve customer tickets, meet response time targets, and maintain accurate case notes. Use Customer Support, Communication, CRM to deliver clear, documented work. Collaborate with a team of 9 across finance and strategy. Success means measurable quality improvements. This is a fictional demonstration listing; no employer receives applications. Communication CRM Customer Support Email Support Ticketing Chat Support Conflict Resolution Zendesk"
SYN-0398,onsite,False,Operations Analyst,Cobalt Works,Gurugram,Haryana,300000,420000,0,3.0,"[""Excel"", ""Operations"", ""Process Improvement"", ""SQL""]","[""Forecasting"", ""Inventory Management"", ""Power BI"", ""Supply Chain""]",BA,Retail,Full-time,"Join the retail team at Cobalt Works as a Operations Analyst. Your work supports subscription growth for a cross-functional transformation program. You will monitor service metrics, identify process bottlenecks, and analyze fulfillment delays. Use Excel, SQL, Operations to deliver clear, documented work. Collaborate with a team of 5 across design and engineering. Success means reliable weekly delivery. This is a fictional demonstration listing; no employer receives applications.",4.8,2026-09-10,2026-12-05,True,"Operations Analyst Join the retail team at Cobalt Works as a Operations Analyst. Your work supports subscription growth for a cross-functional transformation program. You will monitor service metrics, identify process bottlenecks, and analyze fulfillment delays. Use Excel, SQL, Operations to deliver clear, documented work. Collaborate with a team of 5 across design and engineering. Success means reliable weekly delivery. This is a fictional demonstration listing; no employer receives applications. Excel Operations Process Improvement SQL Forecasting Inventory Management Power BI Supply Chain"
SYN-0399,onsite,False,Financial Analyst,Cedar Solutions,Mumbai,Maharashtra,640000,990000,3.0,6.0,"[""Accounting"", ""Excel"", ""Financial Analysis"", ""Financial Modeling""]","[""Budgeting"", ""Power BI"", ""SQL"", ""Valuation""]",BCom,Retail,Part-time,"Join the retail team at Cedar Solutions as a Financial Analyst. Your work supports digital transformation for an expanding customer base. You will analyze monthly cash flow, prepare budget variance reports, and validate financial assumptions. Use Excel, Financial Analysis, Accounting to deliver clear, documented work. Collaborate with a team of 15 across customer success and sales. Success means measurable quality improvements. This is a fictional demonstration listing; no employer receives applications.",4.3,2026-09-22,2026-10-28,True,"Financial Analyst Join the retail team at Cedar Solutions as a Financial Analyst. Your work supports digital transformation for an expanding customer base. You will analyze monthly cash flow, prepare budget variance reports, and validate financial assumptions. Use Excel, Financial Analysis, Accounting to deliver clear, documented work. Collaborate with a team of 15 across customer success and sales. Success means measurable quality improvements. This is a fictional demonstration listing; no employer receives applications. Accounting Excel Financial Analysis Financial Modeling Budgeting Power BI SQL Valuation"
SYN-0400,onsite,False,Cybersecurity Analyst,Cobalt Works,Pune,Maharashtra,590000,940000,1.0,4.0,"[""Cybersecurity"", ""Linux"", ""Networking"", ""Python"", ""SIEM""]","[""Incident Response"", ""Splunk"", ""Wireshark""]",BTech,Education,Full-time,"Join the education team at Cobalt Works as a Cybersecurity Analyst. Your work supports cost optimization for an expanding customer base. You will document response procedures, assess infrastructure vulnerabilities, and triage security alerts. Use Cybersecurity, Networking, Linux to deliver clear, documented work. Collaborate with a team of 12 across design and engineering. Success means well-tested, reusable outputs. This is a fictional demonstration listing; no employer receives applications.",3.8,2026-09-09,2026-11-04,True,"Cybersecurity Analyst Join the education team at Cobalt Works as a Cybersecurity Analyst. Your work supports cost optimization for an expanding customer base. You will document response procedures, assess infrastructure vulnerabilities, and triage security alerts. Use Cybersecurity, Networking, Linux to deliver clear, documented work. Collaborate with a team of 12 across design and engineering. Success means well-tested, reusable outputs. This is a fictional demonstration listing; no employer receives applications. Cybersecurity Linux Networking Python SIEM Incident Response Splunk Wireshark"
SYN-0401,onsite,False,Cloud Engineer,Prism Labs,Chennai,Tamil Nadu,770000,950000,1.0,2.0,"[""AWS"", ""Docker"", ""Linux"", ""Networking""]","[""Azure"", ""Kubernetes"", ""Monitoring"", ""Terraform""]",BTech,Media,Full-time,"Join the media team at Prism Labs as a Cloud Engineer. Your work supports regional expansion for regional service teams. You will operate cloud infrastructure, improve deployment reliability, and monitor system capacity. Use AWS, Linux, Networking to deliver clear, documented work. Collaborate with a team of 4 across finance and strategy. Success means measurable quality improvements. This is a fictional demonstration listing; no employer receives applications.",4.6,2026-09-21,2026-12-21,True,"Cloud Engineer Join the media team at Prism Labs as a Cloud Engineer. Your work supports regional expansion for regional service teams. You will operate cloud infrastructure, improve deployment reliability, and monitor system capacity. Use AWS, Linux, Networking to deliver clear, documented work. Collaborate with a team of 4 across finance and strategy. Success means measurable quality improvements. This is a fictional demonstration listing; no employer receives applications. AWS Docker Linux Networking Azure Kubernetes Monitoring Terraform"
SYN-0402,onsite,False,Graphic Designer,Prism Labs,Ahmedabad,Gujarat,250000,430000,0,2.0,"[""Canva"", ""Illustrator"", ""Photoshop"", ""Typography""]","[""Branding"", ""Figma"", ""InDesign"", ""Video Editing""]",Diploma,Retail,Full-time,"Join the retail team at Prism Labs as a Graphic Designer. Your work supports regional expansion for weekly business reviews. You will design campaign assets, prepare print layouts, and maintain visual guidelines. Use Photoshop, Illustrator, Canva to deliver clear, documented work. Collaborate with a team of 13 across finance and strategy. Success means reliable weekly delivery. This is a fictional demonstration listing; no employer receives applications.",3.5,2026-09-07,2026-10-29,True,"Graphic Designer Join the retail team at Prism Labs as a Graphic Designer. Your work supports regional expansion for weekly business reviews. You will design campaign assets, prepare print layouts, and maintain visual guidelines. Use Photoshop, Illustrator, Canva to deliver clear, documented work. Collaborate with a team of 13 across finance and strategy. Success means reliable weekly delivery. This is a fictional demonstration listing; no employer receives applications. Canva Illustrator Photoshop Typography Branding Figma InDesign Video Editing"
SYN-0403,onsite,False,Marketing Analyst,Meridian Works,Patna,Bihar,590000,840000,2.0,3.0,"[""Campaign Analysis"", ""Excel"", ""Google Analytics"", ""Market Research"", ""SQL""]","[""A/B Testing"", ""Communication"", ""Tableau""]",BA,Manufacturing,Full-time,"Join the manufacturing team at Meridian Works as a Marketing Analyst. Your work supports cost optimization for an expanding customer base. You will segment customer audiences, present customer insights, and research competitor positioning. Use Excel, Market Research, Google Analytics to deliver clear, documented work. Collaborate with a team of 15 across finance and strategy. Success means measurable quality improvements. This is a fictional demonstration listing; no employer receives applications.",4.0,2026-09-06,2026-11-22,True,"Marketing Analyst Join the manufacturing team at Meridian Works as a Marketing Analyst. Your work supports cost optimization for an expanding customer base. You will segment customer audiences, present customer insights, and research competitor positioning. Use Excel, Market Research, Google Analytics to deliver clear, documented work. Collaborate with a team of 15 across finance and strategy. Success means measurable quality improvements. This is a fictional demonstration listing; no employer receives applications. Campaign Analysis Excel Google Analytics Market Research SQL A/B Testing Communication Tableau"
SYN-0404,remote,True,HR Analyst,Vantage Systems,Remote,Remote,340000,590000,1.0,2.0,"[""Communication"", ""Excel"", ""HR Analytics"", ""Reporting""]","[""HRIS"", ""Payroll"", ""Power BI"", ""SQL""]",BA,Education,Contract,"Join the education team at Vantage Systems as a HR Analyst. Your work supports inventory accuracy for an expanding customer base. You will monitor employee retention, analyze workforce trends, and audit HR data quality. Use Excel, HR Analytics, Communication to deliver clear, documented work. Collaborate with a team of 8 across customer success and sales. Success means well-tested, reusable outputs. This is a fictional demonstration listing; no employer receives applications.",3.5,2026-09-06,2026-10-29,True,"HR Analyst Join the education team at Vantage Systems as a HR Analyst. Your work supports inventory accuracy for an expanding customer base. You will monitor employee retention, analyze workforce trends, and audit HR data quality. Use Excel, HR Analytics, Communication to deliver clear, documented work. Collaborate with a team of 8 across customer success and sales. Success means well-tested, reusable outputs. This is a fictional demonstration listing; no employer receives applications. Communication Excel HR Analytics Reporting HRIS Payroll Power BI SQL"
SYN-0405,onsite,False,Business Intelligence Analyst,Riverstone Labs,Kolkata,West Bengal,460000,710000,0,1.0,"[""Data Modeling"", ""Data Visualization"", ""Power BI"", ""SQL""]","[""DAX"", ""Excel"", ""Stakeholder Management"", ""Tableau""]",BSc,Logistics,Full-time,"Join the logistics team at Riverstone Labs as a Business Intelligence Analyst. Your work supports customer experience for a cross-functional transformation program. You will document reporting models, build self-service analytics, and define consistent KPI metrics. Use SQL, Power BI, Data Modeling to deliver clear, documented work. Collaborate with a team of 13 across customer success and sales. Success means reliable weekly delivery. This is a fictional demonstration listing; no employer receives applications.",4.4,2026-10-04,2027-01-02,True,"Business Intelligence Analyst Join the logistics team at Riverstone Labs as a Business Intelligence Analyst. Your work supports customer experience for a cross-functional transformation program. You will document reporting models, build self-service analytics, and define consistent KPI metrics. Use SQL, Power BI, Data Modeling to deliver clear, documented work. Collaborate with a team of 13 across customer success and sales. Success means reliable weekly delivery. This is a fictional demonstration listing; no employer receives applications. Data Modeling Data Visualization Power BI SQL DAX Excel Stakeholder Management Tableau"
SYN-0406,onsite,False,Quality Assurance Analyst,Riverstone Works,Bangalore,Karnataka,410000,530000,1.0,4.0,"[""Communication"", ""Jira"", ""Problem Solving"", ""Quality Assurance"", ""SQL""]","[""Agile"", ""Python"", ""REST API""]",Diploma,Retail,Full-time,"Join the retail team at Riverstone Works as a Quality Assurance Analyst. Your work supports subscription growth for weekly business reviews. You will reproduce reported defects, track release readiness, and verify data integrity. Use Quality Assurance, SQL, Communication to deliver clear, documented work. Collaborate with a team of 12 across design and engineering. Success means measurable quality improvements. This is a fictional demonstration listing; no employer receives applications.",3.8,2026-09-06,2026-12-23,True,"Quality Assurance Analyst Join the retail team at Riverstone Works as a Quality Assurance Analyst. Your work supports subscription growth for weekly business reviews. You will reproduce reported defects, track release readiness, and verify data integrity. Use Quality Assurance, SQL, Communication to deliver clear, documented work. Collaborate with a team of 12 across design and engineering. Success means measurable quality improvements. This is a fictional demonstration listing; no employer receives applications. Communication Jira Problem Solving Quality Assurance SQL Agile Python REST API"
SYN-0407,onsite,False,UX Researcher,Nexa Labs,Hyderabad,Telangana,370000,620000,0,2.0,"[""Communication"", ""Figma"", ""Prototyping"", ""UX Research""]","[""A/B Testing"", ""Accessibility"", ""Presentation"", ""UI Design""]",BA,Manufacturing,Full-time,"Join the manufacturing team at Nexa Labs as a UX Researcher. Your work supports quality improvement for a new product launch. You will synthesize research findings, present user journey insights, and conduct usability sessions. Use UX Research, Figma, Communication to deliver clear, documented work. Collaborate with a team of 8 across finance and strategy. Success means well-tested, reusable outputs. This is a fictional demonstration listing; no employer receives applications.",4.4,2026-09-24,2026-10-30,True,"UX Researcher Join the manufacturing team at Nexa Labs as a UX Researcher. Your work supports quality improvement for a new product launch. You will synthesize research findings, present user journey insights, and conduct usability sessions. Use UX Research, Figma, Communication to deliver clear, documented work. Collaborate with a team of 8 across finance and strategy. Success means well-tested, reusable outputs. This is a fictional demonstration listing; no employer receives applications. Communication Figma Prototyping UX Research A/B Testing Accessibility Presentation UI Design"
SYN-0408,onsite,False,Data Engineer,Bluepeak Labs,Delhi,Delhi,120000,370000,0,2.0,"[""Data Modeling"", ""ETL"", ""PostgreSQL"", ""Python"", ""SQL""]","[""AWS"", ""Azure"", ""Databricks"", ""Spark""]",BTech,Manufacturing,Internship,"Join the manufacturing team at Bluepeak Labs as a Data Engineer. Your work supports cost optimization for a cross-functional transformation program. You will design analytical storage, monitor dataset freshness, and enforce data quality contracts. Use Python, SQL, ETL to deliver clear, documented work. Collaborate with a team of 6 across finance and strategy. Success means well-tested, reusable outputs. This is a fictional demonstration listing; no employer receives applications.",4.9,2026-09-19,2026-11-12,True,"Data Engineer Join the manufacturing team at Bluepeak Labs as a Data Engineer. Your work supports cost optimization for a cross-functional transformation program. You will design analytical storage, monitor dataset freshness, and enforce data quality contracts. Use Python, SQL, ETL to deliver clear, documented work. Collaborate with a team of 6 across finance and strategy. Success means well-tested, reusable outputs. This is a fictional demonstration listing; no employer receives applications. Data Modeling ETL PostgreSQL Python SQL AWS Azure Databricks Spark"
SYN-0409,onsite,False,Data Analyst,Cobalt Works,Gurugram,Haryana,490000,740000,1.0,2.0,"[""Data Cleaning"", ""Excel"", ""Power BI"", ""Python"", ""SQL"", ""Statistics"", ""Tableau""]","[""DAX"", ""ETL"", ""Pandas"", ""Presentation""]",Diploma,Education,Full-time,"Join the education team at Cobalt Works as a Data Analyst. Your work supports regional expansion for a new product launch. You will explain customer retention, build weekly KPI dashboards, and analyze sales funnels. Use SQL, Excel, Python to deliver clear, documented work. Collaborate with a team of 12 across finance and strategy. Success means well-tested, reusable outputs. This is a fictional demonstration listing; no employer receives applications.",4.2,2026-09-19,2026-12-12,True,"Data Analyst Join the education team at Cobalt Works as a Data Analyst. Your work supports regional expansion for a new product launch. You will explain customer retention, build weekly KPI dashboards, and analyze sales funnels. Use SQL, Excel, Python to deliver clear, documented work. Collaborate with a team of 12 across finance and strategy. Success means well-tested, reusable outputs. This is a fictional demonstration listing; no employer receives applications. Data Cleaning Excel Power BI Python SQL Statistics Tableau DAX ETL Pandas Presentation"
SYN-0410,onsite,False,Business Analyst,Nexa Partners,Mumbai,Maharashtra,410000,590000,0,1.0,"[""Business Analysis"", ""Communication"", ""Excel"", ""Requirements Gathering"", ""SQL""]","[""Agile"", ""Jira"", ""Process Improvement"", ""Tableau""]",BA,Education,Full-time,"Join the education team at Nexa Partners as a Business Analyst. Your work supports digital transformation for an expanding customer base. You will document business requirements, evaluate product changes, and map operational workflows. Use SQL, Excel, Business Analysis to deliver clear, documented work. Collaborate with a team of 13 across finance and strategy. Success means reliable weekly delivery. This is a fictional demonstration listing; no employer receives applications.",4.5,2026-09-29,2026-12-20,True,"Business Analyst Join the education team at Nexa Partners as a Business Analyst. Your work supports digital transformation for an expanding customer base. You will document business requirements, evaluate product changes, and map operational workflows. Use SQL, Excel, Business Analysis to deliver clear, documented work. Collaborate with a team of 13 across finance and strategy. Success means reliable weekly delivery. This is a fictional demonstration listing; no employer receives applications. Business Analysis Communication Excel Requirements Gathering SQL Agile Jira Process Improvement Tableau"
SYN-0411,onsite,False,Power BI Developer,Aster Partners,Pune,Maharashtra,510000,690000,0,1.0,"[""Data Modeling"", ""DAX"", ""Power BI"", ""Power Query"", ""SQL""]","[""Azure"", ""Dashboard Design"", ""ETL"", ""Excel""]",BTech,Media,Full-time,"Join the media team at Aster Partners as a Power BI Developer. Your work supports quality improvement for regional service teams. You will design dimensional models, publish operational dashboards, and optimize DAX measures. Use Power BI, DAX, SQL to deliver clear, documented work. Collaborate with a team of 15 across design and engineering. Success means reliable weekly delivery. This is a fictional demonstration listing; no employer receives applications.",4.1,2026-10-03,2026-10-23,True,"Power BI Developer Join the media team at Aster Partners as a Power BI Developer. Your work supports quality improvement for regional service teams. You will design dimensional models, publish operational dashboards, and optimize DAX measures. Use Power BI, DAX, SQL to deliver clear, documented work. Collaborate with a team of 15 across design and engineering. Success means reliable weekly delivery. This is a fictional demonstration listing; no employer receives applications. Data Modeling DAX Power BI Power Query SQL Azure Dashboard Design ETL Excel"
SYN-0412,onsite,False,MIS Executive,Aster Labs,Chennai,Tamil Nadu,350000,530000,2.0,5.0,"[""Advanced Excel"", ""Communication"", ""Data Cleaning"", ""Excel"", ""Reporting""]","[""Excel VBA"", ""Power BI"", ""SQL""]",12th,Retail,Full-time,"Join the retail team at Aster Labs as a MIS Executive. Your work supports inventory accuracy for an expanding customer base. You will prepare management summaries, reconcile inventory records, and automate spreadsheet checks. Use Excel, Reporting, Data Cleaning to deliver clear, documented work. Collaborate with a team of 6 across finance and strategy. Success means clear stakeholder communication. This is a fictional demonstration listing; no employer receives applications.",3.3,2026-09-18,2026-12-23,True,"MIS Executive Join the retail team at Aster Labs as a MIS Executive. Your work supports inventory accuracy for an expanding customer base. You will prepare management summaries, reconcile inventory records, and automate spreadsheet checks. Use Excel, Reporting, Data Cleaning to deliver clear, documented work. Collaborate with a team of 6 across finance and strategy. Success means clear stakeholder communication. This is a fictional demonstration listing; no employer receives applications. Advanced Excel Communication Data Cleaning Excel Reporting Excel VBA Power BI SQL"
SYN-0413,onsite,False,SQL Developer,Prism Works,Ahmedabad,Gujarat,350000,470000,0,3.0,"[""Database Design"", ""ETL"", ""PostgreSQL"", ""SQL""]","[""Advanced SQL"", ""Git"", ""Python"", ""SQL Server""]",BCA,Logistics,Part-time,"Join the logistics team at Prism Works as a SQL Developer. Your work supports subscription growth for an expanding customer base. You will design warehouse tables, audit data consistency, and optimize database queries. Use SQL, PostgreSQL, Database Design to deliver clear, documented work. Collaborate with a team of 10 across finance and strategy. Success means well-tested, reusable outputs. This is a fictional demonstration listing; no employer receives applications.",4.5,2026-08-31,2026-11-04,True,"SQL Developer Join the logistics team at Prism Works as a SQL Developer. Your work supports subscription growth for an expanding customer base. You will design warehouse tables, audit data consistency, and optimize database queries. Use SQL, PostgreSQL, Database Design to deliver clear, documented work. Collaborate with a team of 10 across finance and strategy. Success means well-tested, reusable outputs. This is a fictional demonstration listing; no employer receives applications. Database Design ETL PostgreSQL SQL Advanced SQL Git Python SQL Server"
SYN-0414,onsite,False,Python Developer,Aster Labs,Patna,Bihar,750000,1100000,3.0,5.0,"[""Flask"", ""Git"", ""Python"", ""REST API"", ""SQL""]","[""Django"", ""Docker"", ""FastAPI"", ""Linux""]",Diploma,Manufacturing,Full-time,"Join the manufacturing team at Aster Labs as a Python Developer. Your work supports quality improvement for a cross-functional transformation program. You will build backend APIs, improve service reliability, and write integration tests. Use Python, Flask, SQL to deliver clear, documented work. Collaborate with a team of 11 across design and engineering. Success means measurable quality improvements. This is a fictional demonstration listing; no employer receives applications.",4.7,2026-09-01,2026-11-21,True,"Python Developer Join the manufacturing team at Aster Labs as a Python Developer. Your work supports quality improvement for a cross-functional transformation program. You will build backend APIs, improve service reliability, and write integration tests. Use Python, Flask, SQL to deliver clear, documented work. Collaborate with a team of 11 across design and engineering. Success means measurable quality improvements. This is a fictional demonstration listing; no employer receives applications. Flask Git Python REST API SQL Django Docker FastAPI Linux"
SYN-0415,remote,True,Junior Data Scientist,Orbit Solutions,Remote,Remote,710000,960000,1.0,4.0,"[""Machine Learning"", ""Pandas"", ""Python"", ""Scikit-learn"", ""SQL"", ""Statistics""]","[""A/B Testing"", ""Feature Engineering"", ""NLP""]",BSc,Healthcare,Full-time,"Join the healthcare team at Orbit Solutions as a Junior Data Scientist. Your work supports customer experience for weekly business reviews. You will evaluate classification models, prepare experimentation datasets, and prototype demand forecasts. Use Python, Statistics, Machine Learning to deliver clear, documented work. Collaborate with a team of 11 across design and engineering. Success means measurable quality improvements. This is a fictional demonstration listing; no employer receives applications.",3.7,2026-10-05,2026-11-05,True,"Junior Data Scientist Join the healthcare team at Orbit Solutions as a Junior Data Scientist. Your work supports customer experience for weekly business reviews. You will evaluate classification models, prepare experimentation datasets, and prototype demand forecasts. Use Python, Statistics, Machine Learning to deliver clear, documented work. Collaborate with a team of 11 across design and engineering. Success means measurable quality improvements. This is a fictional demonstration listing; no employer receives applications. Machine Learning Pandas Python Scikit-learn SQL Statistics A/B Testing Feature Engineering NLP"
SYN-0416,onsite,False,Machine Learning Engineer,Cedar Solutions,Kolkata,West Bengal,700000,820000,0,1.0,"[""Docker"", ""Machine Learning"", ""Model Evaluation"", ""Python"", ""Scikit-learn""]","[""AWS"", ""MLOps"", ""PyTorch"", ""TensorFlow""]",BTech,Education,Full-time,"Join the education team at Cedar Solutions as a Machine Learning Engineer. Your work supports quality improvement for weekly business reviews. You will optimize inference workloads, build reproducible ML pipelines, and monitor model drift. Use Python, Machine Learning, Scikit-learn to deliver clear, documented work. Collaborate with a team of 18 across customer success and sales. Success means reliable weekly delivery. This is a fictional demonstration listing; no employer receives applications.",4.0,2026-10-02,2027-01-03,True,"Machine Learning Engineer Join the education team at Cedar Solutions as a Machine Learning Engineer. Your work supports quality improvement for weekly business reviews. You will optimize inference workloads, build reproducible ML pipelines, and monitor model drift. Use Python, Machine Learning, Scikit-learn to deliver clear, documented work. Collaborate with a team of 18 across customer success and sales. Success means reliable weekly delivery. This is a fictional demonstration listing; no employer receives applications. Docker Machine Learning Model Evaluation Python Scikit-learn AWS MLOps PyTorch TensorFlow"
SYN-0417,onsite,False,Software Developer,Cobalt Works,Bangalore,Karnataka,430000,610000,0,3.0,"[""Algorithms"", ""Git"", ""Java"", ""OOP"", ""SQL""]","[""Agile"", ""Docker"", ""Python"", ""REST API""]",BTech,Technology,Full-time,"Join the technology team at Cobalt Works as a Software Developer. Your work supports subscription growth for weekly business reviews. You will improve automated testing, review maintainable code, and implement service features. Use Java, SQL, Git to deliver clear, documented work. Collaborate with a team of 5 across product and operations. Success means clear stakeholder communication. This is a fictional demonstration listing; no employer receives applications.",3.6,2026-09-23,2026-12-01,True,"Software Developer Join the technology team at Cobalt Works as a Software Developer. Your work supports subscription growth for weekly business reviews. You will improve automated testing, review maintainable code, and implement service features. Use Java, SQL, Git to deliver clear, documented work. Collaborate with a team of 5 across product and operations. Success means clear stakeholder communication. This is a fictional demonstration listing; no employer receives applications. Algorithms Git Java OOP SQL Agile Docker Python REST API"
SYN-0418,onsite,False,Web Developer,Evergreen Partners,Hyderabad,Telangana,800000,980000,4.0,5.0,"[""Accessibility"", ""CSS"", ""Git"", ""HTML"", ""JavaScript"", ""React""]","[""Bootstrap"", ""Node.js"", ""TypeScript""]",Diploma,Education,Contract,"Join the education team at Evergreen Partners as a Web Developer. Your work supports inventory accuracy for an expanding customer base. You will optimize page performance, create reusable UI components, and integrate REST APIs. Use HTML, CSS, JavaScript to deliver clear, documented work. Collaborate with a team of 17 across design and engineering. Success means clear stakeholder communication. This is a fictional demonstration listing; no employer receives applications.",4.0,2026-09-08,2026-10-24,True,"Web Developer Join the education team at Evergreen Partners as a Web Developer. Your work supports inventory accuracy for an expanding customer base. You will optimize page performance, create reusable UI components, and integrate REST APIs. Use HTML, CSS, JavaScript to deliver clear, documented work. Collaborate with a team of 17 across design and engineering. Success means clear stakeholder communication. This is a fictional demonstration listing; no employer receives applications. Accessibility CSS Git HTML JavaScript React Bootstrap Node.js TypeScript"
SYN-0419,onsite,False,Digital Marketing Analyst,Riverstone Labs,Delhi,Delhi,340000,520000,0,3.0,"[""Digital Marketing"", ""Excel"", ""Google Analytics"", ""SEO""]","[""Campaign Analysis"", ""Google Ads"", ""Power BI"", ""SQL""]",BA,Manufacturing,Full-time,"Join the manufacturing team at Riverstone Labs as a Digital Marketing Analyst. Your work supports inventory accuracy for weekly business reviews. You will build attribution reports, measure campaign conversion, and audit acquisition channels. Use Google Analytics, SEO, Excel to deliver clear, documented work. Collaborate with a team of 9 across design and engineering. Success means reliable weekly delivery. This is a fictional demonstration listing; no employer receives applications.",3.5,2026-09-27,2026-11-23,True,"Digital Marketing Analyst Join the manufacturing team at Riverstone Labs as a Digital Marketing Analyst. Your work supports inventory accuracy for weekly business reviews. You will build attribution reports, measure campaign conversion, and audit acquisition channels. Use Google Analytics, SEO, Excel to deliver clear, documented work. Collaborate with a team of 9 across design and engineering. Success means reliable weekly delivery. This is a fictional demonstration listing; no employer receives applications. Digital Marketing Excel Google Analytics SEO Campaign Analysis Google Ads Power BI SQL"
SYN-0420,onsite,False,SEO Analyst,Cobalt Systems,Noida,Uttar Pradesh,370000,620000,1.0,4.0,"[""Content Marketing"", ""Excel"", ""Google Analytics"", ""SEO""]","[""Copywriting"", ""HTML"", ""Market Research"", ""SEM""]",12th,Retail,Full-time,"Join the retail team at Cobalt Systems as a SEO Analyst. Your work supports service efficiency for an expanding customer base. You will improve technical SEO checks, audit site content, and research search demand. Use SEO, Google Analytics, Content Marketing to deliver clear, documented work. Collaborate with a team of 18 across product and operations. Success means clear stakeholder communication. This is a fictional demonstration listing; no employer receives applications.",4.5,2026-09-13,2026-12-04,True,"SEO Analyst Join the retail team at Cobalt Systems as a SEO Analyst. Your work supports service efficiency for an expanding customer base. You will improve technical SEO checks, audit site content, and research search demand. Use SEO, Google Analytics, Content Marketing to deliver clear, documented work. Collaborate with a team of 18 across product and operations. Success means clear stakeholder communication. This is a fictional demonstration listing; no employer receives applications. Content Marketing Excel Google Analytics SEO Copywriting HTML Market Research SEM"
SYN-0421,onsite,False,Customer Support Executive,Prism Systems,Gurugram,Haryana,240000,590000,0,2.0,"[""Chat Support"", ""Communication"", ""CRM"", ""Customer Support"", ""Ticketing""]","[""Conflict Resolution"", ""Email Support"", ""Zendesk""]",12th,Media,Internship,"Join the media team at Prism Systems as a Customer Support Executive. Your work supports service efficiency for a cross-functional transformation program. You will resolve customer tickets, maintain accurate case notes, and identify recurring service problems. Use Customer Support, Communication, CRM to deliver clear, documented work. Collaborate with a team of 14 across product and operations. Success means reliable weekly delivery. This is a fictional demonstration listing; no employer receives applications.",4.1,2026-09-24,2026-10-26,True,"Customer Support Executive Join the media team at Prism Systems as a Customer Support Executive. Your work supports service efficiency for a cross-functional transformation program. You will resolve customer tickets, maintain accurate case notes, and identify recurring service problems. Use Customer Support, Communication, CRM to deliver clear, documented work. Collaborate with a team of 14 across product and operations. Success means reliable weekly delivery. This is a fictional demonstration listing; no employer receives applications. Chat Support Communication CRM Customer Support Ticketing Conflict Resolution Email Support Zendesk"
SYN-0422,onsite,False,Operations Analyst,Nexa Works,Mumbai,Maharashtra,540000,790000,3.0,4.0,"[""Excel"", ""Operations"", ""Process Improvement"", ""SQL""]","[""Forecasting"", ""Inventory Management"", ""Power BI"", ""Supply Chain""]",BA,Logistics,Full-time,"Join the logistics team at Nexa Works as a Operations Analyst. Your work supports quality improvement for regional service teams. You will plan operational capacity, analyze fulfillment delays, and monitor service metrics. Use Excel, SQL, Operations to deliver clear, documented work. Collaborate with a team of 14 across product and operations. Success means well-tested, reusable outputs. This is a fictional demonstration listing; no employer receives applications.",3.6,2026-09-10,2026-11-02,True,"Operations Analyst Join the logistics team at Nexa Works as a Operations Analyst. Your work supports quality improvement for regional service teams. You will plan operational capacity, analyze fulfillment delays, and monitor service metrics. Use Excel, SQL, Operations to deliver clear, documented work. Collaborate with a team of 14 across product and operations. Success means well-tested, reusable outputs. This is a fictional demonstration listing; no employer receives applications. Excel Operations Process Improvement SQL Forecasting Inventory Management Power BI Supply Chain"
SYN-0423,onsite,False,Financial Analyst,Meridian Labs,Pune,Maharashtra,850000,1030000,3.0,4.0,"[""Accounting"", ""Excel"", ""Financial Analysis"", ""Financial Modeling""]","[""Budgeting"", ""Power BI"", ""SQL"", ""Valuation""]",BCom,Media,Part-time,"Join the media team at Meridian Labs as a Financial Analyst. Your work supports digital transformation for a new product launch. You will model unit economics, prepare budget variance reports, and analyze monthly cash flow. Use Excel, Financial Analysis, Accounting to deliver clear, documented work. Collaborate with a team of 13 across finance and strategy. Success means well-tested, reusable outputs. This is a fictional demonstration listing; no employer receives applications.",3.6,2026-09-02,2026-11-15,True,"Financial Analyst Join the media team at Meridian Labs as a Financial Analyst. Your work supports digital transformation for a new product launch. You will model unit economics, prepare budget variance reports, and analyze monthly cash flow. Use Excel, Financial Analysis, Accounting to deliver clear, documented work. Collaborate with a team of 13 across finance and strategy. Success means well-tested, reusable outputs. This is a fictional demonstration listing; no employer receives applications. Accounting Excel Financial Analysis Financial Modeling Budgeting Power BI SQL Valuation"
SYN-0424,onsite,False,Cybersecurity Analyst,Juniper Labs,Chennai,Tamil Nadu,490000,840000,0,2.0,"[""Cybersecurity"", ""Linux"", ""Networking"", ""Python"", ""SIEM""]","[""Incident Response"", ""Splunk"", ""Wireshark""]",BTech,Logistics,Full-time,"Join the logistics team at Juniper Labs as a Cybersecurity Analyst. Your work supports inventory accuracy for a cross-functional transformation program. You will triage security alerts, document response procedures, and assess infrastructure vulnerabilities. Use Cybersecurity, Networking, Linux to deliver clear, documented work. Collaborate with a team of 8 across design and engineering. Success means measurable quality improvements. This is a fictional demonstration listing; no employer receives applications.",3.3,2026-09-10,2026-11-07,True,"Cybersecurity Analyst Join the logistics team at Juniper Labs as a Cybersecurity Analyst. Your work supports inventory accuracy for a cross-functional transformation program. You will triage security alerts, document response procedures, and assess infrastructure vulnerabilities. Use Cybersecurity, Networking, Linux to deliver clear, documented work. Collaborate with a team of 8 across design and engineering. Success means measurable quality improvements. This is a fictional demonstration listing; no employer receives applications. Cybersecurity Linux Networking Python SIEM Incident Response Splunk Wireshark"
SYN-0425,onsite,False,Cloud Engineer,Bluepeak Labs,Ahmedabad,Gujarat,1650000,1830000,5.0,7.0,"[""AWS"", ""Docker"", ""Linux"", ""Networking""]","[""Azure"", ""Kubernetes"", ""Monitoring"", ""Terraform""]",BTech,Technology,Full-time,"Join the technology team at Bluepeak Labs as a Cloud Engineer. Your work supports digital transformation for weekly business reviews. You will automate infrastructure changes, improve deployment reliability, and monitor system capacity. Use AWS, Linux, Networking to deliver clear, documented work. Collaborate with a team of 4 across finance and strategy. Success means clear stakeholder communication. This is a fictional demonstration listing; no employer receives applications.",3.9,2026-09-03,2026-10-31,True,"Cloud Engineer Join the technology team at Bluepeak Labs as a Cloud Engineer. Your work supports digital transformation for weekly business reviews. You will automate infrastructure changes, improve deployment reliability, and monitor system capacity. Use AWS, Linux, Networking to deliver clear, documented work. Collaborate with a team of 4 across finance and strategy. Success means clear stakeholder communication. This is a fictional demonstration listing; no employer receives applications. AWS Docker Linux Networking Azure Kubernetes Monitoring Terraform"
SYN-0426,onsite,False,Graphic Designer,Lumina Solutions,Patna,Bihar,210000,390000,0,1.0,"[""Canva"", ""Illustrator"", ""Photoshop"", ""Typography""]","[""Branding"", ""Figma"", ""InDesign"", ""Video Editing""]",Diploma,Retail,Full-time,"Join the retail team at Lumina Solutions as a Graphic Designer. Your work supports service efficiency for regional service teams. You will adapt creative for digital channels, design campaign assets, and prepare print layouts. Use Photoshop, Illustrator, Canva to deliver clear, documented work. Collaborate with a team of 6 across design and engineering. Success means reliable weekly delivery. This is a fictional demonstration listing; no employer receives applications.",3.3,2026-10-07,2026-12-26,True,"Graphic Designer Join the retail team at Lumina Solutions as a Graphic Designer. Your work supports service efficiency for regional service teams. You will adapt creative for digital channels, design campaign assets, and prepare print layouts. Use Photoshop, Illustrator, Canva to deliver clear, documented work. Collaborate with a team of 6 across design and engineering. Success means reliable weekly delivery. This is a fictional demonstration listing; no employer receives applications. Canva Illustrator Photoshop Typography Branding Figma InDesign Video Editing"
SYN-0427,remote,True,Marketing Analyst,Northstar Works,Remote,Remote,740000,990000,5.0,6.0,"[""Campaign Analysis"", ""Excel"", ""Google Analytics"", ""Market Research"", ""Tableau""]","[""A/B Testing"", ""Communication"", ""SQL""]",BA,Logistics,Full-time,"Join the logistics team at Northstar Works as a Marketing Analyst. Your work supports inventory accuracy for regional service teams. You will research competitor positioning, present customer insights, and segment customer audiences. Use Excel, Market Research, Google Analytics to deliver clear, documented work. Collaborate with a team of 7 across product and operations. Success means clear stakeholder communication. This is a fictional demonstration listing; no employer receives applications.",3.4,2026-09-20,2026-11-14,True,"Marketing Analyst Join the logistics team at Northstar Works as a Marketing Analyst. Your work supports inventory accuracy for regional service teams. You will research competitor positioning, present customer insights, and segment customer audiences. Use Excel, Market Research, Google Analytics to deliver clear, documented work. Collaborate with a team of 7 across product and operations. Success means clear stakeholder communication. This is a fictional demonstration listing; no employer receives applications. Campaign Analysis Excel Google Analytics Market Research Tableau A/B Testing Communication SQL"
SYN-0428,onsite,False,HR Analyst,Bluepeak Solutions,Kolkata,West Bengal,480000,730000,2.0,5.0,"[""Communication"", ""Excel"", ""HR Analytics"", ""Reporting""]","[""HRIS"", ""Payroll"", ""Power BI"", ""SQL""]",BA,Manufacturing,Full-time,"Join the manufacturing team at Bluepeak Solutions as a HR Analyst. Your work supports cost optimization for an expanding customer base. You will monitor employee retention, audit HR data quality, and report recruitment efficiency. Use Excel, HR Analytics, Communication to deliver clear, documented work. Collaborate with a team of 5 across finance and strategy. Success means well-tested, reusable outputs. This is a fictional demonstration listing; no employer receives applications.",4.2,2026-09-02,2026-10-24,True,"HR Analyst Join the manufacturing team at Bluepeak Solutions as a HR Analyst. Your work supports cost optimization for an expanding customer base. You will monitor employee retention, audit HR data quality, and report recruitment efficiency. Use Excel, HR Analytics, Communication to deliver clear, documented work. Collaborate with a team of 5 across finance and strategy. Success means well-tested, reusable outputs. This is a fictional demonstration listing; no employer receives applications. Communication Excel HR Analytics Reporting HRIS Payroll Power BI SQL"
SYN-0429,onsite,False,Business Intelligence Analyst,Bluepeak Labs,Bangalore,Karnataka,1000000,1350000,5.0,6.0,"[""Data Modeling"", ""Data Visualization"", ""Power BI"", ""SQL""]","[""DAX"", ""Excel"", ""Stakeholder Management"", ""Tableau""]",BSc,Technology,Full-time,"Join the technology team at Bluepeak Labs as a Business Intelligence Analyst. Your work supports digital transformation for a cross-functional transformation program. You will build self-service analytics, translate business questions into dashboards, and define consistent KPI metrics. Use SQL, Power BI, Data Modeling to deliver clear, documented work. Collaborate with a team of 4 across design and engineering. Success means well-tested, reusable outputs. This is a fictional demonstration listing; no employer receives applications.",3.5,2026-08-31,2026-10-28,True,"Business Intelligence Analyst Join the technology team at Bluepeak Labs as a Business Intelligence Analyst. Your work supports digital transformation for a cross-functional transformation program. You will build self-service analytics, translate business questions into dashboards, and define consistent KPI metrics. Use SQL, Power BI, Data Modeling to deliver clear, documented work. Collaborate with a team of 4 across design and engineering. Success means well-tested, reusable outputs. This is a fictional demonstration listing; no employer receives applications. Data Modeling Data Visualization Power BI SQL DAX Excel Stakeholder Management Tableau"
SYN-0430,onsite,False,Quality Assurance Analyst,Lumina Labs,Hyderabad,Telangana,330000,450000,1.0,3.0,"[""Communication"", ""Problem Solving"", ""Quality Assurance"", ""REST API"", ""SQL""]","[""Agile"", ""Jira"", ""Python""]",Diploma,Media,Full-time,"Join the media team at Lumina Labs as a Quality Assurance Analyst. Your work supports digital transformation for weekly business reviews. You will design test scenarios, verify data integrity, and track release readiness. Use Quality Assurance, SQL, Communication to deliver clear, documented work. Collaborate with a team of 5 across design and engineering. Success means well-tested, reusable outputs. This is a fictional demonstration listing; no employer receives applications.",4.1,2026-08-29,2026-12-30,True,"Quality Assurance Analyst Join the media team at Lumina Labs as a Quality Assurance Analyst. Your work supports digital transformation for weekly business reviews. You will design test scenarios, verify data integrity, and track release readiness. Use Quality Assurance, SQL, Communication to deliver clear, documented work. Collaborate with a team of 5 across design and engineering. Success means well-tested, reusable outputs. This is a fictional demonstration listing; no employer receives applications. Communication Problem Solving Quality Assurance REST API SQL Agile Jira Python"
SYN-0431,onsite,False,UX Researcher,Meridian Works,Delhi,Delhi,520000,870000,1.0,4.0,"[""Communication"", ""Figma"", ""Prototyping"", ""UX Research""]","[""A/B Testing"", ""Accessibility"", ""Presentation"", ""UI Design""]",BA,Finance,Full-time,"Join the finance team at Meridian Works as a UX Researcher. Your work supports digital transformation for an expanding customer base. You will conduct usability sessions, validate interface prototypes, and synthesize research findings. Use UX Research, Figma, Communication to deliver clear, documented work. Collaborate with a team of 10 across design and engineering. Success means measurable quality improvements. This is a fictional demonstration listing; no employer receives applications.",3.3,2026-09-15,2026-10-24,True,"UX Researcher Join the finance team at Meridian Works as a UX Researcher. Your work supports digital transformation for an expanding customer base. You will conduct usability sessions, validate interface prototypes, and synthesize research findings. Use UX Research, Figma, Communication to deliver clear, documented work. Collaborate with a team of 10 across design and engineering. Success means measurable quality improvements. This is a fictional demonstration listing; no employer receives applications. Communication Figma Prototyping UX Research A/B Testing Accessibility Presentation UI Design"
SYN-0432,onsite,False,Data Engineer,Vantage Systems,Noida,Uttar Pradesh,930000,1180000,2.0,3.0,"[""Data Modeling"", ""ETL"", ""PostgreSQL"", ""Python"", ""SQL""]","[""AWS"", ""Azure"", ""Databricks"", ""Spark""]",BTech,Healthcare,Full-time,"Join the healthcare team at Vantage Systems as a Data Engineer. Your work supports digital transformation for regional service teams. You will monitor dataset freshness, design analytical storage, and build ingestion pipelines. Use Python, SQL, ETL to deliver clear, documented work. Collaborate with a team of 11 across finance and strategy. Success means clear stakeholder communication. This is a fictional demonstration listing; no employer receives applications.",4.4,2026-09-30,2026-11-09,True,"Data Engineer Join the healthcare team at Vantage Systems as a Data Engineer. Your work supports digital transformation for regional service teams. You will monitor dataset freshness, design analytical storage, and build ingestion pipelines. Use Python, SQL, ETL to deliver clear, documented work. Collaborate with a team of 11 across finance and strategy. Success means clear stakeholder communication. This is a fictional demonstration listing; no employer receives applications. Data Modeling ETL PostgreSQL Python SQL AWS Azure Databricks Spark"
SYN-0433,onsite,False,Data Analyst,Prism Partners,Mumbai,Maharashtra,120000,470000,0,3.0,"[""Data Cleaning"", ""Excel"", ""Power BI"", ""Presentation"", ""Python"", ""SQL"", ""Statistics""]","[""DAX"", ""ETL"", ""Pandas"", ""Tableau""]",Diploma,Finance,Internship,"Join the finance team at Prism Partners as a Data Analyst. Your work supports cost optimization for an expanding customer base. You will analyze sales funnels, explain customer retention, and build weekly KPI dashboards. Use SQL, Excel, Python to deliver clear, documented work. Collaborate with a team of 14 across design and engineering. Success means clear stakeholder communication. This is a fictional demonstration listing; no employer receives applications.",4.1,2026-10-01,2026-11-13,True,"Data Analyst Join the finance team at Prism Partners as a Data Analyst. Your work supports cost optimization for an expanding customer base. You will analyze sales funnels, explain customer retention, and build weekly KPI dashboards. Use SQL, Excel, Python to deliver clear, documented work. Collaborate with a team of 14 across design and engineering. Success means clear stakeholder communication. This is a fictional demonstration listing; no employer receives applications. Data Cleaning Excel Power BI Presentation Python SQL Statistics DAX ETL Pandas Tableau"
SYN-0434,onsite,False,Business Analyst,Nimbus Labs,Pune,Maharashtra,390000,640000,0,1.0,"[""Business Analysis"", ""Communication"", ""Excel"", ""Requirements Gathering"", ""SQL""]","[""Agile"", ""Jira"", ""Process Improvement"", ""Tableau""]",BA,Logistics,Full-time,"Join the logistics team at Nimbus Labs as a Business Analyst. Your work supports cost optimization for weekly business reviews. You will interview stakeholders, document business requirements, and map operational workflows. Use SQL, Excel, Business Analysis to deliver clear, documented work. Collaborate with a team of 11 across design and engineering. Success means clear stakeholder communication. This is a fictional demonstration listing; no employer receives applications.",3.5,2026-09-29,2026-11-24,True,"Business Analyst Join the logistics team at Nimbus Labs as a Business Analyst. Your work supports cost optimization for weekly business reviews. You will interview stakeholders, document business requirements, and map operational workflows. Use SQL, Excel, Business Analysis to deliver clear, documented work. Collaborate with a team of 11 across design and engineering. Success means clear stakeholder communication. This is a fictional demonstration listing; no employer receives applications. Business Analysis Communication Excel Requirements Gathering SQL Agile Jira Process Improvement Tableau"
SYN-0435,onsite,False,Power BI Developer,Nexa Systems,Chennai,Tamil Nadu,470000,650000,0,3.0,"[""Data Modeling"", ""DAX"", ""Power BI"", ""Power Query"", ""SQL""]","[""Azure"", ""Dashboard Design"", ""ETL"", ""Excel""]",BTech,Retail,Full-time,"Join the retail team at Nexa Systems as a Power BI Developer. Your work supports cost optimization for a cross-functional transformation program. You will publish operational dashboards, optimize DAX measures, and design dimensional models. Use Power BI, DAX, SQL to deliver clear, documented work. Collaborate with a team of 13 across customer success and sales. Success means clear stakeholder communication. This is a fictional demonstration listing; no employer receives applications.",4.5,2026-09-01,2026-11-22,True,"Power BI Developer Join the retail team at Nexa Systems as a Power BI Developer. Your work supports cost optimization for a cross-functional transformation program. You will publish operational dashboards, optimize DAX measures, and design dimensional models. Use Power BI, DAX, SQL to deliver clear, documented work. Collaborate with a team of 13 across customer success and sales. Success means clear stakeholder communication. This is a fictional demonstration listing; no employer receives applications. Data Modeling DAX Power BI Power Query SQL Azure Dashboard Design ETL Excel"
SYN-0436,onsite,False,MIS Executive,Orbit Solutions,Ahmedabad,Gujarat,310000,560000,2.0,3.0,"[""Advanced Excel"", ""Communication"", ""Data Cleaning"", ""Excel"", ""Reporting""]","[""Excel VBA"", ""Power BI"", ""SQL""]",12th,Healthcare,Full-time,"Join the healthcare team at Orbit Solutions as a MIS Executive. Your work supports customer experience for an expanding customer base. You will reconcile inventory records, automate spreadsheet checks, and prepare management summaries. Use Excel, Reporting, Data Cleaning to deliver clear, documented work. Collaborate with a team of 5 across product and operations. Success means well-tested, reusable outputs. This is a fictional demonstration listing; no employer receives applications.",4.1,2026-09-25,2026-12-18,True,"MIS Executive Join the healthcare team at Orbit Solutions as a MIS Executive. Your work supports customer experience for an expanding customer base. You will reconcile inventory records, automate spreadsheet checks, and prepare management summaries. Use Excel, Reporting, Data Cleaning to deliver clear, documented work. Collaborate with a team of 5 across product and operations. Success means well-tested, reusable outputs. This is a fictional demonstration listing; no employer receives applications. Advanced Excel Communication Data Cleaning Excel Reporting Excel VBA Power BI SQL"
SYN-0437,onsite,False,SQL Developer,Orbit Systems,Patna,Bihar,620000,800000,2.0,3.0,"[""Database Design"", ""ETL"", ""PostgreSQL"", ""SQL""]","[""Advanced SQL"", ""Git"", ""Python"", ""SQL Server""]",BCA,Technology,Full-time,"Join the technology team at Orbit Systems as a SQL Developer. Your work supports regional expansion for an expanding customer base. You will audit data consistency, optimize database queries, and build scheduled data pipelines. Use SQL, PostgreSQL, Database Design to deliver clear, documented work. Collaborate with a team of 9 across product and operations. Success means clear stakeholder communication. This is a fictional demonstration listing; no employer receives applications.",4.6,2026-09-12,2026-12-10,True,"SQL Developer Join the technology team at Orbit Systems as a SQL Developer. Your work supports regional expansion for an expanding customer base. You will audit data consistency, optimize database queries, and build scheduled data pipelines. Use SQL, PostgreSQL, Database Design to deliver clear, documented work. Collaborate with a team of 9 across product and operations. Success means clear stakeholder communication. This is a fictional demonstration listing; no employer receives applications. Database Design ETL PostgreSQL SQL Advanced SQL Git Python SQL Server"
SYN-0438,remote,True,Python Developer,Juniper Systems,Remote,Remote,590000,940000,2.0,4.0,"[""Flask"", ""Git"", ""Python"", ""REST API"", ""SQL""]","[""Django"", ""Docker"", ""FastAPI"", ""Linux""]",Diploma,Retail,Full-time,"Join the retail team at Juniper Systems as a Python Developer. Your work supports customer experience for weekly business reviews. You will improve service reliability, write integration tests, and build backend APIs. Use Python, Flask, SQL to deliver clear, documented work. Collaborate with a team of 18 across customer success and sales. Success means well-tested, reusable outputs. This is a fictional demonstration listing; no employer receives applications.",4.5,2026-09-25,2026-12-25,True,"Python Developer Join the retail team at Juniper Systems as a Python Developer. Your work supports customer experience for weekly business reviews. You will improve service reliability, write integration tests, and build backend APIs. Use Python, Flask, SQL to deliver clear, documented work. Collaborate with a team of 18 across customer success and sales. Success means well-tested, reusable outputs. This is a fictional demonstration listing; no employer receives applications. Flask Git Python REST API SQL Django Docker FastAPI Linux"
SYN-0439,onsite,False,Junior Data Scientist,Nimbus Solutions,Kolkata,West Bengal,750000,1000000,1.0,4.0,"[""Machine Learning"", ""NLP"", ""Pandas"", ""Python"", ""SQL"", ""Statistics""]","[""A/B Testing"", ""Feature Engineering"", ""Scikit-learn""]",BSc,Education,Full-time,"Join the education team at Nimbus Solutions as a Junior Data Scientist. Your work supports regional expansion for an expanding customer base. You will prepare experimentation datasets, evaluate classification models, and prototype demand forecasts. Use Python, Statistics, Machine Learning to deliver clear, documented work. Collaborate with a team of 4 across finance and strategy. Success means well-tested, reusable outputs. This is a fictional demonstration listing; no employer receives applications.",3.8,2026-10-06,2026-12-05,True,"Junior Data Scientist Join the education team at Nimbus Solutions as a Junior Data Scientist. Your work supports regional expansion for an expanding customer base. You will prepare experimentation datasets, evaluate classification models, and prototype demand forecasts. Use Python, Statistics, Machine Learning to deliver clear, documented work. Collaborate with a team of 4 across finance and strategy. Success means well-tested, reusable outputs. This is a fictional demonstration listing; no employer receives applications. Machine Learning NLP Pandas Python SQL Statistics A/B Testing Feature Engineering Scikit-learn"
SYN-0440,onsite,False,Machine Learning Engineer,Prism Labs,Bangalore,Karnataka,1030000,1280000,2.0,4.0,"[""Docker"", ""Machine Learning"", ""Model Evaluation"", ""Python"", ""Scikit-learn""]","[""AWS"", ""MLOps"", ""PyTorch"", ""TensorFlow""]",BTech,Manufacturing,Full-time,"Join the manufacturing team at Prism Labs as a Machine Learning Engineer. Your work supports inventory accuracy for an expanding customer base. You will build reproducible ML pipelines, monitor model drift, and serve prediction models. Use Python, Machine Learning, Scikit-learn to deliver clear, documented work. Collaborate with a team of 15 across product and operations. Success means clear stakeholder communication. This is a fictional demonstration listing; no employer receives applications.",3.7,2026-09-01,2026-11-29,True,"Machine Learning Engineer Join the manufacturing team at Prism Labs as a Machine Learning Engineer. Your work supports inventory accuracy for an expanding customer base. You will build reproducible ML pipelines, monitor model drift, and serve prediction models. Use Python, Machine Learning, Scikit-learn to deliver clear, documented work. Collaborate with a team of 15 across product and operations. Success means clear stakeholder communication. This is a fictional demonstration listing; no employer receives applications. Docker Machine Learning Model Evaluation Python Scikit-learn AWS MLOps PyTorch TensorFlow"
SYN-0441,onsite,False,Software Developer,Bluepeak Partners,Hyderabad,Telangana,430000,550000,0,3.0,"[""Algorithms"", ""Git"", ""Java"", ""OOP"", ""SQL""]","[""Agile"", ""Docker"", ""Python"", ""REST API""]",BTech,Logistics,Full-time,"Join the logistics team at Bluepeak Partners as a Software Developer. Your work supports inventory accuracy for an expanding customer base. You will resolve production defects, improve automated testing, and implement service features. Use Java, SQL, Git to deliver clear, documented work. Collaborate with a team of 13 across finance and strategy. Success means measurable quality improvements. This is a fictional demonstration listing; no employer receives applications.",4.0,2026-10-05,2027-01-01,True,"Software Developer Join the logistics team at Bluepeak Partners as a Software Developer. Your work supports inventory accuracy for an expanding customer base. You will resolve production defects, improve automated testing, and implement service features. Use Java, SQL, Git to deliver clear, documented work. Collaborate with a team of 13 across finance and strategy. Success means measurable quality improvements. This is a fictional demonstration listing; no employer receives applications. Algorithms Git Java OOP SQL Agile Docker Python REST API"
SYN-0442,onsite,False,Web Developer,Lumina Works,Delhi,Delhi,810000,930000,5.0,6.0,"[""CSS"", ""Git"", ""HTML"", ""JavaScript"", ""Node.js"", ""React""]","[""Accessibility"", ""Bootstrap"", ""TypeScript""]",Diploma,Finance,Full-time,"Join the finance team at Lumina Works as a Web Developer. Your work supports inventory accuracy for weekly business reviews. You will build accessible interfaces, optimize page performance, and integrate REST APIs. Use HTML, CSS, JavaScript to deliver clear, documented work. Collaborate with a team of 9 across finance and strategy. Success means well-tested, reusable outputs. This is a fictional demonstration listing; no employer receives applications.",3.5,2026-08-28,2026-12-22,True,"Web Developer Join the finance team at Lumina Works as a Web Developer. Your work supports inventory accuracy for weekly business reviews. You will build accessible interfaces, optimize page performance, and integrate REST APIs. Use HTML, CSS, JavaScript to deliver clear, documented work. Collaborate with a team of 9 across finance and strategy. Success means well-tested, reusable outputs. This is a fictional demonstration listing; no employer receives applications. CSS Git HTML JavaScript Node.js React Accessibility Bootstrap TypeScript"
SYN-0443,onsite,False,Digital Marketing Analyst,Aster Partners,Noida,Uttar Pradesh,330000,450000,0,1.0,"[""Digital Marketing"", ""Excel"", ""Google Analytics"", ""SEO""]","[""Campaign Analysis"", ""Google Ads"", ""Power BI"", ""SQL""]",BA,Retail,Full-time,"Join the retail team at Aster Partners as a Digital Marketing Analyst. Your work supports inventory accuracy for a cross-functional transformation program. You will recommend landing page experiments, build attribution reports, and measure campaign conversion. Use Google Analytics, SEO, Excel to deliver clear, documented work. Collaborate with a team of 16 across design and engineering. Success means reliable weekly delivery. This is a fictional demonstration listing; no employer receives applications.",4.3,2026-09-01,2026-11-24,True,"Digital Marketing Analyst Join the retail team at Aster Partners as a Digital Marketing Analyst. Your work supports inventory accuracy for a cross-functional transformation program. You will recommend landing page experiments, build attribution reports, and measure campaign conversion. Use Google Analytics, SEO, Excel to deliver clear, documented work. Collaborate with a team of 16 across design and engineering. Success means reliable weekly delivery. This is a fictional demonstration listing; no employer receives applications. Digital Marketing Excel Google Analytics SEO Campaign Analysis Google Ads Power BI SQL"
SYN-0444,onsite,False,SEO Analyst,Vantage Labs,Gurugram,Haryana,270000,620000,0,1.0,"[""Content Marketing"", ""Excel"", ""Google Analytics"", ""SEO""]","[""Copywriting"", ""HTML"", ""Market Research"", ""SEM""]",12th,Logistics,Full-time,"Join the logistics team at Vantage Labs as a SEO Analyst. Your work supports regional expansion for an expanding customer base. You will research search demand, improve technical SEO checks, and audit site content. Use SEO, Google Analytics, Content Marketing to deliver clear, documented work. Collaborate with a team of 10 across finance and strategy. Success means well-tested, reusable outputs. This is a fictional demonstration listing; no employer receives applications.",4.9,2026-09-03,2026-11-17,True,"SEO Analyst Join the logistics team at Vantage Labs as a SEO Analyst. Your work supports regional expansion for an expanding customer base. You will research search demand, improve technical SEO checks, and audit site content. Use SEO, Google Analytics, Content Marketing to deliver clear, documented work. Collaborate with a team of 10 across finance and strategy. Success means well-tested, reusable outputs. This is a fictional demonstration listing; no employer receives applications. Content Marketing Excel Google Analytics SEO Copywriting HTML Market Research SEM"
SYN-0445,onsite,False,Customer Support Executive,Nimbus Solutions,Mumbai,Maharashtra,330000,680000,3.0,5.0,"[""Chat Support"", ""Communication"", ""CRM"", ""Customer Support"", ""Ticketing""]","[""Conflict Resolution"", ""Email Support"", ""Zendesk""]",12th,Media,Full-time,"Join the media team at Nimbus Solutions as a Customer Support Executive. Your work supports customer experience for an expanding customer base. You will meet response time targets, resolve customer tickets, and identify recurring service problems. Use Customer Support, Communication, CRM to deliver clear, documented work. Collaborate with a team of 6 across customer success and sales. Success means clear stakeholder communication. This is a fictional demonstration listing; no employer receives applications.",3.9,2026-09-24,2026-12-25,True,"Customer Support Executive Join the media team at Nimbus Solutions as a Customer Support Executive. Your work supports customer experience for an expanding customer base. You will meet response time targets, resolve customer tickets, and identify recurring service problems. Use Customer Support, Communication, CRM to deliver clear, documented work. Collaborate with a team of 6 across customer success and sales. Success means clear stakeholder communication. This is a fictional demonstration listing; no employer receives applications. Chat Support Communication CRM Customer Support Ticketing Conflict Resolution Email Support Zendesk"
SYN-0446,onsite,False,Operations Analyst,Bluepeak Works,Pune,Maharashtra,580000,760000,2.0,3.0,"[""Excel"", ""Operations"", ""Process Improvement"", ""SQL""]","[""Forecasting"", ""Inventory Management"", ""Power BI"", ""Supply Chain""]",BA,Healthcare,Contract,"Join the healthcare team at Bluepeak Works as a Operations Analyst. Your work supports customer experience for a cross-functional transformation program. You will monitor service metrics, analyze fulfillment delays, and identify process bottlenecks. Use Excel, SQL, Operations to deliver clear, documented work. Collaborate with a team of 14 across customer success and sales. Success means clear stakeholder communication. This is a fictional demonstration listing; no employer receives applications.",4.6,2026-09-10,2026-11-14,True,"Operations Analyst Join the healthcare team at Bluepeak Works as a Operations Analyst. Your work supports customer experience for a cross-functional transformation program. You will monitor service metrics, analyze fulfillment delays, and identify process bottlenecks. Use Excel, SQL, Operations to deliver clear, documented work. Collaborate with a team of 14 across customer success and sales. Success means clear stakeholder communication. This is a fictional demonstration listing; no employer receives applications. Excel Operations Process Improvement SQL Forecasting Inventory Management Power BI Supply Chain"
SYN-0447,onsite,False,Financial Analyst,Riverstone Labs,Chennai,Tamil Nadu,600000,850000,3.0,6.0,"[""Accounting"", ""Excel"", ""Financial Analysis"", ""Financial Modeling""]","[""Budgeting"", ""Power BI"", ""SQL"", ""Valuation""]",BCom,Finance,Full-time,"Join the finance team at Riverstone Labs as a Financial Analyst. Your work supports quality improvement for weekly business reviews. You will prepare budget variance reports, model unit economics, and analyze monthly cash flow. Use Excel, Financial Analysis, Accounting to deliver clear, documented work. Collaborate with a team of 6 across product and operations. Success means well-tested, reusable outputs. This is a fictional demonstration listing; no employer receives applications.",4.4,2026-09-12,2026-12-09,True,"Financial Analyst Join the finance team at Riverstone Labs as a Financial Analyst. Your work supports quality improvement for weekly business reviews. You will prepare budget variance reports, model unit economics, and analyze monthly cash flow. Use Excel, Financial Analysis, Accounting to deliver clear, documented work. Collaborate with a team of 6 across product and operations. Success means well-tested, reusable outputs. This is a fictional demonstration listing; no employer receives applications. Accounting Excel Financial Analysis Financial Modeling Budgeting Power BI SQL Valuation"
SYN-0448,onsite,False,Cybersecurity Analyst,Cobalt Labs,Ahmedabad,Gujarat,650000,900000,2.0,3.0,"[""Cybersecurity"", ""Linux"", ""Networking"", ""SIEM"", ""Splunk""]","[""Incident Response"", ""Python"", ""Wireshark""]",BTech,Healthcare,Full-time,"Join the healthcare team at Cobalt Labs as a Cybersecurity Analyst. Your work supports customer experience for an expanding customer base. You will triage security alerts, document response procedures, and assess infrastructure vulnerabilities. Use Cybersecurity, Networking, Linux to deliver clear, documented work. Collaborate with a team of 5 across design and engineering. Success means measurable quality improvements. This is a fictional demonstration listing; no employer receives applications.",4.5,2026-09-11,2026-12-08,True,"Cybersecurity Analyst Join the healthcare team at Cobalt Labs as a Cybersecurity Analyst. Your work supports customer experience for an expanding customer base. You will triage security alerts, document response procedures, and assess infrastructure vulnerabilities. Use Cybersecurity, Networking, Linux to deliver clear, documented work. Collaborate with a team of 5 across design and engineering. Success means measurable quality improvements. This is a fictional demonstration listing; no employer receives applications. Cybersecurity Linux Networking SIEM Splunk Incident Response Python Wireshark"
SYN-0449,onsite,False,Cloud Engineer,Bluepeak Works,Patna,Bihar,640000,990000,0,1.0,"[""AWS"", ""Docker"", ""Linux"", ""Networking""]","[""Azure"", ""Kubernetes"", ""Monitoring"", ""Terraform""]",BTech,Healthcare,Full-time,"Join the healthcare team at Bluepeak Works as a Cloud Engineer. Your work supports cost optimization for an expanding customer base. You will automate infrastructure changes, improve deployment reliability, and operate cloud infrastructure. Use AWS, Linux, Networking to deliver clear, documented work. Collaborate with a team of 9 across product and operations. Success means reliable weekly delivery. This is a fictional demonstration listing; no employer receives applications.",4.7,2026-09-15,2026-11-29,True,"Cloud Engineer Join the healthcare team at Bluepeak Works as a Cloud Engineer. Your work supports cost optimization for an expanding customer base. You will automate infrastructure changes, improve deployment reliability, and operate cloud infrastructure. Use AWS, Linux, Networking to deliver clear, documented work. Collaborate with a team of 9 across product and operations. Success means reliable weekly delivery. This is a fictional demonstration listing; no employer receives applications. AWS Docker Linux Networking Azure Kubernetes Monitoring Terraform"
SYN-0450,remote,True,Graphic Designer,Cobalt Labs,Remote,Remote,400000,580000,2.0,4.0,"[""Canva"", ""Illustrator"", ""Photoshop"", ""Typography""]","[""Branding"", ""Figma"", ""InDesign"", ""Video Editing""]",Diploma,Education,Contract,"Join the education team at Cobalt Labs as a Graphic Designer. Your work supports subscription growth for an expanding customer base. You will adapt creative for digital channels, prepare print layouts, and maintain visual guidelines. Use Photoshop, Illustrator, Canva to deliver clear, documented work. Collaborate with a team of 7 across customer success and sales. Success means reliable weekly delivery. This is a fictional demonstration listing; no employer receives applications.",3.7,2026-09-30,2026-12-20,True,"Graphic Designer Join the education team at Cobalt Labs as a Graphic Designer. Your work supports subscription growth for an expanding customer base. You will adapt creative for digital channels, prepare print layouts, and maintain visual guidelines. Use Photoshop, Illustrator, Canva to deliver clear, documented work. Collaborate with a team of 7 across customer success and sales. Success means reliable weekly delivery. This is a fictional demonstration listing; no employer receives applications. Canva Illustrator Photoshop Typography Branding Figma InDesign Video Editing"
SYN-0451,onsite,False,Marketing Analyst,Cedar Solutions,Kolkata,West Bengal,780000,900000,5.0,6.0,"[""Campaign Analysis"", ""Excel"", ""Google Analytics"", ""Market Research"", ""SQL""]","[""A/B Testing"", ""Communication"", ""Tableau""]",BA,Media,Full-time,"Join the media team at Cedar Solutions as a Marketing Analyst. Your work supports subscription growth for weekly business reviews. You will segment customer audiences, measure marketing efficiency, and present customer insights. Use Excel, Market Research, Google Analytics to deliver clear, documented work. Collaborate with a team of 13 across product and operations. Success means measurable quality improvements. This is a fictional demonstration listing; no employer receives applications.",3.5,2026-10-06,2026-12-05,True,"Marketing Analyst Join the media team at Cedar Solutions as a Marketing Analyst. Your work supports subscription growth for weekly business reviews. You will segment customer audiences, measure marketing efficiency, and present customer insights. Use Excel, Market Research, Google Analytics to deliver clear, documented work. Collaborate with a team of 13 across product and operations. Success means measurable quality improvements. This is a fictional demonstration listing; no employer receives applications. Campaign Analysis Excel Google Analytics Market Research SQL A/B Testing Communication Tableau"
SYN-0452,onsite,False,HR Analyst,Riverstone Works,Bangalore,Karnataka,710000,960000,4.0,5.0,"[""Communication"", ""Excel"", ""HR Analytics"", ""Reporting""]","[""HRIS"", ""Payroll"", ""Power BI"", ""SQL""]",BA,Healthcare,Full-time,"Join the healthcare team at Riverstone Works as a HR Analyst. Your work supports inventory accuracy for regional service teams. You will analyze workforce trends, audit HR data quality, and monitor employee retention. Use Excel, HR Analytics, Communication to deliver clear, documented work. Collaborate with a team of 10 across finance and strategy. Success means clear stakeholder communication. This is a fictional demonstration listing; no employer receives applications.",3.7,2026-09-13,2026-10-30,True,"HR Analyst Join the healthcare team at Riverstone Works as a HR Analyst. Your work supports inventory accuracy for regional service teams. You will analyze workforce trends, audit HR data quality, and monitor employee retention. Use Excel, HR Analytics, Communication to deliver clear, documented work. Collaborate with a team of 10 across finance and strategy. Success means clear stakeholder communication. This is a fictional demonstration listing; no employer receives applications. Communication Excel HR Analytics Reporting HRIS Payroll Power BI SQL"
SYN-0453,onsite,False,Business Intelligence Analyst,Bluepeak Works,Hyderabad,Telangana,180000,360000,0,1.0,"[""Data Modeling"", ""Data Visualization"", ""Power BI"", ""SQL""]","[""DAX"", ""Excel"", ""Stakeholder Management"", ""Tableau""]",BSc,Education,Internship,"Join the education team at Bluepeak Works as a Business Intelligence Analyst. Your work supports customer experience for weekly business reviews. You will build self-service analytics, translate business questions into dashboards, and define consistent KPI metrics. Use SQL, Power BI, Data Modeling to deliver clear, documented work. Collaborate with a team of 7 across product and operations. Success means measurable quality improvements. This is a fictional demonstration listing; no employer receives applications.",4.7,2026-08-29,2026-12-07,True,"Business Intelligence Analyst Join the education team at Bluepeak Works as a Business Intelligence Analyst. Your work supports customer experience for weekly business reviews. You will build self-service analytics, translate business questions into dashboards, and define consistent KPI metrics. Use SQL, Power BI, Data Modeling to deliver clear, documented work. Collaborate with a team of 7 across product and operations. Success means measurable quality improvements. This is a fictional demonstration listing; no employer receives applications. Data Modeling Data Visualization Power BI SQL DAX Excel Stakeholder Management Tableau"
SYN-0454,onsite,False,Quality Assurance Analyst,Northstar Solutions,Delhi,Delhi,240000,420000,0,2.0,"[""Agile"", ""Communication"", ""Problem Solving"", ""Quality Assurance"", ""SQL""]","[""Jira"", ""Python"", ""REST API""]",Diploma,Education,Internship,"Join the education team at Northstar Solutions as a Quality Assurance Analyst. Your work supports customer experience for regional service teams. You will verify data integrity, reproduce reported defects, and track release readiness. Use Quality Assurance, SQL, Communication to deliver clear, documented work. Collaborate with a team of 15 across customer success and sales. Success means well-tested, reusable outputs. This is a fictional demonstration listing; no employer receives applications.",3.9,2026-09-01,2026-12-19,True,"Quality Assurance Analyst Join the education team at Northstar Solutions as a Quality Assurance Analyst. Your work supports customer experience for regional service teams. You will verify data integrity, reproduce reported defects, and track release readiness. Use Quality Assurance, SQL, Communication to deliver clear, documented work. Collaborate with a team of 15 across customer success and sales. Success means well-tested, reusable outputs. This is a fictional demonstration listing; no employer receives applications. Agile Communication Problem Solving Quality Assurance SQL Jira Python REST API"
SYN-0455,onsite,False,UX Researcher,Vantage Systems,Noida,Uttar Pradesh,830000,950000,3.0,5.0,"[""Communication"", ""Figma"", ""Prototyping"", ""UX Research""]","[""A/B Testing"", ""Accessibility"", ""Presentation"", ""UI Design""]",BA,Education,Full-time,"Join the education team at Vantage Systems as a UX Researcher. Your work supports regional expansion for an expanding customer base. You will synthesize research findings, validate interface prototypes, and present user journey insights. Use UX Research, Figma, Communication to deliver clear, documented work. Collaborate with a team of 16 across customer success and sales. Success means well-tested, reusable outputs. This is a fictional demonstration listing; no employer receives applications.",4.0,2026-09-12,2026-11-01,True,"UX Researcher Join the education team at Vantage Systems as a UX Researcher. Your work supports regional expansion for an expanding customer base. You will synthesize research findings, validate interface prototypes, and present user journey insights. Use UX Research, Figma, Communication to deliver clear, documented work. Collaborate with a team of 16 across customer success and sales. Success means well-tested, reusable outputs. This is a fictional demonstration listing; no employer receives applications. Communication Figma Prototyping UX Research A/B Testing Accessibility Presentation UI Design"
SYN-0456,onsite,False,Data Engineer,Prism Partners,Gurugram,Haryana,500000,850000,0,1.0,"[""Data Modeling"", ""ETL"", ""PostgreSQL"", ""Python"", ""SQL""]","[""AWS"", ""Azure"", ""Databricks"", ""Spark""]",BTech,Education,Full-time,"Join the education team at Prism Partners as a Data Engineer. Your work supports inventory accuracy for an expanding customer base. You will build ingestion pipelines, monitor dataset freshness, and enforce data quality contracts. Use Python, SQL, ETL to deliver clear, documented work. Collaborate with a team of 8 across finance and strategy. Success means reliable weekly delivery. This is a fictional demonstration listing; no employer receives applications.",3.5,2026-08-29,2026-11-05,True,"Data Engineer Join the education team at Prism Partners as a Data Engineer. Your work supports inventory accuracy for an expanding customer base. You will build ingestion pipelines, monitor dataset freshness, and enforce data quality contracts. Use Python, SQL, ETL to deliver clear, documented work. Collaborate with a team of 8 across finance and strategy. Success means reliable weekly delivery. This is a fictional demonstration listing; no employer receives applications. Data Modeling ETL PostgreSQL Python SQL AWS Azure Databricks Spark"
SYN-0457,onsite,False,Data Analyst,Orbit Labs,Pune,Maharashtra,850000,970000,5.0,8.0,"[""Data Cleaning"", ""Excel"", ""Power BI"", ""Python"", ""SQL"", ""Statistics"", ""Tableau""]","[""DAX"", ""ETL"", ""Pandas"", ""Presentation""]",Diploma,Healthcare,Full-time,"Join the healthcare team at Orbit Labs as a Data Analyst. Your work supports cost optimization for a new product launch. You will build weekly KPI dashboards, explain customer retention, and analyze sales funnels. Use SQL, Excel, Python to deliver clear, documented work. Collaborate with a team of 16 across design and engineering. Success means clear stakeholder communication. This is a fictional demonstration listing; no employer receives applications.",4.4,2026-09-19,2026-12-26,True,"Data Analyst Join the healthcare team at Orbit Labs as a Data Analyst. Your work supports cost optimization for a new product launch. You will build weekly KPI dashboards, explain customer retention, and analyze sales funnels. Use SQL, Excel, Python to deliver clear, documented work. Collaborate with a team of 16 across design and engineering. Success means clear stakeholder communication. This is a fictional demonstration listing; no employer receives applications. Data Cleaning Excel Power BI Python SQL Statistics Tableau DAX ETL Pandas Presentation"
SYN-0458,onsite,False,Business Analyst,Evergreen Labs,Chennai,Tamil Nadu,450000,570000,1.0,3.0,"[""Business Analysis"", ""Communication"", ""Excel"", ""Requirements Gathering"", ""SQL""]","[""Agile"", ""Jira"", ""Process Improvement"", ""Tableau""]",BA,Logistics,Part-time,"Join the logistics team at Evergreen Labs as a Business Analyst. Your work supports regional expansion for regional service teams. You will document business requirements, evaluate product changes, and map operational workflows. Use SQL, Excel, Business Analysis to deliver clear, documented work. Collaborate with a team of 15 across finance and strategy. Success means well-tested, reusable outputs. This is a fictional demonstration listing; no employer receives applications.",3.4,2026-09-18,2026-12-20,True,"Business Analyst Join the logistics team at Evergreen Labs as a Business Analyst. Your work supports regional expansion for regional service teams. You will document business requirements, evaluate product changes, and map operational workflows. Use SQL, Excel, Business Analysis to deliver clear, documented work. Collaborate with a team of 15 across finance and strategy. Success means well-tested, reusable outputs. This is a fictional demonstration listing; no employer receives applications. Business Analysis Communication Excel Requirements Gathering SQL Agile Jira Process Improvement Tableau"
SYN-0459,onsite,False,Power BI Developer,Cobalt Solutions,Ahmedabad,Gujarat,120000,240000,0,3.0,"[""Data Modeling"", ""DAX"", ""Power BI"", ""Power Query"", ""SQL""]","[""Azure"", ""Dashboard Design"", ""ETL"", ""Excel""]",BTech,Healthcare,Internship,"Join the healthcare team at Cobalt Solutions as a Power BI Developer. Your work supports cost optimization for weekly business reviews. You will design dimensional models, optimize DAX measures, and reconcile reporting metrics. Use Power BI, DAX, SQL to deliver clear, documented work. Collaborate with a team of 8 across customer success and sales. Success means measurable quality improvements. This is a fictional demonstration listing; no employer receives applications.",4.4,2026-09-01,2026-12-26,True,"Power BI Developer Join the healthcare team at Cobalt Solutions as a Power BI Developer. Your work supports cost optimization for weekly business reviews. You will design dimensional models, optimize DAX measures, and reconcile reporting metrics. Use Power BI, DAX, SQL to deliver clear, documented work. Collaborate with a team of 8 across customer success and sales. Success means measurable quality improvements. This is a fictional demonstration listing; no employer receives applications. Data Modeling DAX Power BI Power Query SQL Azure Dashboard Design ETL Excel"
SYN-0460,onsite,False,MIS Executive,Evergreen Systems,Patna,Bihar,210000,330000,0,2.0,"[""Communication"", ""Data Cleaning"", ""Excel"", ""Reporting"", ""SQL""]","[""Advanced Excel"", ""Excel VBA"", ""Power BI""]",12th,Media,Part-time,"Join the media team at Evergreen Systems as a MIS Executive. Your work supports customer experience for an expanding customer base. You will reconcile inventory records, maintain daily reports, and automate spreadsheet checks. Use Excel, Reporting, Data Cleaning to deliver clear, documented work. Collaborate with a team of 5 across finance and strategy. Success means reliable weekly delivery. This is a fictional demonstration listing; no employer receives applications.",4.7,2026-10-04,2026-11-23,True,"MIS Executive Join the media team at Evergreen Systems as a MIS Executive. Your work supports customer experience for an expanding customer base. You will reconcile inventory records, maintain daily reports, and automate spreadsheet checks. Use Excel, Reporting, Data Cleaning to deliver clear, documented work. Collaborate with a team of 5 across finance and strategy. Success means reliable weekly delivery. This is a fictional demonstration listing; no employer receives applications. Communication Data Cleaning Excel Reporting SQL Advanced Excel Excel VBA Power BI"
SYN-0461,remote,True,SQL Developer,Northstar Labs,Remote,Remote,180000,530000,0,1.0,"[""Database Design"", ""ETL"", ""PostgreSQL"", ""SQL""]","[""Advanced SQL"", ""Git"", ""Python"", ""SQL Server""]",BCA,Education,Internship,"Join the education team at Northstar Labs as a SQL Developer. Your work supports quality improvement for a new product launch. You will design warehouse tables, audit data consistency, and optimize database queries. Use SQL, PostgreSQL, Database Design to deliver clear, documented work. Collaborate with a team of 4 across customer success and sales. Success means clear stakeholder communication. This is a fictional demonstration listing; no employer receives applications.",3.8,2026-09-18,2026-10-24,True,"SQL Developer Join the education team at Northstar Labs as a SQL Developer. Your work supports quality improvement for a new product launch. You will design warehouse tables, audit data consistency, and optimize database queries. Use SQL, PostgreSQL, Database Design to deliver clear, documented work. Collaborate with a team of 4 across customer success and sales. Success means clear stakeholder communication. This is a fictional demonstration listing; no employer receives applications. Database Design ETL PostgreSQL SQL Advanced SQL Git Python SQL Server"
SYN-0462,onsite,False,Python Developer,Lumina Partners,Kolkata,West Bengal,180000,530000,0,3.0,"[""Flask"", ""Git"", ""Python"", ""REST API"", ""SQL""]","[""Django"", ""Docker"", ""FastAPI"", ""Linux""]",Diploma,Media,Internship,"Join the media team at Lumina Partners as a Python Developer. Your work supports cost optimization for weekly business reviews. You will build backend APIs, write integration tests, and maintain internal automation. Use Python, Flask, SQL to deliver clear, documented work. Collaborate with a team of 16 across finance and strategy. Success means clear stakeholder communication. This is a fictional demonstration listing; no employer receives applications.",3.7,2026-09-07,2026-11-20,True,"Python Developer Join the media team at Lumina Partners as a Python Developer. Your work supports cost optimization for weekly business reviews. You will build backend APIs, write integration tests, and maintain internal automation. Use Python, Flask, SQL to deliver clear, documented work. Collaborate with a team of 16 across finance and strategy. Success means clear stakeholder communication. This is a fictional demonstration listing; no employer receives applications. Flask Git Python REST API SQL Django Docker FastAPI Linux"
SYN-0463,onsite,False,Junior Data Scientist,Cobalt Solutions,Bangalore,Karnataka,610000,960000,1.0,2.0,"[""Feature Engineering"", ""Machine Learning"", ""Pandas"", ""Python"", ""SQL"", ""Statistics""]","[""A/B Testing"", ""NLP"", ""Scikit-learn""]",BSc,Media,Full-time,"Join the media team at Cobalt Solutions as a Junior Data Scientist. Your work supports quality improvement for a new product launch. You will prototype demand forecasts, evaluate classification models, and explain model errors. Use Python, Statistics, Machine Learning to deliver clear, documented work. Collaborate with a team of 12 across product and operations. Success means measurable quality improvements. This is a fictional demonstration listing; no employer receives applications.",3.3,2026-09-03,2026-10-27,True,"Junior Data Scientist Join the media team at Cobalt Solutions as a Junior Data Scientist. Your work supports quality improvement for a new product launch. You will prototype demand forecasts, evaluate classification models, and explain model errors. Use Python, Statistics, Machine Learning to deliver clear, documented work. Collaborate with a team of 12 across product and operations. Success means measurable quality improvements. This is a fictional demonstration listing; no employer receives applications. Feature Engineering Machine Learning Pandas Python SQL Statistics A/B Testing NLP Scikit-learn"
SYN-0464,onsite,False,Machine Learning Engineer,Bluepeak Systems,Hyderabad,Telangana,1310000,1660000,2.0,3.0,"[""Docker"", ""Machine Learning"", ""Model Evaluation"", ""Python"", ""Scikit-learn""]","[""AWS"", ""MLOps"", ""PyTorch"", ""TensorFlow""]",BTech,Logistics,Full-time,"Join the logistics team at Bluepeak Systems as a Machine Learning Engineer. Your work supports regional expansion for regional service teams. You will build reproducible ML pipelines, monitor model drift, and optimize inference workloads. Use Python, Machine Learning, Scikit-learn to deliver clear, documented work. Collaborate with a team of 11 across finance and strategy. Success means reliable weekly delivery. This is a fictional demonstration listing; no employer receives applications.",4.7,2026-09-02,2026-11-26,True,"Machine Learning Engineer Join the logistics team at Bluepeak Systems as a Machine Learning Engineer. Your work supports regional expansion for regional service teams. You will build reproducible ML pipelines, monitor model drift, and optimize inference workloads. Use Python, Machine Learning, Scikit-learn to deliver clear, documented work. Collaborate with a team of 11 across finance and strategy. Success means reliable weekly delivery. This is a fictional demonstration listing; no employer receives applications. Docker Machine Learning Model Evaluation Python Scikit-learn AWS MLOps PyTorch TensorFlow"
SYN-0465,onsite,False,Software Developer,Cedar Partners,Delhi,Delhi,470000,720000,0,1.0,"[""Algorithms"", ""Git"", ""Java"", ""OOP"", ""SQL""]","[""Agile"", ""Docker"", ""Python"", ""REST API""]",BTech,Technology,Full-time,"Join the technology team at Cedar Partners as a Software Developer. Your work supports customer experience for a new product launch. You will implement service features, resolve production defects, and review maintainable code. Use Java, SQL, Git to deliver clear, documented work. Collaborate with a team of 17 across design and engineering. Success means reliable weekly delivery. This is a fictional demonstration listing; no employer receives applications.",4.5,2026-09-11,2026-12-24,True,"Software Developer Join the technology team at Cedar Partners as a Software Developer. Your work supports customer experience for a new product launch. You will implement service features, resolve production defects, and review maintainable code. Use Java, SQL, Git to deliver clear, documented work. Collaborate with a team of 17 across design and engineering. Success means reliable weekly delivery. This is a fictional demonstration listing; no employer receives applications. Algorithms Git Java OOP SQL Agile Docker Python REST API"
SYN-0466,onsite,False,Web Developer,Juniper Works,Noida,Uttar Pradesh,490000,610000,1.0,2.0,"[""Accessibility"", ""CSS"", ""Git"", ""HTML"", ""JavaScript"", ""React""]","[""Bootstrap"", ""Node.js"", ""TypeScript""]",Diploma,Retail,Full-time,"Join the retail team at Juniper Works as a Web Developer. Your work supports service efficiency for an expanding customer base. You will build accessible interfaces, optimize page performance, and create reusable UI components. Use HTML, CSS, JavaScript to deliver clear, documented work. Collaborate with a team of 12 across finance and strategy. Success means measurable quality improvements. This is a fictional demonstration listing; no employer receives applications.",4.3,2026-09-21,2027-01-01,True,"Web Developer Join the retail team at Juniper Works as a Web Developer. Your work supports service efficiency for an expanding customer base. You will build accessible interfaces, optimize page performance, and create reusable UI components. Use HTML, CSS, JavaScript to deliver clear, documented work. Collaborate with a team of 12 across finance and strategy. Success means measurable quality improvements. This is a fictional demonstration listing; no employer receives applications. Accessibility CSS Git HTML JavaScript React Bootstrap Node.js TypeScript"
SYN-0467,onsite,False,Digital Marketing Analyst,Evergreen Labs,Gurugram,Haryana,390000,510000,2.0,3.0,"[""Digital Marketing"", ""Excel"", ""Google Analytics"", ""SEO""]","[""Campaign Analysis"", ""Google Ads"", ""Power BI"", ""SQL""]",BA,Manufacturing,Full-time,"Join the manufacturing team at Evergreen Labs as a Digital Marketing Analyst. Your work supports cost optimization for weekly business reviews. You will measure campaign conversion, build attribution reports, and audit acquisition channels. Use Google Analytics, SEO, Excel to deliver clear, documented work. Collaborate with a team of 6 across product and operations. Success means measurable quality improvements. This is a fictional demonstration listing; no employer receives applications.",4.8,2026-09-16,2026-11-18,True,"Digital Marketing Analyst Join the manufacturing team at Evergreen Labs as a Digital Marketing Analyst. Your work supports cost optimization for weekly business reviews. You will measure campaign conversion, build attribution reports, and audit acquisition channels. Use Google Analytics, SEO, Excel to deliver clear, documented work. Collaborate with a team of 6 across product and operations. Success means measurable quality improvements. This is a fictional demonstration listing; no employer receives applications. Digital Marketing Excel Google Analytics SEO Campaign Analysis Google Ads Power BI SQL"
SYN-0468,onsite,False,SEO Analyst,Nexa Solutions,Mumbai,Maharashtra,370000,550000,2.0,5.0,"[""Content Marketing"", ""Excel"", ""Google Analytics"", ""SEO""]","[""Copywriting"", ""HTML"", ""Market Research"", ""SEM""]",12th,Finance,Full-time,"Join the finance team at Nexa Solutions as a SEO Analyst. Your work supports subscription growth for a new product launch. You will improve technical SEO checks, audit site content, and research search demand. Use SEO, Google Analytics, Content Marketing to deliver clear, documented work. Collaborate with a team of 13 across design and engineering. Success means well-tested, reusable outputs. This is a fictional demonstration listing; no employer receives applications.",4.2,2026-09-08,2026-12-28,True,"SEO Analyst Join the finance team at Nexa Solutions as a SEO Analyst. Your work supports subscription growth for a new product launch. You will improve technical SEO checks, audit site content, and research search demand. Use SEO, Google Analytics, Content Marketing to deliver clear, documented work. Collaborate with a team of 13 across design and engineering. Success means well-tested, reusable outputs. This is a fictional demonstration listing; no employer receives applications. Content Marketing Excel Google Analytics SEO Copywriting HTML Market Research SEM"
SYN-0469,onsite,False,Customer Support Executive,Prism Systems,Pune,Maharashtra,290000,470000,1.0,2.0,"[""Communication"", ""Conflict Resolution"", ""CRM"", ""Customer Support"", ""Ticketing""]","[""Chat Support"", ""Email Support"", ""Zendesk""]",12th,Media,Full-time,"Join the media team at Prism Systems as a Customer Support Executive. Your work supports quality improvement for an expanding customer base. You will maintain accurate case notes, meet response time targets, and resolve customer tickets. Use Customer Support, Communication, CRM to deliver clear, documented work. Collaborate with a team of 12 across product and operations. Success means clear stakeholder communication. This is a fictional demonstration listing; no employer receives applications.",3.4,2026-09-21,2026-11-09,True,"Customer Support Executive Join the media team at Prism Systems as a Customer Support Executive. Your work supports quality improvement for an expanding customer base. You will maintain accurate case notes, meet response time targets, and resolve customer tickets. Use Customer Support, Communication, CRM to deliver clear, documented work. Collaborate with a team of 12 across product and operations. Success means clear stakeholder communication. This is a fictional demonstration listing; no employer receives applications. Communication Conflict Resolution CRM Customer Support Ticketing Chat Support Email Support Zendesk"
SYN-0470,onsite,False,Operations Analyst,Cobalt Partners,Chennai,Tamil Nadu,320000,500000,0,1.0,"[""Excel"", ""Operations"", ""Process Improvement"", ""SQL""]","[""Forecasting"", ""Inventory Management"", ""Power BI"", ""Supply Chain""]",BA,Finance,Full-time,"Join the finance team at Cobalt Partners as a Operations Analyst. Your work supports subscription growth for regional service teams. You will identify process bottlenecks, plan operational capacity, and monitor service metrics. Use Excel, SQL, Operations to deliver clear, documented work. Collaborate with a team of 5 across product and operations. Success means reliable weekly delivery. This is a fictional demonstration listing; no employer receives applications.",4.4,2026-09-05,2026-11-23,True,"Operations Analyst Join the finance team at Cobalt Partners as a Operations Analyst. Your work supports subscription growth for regional service teams. You will identify process bottlenecks, plan operational capacity, and monitor service metrics. Use Excel, SQL, Operations to deliver clear, documented work. Collaborate with a team of 5 across product and operations. Success means reliable weekly delivery. This is a fictional demonstration listing; no employer receives applications. Excel Operations Process Improvement SQL Forecasting Inventory Management Power BI Supply Chain"
SYN-0471,onsite,False,Financial Analyst,Lumina Partners,Ahmedabad,Gujarat,560000,680000,2.0,5.0,"[""Accounting"", ""Excel"", ""Financial Analysis"", ""Financial Modeling""]","[""Budgeting"", ""Power BI"", ""SQL"", ""Valuation""]",BCom,Manufacturing,Full-time,"Join the manufacturing team at Lumina Partners as a Financial Analyst. Your work supports regional expansion for regional service teams. You will validate financial assumptions, prepare budget variance reports, and model unit economics. Use Excel, Financial Analysis, Accounting to deliver clear, documented work. Collaborate with a team of 17 across product and operations. Success means clear stakeholder communication. This is a fictional demonstration listing; no employer receives applications.",3.3,2026-09-08,2026-10-22,True,"Financial Analyst Join the manufacturing team at Lumina Partners as a Financial Analyst. Your work supports regional expansion for regional service teams. You will validate financial assumptions, prepare budget variance reports, and model unit economics. Use Excel, Financial Analysis, Accounting to deliver clear, documented work. Collaborate with a team of 17 across product and operations. Success means clear stakeholder communication. This is a fictional demonstration listing; no employer receives applications. Accounting Excel Financial Analysis Financial Modeling Budgeting Power BI SQL Valuation"
SYN-0472,onsite,False,Cybersecurity Analyst,Lumina Labs,Patna,Bihar,1000000,1350000,4.0,6.0,"[""Cybersecurity"", ""Incident Response"", ""Linux"", ""Networking"", ""SIEM""]","[""Python"", ""Splunk"", ""Wireshark""]",BTech,Media,Full-time,"Join the media team at Lumina Labs as a Cybersecurity Analyst. Your work supports regional expansion for a cross-functional transformation program. You will assess infrastructure vulnerabilities, document response procedures, and investigate suspicious logs. Use Cybersecurity, Networking, Linux to deliver clear, documented work. Collaborate with a team of 17 across finance and strategy. Success means clear stakeholder communication. This is a fictional demonstration listing; no employer receives applications.",3.7,2026-08-31,2026-11-22,True,"Cybersecurity Analyst Join the media team at Lumina Labs as a Cybersecurity Analyst. Your work supports regional expansion for a cross-functional transformation program. You will assess infrastructure vulnerabilities, document response procedures, and investigate suspicious logs. Use Cybersecurity, Networking, Linux to deliver clear, documented work. Collaborate with a team of 17 across finance and strategy. Success means clear stakeholder communication. This is a fictional demonstration listing; no employer receives applications. Cybersecurity Incident Response Linux Networking SIEM Python Splunk Wireshark"
SYN-0473,remote,True,Cloud Engineer,Prism Labs,Remote,Remote,530000,780000,0,1.0,"[""AWS"", ""Docker"", ""Linux"", ""Networking""]","[""Azure"", ""Kubernetes"", ""Monitoring"", ""Terraform""]",BTech,Retail,Contract,"Join the retail team at Prism Labs as a Cloud Engineer. Your work supports customer experience for regional service teams. You will improve deployment reliability, automate infrastructure changes, and operate cloud infrastructure. Use AWS, Linux, Networking to deliver clear, documented work. Collaborate with a team of 11 across product and operations. Success means clear stakeholder communication. This is a fictional demonstration listing; no employer receives applications.",3.4,2026-09-11,2026-12-29,True,"Cloud Engineer Join the retail team at Prism Labs as a Cloud Engineer. Your work supports customer experience for regional service teams. You will improve deployment reliability, automate infrastructure changes, and operate cloud infrastructure. Use AWS, Linux, Networking to deliver clear, documented work. Collaborate with a team of 11 across product and operations. Success means clear stakeholder communication. This is a fictional demonstration listing; no employer receives applications. AWS Docker Linux Networking Azure Kubernetes Monitoring Terraform"
SYN-0474,onsite,False,Graphic Designer,Juniper Partners,Kolkata,West Bengal,320000,500000,1.0,4.0,"[""Canva"", ""Illustrator"", ""Photoshop"", ""Typography""]","[""Branding"", ""Figma"", ""InDesign"", ""Video Editing""]",Diploma,Retail,Full-time,"Join the retail team at Juniper Partners as a Graphic Designer. Your work supports customer experience for regional service teams. You will maintain visual guidelines, prepare print layouts, and design campaign assets. Use Photoshop, Illustrator, Canva to deliver clear, documented work. Collaborate with a team of 5 across product and operations. Success means reliable weekly delivery. This is a fictional demonstration listing; no employer receives applications.",3.6,2026-09-21,2026-12-08,True,"Graphic Designer Join the retail team at Juniper Partners as a Graphic Designer. Your work supports customer experience for regional service teams. You will maintain visual guidelines, prepare print layouts, and design campaign assets. Use Photoshop, Illustrator, Canva to deliver clear, documented work. Collaborate with a team of 5 across product and operations. Success means reliable weekly delivery. This is a fictional demonstration listing; no employer receives applications. Canva Illustrator Photoshop Typography Branding Figma InDesign Video Editing"
SYN-0475,onsite,False,Marketing Analyst,Bluepeak Labs,Bangalore,Karnataka,300000,550000,0,1.0,"[""Campaign Analysis"", ""Excel"", ""Google Analytics"", ""Market Research"", ""Tableau""]","[""A/B Testing"", ""Communication"", ""SQL""]",BA,Education,Full-time,"Join the education team at Bluepeak Labs as a Marketing Analyst. Your work supports inventory accuracy for weekly business reviews. You will measure marketing efficiency, present customer insights, and segment customer audiences. Use Excel, Market Research, Google Analytics to deliver clear, documented work. Collaborate with a team of 14 across finance and strategy. Success means measurable quality improvements. This is a fictional demonstration listing; no employer receives applications.",3.4,2026-09-06,2026-11-13,True,"Marketing Analyst Join the education team at Bluepeak Labs as a Marketing Analyst. Your work supports inventory accuracy for weekly business reviews. You will measure marketing efficiency, present customer insights, and segment customer audiences. Use Excel, Market Research, Google Analytics to deliver clear, documented work. Collaborate with a team of 14 across finance and strategy. Success means measurable quality improvements. This is a fictional demonstration listing; no employer receives applications. Campaign Analysis Excel Google Analytics Market Research Tableau A/B Testing Communication SQL"
SYN-0476,onsite,False,HR Analyst,Prism Solutions,Hyderabad,Telangana,360000,480000,1.0,4.0,"[""Communication"", ""Excel"", ""HR Analytics"", ""Reporting""]","[""HRIS"", ""Payroll"", ""Power BI"", ""SQL""]",BA,Manufacturing,Full-time,"Join the manufacturing team at Prism Solutions as a HR Analyst. Your work supports customer experience for weekly business reviews. You will report recruitment efficiency, audit HR data quality, and monitor employee retention. Use Excel, HR Analytics, Communication to deliver clear, documented work. Collaborate with a team of 12 across finance and strategy. Success means reliable weekly delivery. This is a fictional demonstration listing; no employer receives applications.",4.4,2026-09-02,2026-12-04,True,"HR Analyst Join the manufacturing team at Prism Solutions as a HR Analyst. Your work supports customer experience for weekly business reviews. You will report recruitment efficiency, audit HR data quality, and monitor employee retention. Use Excel, HR Analytics, Communication to deliver clear, documented work. Collaborate with a team of 12 across finance and strategy. Success means reliable weekly delivery. This is a fictional demonstration listing; no employer receives applications. Communication Excel HR Analytics Reporting HRIS Payroll Power BI SQL"
SYN-0477,onsite,False,Business Intelligence Analyst,Riverstone Labs,Delhi,Delhi,1120000,1300000,4.0,5.0,"[""Data Modeling"", ""Data Visualization"", ""Power BI"", ""SQL""]","[""DAX"", ""Excel"", ""Stakeholder Management"", ""Tableau""]",BSc,Education,Full-time,"Join the education team at Riverstone Labs as a Business Intelligence Analyst. Your work supports customer experience for regional service teams. You will translate business questions into dashboards, build self-service analytics, and document reporting models. Use SQL, Power BI, Data Modeling to deliver clear, documented work. Collaborate with a team of 7 across design and engineering. Success means reliable weekly delivery. This is a fictional demonstration listing; no employer receives applications.",3.6,2026-09-27,2026-11-05,True,"Business Intelligence Analyst Join the education team at Riverstone Labs as a Business Intelligence Analyst. Your work supports customer experience for regional service teams. You will translate business questions into dashboards, build self-service analytics, and document reporting models. Use SQL, Power BI, Data Modeling to deliver clear, documented work. Collaborate with a team of 7 across design and engineering. Success means reliable weekly delivery. This is a fictional demonstration listing; no employer receives applications. Data Modeling Data Visualization Power BI SQL DAX Excel Stakeholder Management Tableau"
SYN-0478,onsite,False,Quality Assurance Analyst,Lumina Systems,Noida,Uttar Pradesh,540000,890000,3.0,5.0,"[""Agile"", ""Communication"", ""Problem Solving"", ""Quality Assurance"", ""SQL""]","[""Jira"", ""Python"", ""REST API""]",Diploma,Manufacturing,Full-time,"Join the manufacturing team at Lumina Systems as a Quality Assurance Analyst. Your work supports service efficiency for an expanding customer base. You will track release readiness, reproduce reported defects, and verify data integrity. Use Quality Assurance, SQL, Communication to deliver clear, documented work. Collaborate with a team of 9 across product and operations. Success means clear stakeholder communication. This is a fictional demonstration listing; no employer receives applications.",4.6,2026-10-04,2026-12-29,True,"Quality Assurance Analyst Join the manufacturing team at Lumina Systems as a Quality Assurance Analyst. Your work supports service efficiency for an expanding customer base. You will track release readiness, reproduce reported defects, and verify data integrity. Use Quality Assurance, SQL, Communication to deliver clear, documented work. Collaborate with a team of 9 across product and operations. Success means clear stakeholder communication. This is a fictional demonstration listing; no employer receives applications. Agile Communication Problem Solving Quality Assurance SQL Jira Python REST API"
SYN-0479,onsite,False,UX Researcher,Riverstone Partners,Gurugram,Haryana,390000,740000,0,3.0,"[""Communication"", ""Figma"", ""Prototyping"", ""UX Research""]","[""A/B Testing"", ""Accessibility"", ""Presentation"", ""UI Design""]",BA,Retail,Full-time,"Join the retail team at Riverstone Partners as a UX Researcher. Your work supports quality improvement for an expanding customer base. You will validate interface prototypes, conduct usability sessions, and synthesize research findings. Use UX Research, Figma, Communication to deliver clear, documented work. Collaborate with a team of 9 across design and engineering. Success means well-tested, reusable outputs. This is a fictional demonstration listing; no employer receives applications.",3.3,2026-09-14,2026-12-11,True,"UX Researcher Join the retail team at Riverstone Partners as a UX Researcher. Your work supports quality improvement for an expanding customer base. You will validate interface prototypes, conduct usability sessions, and synthesize research findings. Use UX Research, Figma, Communication to deliver clear, documented work. Collaborate with a team of 9 across design and engineering. Success means well-tested, reusable outputs. This is a fictional demonstration listing; no employer receives applications. Communication Figma Prototyping UX Research A/B Testing Accessibility Presentation UI Design"
SYN-0480,onsite,False,Data Engineer,Nexa Partners,Mumbai,Maharashtra,980000,1330000,2.0,3.0,"[""Data Modeling"", ""ETL"", ""PostgreSQL"", ""Python"", ""SQL""]","[""AWS"", ""Azure"", ""Databricks"", ""Spark""]",BTech,Retail,Full-time,"Join the retail team at Nexa Partners as a Data Engineer. Your work supports subscription growth for a new product launch. You will monitor dataset freshness, design analytical storage, and enforce data quality contracts. Use Python, SQL, ETL to deliver clear, documented work. Collaborate with a team of 16 across finance and strategy. Success means measurable quality improvements. This is a fictional demonstration listing; no employer receives applications.",4.2,2026-09-21,2026-12-11,True,"Data Engineer Join the retail team at Nexa Partners as a Data Engineer. Your work supports subscription growth for a new product launch. You will monitor dataset freshness, design analytical storage, and enforce data quality contracts. Use Python, SQL, ETL to deliver clear, documented work. Collaborate with a team of 16 across finance and strategy. Success means measurable quality improvements. This is a fictional demonstration listing; no employer receives applications. Data Modeling ETL PostgreSQL Python SQL AWS Azure Databricks Spark"
SYN-0481,onsite,False,Data Analyst,Riverstone Works,Chennai,Tamil Nadu,410000,590000,1.0,3.0,"[""Data Cleaning"", ""Excel"", ""Power BI"", ""Python"", ""SQL"", ""Statistics"", ""Tableau""]","[""DAX"", ""ETL"", ""Pandas"", ""Presentation""]",Diploma,Retail,Full-time,"Join the retail team at Riverstone Works as a Data Analyst. Your work supports subscription growth for a new product launch. You will validate transaction data, analyze sales funnels, and explain customer retention. Use SQL, Excel, Python to deliver clear, documented work. Collaborate with a team of 4 across product and operations. Success means measurable quality improvements. This is a fictional demonstration listing; no employer receives applications.",3.6,2026-09-18,2026-12-10,True,"Data Analyst Join the retail team at Riverstone Works as a Data Analyst. Your work supports subscription growth for a new product launch. You will validate transaction data, analyze sales funnels, and explain customer retention. Use SQL, Excel, Python to deliver clear, documented work. Collaborate with a team of 4 across product and operations. Success means measurable quality improvements. This is a fictional demonstration listing; no employer receives applications. Data Cleaning Excel Power BI Python SQL Statistics Tableau DAX ETL Pandas Presentation"
SYN-0482,onsite,False,Business Analyst,Northstar Labs,Ahmedabad,Gujarat,800000,1150000,3.0,5.0,"[""Business Analysis"", ""Communication"", ""Excel"", ""Requirements Gathering"", ""SQL""]","[""Agile"", ""Jira"", ""Process Improvement"", ""Tableau""]",BA,Media,Full-time,"Join the media team at Northstar Labs as a Business Analyst. Your work supports customer experience for a cross-functional transformation program. You will map operational workflows, document business requirements, and evaluate product changes. Use SQL, Excel, Business Analysis to deliver clear, documented work. Collaborate with a team of 13 across finance and strategy. Success means clear stakeholder communication. This is a fictional demonstration listing; no employer receives applications.",4.3,2026-09-14,2027-01-03,True,"Business Analyst Join the media team at Northstar Labs as a Business Analyst. Your work supports customer experience for a cross-functional transformation program. You will map operational workflows, document business requirements, and evaluate product changes. Use SQL, Excel, Business Analysis to deliver clear, documented work. Collaborate with a team of 13 across finance and strategy. Success means clear stakeholder communication. This is a fictional demonstration listing; no employer receives applications. Business Analysis Communication Excel Requirements Gathering SQL Agile Jira Process Improvement Tableau"
SYN-0483,onsite,False,Power BI Developer,Evergreen Labs,Patna,Bihar,850000,1030000,3.0,6.0,"[""Data Modeling"", ""DAX"", ""Power BI"", ""Power Query"", ""SQL""]","[""Azure"", ""Dashboard Design"", ""ETL"", ""Excel""]",BTech,Logistics,Full-time,"Join the logistics team at Evergreen Labs as a Power BI Developer. Your work supports subscription growth for a new product launch. You will reconcile reporting metrics, optimize DAX measures, and publish operational dashboards. Use Power BI, DAX, SQL to deliver clear, documented work. Collaborate with a team of 7 across finance and strategy. Success means measurable quality improvements. This is a fictional demonstration listing; no employer receives applications.",3.7,2026-09-02,2027-01-04,True,"Power BI Developer Join the logistics team at Evergreen Labs as a Power BI Developer. Your work supports subscription growth for a new product launch. You will reconcile reporting metrics, optimize DAX measures, and publish operational dashboards. Use Power BI, DAX, SQL to deliver clear, documented work. Collaborate with a team of 7 across finance and strategy. Success means measurable quality improvements. This is a fictional demonstration listing; no employer receives applications. Data Modeling DAX Power BI Power Query SQL Azure Dashboard Design ETL Excel"
SYN-0484,remote,True,MIS Executive,Cobalt Systems,Remote,Remote,300000,650000,2.0,3.0,"[""Communication"", ""Data Cleaning"", ""Excel"", ""Reporting"", ""SQL""]","[""Advanced Excel"", ""Excel VBA"", ""Power BI""]",12th,Logistics,Full-time,"Join the logistics team at Cobalt Systems as a MIS Executive. Your work supports regional expansion for a cross-functional transformation program. You will automate spreadsheet checks, prepare management summaries, and reconcile inventory records. Use Excel, Reporting, Data Cleaning to deliver clear, documented work. Collaborate with a team of 16 across customer success and sales. Success means measurable quality improvements. This is a fictional demonstration listing; no employer receives applications.",3.8,2026-09-12,2026-10-28,True,"MIS Executive Join the logistics team at Cobalt Systems as a MIS Executive. Your work supports regional expansion for a cross-functional transformation program. You will automate spreadsheet checks, prepare management summaries, and reconcile inventory records. Use Excel, Reporting, Data Cleaning to deliver clear, documented work. Collaborate with a team of 16 across customer success and sales. Success means measurable quality improvements. This is a fictional demonstration listing; no employer receives applications. Communication Data Cleaning Excel Reporting SQL Advanced Excel Excel VBA Power BI"
SYN-0485,onsite,False,SQL Developer,Cobalt Solutions,Kolkata,West Bengal,1110000,1460000,5.0,7.0,"[""Database Design"", ""ETL"", ""PostgreSQL"", ""SQL""]","[""Advanced SQL"", ""Git"", ""Python"", ""SQL Server""]",BCA,Technology,Full-time,"Join the technology team at Cobalt Solutions as a SQL Developer. Your work supports quality improvement for a cross-functional transformation program. You will build scheduled data pipelines, optimize database queries, and design warehouse tables. Use SQL, PostgreSQL, Database Design to deliver clear, documented work. Collaborate with a team of 12 across finance and strategy. Success means clear stakeholder communication. This is a fictional demonstration listing; no employer receives applications.",4.5,2026-09-12,2026-11-18,True,"SQL Developer Join the technology team at Cobalt Solutions as a SQL Developer. Your work supports quality improvement for a cross-functional transformation program. You will build scheduled data pipelines, optimize database queries, and design warehouse tables. Use SQL, PostgreSQL, Database Design to deliver clear, documented work. Collaborate with a team of 12 across finance and strategy. Success means clear stakeholder communication. This is a fictional demonstration listing; no employer receives applications. Database Design ETL PostgreSQL SQL Advanced SQL Git Python SQL Server"
SYN-0486,onsite,False,Python Developer,Meridian Systems,Bangalore,Karnataka,400000,580000,0,2.0,"[""Flask"", ""Git"", ""Python"", ""REST API"", ""SQL""]","[""Django"", ""Docker"", ""FastAPI"", ""Linux""]",Diploma,Finance,Full-time,"Join the finance team at Meridian Systems as a Python Developer. Your work supports cost optimization for weekly business reviews. You will write integration tests, improve service reliability, and build backend APIs. Use Python, Flask, SQL to deliver clear, documented work. Collaborate with a team of 13 across customer success and sales. Success means well-tested, reusable outputs. This is a fictional demonstration listing; no employer receives applications.",4.7,2026-09-03,2026-12-15,True,"Python Developer Join the finance team at Meridian Systems as a Python Developer. Your work supports cost optimization for weekly business reviews. You will write integration tests, improve service reliability, and build backend APIs. Use Python, Flask, SQL to deliver clear, documented work. Collaborate with a team of 13 across customer success and sales. Success means well-tested, reusable outputs. This is a fictional demonstration listing; no employer receives applications. Flask Git Python REST API SQL Django Docker FastAPI Linux"
SYN-0487,onsite,False,Junior Data Scientist,Bluepeak Works,Hyderabad,Telangana,600000,850000,1.0,3.0,"[""Feature Engineering"", ""Machine Learning"", ""Pandas"", ""Python"", ""SQL"", ""Statistics""]","[""A/B Testing"", ""NLP"", ""Scikit-learn""]",BSc,Healthcare,Full-time,"Join the healthcare team at Bluepeak Works as a Junior Data Scientist. Your work supports service efficiency for weekly business reviews. You will explain model errors, evaluate classification models, and prototype demand forecasts. Use Python, Statistics, Machine Learning to deliver clear, documented work. Collaborate with a team of 10 across finance and strategy. Success means reliable weekly delivery. This is a fictional demonstration listing; no employer receives applications.",3.3,2026-10-04,2026-12-19,True,"Junior Data Scientist Join the healthcare team at Bluepeak Works as a Junior Data Scientist. Your work supports service efficiency for weekly business reviews. You will explain model errors, evaluate classification models, and prototype demand forecasts. Use Python, Statistics, Machine Learning to deliver clear, documented work. Collaborate with a team of 10 across finance and strategy. Success means reliable weekly delivery. This is a fictional demonstration listing; no employer receives applications. Feature Engineering Machine Learning Pandas Python SQL Statistics A/B Testing NLP Scikit-learn"
SYN-0488,onsite,False,Machine Learning Engineer,Vantage Systems,Delhi,Delhi,980000,1330000,1.0,4.0,"[""Docker"", ""Machine Learning"", ""Model Evaluation"", ""Python"", ""Scikit-learn""]","[""AWS"", ""MLOps"", ""PyTorch"", ""TensorFlow""]",BTech,Logistics,Contract,"Join the logistics team at Vantage Systems as a Machine Learning Engineer. Your work supports subscription growth for a cross-functional transformation program. You will monitor model drift, build reproducible ML pipelines, and optimize inference workloads. Use Python, Machine Learning, Scikit-learn to deliver clear, documented work. Collaborate with a team of 18 across finance and strategy. Success means reliable weekly delivery. This is a fictional demonstration listing; no employer receives applications.",4.9,2026-10-05,2026-10-30,True,"Machine Learning Engineer Join the logistics team at Vantage Systems as a Machine Learning Engineer. Your work supports subscription growth for a cross-functional transformation program. You will monitor model drift, build reproducible ML pipelines, and optimize inference workloads. Use Python, Machine Learning, Scikit-learn to deliver clear, documented work. Collaborate with a team of 18 across finance and strategy. Success means reliable weekly delivery. This is a fictional demonstration listing; no employer receives applications. Docker Machine Learning Model Evaluation Python Scikit-learn AWS MLOps PyTorch TensorFlow"
SYN-0489,onsite,False,Software Developer,Riverstone Works,Noida,Uttar Pradesh,390000,510000,0,3.0,"[""Algorithms"", ""Git"", ""Java"", ""OOP"", ""SQL""]","[""Agile"", ""Docker"", ""Python"", ""REST API""]",BTech,Healthcare,Contract,"Join the healthcare team at Riverstone Works as a Software Developer. Your work supports inventory accuracy for a new product launch. You will resolve production defects, implement service features, and review maintainable code. Use Java, SQL, Git to deliver clear, documented work. Collaborate with a team of 8 across finance and strategy. Success means well-tested, reusable outputs. This is a fictional demonstration listing; no employer receives applications.",4.7,2026-09-06,2027-01-04,True,"Software Developer Join the healthcare team at Riverstone Works as a Software Developer. Your work supports inventory accuracy for a new product launch. You will resolve production defects, implement service features, and review maintainable code. Use Java, SQL, Git to deliver clear, documented work. Collaborate with a team of 8 across finance and strategy. Success means well-tested, reusable outputs. This is a fictional demonstration listing; no employer receives applications. Algorithms Git Java OOP SQL Agile Docker Python REST API"
SYN-0490,onsite,False,Web Developer,Evergreen Labs,Gurugram,Haryana,700000,820000,3.0,4.0,"[""CSS"", ""Git"", ""HTML"", ""JavaScript"", ""Node.js"", ""React""]","[""Accessibility"", ""Bootstrap"", ""TypeScript""]",Diploma,Healthcare,Full-time,"Join the healthcare team at Evergreen Labs as a Web Developer. Your work supports service efficiency for an expanding customer base. You will optimize page performance, integrate REST APIs, and build accessible interfaces. Use HTML, CSS, JavaScript to deliver clear, documented work. Collaborate with a team of 13 across design and engineering. Success means clear stakeholder communication. This is a fictional demonstration listing; no employer receives applications.",3.3,2026-08-30,2026-10-24,True,"Web Developer Join the healthcare team at Evergreen Labs as a Web Developer. Your work supports service efficiency for an expanding customer base. You will optimize page performance, integrate REST APIs, and build accessible interfaces. Use HTML, CSS, JavaScript to deliver clear, documented work. Collaborate with a team of 13 across design and engineering. Success means clear stakeholder communication. This is a fictional demonstration listing; no employer receives applications. CSS Git HTML JavaScript Node.js React Accessibility Bootstrap TypeScript"
SYN-0491,onsite,False,Digital Marketing Analyst,Nimbus Solutions,Mumbai,Maharashtra,340000,460000,0,2.0,"[""Digital Marketing"", ""Excel"", ""Google Analytics"", ""SEO""]","[""Campaign Analysis"", ""Google Ads"", ""Power BI"", ""SQL""]",BA,Logistics,Full-time,"Join the logistics team at Nimbus Solutions as a Digital Marketing Analyst. Your work supports inventory accuracy for a new product launch. You will measure campaign conversion, recommend landing page experiments, and build attribution reports. Use Google Analytics, SEO, Excel to deliver clear, documented work. Collaborate with a team of 16 across finance and strategy. Success means measurable quality improvements. This is a fictional demonstration listing; no employer receives applications.",3.7,2026-08-30,2027-01-01,True,"Digital Marketing Analyst Join the logistics team at Nimbus Solutions as a Digital Marketing Analyst. Your work supports inventory accuracy for a new product launch. You will measure campaign conversion, recommend landing page experiments, and build attribution reports. Use Google Analytics, SEO, Excel to deliver clear, documented work. Collaborate with a team of 16 across finance and strategy. Success means measurable quality improvements. This is a fictional demonstration listing; no employer receives applications. Digital Marketing Excel Google Analytics SEO Campaign Analysis Google Ads Power BI SQL"
SYN-0492,onsite,False,SEO Analyst,Bluepeak Partners,Pune,Maharashtra,310000,660000,1.0,2.0,"[""Content Marketing"", ""Excel"", ""Google Analytics"", ""SEO""]","[""Copywriting"", ""HTML"", ""Market Research"", ""SEM""]",12th,Healthcare,Full-time,"Join the healthcare team at Bluepeak Partners as a SEO Analyst. Your work supports subscription growth for regional service teams. You will audit site content, research search demand, and improve technical SEO checks. Use SEO, Google Analytics, Content Marketing to deliver clear, documented work. Collaborate with a team of 13 across customer success and sales. Success means reliable weekly delivery. This is a fictional demonstration listing; no employer receives applications.",4.7,2026-09-28,2026-10-22,True,"SEO Analyst Join the healthcare team at Bluepeak Partners as a SEO Analyst. Your work supports subscription growth for regional service teams. You will audit site content, research search demand, and improve technical SEO checks. Use SEO, Google Analytics, Content Marketing to deliver clear, documented work. Collaborate with a team of 13 across customer success and sales. Success means reliable weekly delivery. This is a fictional demonstration listing; no employer receives applications. Content Marketing Excel Google Analytics SEO Copywriting HTML Market Research SEM"
SYN-0493,onsite,False,Customer Support Executive,Orbit Systems,Chennai,Tamil Nadu,350000,470000,2.0,3.0,"[""Communication"", ""Conflict Resolution"", ""CRM"", ""Customer Support"", ""Ticketing""]","[""Chat Support"", ""Email Support"", ""Zendesk""]",12th,Technology,Full-time,"Join the technology team at Orbit Systems as a Customer Support Executive. Your work supports customer experience for a new product launch. You will resolve customer tickets, identify recurring service problems, and meet response time targets. Use Customer Support, Communication, CRM to deliver clear, documented work. Collaborate with a team of 15 across customer success and sales. Success means clear stakeholder communication. This is a fictional demonstration listing; no employer receives applications.",3.9,2026-09-06,2026-11-06,True,"Customer Support Executive Join the technology team at Orbit Systems as a Customer Support Executive. Your work supports customer experience for a new product launch. You will resolve customer tickets, identify recurring service problems, and meet response time targets. Use Customer Support, Communication, CRM to deliver clear, documented work. Collaborate with a team of 15 across customer success and sales. Success means clear stakeholder communication. This is a fictional demonstration listing; no employer receives applications. Communication Conflict Resolution CRM Customer Support Ticketing Chat Support Email Support Zendesk"
SYN-0494,onsite,False,Operations Analyst,Northstar Systems,Ahmedabad,Gujarat,180000,530000,0,2.0,"[""Excel"", ""Operations"", ""Process Improvement"", ""SQL""]","[""Forecasting"", ""Inventory Management"", ""Power BI"", ""Supply Chain""]",BA,Finance,Internship,"Join the finance team at Northstar Systems as a Operations Analyst. Your work supports regional expansion for weekly business reviews. You will analyze fulfillment delays, monitor service metrics, and identify process bottlenecks. Use Excel, SQL, Operations to deliver clear, documented work. Collaborate with a team of 10 across finance and strategy. Success means well-tested, reusable outputs. This is a fictional demonstration listing; no employer receives applications.",4.2,2026-09-18,2026-11-04,True,"Operations Analyst Join the finance team at Northstar Systems as a Operations Analyst. Your work supports regional expansion for weekly business reviews. You will analyze fulfillment delays, monitor service metrics, and identify process bottlenecks. Use Excel, SQL, Operations to deliver clear, documented work. Collaborate with a team of 10 across finance and strategy. Success means well-tested, reusable outputs. This is a fictional demonstration listing; no employer receives applications. Excel Operations Process Improvement SQL Forecasting Inventory Management Power BI Supply Chain"
SYN-0495,onsite,False,Financial Analyst,Bluepeak Labs,Patna,Bihar,460000,580000,1.0,2.0,"[""Accounting"", ""Excel"", ""Financial Analysis"", ""Financial Modeling""]","[""Budgeting"", ""Power BI"", ""SQL"", ""Valuation""]",BCom,Healthcare,Part-time,"Join the healthcare team at Bluepeak Labs as a Financial Analyst. Your work supports quality improvement for a new product launch. You will prepare budget variance reports, model unit economics, and validate financial assumptions. Use Excel, Financial Analysis, Accounting to deliver clear, documented work. Collaborate with a team of 9 across finance and strategy. Success means well-tested, reusable outputs. This is a fictional demonstration listing; no employer receives applications.",3.2,2026-09-15,2026-12-18,True,"Financial Analyst Join the healthcare team at Bluepeak Labs as a Financial Analyst. Your work supports quality improvement for a new product launch. You will prepare budget variance reports, model unit economics, and validate financial assumptions. Use Excel, Financial Analysis, Accounting to deliver clear, documented work. Collaborate with a team of 9 across finance and strategy. Success means well-tested, reusable outputs. This is a fictional demonstration listing; no employer receives applications. Accounting Excel Financial Analysis Financial Modeling Budgeting Power BI SQL Valuation"
SYN-0496,remote,True,Cybersecurity Analyst,Northstar Labs,Remote,Remote,480000,730000,0,1.0,"[""Cybersecurity"", ""Linux"", ""Networking"", ""SIEM"", ""Wireshark""]","[""Incident Response"", ""Python"", ""Splunk""]",BTech,Retail,Full-time,"Join the retail team at Northstar Labs as a Cybersecurity Analyst. Your work supports inventory accuracy for an expanding customer base. You will assess infrastructure vulnerabilities, triage security alerts, and document response procedures. Use Cybersecurity, Networking, Linux to deliver clear, documented work. Collaborate with a team of 7 across design and engineering. Success means reliable weekly delivery. This is a fictional demonstration listing; no employer receives applications.",3.6,2026-09-02,2026-11-11,True,"Cybersecurity Analyst Join the retail team at Northstar Labs as a Cybersecurity Analyst. Your work supports inventory accuracy for an expanding customer base. You will assess infrastructure vulnerabilities, triage security alerts, and document response procedures. Use Cybersecurity, Networking, Linux to deliver clear, documented work. Collaborate with a team of 7 across design and engineering. Success means reliable weekly delivery. This is a fictional demonstration listing; no employer receives applications. Cybersecurity Linux Networking SIEM Wireshark Incident Response Python Splunk"
SYN-0497,onsite,False,Cloud Engineer,Riverstone Labs,Kolkata,West Bengal,930000,1110000,2.0,5.0,"[""AWS"", ""Docker"", ""Linux"", ""Networking""]","[""Azure"", ""Kubernetes"", ""Monitoring"", ""Terraform""]",BTech,Media,Full-time,"Join the media team at Riverstone Labs as a Cloud Engineer. Your work supports cost optimization for a new product launch. You will monitor system capacity, improve deployment reliability, and automate infrastructure changes. Use AWS, Linux, Networking to deliver clear, documented work. Collaborate with a team of 18 across finance and strategy. Success means well-tested, reusable outputs. This is a fictional demonstration listing; no employer receives applications.",4.4,2026-09-14,2027-01-02,True,"Cloud Engineer Join the media team at Riverstone Labs as a Cloud Engineer. Your work supports cost optimization for a new product launch. You will monitor system capacity, improve deployment reliability, and automate infrastructure changes. Use AWS, Linux, Networking to deliver clear, documented work. Collaborate with a team of 18 across finance and strategy. Success means well-tested, reusable outputs. This is a fictional demonstration listing; no employer receives applications. AWS Docker Linux Networking Azure Kubernetes Monitoring Terraform"
SYN-0498,onsite,False,Graphic Designer,Lumina Partners,Bangalore,Karnataka,320000,670000,1.0,4.0,"[""Canva"", ""Illustrator"", ""Photoshop"", ""Typography""]","[""Branding"", ""Figma"", ""InDesign"", ""Video Editing""]",Diploma,Media,Full-time,"Join the media team at Lumina Partners as a Graphic Designer. Your work supports cost optimization for a new product launch. You will prepare print layouts, maintain visual guidelines, and adapt creative for digital channels. Use Photoshop, Illustrator, Canva to deliver clear, documented work. Collaborate with a team of 5 across product and operations. Success means measurable quality improvements. This is a fictional demonstration listing; no employer receives applications.",3.5,2026-08-31,2026-10-23,True,"Graphic Designer Join the media team at Lumina Partners as a Graphic Designer. Your work supports cost optimization for a new product launch. You will prepare print layouts, maintain visual guidelines, and adapt creative for digital channels. Use Photoshop, Illustrator, Canva to deliver clear, documented work. Collaborate with a team of 5 across product and operations. Success means measurable quality improvements. This is a fictional demonstration listing; no employer receives applications. Canva Illustrator Photoshop Typography Branding Figma InDesign Video Editing"
SYN-0499,onsite,False,Marketing Analyst,Riverstone Systems,Hyderabad,Telangana,440000,790000,1.0,4.0,"[""A/B Testing"", ""Campaign Analysis"", ""Excel"", ""Google Analytics"", ""Market Research""]","[""Communication"", ""SQL"", ""Tableau""]",BA,Manufacturing,Full-time,"Join the manufacturing team at Riverstone Systems as a Marketing Analyst. Your work supports service efficiency for regional service teams. You will present customer insights, segment customer audiences, and measure marketing efficiency. Use Excel, Market Research, Google Analytics to deliver clear, documented work. Collaborate with a team of 13 across product and operations. Success means reliable weekly delivery. This is a fictional demonstration listing; no employer receives applications.",3.9,2026-09-05,2026-12-26,True,"Marketing Analyst Join the manufacturing team at Riverstone Systems as a Marketing Analyst. Your work supports service efficiency for regional service teams. You will present customer insights, segment customer audiences, and measure marketing efficiency. Use Excel, Market Research, Google Analytics to deliver clear, documented work. Collaborate with a team of 13 across product and operations. Success means reliable weekly delivery. This is a fictional demonstration listing; no employer receives applications. A/B Testing Campaign Analysis Excel Google Analytics Market Research Communication SQL Tableau"
SYN-0500,onsite,False,HR Analyst,Bluepeak Labs,Delhi,Delhi,300000,550000,0,2.0,"[""Communication"", ""Excel"", ""HR Analytics"", ""Reporting""]","[""HRIS"", ""Payroll"", ""Power BI"", ""SQL""]",BA,Retail,Full-time,"Join the retail team at Bluepeak Labs as a HR Analyst. Your work supports inventory accuracy for an expanding customer base. You will analyze workforce trends, audit HR data quality, and monitor employee retention. Use Excel, HR Analytics, Communication to deliver clear, documented work. Collaborate with a team of 16 across product and operations. Success means clear stakeholder communication. This is a fictional demonstration listing; no employer receives applications.",4.0,2026-08-30,2026-12-20,True,"HR Analyst Join the retail team at Bluepeak Labs as a HR Analyst. Your work supports inventory accuracy for an expanding customer base. You will analyze workforce trends, audit HR data quality, and monitor employee retention. Use Excel, HR Analytics, Communication to deliver clear, documented work. Collaborate with a team of 16 across product and operations. Success means clear stakeholder communication. This is a fictional demonstration listing; no employer receives applications. Communication Excel HR Analytics Reporting HRIS Payroll Power BI SQL"
SYN-0501,onsite,False,Business Intelligence Analyst,Prism Labs,Noida,Uttar Pradesh,240000,360000,0,2.0,"[""Data Modeling"", ""Data Visualization"", ""Power BI"", ""SQL""]","[""DAX"", ""Excel"", ""Stakeholder Management"", ""Tableau""]",BSc,Healthcare,Internship,"Join the healthcare team at Prism Labs as a Business Intelligence Analyst. Your work supports service efficiency for a new product launch. You will build self-service analytics, document reporting models, and translate business questions into dashboards. Use SQL, Power BI, Data Modeling to deliver clear, documented work. Collaborate with a team of 14 across finance and strategy. Success means clear stakeholder communication. This is a fictional demonstration listing; no employer receives applications.",3.5,2026-09-27,2026-11-11,True,"Business Intelligence Analyst Join the healthcare team at Prism Labs as a Business Intelligence Analyst. Your work supports service efficiency for a new product launch. You will build self-service analytics, document reporting models, and translate business questions into dashboards. Use SQL, Power BI, Data Modeling to deliver clear, documented work. Collaborate with a team of 14 across finance and strategy. Success means clear stakeholder communication. This is a fictional demonstration listing; no employer receives applications. Data Modeling Data Visualization Power BI SQL DAX Excel Stakeholder Management Tableau"
SYN-0502,onsite,False,Quality Assurance Analyst,Nimbus Works,Gurugram,Haryana,180000,360000,0,2.0,"[""Agile"", ""Communication"", ""Problem Solving"", ""Quality Assurance"", ""SQL""]","[""Jira"", ""Python"", ""REST API""]",Diploma,Healthcare,Internship,"Join the healthcare team at Nimbus Works as a Quality Assurance Analyst. Your work supports service efficiency for a new product launch. You will reproduce reported defects, verify data integrity, and track release readiness. Use Quality Assurance, SQL, Communication to deliver clear, documented work. Collaborate with a team of 10 across customer success and sales. Success means clear stakeholder communication. This is a fictional demonstration listing; no employer receives applications.",4.1,2026-09-07,2026-12-18,True,"Quality Assurance Analyst Join the healthcare team at Nimbus Works as a Quality Assurance Analyst. Your work supports service efficiency for a new product launch. You will reproduce reported defects, verify data integrity, and track release readiness. Use Quality Assurance, SQL, Communication to deliver clear, documented work. Collaborate with a team of 10 across customer success and sales. Success means clear stakeholder communication. This is a fictional demonstration listing; no employer receives applications. Agile Communication Problem Solving Quality Assurance SQL Jira Python REST API"
SYN-0503,onsite,False,UX Researcher,Maple Works,Mumbai,Maharashtra,760000,940000,2.0,5.0,"[""Communication"", ""Figma"", ""Prototyping"", ""UX Research""]","[""A/B Testing"", ""Accessibility"", ""Presentation"", ""UI Design""]",BA,Education,Part-time,"Join the education team at Maple Works as a UX Researcher. Your work supports regional expansion for a new product launch. You will conduct usability sessions, present user journey insights, and synthesize research findings. Use UX Research, Figma, Communication to deliver clear, documented work. Collaborate with a team of 17 across design and engineering. Success means well-tested, reusable outputs. This is a fictional demonstration listing; no employer receives applications.",4.0,2026-09-23,2026-12-09,True,"UX Researcher Join the education team at Maple Works as a UX Researcher. Your work supports regional expansion for a new product launch. You will conduct usability sessions, present user journey insights, and synthesize research findings. Use UX Research, Figma, Communication to deliver clear, documented work. Collaborate with a team of 17 across design and engineering. Success means well-tested, reusable outputs. This is a fictional demonstration listing; no employer receives applications. Communication Figma Prototyping UX Research A/B Testing Accessibility Presentation UI Design"
SYN-0504,onsite,False,Data Engineer,Orbit Systems,Pune,Maharashtra,610000,960000,0,2.0,"[""Data Modeling"", ""ETL"", ""PostgreSQL"", ""Python"", ""SQL""]","[""AWS"", ""Azure"", ""Databricks"", ""Spark""]",BTech,Media,Full-time,"Join the media team at Orbit Systems as a Data Engineer. Your work supports subscription growth for a new product launch. You will build ingestion pipelines, enforce data quality contracts, and monitor dataset freshness. Use Python, SQL, ETL to deliver clear, documented work. Collaborate with a team of 5 across product and operations. Success means measurable quality improvements. This is a fictional demonstration listing; no employer receives applications.",4.4,2026-09-07,2026-11-10,True,"Data Engineer Join the media team at Orbit Systems as a Data Engineer. Your work supports subscription growth for a new product launch. You will build ingestion pipelines, enforce data quality contracts, and monitor dataset freshness. Use Python, SQL, ETL to deliver clear, documented work. Collaborate with a team of 5 across product and operations. Success means measurable quality improvements. This is a fictional demonstration listing; no employer receives applications. Data Modeling ETL PostgreSQL Python SQL AWS Azure Databricks Spark"
SYN-0505,onsite,False,Data Analyst,Lumina Partners,Ahmedabad,Gujarat,390000,510000,0,1.0,"[""Data Cleaning"", ""DAX"", ""Excel"", ""Power BI"", ""Python"", ""SQL"", ""Statistics""]","[""ETL"", ""Pandas"", ""Presentation"", ""Tableau""]",Diploma,Technology,Full-time,"Join the technology team at Lumina Partners as a Data Analyst. Your work supports inventory accuracy for an expanding customer base. You will analyze sales funnels, explain customer retention, and build weekly KPI dashboards. Use SQL, Excel, Python to deliver clear, documented work. Collaborate with a team of 10 across finance and strategy. Success means reliable weekly delivery. This is a fictional demonstration listing; no employer receives applications.",4.2,2026-08-29,2026-11-14,True,"Data Analyst Join the technology team at Lumina Partners as a Data Analyst. Your work supports inventory accuracy for an expanding customer base. You will analyze sales funnels, explain customer retention, and build weekly KPI dashboards. Use SQL, Excel, Python to deliver clear, documented work. Collaborate with a team of 10 across finance and strategy. Success means reliable weekly delivery. This is a fictional demonstration listing; no employer receives applications. Data Cleaning DAX Excel Power BI Python SQL Statistics ETL Pandas Presentation Tableau"
SYN-0506,onsite,False,Business Analyst,Meridian Systems,Patna,Bihar,380000,730000,0,3.0,"[""Business Analysis"", ""Communication"", ""Excel"", ""Requirements Gathering"", ""SQL""]","[""Agile"", ""Jira"", ""Process Improvement"", ""Tableau""]",BA,Healthcare,Full-time,"Join the healthcare team at Meridian Systems as a Business Analyst. Your work supports digital transformation for regional service teams. You will document business requirements, interview stakeholders, and map operational workflows. Use SQL, Excel, Business Analysis to deliver clear, documented work. Collaborate with a team of 7 across design and engineering. Success means measurable quality improvements. This is a fictional demonstration listing; no employer receives applications.",4.6,2026-09-13,2026-12-19,True,"Business Analyst Join the healthcare team at Meridian Systems as a Business Analyst. Your work supports digital transformation for regional service teams. You will document business requirements, interview stakeholders, and map operational workflows. Use SQL, Excel, Business Analysis to deliver clear, documented work. Collaborate with a team of 7 across design and engineering. Success means measurable quality improvements. This is a fictional demonstration listing; no employer receives applications. Business Analysis Communication Excel Requirements Gathering SQL Agile Jira Process Improvement Tableau"
SYN-0507,remote,True,Power BI Developer,Juniper Solutions,Remote,Remote,780000,960000,2.0,5.0,"[""Data Modeling"", ""DAX"", ""Power BI"", ""Power Query"", ""SQL""]","[""Azure"", ""Dashboard Design"", ""ETL"", ""Excel""]",BTech,Logistics,Full-time,"Join the logistics team at Juniper Solutions as a Power BI Developer. Your work supports customer experience for a new product launch. You will optimize DAX measures, publish operational dashboards, and design dimensional models. Use Power BI, DAX, SQL to deliver clear, documented work. Collaborate with a team of 17 across product and operations. Success means measurable quality improvements. This is a fictional demonstration listing; no employer receives applications.",4.0,2026-10-01,2026-10-31,True,"Power BI Developer Join the logistics team at Juniper Solutions as a Power BI Developer. Your work supports customer experience for a new product launch. You will optimize DAX measures, publish operational dashboards, and design dimensional models. Use Power BI, DAX, SQL to deliver clear, documented work. Collaborate with a team of 17 across product and operations. Success means measurable quality improvements. This is a fictional demonstration listing; no employer receives applications. Data Modeling DAX Power BI Power Query SQL Azure Dashboard Design ETL Excel"
SYN-0508,onsite,False,MIS Executive,Bluepeak Partners,Kolkata,West Bengal,300000,650000,1.0,3.0,"[""Communication"", ""Data Cleaning"", ""Excel"", ""Power BI"", ""Reporting""]","[""Advanced Excel"", ""Excel VBA"", ""SQL""]",12th,Manufacturing,Full-time,"Join the manufacturing team at Bluepeak Partners as a MIS Executive. Your work supports service efficiency for regional service teams. You will automate spreadsheet checks, prepare management summaries, and maintain daily reports. Use Excel, Reporting, Data Cleaning to deliver clear, documented work. Collaborate with a team of 5 across product and operations. Success means measurable quality improvements. This is a fictional demonstration listing; no employer receives applications.",3.3,2026-09-26,2027-01-02,True,"MIS Executive Join the manufacturing team at Bluepeak Partners as a MIS Executive. Your work supports service efficiency for regional service teams. You will automate spreadsheet checks, prepare management summaries, and maintain daily reports. Use Excel, Reporting, Data Cleaning to deliver clear, documented work. Collaborate with a team of 5 across product and operations. Success means measurable quality improvements. This is a fictional demonstration listing; no employer receives applications. Communication Data Cleaning Excel Power BI Reporting Advanced Excel Excel VBA SQL"
SYN-0509,onsite,False,SQL Developer,Nimbus Solutions,Bangalore,Karnataka,710000,890000,2.0,4.0,"[""Database Design"", ""ETL"", ""PostgreSQL"", ""SQL""]","[""Advanced SQL"", ""Git"", ""Python"", ""SQL Server""]",BCA,Logistics,Full-time,"Join the logistics team at Nimbus Solutions as a SQL Developer. Your work supports subscription growth for an expanding customer base. You will optimize database queries, audit data consistency, and build scheduled data pipelines. Use SQL, PostgreSQL, Database Design to deliver clear, documented work. Collaborate with a team of 14 across customer success and sales. Success means measurable quality improvements. This is a fictional demonstration listing; no employer receives applications.",4.3,2026-09-24,2026-12-19,True,"SQL Developer Join the logistics team at Nimbus Solutions as a SQL Developer. Your work supports subscription growth for an expanding customer base. You will optimize database queries, audit data consistency, and build scheduled data pipelines. Use SQL, PostgreSQL, Database Design to deliver clear, documented work. Collaborate with a team of 14 across customer success and sales. Success means measurable quality improvements. This is a fictional demonstration listing; no employer receives applications. Database Design ETL PostgreSQL SQL Advanced SQL Git Python SQL Server"
SYN-0510,onsite,False,Python Developer,Prism Systems,Hyderabad,Telangana,550000,800000,1.0,4.0,"[""Flask"", ""Git"", ""Python"", ""REST API"", ""SQL""]","[""Django"", ""Docker"", ""FastAPI"", ""Linux""]",Diploma,Education,Full-time,"Join the education team at Prism Systems as a Python Developer. Your work supports customer experience for an expanding customer base. You will improve service reliability, write integration tests, and maintain internal automation. Use Python, Flask, SQL to deliver clear, documented work. Collaborate with a team of 16 across design and engineering. Success means well-tested, reusable outputs. This is a fictional demonstration listing; no employer receives applications.",3.3,2026-10-03,2026-11-26,True,"Python Developer Join the education team at Prism Systems as a Python Developer. Your work supports customer experience for an expanding customer base. You will improve service reliability, write integration tests, and maintain internal automation. Use Python, Flask, SQL to deliver clear, documented work. Collaborate with a team of 16 across design and engineering. Success means well-tested, reusable outputs. This is a fictional demonstration listing; no employer receives applications. Flask Git Python REST API SQL Django Docker FastAPI Linux"
SYN-0511,onsite,False,Junior Data Scientist,Evergreen Labs,Delhi,Delhi,760000,1110000,1.0,3.0,"[""A/B Testing"", ""Machine Learning"", ""Pandas"", ""Python"", ""SQL"", ""Statistics""]","[""Feature Engineering"", ""NLP"", ""Scikit-learn""]",BSc,Finance,Part-time,"Join the finance team at Evergreen Labs as a Junior Data Scientist. Your work supports digital transformation for regional service teams. You will prepare experimentation datasets, explain model errors, and prototype demand forecasts. Use Python, Statistics, Machine Learning to deliver clear, documented work. Collaborate with a team of 16 across design and engineering. Success means reliable weekly delivery. This is a fictional demonstration listing; no employer receives applications.",4.0,2026-09-11,2026-12-23,True,"Junior Data Scientist Join the finance team at Evergreen Labs as a Junior Data Scientist. Your work supports digital transformation for regional service teams. You will prepare experimentation datasets, explain model errors, and prototype demand forecasts. Use Python, Statistics, Machine Learning to deliver clear, documented work. Collaborate with a team of 16 across design and engineering. Success means reliable weekly delivery. This is a fictional demonstration listing; no employer receives applications. A/B Testing Machine Learning Pandas Python SQL Statistics Feature Engineering NLP Scikit-learn"
SYN-0512,onsite,False,Machine Learning Engineer,Cedar Labs,Noida,Uttar Pradesh,1140000,1490000,3.0,6.0,"[""Docker"", ""Machine Learning"", ""Model Evaluation"", ""Python"", ""Scikit-learn""]","[""AWS"", ""MLOps"", ""PyTorch"", ""TensorFlow""]",BTech,Manufacturing,Full-time,"Join the manufacturing team at Cedar Labs as a Machine Learning Engineer. Your work supports cost optimization for a cross-functional transformation program. You will build reproducible ML pipelines, serve prediction models, and optimize inference workloads. Use Python, Machine Learning, Scikit-learn to deliver clear, documented work. Collaborate with a team of 12 across product and operations. Success means reliable weekly delivery. This is a fictional demonstration listing; no employer receives applications.",3.5,2026-09-27,2026-11-08,True,"Machine Learning Engineer Join the manufacturing team at Cedar Labs as a Machine Learning Engineer. Your work supports cost optimization for a cross-functional transformation program. You will build reproducible ML pipelines, serve prediction models, and optimize inference workloads. Use Python, Machine Learning, Scikit-learn to deliver clear, documented work. Collaborate with a team of 12 across product and operations. Success means reliable weekly delivery. This is a fictional demonstration listing; no employer receives applications. Docker Machine Learning Model Evaluation Python Scikit-learn AWS MLOps PyTorch TensorFlow"
SYN-0513,onsite,False,Software Developer,Aster Labs,Gurugram,Haryana,630000,810000,1.0,4.0,"[""Algorithms"", ""Git"", ""Java"", ""OOP"", ""SQL""]","[""Agile"", ""Docker"", ""Python"", ""REST API""]",BTech,Manufacturing,Full-time,"Join the manufacturing team at Aster Labs as a Software Developer. Your work supports service efficiency for weekly business reviews. You will resolve production defects, review maintainable code, and implement service features. Use Java, SQL, Git to deliver clear, documented work. Collaborate with a team of 8 across customer success and sales. Success means well-tested, reusable outputs. This is a fictional demonstration listing; no employer receives applications.",3.3,2026-09-11,2026-11-29,True,"Software Developer Join the manufacturing team at Aster Labs as a Software Developer. Your work supports service efficiency for weekly business reviews. You will resolve production defects, review maintainable code, and implement service features. Use Java, SQL, Git to deliver clear, documented work. Collaborate with a team of 8 across customer success and sales. Success means well-tested, reusable outputs. This is a fictional demonstration listing; no employer receives applications. Algorithms Git Java OOP SQL Agile Docker Python REST API"
SYN-0514,onsite,False,Web Developer,Nexa Solutions,Mumbai,Maharashtra,520000,870000,2.0,4.0,"[""Accessibility"", ""CSS"", ""Git"", ""HTML"", ""JavaScript"", ""React""]","[""Bootstrap"", ""Node.js"", ""TypeScript""]",Diploma,Finance,Full-time,"Join the finance team at Nexa Solutions as a Web Developer. Your work supports cost optimization for a cross-functional transformation program. You will integrate REST APIs, optimize page performance, and create reusable UI components. Use HTML, CSS, JavaScript to deliver clear, documented work. Collaborate with a team of 10 across design and engineering. Success means reliable weekly delivery. This is a fictional demonstration listing; no employer receives applications.",4.6,2026-09-01,2026-12-13,True,"Web Developer Join the finance team at Nexa Solutions as a Web Developer. Your work supports cost optimization for a cross-functional transformation program. You will integrate REST APIs, optimize page performance, and create reusable UI components. Use HTML, CSS, JavaScript to deliver clear, documented work. Collaborate with a team of 10 across design and engineering. Success means reliable weekly delivery. This is a fictional demonstration listing; no employer receives applications. Accessibility CSS Git HTML JavaScript React Bootstrap Node.js TypeScript"
SYN-0515,onsite,False,Digital Marketing Analyst,Juniper Systems,Pune,Maharashtra,260000,510000,0,3.0,"[""Digital Marketing"", ""Excel"", ""Google Analytics"", ""SEO""]","[""Campaign Analysis"", ""Google Ads"", ""Power BI"", ""SQL""]",BA,Healthcare,Full-time,"Join the healthcare team at Juniper Systems as a Digital Marketing Analyst. Your work supports service efficiency for a cross-functional transformation program. You will build attribution reports, recommend landing page experiments, and measure campaign conversion. Use Google Analytics, SEO, Excel to deliver clear, documented work. Collaborate with a team of 9 across product and operations. Success means measurable quality improvements. This is a fictional demonstration listing; no employer receives applications.",4.3,2026-09-14,2026-11-09,True,"Digital Marketing Analyst Join the healthcare team at Juniper Systems as a Digital Marketing Analyst. Your work supports service efficiency for a cross-functional transformation program. You will build attribution reports, recommend landing page experiments, and measure campaign conversion. Use Google Analytics, SEO, Excel to deliver clear, documented work. Collaborate with a team of 9 across product and operations. Success means measurable quality improvements. This is a fictional demonstration listing; no employer receives applications. Digital Marketing Excel Google Analytics SEO Campaign Analysis Google Ads Power BI SQL"
SYN-0516,onsite,False,SEO Analyst,Maple Partners,Chennai,Tamil Nadu,270000,450000,0,2.0,"[""Content Marketing"", ""Excel"", ""Google Analytics"", ""SEO""]","[""Copywriting"", ""HTML"", ""Market Research"", ""SEM""]",12th,Media,Full-time,"Join the media team at Maple Partners as a SEO Analyst. Your work supports subscription growth for an expanding customer base. You will audit site content, research search demand, and track organic conversions. Use SEO, Google Analytics, Content Marketing to deliver clear, documented work. Collaborate with a team of 18 across product and operations. Success means well-tested, reusable outputs. This is a fictional demonstration listing; no employer receives applications.",3.4,2026-09-21,2026-12-24,True,"SEO Analyst Join the media team at Maple Partners as a SEO Analyst. Your work supports subscription growth for an expanding customer base. You will audit site content, research search demand, and track organic conversions. Use SEO, Google Analytics, Content Marketing to deliver clear, documented work. Collaborate with a team of 18 across product and operations. Success means well-tested, reusable outputs. This is a fictional demonstration listing; no employer receives applications. Content Marketing Excel Google Analytics SEO Copywriting HTML Market Research SEM"
SYN-0517,onsite,False,Customer Support Executive,Lumina Systems,Ahmedabad,Gujarat,350000,600000,2.0,5.0,"[""Communication"", ""CRM"", ""Customer Support"", ""Email Support"", ""Ticketing""]","[""Chat Support"", ""Conflict Resolution"", ""Zendesk""]",12th,Retail,Full-time,"Join the retail team at Lumina Systems as a Customer Support Executive. Your work supports subscription growth for a cross-functional transformation program. You will resolve customer tickets, maintain accurate case notes, and identify recurring service problems. Use Customer Support, Communication, CRM to deliver clear, documented work. Collaborate with a team of 16 across customer success and sales. Success means measurable quality improvements. This is a fictional demonstration listing; no employer receives applications.",3.7,2026-09-01,2026-12-18,True,"Customer Support Executive Join the retail team at Lumina Systems as a Customer Support Executive. Your work supports subscription growth for a cross-functional transformation program. You will resolve customer tickets, maintain accurate case notes, and identify recurring service problems. Use Customer Support, Communication, CRM to deliver clear, documented work. Collaborate with a team of 16 across customer success and sales. Success means measurable quality improvements. This is a fictional demonstration listing; no employer receives applications. Communication CRM Customer Support Email Support Ticketing Chat Support Conflict Resolution Zendesk"
SYN-0518,onsite,False,Operations Analyst,Nexa Labs,Patna,Bihar,340000,520000,0,1.0,"[""Excel"", ""Operations"", ""Process Improvement"", ""SQL""]","[""Forecasting"", ""Inventory Management"", ""Power BI"", ""Supply Chain""]",BA,Education,Full-time,"Join the education team at Nexa Labs as a Operations Analyst. Your work supports customer experience for regional service teams. You will identify process bottlenecks, plan operational capacity, and analyze fulfillment delays. Use Excel, SQL, Operations to deliver clear, documented work. Collaborate with a team of 5 across design and engineering. Success means clear stakeholder communication. This is a fictional demonstration listing; no employer receives applications.",4.3,2026-10-03,2026-11-11,True,"Operations Analyst Join the education team at Nexa Labs as a Operations Analyst. Your work supports customer experience for regional service teams. You will identify process bottlenecks, plan operational capacity, and analyze fulfillment delays. Use Excel, SQL, Operations to deliver clear, documented work. Collaborate with a team of 5 across design and engineering. Success means clear stakeholder communication. This is a fictional demonstration listing; no employer receives applications. Excel Operations Process Improvement SQL Forecasting Inventory Management Power BI Supply Chain"
SYN-0519,remote,True,Financial Analyst,Maple Partners,Remote,Remote,460000,710000,1.0,4.0,"[""Accounting"", ""Excel"", ""Financial Analysis"", ""Financial Modeling""]","[""Budgeting"", ""Power BI"", ""SQL"", ""Valuation""]",BCom,Media,Full-time,"Join the media team at Maple Partners as a Financial Analyst. Your work supports regional expansion for a cross-functional transformation program. You will model unit economics, validate financial assumptions, and analyze monthly cash flow. Use Excel, Financial Analysis, Accounting to deliver clear, documented work. Collaborate with a team of 10 across finance and strategy. Success means measurable quality improvements. This is a fictional demonstration listing; no employer receives applications.",4.5,2026-09-07,2026-11-12,True,"Financial Analyst Join the media team at Maple Partners as a Financial Analyst. Your work supports regional expansion for a cross-functional transformation program. You will model unit economics, validate financial assumptions, and analyze monthly cash flow. Use Excel, Financial Analysis, Accounting to deliver clear, documented work. Collaborate with a team of 10 across finance and strategy. Success means measurable quality improvements. This is a fictional demonstration listing; no employer receives applications. Accounting Excel Financial Analysis Financial Modeling Budgeting Power BI SQL Valuation"
SYN-0520,onsite,False,Cybersecurity Analyst,Cobalt Solutions,Kolkata,West Bengal,240000,590000,0,3.0,"[""Cybersecurity"", ""Linux"", ""Networking"", ""Python"", ""SIEM""]","[""Incident Response"", ""Splunk"", ""Wireshark""]",BTech,Education,Internship,"Join the education team at Cobalt Solutions as a Cybersecurity Analyst. Your work supports quality improvement for a new product launch. You will assess infrastructure vulnerabilities, investigate suspicious logs, and document response procedures. Use Cybersecurity, Networking, Linux to deliver clear, documented work. Collaborate with a team of 7 across design and engineering. Success means well-tested, reusable outputs. This is a fictional demonstration listing; no employer receives applications.",4.0,2026-09-01,2026-10-24,True,"Cybersecurity Analyst Join the education team at Cobalt Solutions as a Cybersecurity Analyst. Your work supports quality improvement for a new product launch. You will assess infrastructure vulnerabilities, investigate suspicious logs, and document response procedures. Use Cybersecurity, Networking, Linux to deliver clear, documented work. Collaborate with a team of 7 across design and engineering. Success means well-tested, reusable outputs. This is a fictional demonstration listing; no employer receives applications. Cybersecurity Linux Networking Python SIEM Incident Response Splunk Wireshark"
SYN-0521,onsite,False,Cloud Engineer,Cedar Partners,Bangalore,Karnataka,620000,740000,0,2.0,"[""AWS"", ""Docker"", ""Linux"", ""Networking""]","[""Azure"", ""Kubernetes"", ""Monitoring"", ""Terraform""]",BTech,Healthcare,Full-time,"Join the healthcare team at Cedar Partners as a Cloud Engineer. Your work supports service efficiency for regional service teams. You will operate cloud infrastructure, improve deployment reliability, and monitor system capacity. Use AWS, Linux, Networking to deliver clear, documented work. Collaborate with a team of 8 across finance and strategy. Success means well-tested, reusable outputs. This is a fictional demonstration listing; no employer receives applications.",4.4,2026-08-28,2026-12-07,True,"Cloud Engineer Join the healthcare team at Cedar Partners as a Cloud Engineer. Your work supports service efficiency for regional service teams. You will operate cloud infrastructure, improve deployment reliability, and monitor system capacity. Use AWS, Linux, Networking to deliver clear, documented work. Collaborate with a team of 8 across finance and strategy. Success means well-tested, reusable outputs. This is a fictional demonstration listing; no employer receives applications. AWS Docker Linux Networking Azure Kubernetes Monitoring Terraform"
SYN-0522,onsite,False,Graphic Designer,Northstar Solutions,Hyderabad,Telangana,240000,420000,0,3.0,"[""Canva"", ""Illustrator"", ""Photoshop"", ""Typography""]","[""Branding"", ""Figma"", ""InDesign"", ""Video Editing""]",Diploma,Retail,Internship,"Join the retail team at Northstar Solutions as a Graphic Designer. Your work supports cost optimization for a cross-functional transformation program. You will maintain visual guidelines, prepare print layouts, and adapt creative for digital channels. Use Photoshop, Illustrator, Canva to deliver clear, documented work. Collaborate with a team of 17 across customer success and sales. Success means measurable quality improvements. This is a fictional demonstration listing; no employer receives applications.",4.2,2026-09-12,2027-01-01,True,"Graphic Designer Join the retail team at Northstar Solutions as a Graphic Designer. Your work supports cost optimization for a cross-functional transformation program. You will maintain visual guidelines, prepare print layouts, and adapt creative for digital channels. Use Photoshop, Illustrator, Canva to deliver clear, documented work. Collaborate with a team of 17 across customer success and sales. Success means measurable quality improvements. This is a fictional demonstration listing; no employer receives applications. Canva Illustrator Photoshop Typography Branding Figma InDesign Video Editing"
SYN-0523,onsite,False,Marketing Analyst,Lumina Solutions,Delhi,Delhi,440000,560000,1.0,4.0,"[""A/B Testing"", ""Campaign Analysis"", ""Excel"", ""Google Analytics"", ""Market Research""]","[""Communication"", ""SQL"", ""Tableau""]",BA,Retail,Full-time,"Join the retail team at Lumina Solutions as a Marketing Analyst. Your work supports quality improvement for weekly business reviews. You will measure marketing efficiency, present customer insights, and segment customer audiences. Use Excel, Market Research, Google Analytics to deliver clear, documented work. Collaborate with a team of 18 across product and operations. Success means well-tested, reusable outputs. This is a fictional demonstration listing; no employer receives applications.",3.3,2026-09-05,2026-11-25,True,"Marketing Analyst Join the retail team at Lumina Solutions as a Marketing Analyst. Your work supports quality improvement for weekly business reviews. You will measure marketing efficiency, present customer insights, and segment customer audiences. Use Excel, Market Research, Google Analytics to deliver clear, documented work. Collaborate with a team of 18 across product and operations. Success means well-tested, reusable outputs. This is a fictional demonstration listing; no employer receives applications. A/B Testing Campaign Analysis Excel Google Analytics Market Research Communication SQL Tableau"
SYN-0524,onsite,False,HR Analyst,Northstar Partners,Noida,Uttar Pradesh,450000,570000,1.0,2.0,"[""Communication"", ""Excel"", ""HR Analytics"", ""Reporting""]","[""HRIS"", ""Payroll"", ""Power BI"", ""SQL""]",BA,Technology,Contract,"Join the technology team at Northstar Partners as a HR Analyst. Your work supports inventory accuracy for regional service teams. You will audit HR data quality, monitor employee retention, and analyze workforce trends. Use Excel, HR Analytics, Communication to deliver clear, documented work. Collaborate with a team of 8 across product and operations. Success means well-tested, reusable outputs. This is a fictional demonstration listing; no employer receives applications.",4.2,2026-10-03,2026-11-27,True,"HR Analyst Join the technology team at Northstar Partners as a HR Analyst. Your work supports inventory accuracy for regional service teams. You will audit HR data quality, monitor employee retention, and analyze workforce trends. Use Excel, HR Analytics, Communication to deliver clear, documented work. Collaborate with a team of 8 across product and operations. Success means well-tested, reusable outputs. This is a fictional demonstration listing; no employer receives applications. Communication Excel HR Analytics Reporting HRIS Payroll Power BI SQL"
SYN-0525,onsite,False,Business Intelligence Analyst,Vantage Partners,Gurugram,Haryana,860000,1040000,4.0,5.0,"[""Data Modeling"", ""Data Visualization"", ""Power BI"", ""SQL""]","[""DAX"", ""Excel"", ""Stakeholder Management"", ""Tableau""]",BSc,Retail,Full-time,"Join the retail team at Vantage Partners as a Business Intelligence Analyst. Your work supports cost optimization for an expanding customer base. You will document reporting models, define consistent KPI metrics, and translate business questions into dashboards. Use SQL, Power BI, Data Modeling to deliver clear, documented work. Collaborate with a team of 14 across customer success and sales. Success means clear stakeholder communication. This is a fictional demonstration listing; no employer receives applications.",4.4,2026-09-30,2026-11-17,True,"Business Intelligence Analyst Join the retail team at Vantage Partners as a Business Intelligence Analyst. Your work supports cost optimization for an expanding customer base. You will document reporting models, define consistent KPI metrics, and translate business questions into dashboards. Use SQL, Power BI, Data Modeling to deliver clear, documented work. Collaborate with a team of 14 across customer success and sales. Success means clear stakeholder communication. This is a fictional demonstration listing; no employer receives applications. Data Modeling Data Visualization Power BI SQL DAX Excel Stakeholder Management Tableau"
SYN-0526,onsite,False,Quality Assurance Analyst,Nexa Solutions,Mumbai,Maharashtra,380000,730000,1.0,2.0,"[""Agile"", ""Communication"", ""Problem Solving"", ""Quality Assurance"", ""SQL""]","[""Jira"", ""Python"", ""REST API""]",Diploma,Education,Full-time,"Join the education team at Nexa Solutions as a Quality Assurance Analyst. Your work supports customer experience for regional service teams. You will track release readiness, design test scenarios, and verify data integrity. Use Quality Assurance, SQL, Communication to deliver clear, documented work. Collaborate with a team of 8 across customer success and sales. Success means well-tested, reusable outputs. This is a fictional demonstration listing; no employer receives applications.",3.5,2026-10-05,2026-11-15,True,"Quality Assurance Analyst Join the education team at Nexa Solutions as a Quality Assurance Analyst. Your work supports customer experience for regional service teams. You will track release readiness, design test scenarios, and verify data integrity. Use Quality Assurance, SQL, Communication to deliver clear, documented work. Collaborate with a team of 8 across customer success and sales. Success means well-tested, reusable outputs. This is a fictional demonstration listing; no employer receives applications. Agile Communication Problem Solving Quality Assurance SQL Jira Python REST API"
SYN-0527,onsite,False,UX Researcher,Evergreen Systems,Pune,Maharashtra,460000,710000,0,3.0,"[""Communication"", ""Figma"", ""Prototyping"", ""UX Research""]","[""A/B Testing"", ""Accessibility"", ""Presentation"", ""UI Design""]",BA,Logistics,Full-time,"Join the logistics team at Evergreen Systems as a UX Researcher. Your work supports customer experience for a new product launch. You will validate interface prototypes, present user journey insights, and synthesize research findings. Use UX Research, Figma, Communication to deliver clear, documented work. Collaborate with a team of 17 across finance and strategy. Success means reliable weekly delivery. This is a fictional demonstration listing; no employer receives applications.",3.8,2026-09-17,2026-10-23,True,"UX Researcher Join the logistics team at Evergreen Systems as a UX Researcher. Your work supports customer experience for a new product launch. You will validate interface prototypes, present user journey insights, and synthesize research findings. Use UX Research, Figma, Communication to deliver clear, documented work. Collaborate with a team of 17 across finance and strategy. Success means reliable weekly delivery. This is a fictional demonstration listing; no employer receives applications. Communication Figma Prototyping UX Research A/B Testing Accessibility Presentation UI Design"
SYN-0528,onsite,False,Data Engineer,Northstar Labs,Chennai,Tamil Nadu,510000,690000,0,1.0,"[""Data Modeling"", ""ETL"", ""PostgreSQL"", ""Python"", ""SQL""]","[""AWS"", ""Azure"", ""Databricks"", ""Spark""]",BTech,Healthcare,Full-time,"Join the healthcare team at Northstar Labs as a Data Engineer. Your work supports digital transformation for a cross-functional transformation program. You will enforce data quality contracts, design analytical storage, and monitor dataset freshness. Use Python, SQL, ETL to deliver clear, documented work. Collaborate with a team of 4 across product and operations. Success means well-tested, reusable outputs. This is a fictional demonstration listing; no employer receives applications.",4.5,2026-09-24,2026-11-25,True,"Data Engineer Join the healthcare team at Northstar Labs as a Data Engineer. Your work supports digital transformation for a cross-functional transformation program. You will enforce data quality contracts, design analytical storage, and monitor dataset freshness. Use Python, SQL, ETL to deliver clear, documented work. Collaborate with a team of 4 across product and operations. Success means well-tested, reusable outputs. This is a fictional demonstration listing; no employer receives applications. Data Modeling ETL PostgreSQL Python SQL AWS Azure Databricks Spark"
SYN-0529,onsite,False,Data Analyst,Bluepeak Systems,Patna,Bihar,690000,1040000,3.0,6.0,"[""Data Cleaning"", ""Excel"", ""Pandas"", ""Power BI"", ""Python"", ""SQL"", ""Statistics""]","[""DAX"", ""ETL"", ""Presentation"", ""Tableau""]",Diploma,Technology,Full-time,"Join the technology team at Bluepeak Systems as a Data Analyst. Your work supports digital transformation for weekly business reviews. You will analyze sales funnels, validate transaction data, and explain customer retention. Use SQL, Excel, Python to deliver clear, documented work. Collaborate with a team of 7 across customer success and sales. Success means measurable quality improvements. This is a fictional demonstration listing; no employer receives applications.",3.8,2026-10-02,2026-12-24,True,"Data Analyst Join the technology team at Bluepeak Systems as a Data Analyst. Your work supports digital transformation for weekly business reviews. You will analyze sales funnels, validate transaction data, and explain customer retention. Use SQL, Excel, Python to deliver clear, documented work. Collaborate with a team of 7 across customer success and sales. Success means measurable quality improvements. This is a fictional demonstration listing; no employer receives applications. Data Cleaning Excel Pandas Power BI Python SQL Statistics DAX ETL Presentation Tableau"
SYN-0530,remote,True,Business Analyst,Orbit Partners,Remote,Remote,720000,840000,3.0,4.0,"[""Business Analysis"", ""Communication"", ""Excel"", ""Requirements Gathering"", ""SQL""]","[""Agile"", ""Jira"", ""Process Improvement"", ""Tableau""]",BA,Media,Full-time,"Join the media team at Orbit Partners as a Business Analyst. Your work supports customer experience for a cross-functional transformation program. You will evaluate product changes, interview stakeholders, and document business requirements. Use SQL, Excel, Business Analysis to deliver clear, documented work. Collaborate with a team of 5 across design and engineering. Success means reliable weekly delivery. This is a fictional demonstration listing; no employer receives applications.",4.7,2026-09-29,2026-11-01,True,"Business Analyst Join the media team at Orbit Partners as a Business Analyst. Your work supports customer experience for a cross-functional transformation program. You will evaluate product changes, interview stakeholders, and document business requirements. Use SQL, Excel, Business Analysis to deliver clear, documented work. Collaborate with a team of 5 across design and engineering. Success means reliable weekly delivery. This is a fictional demonstration listing; no employer receives applications. Business Analysis Communication Excel Requirements Gathering SQL Agile Jira Process Improvement Tableau"
SYN-0531,onsite,False,Power BI Developer,Orbit Partners,Kolkata,West Bengal,500000,680000,0,1.0,"[""Data Modeling"", ""DAX"", ""Power BI"", ""Power Query"", ""SQL""]","[""Azure"", ""Dashboard Design"", ""ETL"", ""Excel""]",BTech,Education,Full-time,"Join the education team at Orbit Partners as a Power BI Developer. Your work supports customer experience for regional service teams. You will optimize DAX measures, design dimensional models, and reconcile reporting metrics. Use Power BI, DAX, SQL to deliver clear, documented work. Collaborate with a team of 7 across finance and strategy. Success means clear stakeholder communication. This is a fictional demonstration listing; no employer receives applications.",4.8,2026-09-13,2026-11-06,True,"Power BI Developer Join the education team at Orbit Partners as a Power BI Developer. Your work supports customer experience for regional service teams. You will optimize DAX measures, design dimensional models, and reconcile reporting metrics. Use Power BI, DAX, SQL to deliver clear, documented work. Collaborate with a team of 7 across finance and strategy. Success means clear stakeholder communication. This is a fictional demonstration listing; no employer receives applications. Data Modeling DAX Power BI Power Query SQL Azure Dashboard Design ETL Excel"
SYN-0532,onsite,False,MIS Executive,Bluepeak Systems,Bangalore,Karnataka,210000,460000,0,3.0,"[""Communication"", ""Data Cleaning"", ""Excel"", ""Power BI"", ""Reporting""]","[""Advanced Excel"", ""Excel VBA"", ""SQL""]",12th,Education,Full-time,"Join the education team at Bluepeak Systems as a MIS Executive. Your work supports customer experience for weekly business reviews. You will maintain daily reports, automate spreadsheet checks, and reconcile inventory records. Use Excel, Reporting, Data Cleaning to deliver clear, documented work. Collaborate with a team of 12 across customer success and sales. Success means measurable quality improvements. This is a fictional demonstration listing; no employer receives applications.",3.7,2026-09-18,2026-12-26,True,"MIS Executive Join the education team at Bluepeak Systems as a MIS Executive. Your work supports customer experience for weekly business reviews. You will maintain daily reports, automate spreadsheet checks, and reconcile inventory records. Use Excel, Reporting, Data Cleaning to deliver clear, documented work. Collaborate with a team of 12 across customer success and sales. Success means measurable quality improvements. This is a fictional demonstration listing; no employer receives applications. Communication Data Cleaning Excel Power BI Reporting Advanced Excel Excel VBA SQL"
SYN-0533,onsite,False,SQL Developer,Northstar Solutions,Hyderabad,Telangana,380000,560000,0,1.0,"[""Database Design"", ""ETL"", ""PostgreSQL"", ""SQL""]","[""Advanced SQL"", ""Git"", ""Python"", ""SQL Server""]",BCA,Healthcare,Full-time,"Join the healthcare team at Northstar Solutions as a SQL Developer. Your work supports regional expansion for a new product launch. You will build scheduled data pipelines, optimize database queries, and audit data consistency. Use SQL, PostgreSQL, Database Design to deliver clear, documented work. Collaborate with a team of 14 across design and engineering. Success means well-tested, reusable outputs. This is a fictional demonstration listing; no employer receives applications.",3.2,2026-09-17,2026-10-30,True,"SQL Developer Join the healthcare team at Northstar Solutions as a SQL Developer. Your work supports regional expansion for a new product launch. You will build scheduled data pipelines, optimize database queries, and audit data consistency. Use SQL, PostgreSQL, Database Design to deliver clear, documented work. Collaborate with a team of 14 across design and engineering. Success means well-tested, reusable outputs. This is a fictional demonstration listing; no employer receives applications. Database Design ETL PostgreSQL SQL Advanced SQL Git Python SQL Server"
SYN-0534,onsite,False,Python Developer,Northstar Labs,Delhi,Delhi,640000,820000,2.0,4.0,"[""Flask"", ""Git"", ""Python"", ""REST API"", ""SQL""]","[""Django"", ""Docker"", ""FastAPI"", ""Linux""]",Diploma,Manufacturing,Full-time,"Join the manufacturing team at Northstar Labs as a Python Developer. Your work supports quality improvement for an expanding customer base. You will write integration tests, improve service reliability, and build backend APIs. Use Python, Flask, SQL to deliver clear, documented work. Collaborate with a team of 4 across finance and strategy. Success means well-tested, reusable outputs. This is a fictional demonstration listing; no employer receives applications.",3.5,2026-09-08,2026-11-04,True,"Python Developer Join the manufacturing team at Northstar Labs as a Python Developer. Your work supports quality improvement for an expanding customer base. You will write integration tests, improve service reliability, and build backend APIs. Use Python, Flask, SQL to deliver clear, documented work. Collaborate with a team of 4 across finance and strategy. Success means well-tested, reusable outputs. This is a fictional demonstration listing; no employer receives applications. Flask Git Python REST API SQL Django Docker FastAPI Linux"
SYN-0535,onsite,False,Junior Data Scientist,Orbit Partners,Noida,Uttar Pradesh,760000,880000,1.0,4.0,"[""Machine Learning"", ""NLP"", ""Pandas"", ""Python"", ""SQL"", ""Statistics""]","[""A/B Testing"", ""Feature Engineering"", ""Scikit-learn""]",BSc,Education,Full-time,"Join the education team at Orbit Partners as a Junior Data Scientist. Your work supports customer experience for a new product launch. You will prototype demand forecasts, evaluate classification models, and prepare experimentation datasets. Use Python, Statistics, Machine Learning to deliver clear, documented work. Collaborate with a team of 7 across design and engineering. Success means reliable weekly delivery. This is a fictional demonstration listing; no employer receives applications.",4.1,2026-09-14,2026-11-22,True,"Junior Data Scientist Join the education team at Orbit Partners as a Junior Data Scientist. Your work supports customer experience for a new product launch. You will prototype demand forecasts, evaluate classification models, and prepare experimentation datasets. Use Python, Statistics, Machine Learning to deliver clear, documented work. Collaborate with a team of 7 across design and engineering. Success means reliable weekly delivery. This is a fictional demonstration listing; no employer receives applications. Machine Learning NLP Pandas Python SQL Statistics A/B Testing Feature Engineering Scikit-learn"
SYN-0536,onsite,False,Machine Learning Engineer,Aster Systems,Gurugram,Haryana,740000,990000,0,3.0,"[""Docker"", ""Machine Learning"", ""Model Evaluation"", ""Python"", ""Scikit-learn""]","[""AWS"", ""MLOps"", ""PyTorch"", ""TensorFlow""]",BTech,Retail,Full-time,"Join the retail team at Aster Systems as a Machine Learning Engineer. Your work supports service efficiency for regional service teams. You will monitor model drift, optimize inference workloads, and serve prediction models. Use Python, Machine Learning, Scikit-learn to deliver clear, documented work. Collaborate with a team of 12 across design and engineering. Success means measurable quality improvements. This is a fictional demonstration listing; no employer receives applications.",4.5,2026-09-09,2027-01-03,True,"Machine Learning Engineer Join the retail team at Aster Systems as a Machine Learning Engineer. Your work supports service efficiency for regional service teams. You will monitor model drift, optimize inference workloads, and serve prediction models. Use Python, Machine Learning, Scikit-learn to deliver clear, documented work. Collaborate with a team of 12 across design and engineering. Success means measurable quality improvements. This is a fictional demonstration listing; no employer receives applications. Docker Machine Learning Model Evaluation Python Scikit-learn AWS MLOps PyTorch TensorFlow"
SYN-0537,onsite,False,Software Developer,Juniper Systems,Mumbai,Maharashtra,690000,940000,3.0,5.0,"[""Algorithms"", ""Git"", ""Java"", ""OOP"", ""SQL""]","[""Agile"", ""Docker"", ""Python"", ""REST API""]",BTech,Retail,Full-time,"Join the retail team at Juniper Systems as a Software Developer. Your work supports cost optimization for regional service teams. You will improve automated testing, resolve production defects, and implement service features. Use Java, SQL, Git to deliver clear, documented work. Collaborate with a team of 16 across design and engineering. Success means clear stakeholder communication. This is a fictional demonstration listing; no employer receives applications.",3.6,2026-09-11,2026-12-21,True,"Software Developer Join the retail team at Juniper Systems as a Software Developer. Your work supports cost optimization for regional service teams. You will improve automated testing, resolve production defects, and implement service features. Use Java, SQL, Git to deliver clear, documented work. Collaborate with a team of 16 across design and engineering. Success means clear stakeholder communication. This is a fictional demonstration listing; no employer receives applications. Algorithms Git Java OOP SQL Agile Docker Python REST API"
SYN-0538,onsite,False,Web Developer,Aster Solutions,Pune,Maharashtra,330000,580000,0,2.0,"[""CSS"", ""Git"", ""HTML"", ""JavaScript"", ""React"", ""TypeScript""]","[""Accessibility"", ""Bootstrap"", ""Node.js""]",Diploma,Education,Full-time,"Join the education team at Aster Solutions as a Web Developer. Your work supports digital transformation for an expanding customer base. You will optimize page performance, integrate REST APIs, and create reusable UI components. Use HTML, CSS, JavaScript to deliver clear, documented work. Collaborate with a team of 14 across product and operations. Success means clear stakeholder communication. This is a fictional demonstration listing; no employer receives applications.",3.5,2026-09-12,2026-11-22,True,"Web Developer Join the education team at Aster Solutions as a Web Developer. Your work supports digital transformation for an expanding customer base. You will optimize page performance, integrate REST APIs, and create reusable UI components. Use HTML, CSS, JavaScript to deliver clear, documented work. Collaborate with a team of 14 across product and operations. Success means clear stakeholder communication. This is a fictional demonstration listing; no employer receives applications. CSS Git HTML JavaScript React TypeScript Accessibility Bootstrap Node.js"
SYN-0539,onsite,False,Digital Marketing Analyst,Cobalt Works,Chennai,Tamil Nadu,250000,430000,0,2.0,"[""Digital Marketing"", ""Excel"", ""Google Analytics"", ""SEO""]","[""Campaign Analysis"", ""Google Ads"", ""Power BI"", ""SQL""]",BA,Manufacturing,Full-time,"Join the manufacturing team at Cobalt Works as a Digital Marketing Analyst. Your work supports quality improvement for an expanding customer base. You will audit acquisition channels, recommend landing page experiments, and build attribution reports. Use Google Analytics, SEO, Excel to deliver clear, documented work. Collaborate with a team of 11 across customer success and sales. Success means well-tested, reusable outputs. This is a fictional demonstration listing; no employer receives applications.",3.8,2026-09-25,2026-12-30,True,"Digital Marketing Analyst Join the manufacturing team at Cobalt Works as a Digital Marketing Analyst. Your work supports quality improvement for an expanding customer base. You will audit acquisition channels, recommend landing page experiments, and build attribution reports. Use Google Analytics, SEO, Excel to deliver clear, documented work. Collaborate with a team of 11 across customer success and sales. Success means well-tested, reusable outputs. This is a fictional demonstration listing; no employer receives applications. Digital Marketing Excel Google Analytics SEO Campaign Analysis Google Ads Power BI SQL"
SYN-0540,onsite,False,SEO Analyst,Prism Partners,Ahmedabad,Gujarat,230000,410000,0,3.0,"[""Content Marketing"", ""Excel"", ""Google Analytics"", ""SEO""]","[""Copywriting"", ""HTML"", ""Market Research"", ""SEM""]",12th,Media,Full-time,"Join the media team at Prism Partners as a SEO Analyst. Your work supports inventory accuracy for weekly business reviews. You will improve technical SEO checks, track organic conversions, and research search demand. Use SEO, Google Analytics, Content Marketing to deliver clear, documented work. Collaborate with a team of 15 across design and engineering. Success means clear stakeholder communication. This is a fictional demonstration listing; no employer receives applications.",4.5,2026-09-16,2026-12-10,True,"SEO Analyst Join the media team at Prism Partners as a SEO Analyst. Your work supports inventory accuracy for weekly business reviews. You will improve technical SEO checks, track organic conversions, and research search demand. Use SEO, Google Analytics, Content Marketing to deliver clear, documented work. Collaborate with a team of 15 across design and engineering. Success means clear stakeholder communication. This is a fictional demonstration listing; no employer receives applications. Content Marketing Excel Google Analytics SEO Copywriting HTML Market Research SEM"
SYN-0541,onsite,False,Customer Support Executive,Prism Partners,Patna,Bihar,250000,500000,0,1.0,"[""Chat Support"", ""Communication"", ""CRM"", ""Customer Support"", ""Ticketing""]","[""Conflict Resolution"", ""Email Support"", ""Zendesk""]",12th,Education,Full-time,"Join the education team at Prism Partners as a Customer Support Executive. Your work supports quality improvement for weekly business reviews. You will meet response time targets, maintain accurate case notes, and identify recurring service problems. Use Customer Support, Communication, CRM to deliver clear, documented work. Collaborate with a team of 12 across finance and strategy. Success means reliable weekly delivery. This is a fictional demonstration listing; no employer receives applications.",4.4,2026-09-11,2026-10-30,True,"Customer Support Executive Join the education team at Prism Partners as a Customer Support Executive. Your work supports quality improvement for weekly business reviews. You will meet response time targets, maintain accurate case notes, and identify recurring service problems. Use Customer Support, Communication, CRM to deliver clear, documented work. Collaborate with a team of 12 across finance and strategy. Success means reliable weekly delivery. This is a fictional demonstration listing; no employer receives applications. Chat Support Communication CRM Customer Support Ticketing Conflict Resolution Email Support Zendesk"
SYN-0542,remote,True,Operations Analyst,Cedar Works,Remote,Remote,370000,620000,1.0,4.0,"[""Excel"", ""Operations"", ""Process Improvement"", ""SQL""]","[""Forecasting"", ""Inventory Management"", ""Power BI"", ""Supply Chain""]",BA,Education,Contract,"Join the education team at Cedar Works as a Operations Analyst. Your work supports service efficiency for weekly business reviews. You will analyze fulfillment delays, plan operational capacity, and monitor service metrics. Use Excel, SQL, Operations to deliver clear, documented work. Collaborate with a team of 8 across design and engineering. Success means clear stakeholder communication. This is a fictional demonstration listing; no employer receives applications.",4.3,2026-10-04,2026-10-31,True,"Operations Analyst Join the education team at Cedar Works as a Operations Analyst. Your work supports service efficiency for weekly business reviews. You will analyze fulfillment delays, plan operational capacity, and monitor service metrics. Use Excel, SQL, Operations to deliver clear, documented work. Collaborate with a team of 8 across design and engineering. Success means clear stakeholder communication. This is a fictional demonstration listing; no employer receives applications. Excel Operations Process Improvement SQL Forecasting Inventory Management Power BI Supply Chain"
SYN-0543,onsite,False,Financial Analyst,Juniper Labs,Kolkata,West Bengal,780000,960000,3.0,5.0,"[""Accounting"", ""Excel"", ""Financial Analysis"", ""Financial Modeling""]","[""Budgeting"", ""Power BI"", ""SQL"", ""Valuation""]",BCom,Retail,Full-time,"Join the retail team at Juniper Labs as a Financial Analyst. Your work supports quality improvement for weekly business reviews. You will analyze monthly cash flow, prepare budget variance reports, and model unit economics. Use Excel, Financial Analysis, Accounting to deliver clear, documented work. Collaborate with a team of 13 across design and engineering. Success means measurable quality improvements. This is a fictional demonstration listing; no employer receives applications.",4.2,2026-09-15,2027-01-05,True,"Financial Analyst Join the retail team at Juniper Labs as a Financial Analyst. Your work supports quality improvement for weekly business reviews. You will analyze monthly cash flow, prepare budget variance reports, and model unit economics. Use Excel, Financial Analysis, Accounting to deliver clear, documented work. Collaborate with a team of 13 across design and engineering. Success means measurable quality improvements. This is a fictional demonstration listing; no employer receives applications. Accounting Excel Financial Analysis Financial Modeling Budgeting Power BI SQL Valuation"
SYN-0544,onsite,False,Cybersecurity Analyst,Cobalt Partners,Bangalore,Karnataka,910000,1160000,3.0,6.0,"[""Cybersecurity"", ""Linux"", ""Networking"", ""SIEM"", ""Wireshark""]","[""Incident Response"", ""Python"", ""Splunk""]",BTech,Logistics,Full-time,"Join the logistics team at Cobalt Partners as a Cybersecurity Analyst. Your work supports subscription growth for a new product launch. You will document response procedures, triage security alerts, and investigate suspicious logs. Use Cybersecurity, Networking, Linux to deliver clear, documented work. Collaborate with a team of 11 across product and operations. Success means clear stakeholder communication. This is a fictional demonstration listing; no employer receives applications.",4.8,2026-08-28,2026-12-01,True,"Cybersecurity Analyst Join the logistics team at Cobalt Partners as a Cybersecurity Analyst. Your work supports subscription growth for a new product launch. You will document response procedures, triage security alerts, and investigate suspicious logs. Use Cybersecurity, Networking, Linux to deliver clear, documented work. Collaborate with a team of 11 across product and operations. Success means clear stakeholder communication. This is a fictional demonstration listing; no employer receives applications. Cybersecurity Linux Networking SIEM Wireshark Incident Response Python Splunk"
SYN-0545,onsite,False,Cloud Engineer,Northstar Solutions,Hyderabad,Telangana,240000,590000,0,3.0,"[""AWS"", ""Docker"", ""Linux"", ""Networking""]","[""Azure"", ""Kubernetes"", ""Monitoring"", ""Terraform""]",BTech,Healthcare,Internship,"Join the healthcare team at Northstar Solutions as a Cloud Engineer. Your work supports subscription growth for an expanding customer base. You will monitor system capacity, operate cloud infrastructure, and improve deployment reliability. Use AWS, Linux, Networking to deliver clear, documented work. Collaborate with a team of 7 across product and operations. Success means measurable quality improvements. This is a fictional demonstration listing; no employer receives applications.",4.0,2026-10-05,2026-11-16,True,"Cloud Engineer Join the healthcare team at Northstar Solutions as a Cloud Engineer. Your work supports subscription growth for an expanding customer base. You will monitor system capacity, operate cloud infrastructure, and improve deployment reliability. Use AWS, Linux, Networking to deliver clear, documented work. Collaborate with a team of 7 across product and operations. Success means measurable quality improvements. This is a fictional demonstration listing; no employer receives applications. AWS Docker Linux Networking Azure Kubernetes Monitoring Terraform"
SYN-0546,onsite,False,Graphic Designer,Orbit Solutions,Delhi,Delhi,260000,380000,0,3.0,"[""Canva"", ""Illustrator"", ""Photoshop"", ""Typography""]","[""Branding"", ""Figma"", ""InDesign"", ""Video Editing""]",Diploma,Technology,Contract,"Join the technology team at Orbit Solutions as a Graphic Designer. Your work supports service efficiency for a new product launch. You will design campaign assets, adapt creative for digital channels, and maintain visual guidelines. Use Photoshop, Illustrator, Canva to deliver clear, documented work. Collaborate with a team of 15 across product and operations. Success means measurable quality improvements. This is a fictional demonstration listing; no employer receives applications.",3.4,2026-09-15,2026-11-02,True,"Graphic Designer Join the technology team at Orbit Solutions as a Graphic Designer. Your work supports service efficiency for a new product launch. You will design campaign assets, adapt creative for digital channels, and maintain visual guidelines. Use Photoshop, Illustrator, Canva to deliver clear, documented work. Collaborate with a team of 15 across product and operations. Success means measurable quality improvements. This is a fictional demonstration listing; no employer receives applications. Canva Illustrator Photoshop Typography Branding Figma InDesign Video Editing"
SYN-0547,onsite,False,Marketing Analyst,Vantage Labs,Noida,Uttar Pradesh,320000,570000,0,2.0,"[""Campaign Analysis"", ""Communication"", ""Excel"", ""Google Analytics"", ""Market Research""]","[""A/B Testing"", ""SQL"", ""Tableau""]",BA,Healthcare,Full-time,"Join the healthcare team at Vantage Labs as a Marketing Analyst. Your work supports quality improvement for a new product launch. You will segment customer audiences, measure marketing efficiency, and research competitor positioning. Use Excel, Market Research, Google Analytics to deliver clear, documented work. Collaborate with a team of 7 across customer success and sales. Success means well-tested, reusable outputs. This is a fictional demonstration listing; no employer receives applications.",4.6,2026-09-07,2026-12-05,True,"Marketing Analyst Join the healthcare team at Vantage Labs as a Marketing Analyst. Your work supports quality improvement for a new product launch. You will segment customer audiences, measure marketing efficiency, and research competitor positioning. Use Excel, Market Research, Google Analytics to deliver clear, documented work. Collaborate with a team of 7 across customer success and sales. Success means well-tested, reusable outputs. This is a fictional demonstration listing; no employer receives applications. Campaign Analysis Communication Excel Google Analytics Market Research A/B Testing SQL Tableau"
SYN-0548,onsite,False,HR Analyst,Evergreen Systems,Gurugram,Haryana,280000,530000,0,1.0,"[""Communication"", ""Excel"", ""HR Analytics"", ""Reporting""]","[""HRIS"", ""Payroll"", ""Power BI"", ""SQL""]",BA,Finance,Full-time,"Join the finance team at Evergreen Systems as a HR Analyst. Your work supports subscription growth for a new product launch. You will report recruitment efficiency, analyze workforce trends, and monitor employee retention. Use Excel, HR Analytics, Communication to deliver clear, documented work. Collaborate with a team of 14 across customer success and sales. Success means measurable quality improvements. This is a fictional demonstration listing; no employer receives applications.",3.5,2026-09-20,2026-12-14,True,"HR Analyst Join the finance team at Evergreen Systems as a HR Analyst. Your work supports subscription growth for a new product launch. You will report recruitment efficiency, analyze workforce trends, and monitor employee retention. Use Excel, HR Analytics, Communication to deliver clear, documented work. Collaborate with a team of 14 across customer success and sales. Success means measurable quality improvements. This is a fictional demonstration listing; no employer receives applications. Communication Excel HR Analytics Reporting HRIS Payroll Power BI SQL"
SYN-0549,onsite,False,Business Intelligence Analyst,Juniper Systems,Mumbai,Maharashtra,500000,620000,1.0,3.0,"[""Data Modeling"", ""Data Visualization"", ""Power BI"", ""SQL""]","[""DAX"", ""Excel"", ""Stakeholder Management"", ""Tableau""]",BSc,Technology,Full-time,"Join the technology team at Juniper Systems as a Business Intelligence Analyst. Your work supports digital transformation for an expanding customer base. You will build self-service analytics, define consistent KPI metrics, and translate business questions into dashboards. Use SQL, Power BI, Data Modeling to deliver clear, documented work. Collaborate with a team of 9 across design and engineering. Success means clear stakeholder communication. This is a fictional demonstration listing; no employer receives applications.",3.7,2026-08-31,2026-12-17,True,"Business Intelligence Analyst Join the technology team at Juniper Systems as a Business Intelligence Analyst. Your work supports digital transformation for an expanding customer base. You will build self-service analytics, define consistent KPI metrics, and translate business questions into dashboards. Use SQL, Power BI, Data Modeling to deliver clear, documented work. Collaborate with a team of 9 across design and engineering. Success means clear stakeholder communication. This is a fictional demonstration listing; no employer receives applications. Data Modeling Data Visualization Power BI SQL DAX Excel Stakeholder Management Tableau"
SYN-0550,onsite,False,Quality Assurance Analyst,Vantage Labs,Pune,Maharashtra,420000,540000,2.0,5.0,"[""Communication"", ""Problem Solving"", ""Quality Assurance"", ""REST API"", ""SQL""]","[""Agile"", ""Jira"", ""Python""]",Diploma,Media,Full-time,"Join the media team at Vantage Labs as a Quality Assurance Analyst. Your work supports cost optimization for a cross-functional transformation program. You will reproduce reported defects, design test scenarios, and verify data integrity. Use Quality Assurance, SQL, Communication to deliver clear, documented work. Collaborate with a team of 8 across customer success and sales. Success means well-tested, reusable outputs. This is a fictional demonstration listing; no employer receives applications.",3.3,2026-09-15,2026-10-29,True,"Quality Assurance Analyst Join the media team at Vantage Labs as a Quality Assurance Analyst. Your work supports cost optimization for a cross-functional transformation program. You will reproduce reported defects, design test scenarios, and verify data integrity. Use Quality Assurance, SQL, Communication to deliver clear, documented work. Collaborate with a team of 8 across customer success and sales. Success means well-tested, reusable outputs. This is a fictional demonstration listing; no employer receives applications. Communication Problem Solving Quality Assurance REST API SQL Agile Jira Python"
SYN-0551,onsite,False,UX Researcher,Nimbus Solutions,Chennai,Tamil Nadu,850000,970000,3.0,4.0,"[""Communication"", ""Figma"", ""Prototyping"", ""UX Research""]","[""A/B Testing"", ""Accessibility"", ""Presentation"", ""UI Design""]",BA,Education,Full-time,"Join the education team at Nimbus Solutions as a UX Researcher. Your work supports digital transformation for a new product launch. You will synthesize research findings, conduct usability sessions, and present user journey insights. Use UX Research, Figma, Communication to deliver clear, documented work. Collaborate with a team of 10 across customer success and sales. Success means reliable weekly delivery. This is a fictional demonstration listing; no employer receives applications.",3.4,2026-09-24,2026-12-21,True,"UX Researcher Join the education team at Nimbus Solutions as a UX Researcher. Your work supports digital transformation for a new product launch. You will synthesize research findings, conduct usability sessions, and present user journey insights. Use UX Research, Figma, Communication to deliver clear, documented work. Collaborate with a team of 10 across customer success and sales. Success means reliable weekly delivery. This is a fictional demonstration listing; no employer receives applications. Communication Figma Prototyping UX Research A/B Testing Accessibility Presentation UI Design"
SYN-0552,onsite,False,Data Engineer,Prism Works,Ahmedabad,Gujarat,180000,430000,0,3.0,"[""Data Modeling"", ""ETL"", ""PostgreSQL"", ""Python"", ""SQL""]","[""AWS"", ""Azure"", ""Databricks"", ""Spark""]",BTech,Logistics,Internship,"Join the logistics team at Prism Works as a Data Engineer. Your work supports service efficiency for weekly business reviews. You will monitor dataset freshness, enforce data quality contracts, and design analytical storage. Use Python, SQL, ETL to deliver clear, documented work. Collaborate with a team of 9 across design and engineering. Success means well-tested, reusable outputs. This is a fictional demonstration listing; no employer receives applications.",3.7,2026-09-18,2026-12-22,True,"Data Engineer Join the logistics team at Prism Works as a Data Engineer. Your work supports service efficiency for weekly business reviews. You will monitor dataset freshness, enforce data quality contracts, and design analytical storage. Use Python, SQL, ETL to deliver clear, documented work. Collaborate with a team of 9 across design and engineering. Success means well-tested, reusable outputs. This is a fictional demonstration listing; no employer receives applications. Data Modeling ETL PostgreSQL Python SQL AWS Azure Databricks Spark"
SYN-0553,remote,True,Data Analyst,Lumina Solutions,Remote,Remote,650000,830000,3.0,5.0,"[""Data Cleaning"", ""Excel"", ""Power BI"", ""Presentation"", ""Python"", ""SQL"", ""Statistics""]","[""DAX"", ""ETL"", ""Pandas"", ""Tableau""]",Diploma,Technology,Full-time,"Join the technology team at Lumina Solutions as a Data Analyst. Your work supports digital transformation for a cross-functional transformation program. You will validate transaction data, build weekly KPI dashboards, and analyze sales funnels. Use SQL, Excel, Python to deliver clear, documented work. Collaborate with a team of 5 across design and engineering. Success means measurable quality improvements. This is a fictional demonstration listing; no employer receives applications.",4.7,2026-09-19,2026-12-25,True,"Data Analyst Join the technology team at Lumina Solutions as a Data Analyst. Your work supports digital transformation for a cross-functional transformation program. You will validate transaction data, build weekly KPI dashboards, and analyze sales funnels. Use SQL, Excel, Python to deliver clear, documented work. Collaborate with a team of 5 across design and engineering. Success means measurable quality improvements. This is a fictional demonstration listing; no employer receives applications. Data Cleaning Excel Power BI Presentation Python SQL Statistics DAX ETL Pandas Tableau"
SYN-0554,onsite,False,Business Analyst,Aster Systems,Kolkata,West Bengal,520000,700000,1.0,4.0,"[""Business Analysis"", ""Communication"", ""Excel"", ""Requirements Gathering"", ""SQL""]","[""Agile"", ""Jira"", ""Process Improvement"", ""Tableau""]",BA,Retail,Full-time,"Join the retail team at Aster Systems as a Business Analyst. Your work supports digital transformation for a new product launch. You will document business requirements, interview stakeholders, and map operational workflows. Use SQL, Excel, Business Analysis to deliver clear, documented work. Collaborate with a team of 6 across customer success and sales. Success means measurable quality improvements. This is a fictional demonstration listing; no employer receives applications.",4.7,2026-09-28,2026-11-23,True,"Business Analyst Join the retail team at Aster Systems as a Business Analyst. Your work supports digital transformation for a new product launch. You will document business requirements, interview stakeholders, and map operational workflows. Use SQL, Excel, Business Analysis to deliver clear, documented work. Collaborate with a team of 6 across customer success and sales. Success means measurable quality improvements. This is a fictional demonstration listing; no employer receives applications. Business Analysis Communication Excel Requirements Gathering SQL Agile Jira Process Improvement Tableau"
SYN-0555,onsite,False,Power BI Developer,Vantage Solutions,Bangalore,Karnataka,400000,520000,0,2.0,"[""Data Modeling"", ""DAX"", ""Power BI"", ""Power Query"", ""SQL""]","[""Azure"", ""Dashboard Design"", ""ETL"", ""Excel""]",BTech,Education,Full-time,"Join the education team at Vantage Solutions as a Power BI Developer. Your work supports inventory accuracy for a new product launch. You will optimize DAX measures, design dimensional models, and publish operational dashboards. Use Power BI, DAX, SQL to deliver clear, documented work. Collaborate with a team of 16 across design and engineering. Success means well-tested, reusable outputs. This is a fictional demonstration listing; no employer receives applications.",3.3,2026-09-18,2026-12-05,True,"Power BI Developer Join the education team at Vantage Solutions as a Power BI Developer. Your work supports inventory accuracy for a new product launch. You will optimize DAX measures, design dimensional models, and publish operational dashboards. Use Power BI, DAX, SQL to deliver clear, documented work. Collaborate with a team of 16 across design and engineering. Success means well-tested, reusable outputs. This is a fictional demonstration listing; no employer receives applications. Data Modeling DAX Power BI Power Query SQL Azure Dashboard Design ETL Excel"
SYN-0556,onsite,False,MIS Executive,Evergreen Partners,Hyderabad,Telangana,220000,570000,0,1.0,"[""Communication"", ""Data Cleaning"", ""Excel"", ""Power BI"", ""Reporting""]","[""Advanced Excel"", ""Excel VBA"", ""SQL""]",12th,Healthcare,Full-time,"Join the healthcare team at Evergreen Partners as a MIS Executive. Your work supports regional expansion for regional service teams. You will reconcile inventory records, prepare management summaries, and automate spreadsheet checks. Use Excel, Reporting, Data Cleaning to deliver clear, documented work. Collaborate with a team of 15 across design and engineering. Success means reliable weekly delivery. This is a fictional demonstration listing; no employer receives applications.",3.3,2026-10-07,2026-12-20,True,"MIS Executive Join the healthcare team at Evergreen Partners as a MIS Executive. Your work supports regional expansion for regional service teams. You will reconcile inventory records, prepare management summaries, and automate spreadsheet checks. Use Excel, Reporting, Data Cleaning to deliver clear, documented work. Collaborate with a team of 15 across design and engineering. Success means reliable weekly delivery. This is a fictional demonstration listing; no employer receives applications. Communication Data Cleaning Excel Power BI Reporting Advanced Excel Excel VBA SQL"
SYN-0557,onsite,False,SQL Developer,Cedar Partners,Delhi,Delhi,400000,520000,0,2.0,"[""Database Design"", ""ETL"", ""PostgreSQL"", ""SQL""]","[""Advanced SQL"", ""Git"", ""Python"", ""SQL Server""]",BCA,Healthcare,Full-time,"Join the healthcare team at Cedar Partners as a SQL Developer. Your work supports regional expansion for a new product launch. You will optimize database queries, design warehouse tables, and build scheduled data pipelines. Use SQL, PostgreSQL, Database Design to deliver clear, documented work. Collaborate with a team of 11 across finance and strategy. Success means clear stakeholder communication. This is a fictional demonstration listing; no employer receives applications.",3.6,2026-09-26,2026-12-17,True,"SQL Developer Join the healthcare team at Cedar Partners as a SQL Developer. Your work supports regional expansion for a new product launch. You will optimize database queries, design warehouse tables, and build scheduled data pipelines. Use SQL, PostgreSQL, Database Design to deliver clear, documented work. Collaborate with a team of 11 across finance and strategy. Success means clear stakeholder communication. This is a fictional demonstration listing; no employer receives applications. Database Design ETL PostgreSQL SQL Advanced SQL Git Python SQL Server"
SYN-0558,onsite,False,Python Developer,Bluepeak Partners,Noida,Uttar Pradesh,560000,740000,1.0,4.0,"[""Flask"", ""Git"", ""Python"", ""REST API"", ""SQL""]","[""Django"", ""Docker"", ""FastAPI"", ""Linux""]",Diploma,Logistics,Full-time,"Join the logistics team at Bluepeak Partners as a Python Developer. Your work supports service efficiency for an expanding customer base. You will improve service reliability, maintain internal automation, and write integration tests. Use Python, Flask, SQL to deliver clear, documented work. Collaborate with a team of 11 across finance and strategy. Success means well-tested, reusable outputs. This is a fictional demonstration listing; no employer receives applications.",4.4,2026-08-29,2026-11-13,True,"Python Developer Join the logistics team at Bluepeak Partners as a Python Developer. Your work supports service efficiency for an expanding customer base. You will improve service reliability, maintain internal automation, and write integration tests. Use Python, Flask, SQL to deliver clear, documented work. Collaborate with a team of 11 across finance and strategy. Success means well-tested, reusable outputs. This is a fictional demonstration listing; no employer receives applications. Flask Git Python REST API SQL Django Docker FastAPI Linux"
SYN-0559,onsite,False,Junior Data Scientist,Meridian Labs,Gurugram,Haryana,640000,890000,1.0,2.0,"[""Feature Engineering"", ""Machine Learning"", ""Pandas"", ""Python"", ""SQL"", ""Statistics""]","[""A/B Testing"", ""NLP"", ""Scikit-learn""]",BSc,Manufacturing,Full-time,"Join the manufacturing team at Meridian Labs as a Junior Data Scientist. Your work supports quality improvement for regional service teams. You will explain model errors, prepare experimentation datasets, and prototype demand forecasts. Use Python, Statistics, Machine Learning to deliver clear, documented work. Collaborate with a team of 10 across customer success and sales. Success means well-tested, reusable outputs. This is a fictional demonstration listing; no employer receives applications.",3.5,2026-10-01,2026-11-27,True,"Junior Data Scientist Join the manufacturing team at Meridian Labs as a Junior Data Scientist. Your work supports quality improvement for regional service teams. You will explain model errors, prepare experimentation datasets, and prototype demand forecasts. Use Python, Statistics, Machine Learning to deliver clear, documented work. Collaborate with a team of 10 across customer success and sales. Success means well-tested, reusable outputs. This is a fictional demonstration listing; no employer receives applications. Feature Engineering Machine Learning Pandas Python SQL Statistics A/B Testing NLP Scikit-learn"
SYN-0560,onsite,False,Machine Learning Engineer,Orbit Works,Mumbai,Maharashtra,780000,960000,0,3.0,"[""Docker"", ""Machine Learning"", ""Model Evaluation"", ""Python"", ""Scikit-learn""]","[""AWS"", ""MLOps"", ""PyTorch"", ""TensorFlow""]",BTech,Retail,Full-time,"Join the retail team at Orbit Works as a Machine Learning Engineer. Your work supports service efficiency for weekly business reviews. You will serve prediction models, optimize inference workloads, and build reproducible ML pipelines. Use Python, Machine Learning, Scikit-learn to deliver clear, documented work. Collaborate with a team of 5 across customer success and sales. Success means reliable weekly delivery. This is a fictional demonstration listing; no employer receives applications.",3.5,2026-09-07,2026-10-28,True,"Machine Learning Engineer Join the retail team at Orbit Works as a Machine Learning Engineer. Your work supports service efficiency for weekly business reviews. You will serve prediction models, optimize inference workloads, and build reproducible ML pipelines. Use Python, Machine Learning, Scikit-learn to deliver clear, documented work. Collaborate with a team of 5 across customer success and sales. Success means reliable weekly delivery. This is a fictional demonstration listing; no employer receives applications. Docker Machine Learning Model Evaluation Python Scikit-learn AWS MLOps PyTorch TensorFlow"
SYN-0561,onsite,False,Software Developer,Bluepeak Works,Pune,Maharashtra,590000,840000,1.0,4.0,"[""Algorithms"", ""Git"", ""Java"", ""OOP"", ""SQL""]","[""Agile"", ""Docker"", ""Python"", ""REST API""]",BTech,Healthcare,Full-time,"Join the healthcare team at Bluepeak Works as a Software Developer. Your work supports digital transformation for a new product launch. You will improve automated testing, resolve production defects, and review maintainable code. Use Java, SQL, Git to deliver clear, documented work. Collaborate with a team of 11 across design and engineering. Success means well-tested, reusable outputs. This is a fictional demonstration listing; no employer receives applications.",3.5,2026-09-28,2026-11-04,True,"Software Developer Join the healthcare team at Bluepeak Works as a Software Developer. Your work supports digital transformation for a new product launch. You will improve automated testing, resolve production defects, and review maintainable code. Use Java, SQL, Git to deliver clear, documented work. Collaborate with a team of 11 across design and engineering. Success means well-tested, reusable outputs. This is a fictional demonstration listing; no employer receives applications. Algorithms Git Java OOP SQL Agile Docker Python REST API"
SYN-0562,onsite,False,Web Developer,Prism Solutions,Chennai,Tamil Nadu,630000,880000,4.0,6.0,"[""Accessibility"", ""CSS"", ""Git"", ""HTML"", ""JavaScript"", ""React""]","[""Bootstrap"", ""Node.js"", ""TypeScript""]",Diploma,Education,Full-time,"Join the education team at Prism Solutions as a Web Developer. Your work supports subscription growth for weekly business reviews. You will build accessible interfaces, optimize page performance, and create reusable UI components. Use HTML, CSS, JavaScript to deliver clear, documented work. Collaborate with a team of 11 across customer success and sales. Success means reliable weekly delivery. This is a fictional demonstration listing; no employer receives applications.",3.6,2026-09-27,2026-11-25,True,"Web Developer Join the education team at Prism Solutions as a Web Developer. Your work supports subscription growth for weekly business reviews. You will build accessible interfaces, optimize page performance, and create reusable UI components. Use HTML, CSS, JavaScript to deliver clear, documented work. Collaborate with a team of 11 across customer success and sales. Success means reliable weekly delivery. This is a fictional demonstration listing; no employer receives applications. Accessibility CSS Git HTML JavaScript React Bootstrap Node.js TypeScript"
SYN-0563,onsite,False,Digital Marketing Analyst,Nimbus Systems,Ahmedabad,Gujarat,340000,460000,0,1.0,"[""Digital Marketing"", ""Excel"", ""Google Analytics"", ""SEO""]","[""Campaign Analysis"", ""Google Ads"", ""Power BI"", ""SQL""]",BA,Technology,Full-time,"Join the technology team at Nimbus Systems as a Digital Marketing Analyst. Your work supports customer experience for regional service teams. You will recommend landing page experiments, measure campaign conversion, and build attribution reports. Use Google Analytics, SEO, Excel to deliver clear, documented work. Collaborate with a team of 15 across customer success and sales. Success means clear stakeholder communication. This is a fictional demonstration listing; no employer receives applications.",3.5,2026-08-29,2026-11-09,True,"Digital Marketing Analyst Join the technology team at Nimbus Systems as a Digital Marketing Analyst. Your work supports customer experience for regional service teams. You will recommend landing page experiments, measure campaign conversion, and build attribution reports. Use Google Analytics, SEO, Excel to deliver clear, documented work. Collaborate with a team of 15 across customer success and sales. Success means clear stakeholder communication. This is a fictional demonstration listing; no employer receives applications. Digital Marketing Excel Google Analytics SEO Campaign Analysis Google Ads Power BI SQL"
SYN-0564,onsite,False,SEO Analyst,Orbit Partners,Patna,Bihar,390000,640000,1.0,2.0,"[""Content Marketing"", ""Excel"", ""Google Analytics"", ""SEO""]","[""Copywriting"", ""HTML"", ""Market Research"", ""SEM""]",12th,Manufacturing,Full-time,"Join the manufacturing team at Orbit Partners as a SEO Analyst. Your work supports digital transformation for a cross-functional transformation program. You will track organic conversions, audit site content, and improve technical SEO checks. Use SEO, Google Analytics, Content Marketing to deliver clear, documented work. Collaborate with a team of 18 across customer success and sales. Success means reliable weekly delivery. This is a fictional demonstration listing; no employer receives applications.",3.8,2026-09-26,2026-10-23,True,"SEO Analyst Join the manufacturing team at Orbit Partners as a SEO Analyst. Your work supports digital transformation for a cross-functional transformation program. You will track organic conversions, audit site content, and improve technical SEO checks. Use SEO, Google Analytics, Content Marketing to deliver clear, documented work. Collaborate with a team of 18 across customer success and sales. Success means reliable weekly delivery. This is a fictional demonstration listing; no employer receives applications. Content Marketing Excel Google Analytics SEO Copywriting HTML Market Research SEM"
SYN-0565,remote,True,Customer Support Executive,Maple Labs,Remote,Remote,580000,760000,5.0,8.0,"[""Communication"", ""Conflict Resolution"", ""CRM"", ""Customer Support"", ""Ticketing""]","[""Chat Support"", ""Email Support"", ""Zendesk""]",12th,Education,Contract,"Join the education team at Maple Labs as a Customer Support Executive. Your work supports inventory accuracy for a new product launch. You will maintain accurate case notes, meet response time targets, and identify recurring service problems. Use Customer Support, Communication, CRM to deliver clear, documented work. Collaborate with a team of 13 across design and engineering. Success means clear stakeholder communication. This is a fictional demonstration listing; no employer receives applications.",3.7,2026-10-03,2026-12-21,True,"Customer Support Executive Join the education team at Maple Labs as a Customer Support Executive. Your work supports inventory accuracy for a new product launch. You will maintain accurate case notes, meet response time targets, and identify recurring service problems. Use Customer Support, Communication, CRM to deliver clear, documented work. Collaborate with a team of 13 across design and engineering. Success means clear stakeholder communication. This is a fictional demonstration listing; no employer receives applications. Communication Conflict Resolution CRM Customer Support Ticketing Chat Support Email Support Zendesk"
SYN-0566,onsite,False,Operations Analyst,Maple Labs,Kolkata,West Bengal,420000,670000,2.0,4.0,"[""Excel"", ""Operations"", ""Process Improvement"", ""SQL""]","[""Forecasting"", ""Inventory Management"", ""Power BI"", ""Supply Chain""]",BA,Education,Full-time,"Join the education team at Maple Labs as a Operations Analyst. Your work supports cost optimization for a new product launch. You will analyze fulfillment delays, plan operational capacity, and monitor service metrics. Use Excel, SQL, Operations to deliver clear, documented work. Collaborate with a team of 8 across finance and strategy. Success means well-tested, reusable outputs. This is a fictional demonstration listing; no employer receives applications.",4.0,2026-09-05,2026-12-23,True,"Operations Analyst Join the education team at Maple Labs as a Operations Analyst. Your work supports cost optimization for a new product launch. You will analyze fulfillment delays, plan operational capacity, and monitor service metrics. Use Excel, SQL, Operations to deliver clear, documented work. Collaborate with a team of 8 across finance and strategy. Success means well-tested, reusable outputs. This is a fictional demonstration listing; no employer receives applications. Excel Operations Process Improvement SQL Forecasting Inventory Management Power BI Supply Chain"
SYN-0567,onsite,False,Financial Analyst,Nexa Partners,Bangalore,Karnataka,580000,700000,2.0,3.0,"[""Accounting"", ""Excel"", ""Financial Analysis"", ""Financial Modeling""]","[""Budgeting"", ""Power BI"", ""SQL"", ""Valuation""]",BCom,Logistics,Full-time,"Join the logistics team at Nexa Partners as a Financial Analyst. Your work supports regional expansion for a cross-functional transformation program. You will model unit economics, validate financial assumptions, and prepare budget variance reports. Use Excel, Financial Analysis, Accounting to deliver clear, documented work. Collaborate with a team of 13 across product and operations. Success means clear stakeholder communication. This is a fictional demonstration listing; no employer receives applications.",3.7,2026-09-10,2026-12-17,True,"Financial Analyst Join the logistics team at Nexa Partners as a Financial Analyst. Your work supports regional expansion for a cross-functional transformation program. You will model unit economics, validate financial assumptions, and prepare budget variance reports. Use Excel, Financial Analysis, Accounting to deliver clear, documented work. Collaborate with a team of 13 across product and operations. Success means clear stakeholder communication. This is a fictional demonstration listing; no employer receives applications. Accounting Excel Financial Analysis Financial Modeling Budgeting Power BI SQL Valuation"
SYN-0568,onsite,False,Cybersecurity Analyst,Riverstone Works,Hyderabad,Telangana,650000,900000,1.0,4.0,"[""Cybersecurity"", ""Linux"", ""Networking"", ""SIEM"", ""Splunk""]","[""Incident Response"", ""Python"", ""Wireshark""]",BTech,Finance,Full-time,"Join the finance team at Riverstone Works as a Cybersecurity Analyst. Your work supports regional expansion for weekly business reviews. You will triage security alerts, assess infrastructure vulnerabilities, and document response procedures. Use Cybersecurity, Networking, Linux to deliver clear, documented work. Collaborate with a team of 12 across finance and strategy. Success means clear stakeholder communication. This is a fictional demonstration listing; no employer receives applications.",4.2,2026-10-03,2026-12-19,True,"Cybersecurity Analyst Join the finance team at Riverstone Works as a Cybersecurity Analyst. Your work supports regional expansion for weekly business reviews. You will triage security alerts, assess infrastructure vulnerabilities, and document response procedures. Use Cybersecurity, Networking, Linux to deliver clear, documented work. Collaborate with a team of 12 across finance and strategy. Success means clear stakeholder communication. This is a fictional demonstration listing; no employer receives applications. Cybersecurity Linux Networking SIEM Splunk Incident Response Python Wireshark"
SYN-0569,onsite,False,Cloud Engineer,Maple Labs,Delhi,Delhi,1060000,1410000,2.0,3.0,"[""AWS"", ""Docker"", ""Linux"", ""Networking""]","[""Azure"", ""Kubernetes"", ""Monitoring"", ""Terraform""]",BTech,Manufacturing,Full-time,"Join the manufacturing team at Maple Labs as a Cloud Engineer. Your work supports cost optimization for regional service teams. You will operate cloud infrastructure, monitor system capacity, and improve deployment reliability. Use AWS, Linux, Networking to deliver clear, documented work. Collaborate with a team of 14 across customer success and sales. Success means reliable weekly delivery. This is a fictional demonstration listing; no employer receives applications.",3.4,2026-08-28,2026-10-31,True,"Cloud Engineer Join the manufacturing team at Maple Labs as a Cloud Engineer. Your work supports cost optimization for regional service teams. You will operate cloud infrastructure, monitor system capacity, and improve deployment reliability. Use AWS, Linux, Networking to deliver clear, documented work. Collaborate with a team of 14 across customer success and sales. Success means reliable weekly delivery. This is a fictional demonstration listing; no employer receives applications. AWS Docker Linux Networking Azure Kubernetes Monitoring Terraform"
SYN-0570,onsite,False,Graphic Designer,Lumina Works,Noida,Uttar Pradesh,120000,470000,0,2.0,"[""Canva"", ""Illustrator"", ""Photoshop"", ""Typography""]","[""Branding"", ""Figma"", ""InDesign"", ""Video Editing""]",Diploma,Logistics,Internship,"Join the logistics team at Lumina Works as a Graphic Designer. Your work supports customer experience for a new product launch. You will prepare print layouts, maintain visual guidelines, and design campaign assets. Use Photoshop, Illustrator, Canva to deliver clear, documented work. Collaborate with a team of 18 across finance and strategy. Success means reliable weekly delivery. This is a fictional demonstration listing; no employer receives applications.",3.9,2026-08-31,2026-11-29,True,"Graphic Designer Join the logistics team at Lumina Works as a Graphic Designer. Your work supports customer experience for a new product launch. You will prepare print layouts, maintain visual guidelines, and design campaign assets. Use Photoshop, Illustrator, Canva to deliver clear, documented work. Collaborate with a team of 18 across finance and strategy. Success means reliable weekly delivery. This is a fictional demonstration listing; no employer receives applications. Canva Illustrator Photoshop Typography Branding Figma InDesign Video Editing"
SYN-0571,onsite,False,Marketing Analyst,Orbit Works,Gurugram,Haryana,430000,680000,2.0,4.0,"[""Campaign Analysis"", ""Excel"", ""Google Analytics"", ""Market Research"", ""Tableau""]","[""A/B Testing"", ""Communication"", ""SQL""]",BA,Healthcare,Full-time,"Join the healthcare team at Orbit Works as a Marketing Analyst. Your work supports regional expansion for an expanding customer base. You will research competitor positioning, segment customer audiences, and measure marketing efficiency. Use Excel, Market Research, Google Analytics to deliver clear, documented work. Collaborate with a team of 16 across finance and strategy. Success means reliable weekly delivery. This is a fictional demonstration listing; no employer receives applications.",4.3,2026-10-05,2026-11-24,True,"Marketing Analyst Join the healthcare team at Orbit Works as a Marketing Analyst. Your work supports regional expansion for an expanding customer base. You will research competitor positioning, segment customer audiences, and measure marketing efficiency. Use Excel, Market Research, Google Analytics to deliver clear, documented work. Collaborate with a team of 16 across finance and strategy. Success means reliable weekly delivery. This is a fictional demonstration listing; no employer receives applications. Campaign Analysis Excel Google Analytics Market Research Tableau A/B Testing Communication SQL"
SYN-0572,onsite,False,HR Analyst,Meridian Labs,Mumbai,Maharashtra,490000,740000,2.0,5.0,"[""Communication"", ""Excel"", ""HR Analytics"", ""Reporting""]","[""HRIS"", ""Payroll"", ""Power BI"", ""SQL""]",BA,Retail,Full-time,"Join the retail team at Meridian Labs as a HR Analyst. Your work supports regional expansion for regional service teams. You will report recruitment efficiency, audit HR data quality, and analyze workforce trends. Use Excel, HR Analytics, Communication to deliver clear, documented work. Collaborate with a team of 14 across customer success and sales. Success means clear stakeholder communication. This is a fictional demonstration listing; no employer receives applications.",3.9,2026-08-29,2026-12-30,True,"HR Analyst Join the retail team at Meridian Labs as a HR Analyst. Your work supports regional expansion for regional service teams. You will report recruitment efficiency, audit HR data quality, and analyze workforce trends. Use Excel, HR Analytics, Communication to deliver clear, documented work. Collaborate with a team of 14 across customer success and sales. Success means clear stakeholder communication. This is a fictional demonstration listing; no employer receives applications. Communication Excel HR Analytics Reporting HRIS Payroll Power BI SQL"
SYN-0573,onsite,False,Business Intelligence Analyst,Aster Labs,Pune,Maharashtra,670000,920000,2.0,5.0,"[""Data Modeling"", ""Data Visualization"", ""Power BI"", ""SQL""]","[""DAX"", ""Excel"", ""Stakeholder Management"", ""Tableau""]",BSc,Logistics,Contract,"Join the logistics team at Aster Labs as a Business Intelligence Analyst. Your work supports customer experience for a new product launch. You will document reporting models, translate business questions into dashboards, and build self-service analytics. Use SQL, Power BI, Data Modeling to deliver clear, documented work. Collaborate with a team of 4 across design and engineering. Success means measurable quality improvements. This is a fictional demonstration listing; no employer receives applications.",4.6,2026-10-07,2026-12-17,True,"Business Intelligence Analyst Join the logistics team at Aster Labs as a Business Intelligence Analyst. Your work supports customer experience for a new product launch. You will document reporting models, translate business questions into dashboards, and build self-service analytics. Use SQL, Power BI, Data Modeling to deliver clear, documented work. Collaborate with a team of 4 across design and engineering. Success means measurable quality improvements. This is a fictional demonstration listing; no employer receives applications. Data Modeling Data Visualization Power BI SQL DAX Excel Stakeholder Management Tableau"
SYN-0574,onsite,False,Quality Assurance Analyst,Juniper Labs,Chennai,Tamil Nadu,540000,720000,2.0,4.0,"[""Communication"", ""Problem Solving"", ""Python"", ""Quality Assurance"", ""SQL""]","[""Agile"", ""Jira"", ""REST API""]",Diploma,Technology,Contract,"Join the technology team at Juniper Labs as a Quality Assurance Analyst. Your work supports inventory accuracy for an expanding customer base. You will reproduce reported defects, design test scenarios, and track release readiness. Use Quality Assurance, SQL, Communication to deliver clear, documented work. Collaborate with a team of 8 across finance and strategy. Success means measurable quality improvements. This is a fictional demonstration listing; no employer receives applications.",3.7,2026-09-29,2027-01-04,True,"Quality Assurance Analyst Join the technology team at Juniper Labs as a Quality Assurance Analyst. Your work supports inventory accuracy for an expanding customer base. You will reproduce reported defects, design test scenarios, and track release readiness. Use Quality Assurance, SQL, Communication to deliver clear, documented work. Collaborate with a team of 8 across finance and strategy. Success means measurable quality improvements. This is a fictional demonstration listing; no employer receives applications. Communication Problem Solving Python Quality Assurance SQL Agile Jira REST API"
SYN-0575,onsite,False,UX Researcher,Riverstone Systems,Ahmedabad,Gujarat,180000,360000,0,3.0,"[""Communication"", ""Figma"", ""Prototyping"", ""UX Research""]","[""A/B Testing"", ""Accessibility"", ""Presentation"", ""UI Design""]",BA,Logistics,Internship,"Join the logistics team at Riverstone Systems as a UX Researcher. Your work supports subscription growth for regional service teams. You will present user journey insights, validate interface prototypes, and synthesize research findings. Use UX Research, Figma, Communication to deliver clear, documented work. Collaborate with a team of 15 across customer success and sales. Success means well-tested, reusable outputs. This is a fictional demonstration listing; no employer receives applications.",3.7,2026-10-01,2026-12-12,True,"UX Researcher Join the logistics team at Riverstone Systems as a UX Researcher. Your work supports subscription growth for regional service teams. You will present user journey insights, validate interface prototypes, and synthesize research findings. Use UX Research, Figma, Communication to deliver clear, documented work. Collaborate with a team of 15 across customer success and sales. Success means well-tested, reusable outputs. This is a fictional demonstration listing; no employer receives applications. Communication Figma Prototyping UX Research A/B Testing Accessibility Presentation UI Design"
SYN-0576,onsite,False,Data Engineer,Aster Solutions,Patna,Bihar,550000,800000,0,2.0,"[""Data Modeling"", ""ETL"", ""PostgreSQL"", ""Python"", ""SQL""]","[""AWS"", ""Azure"", ""Databricks"", ""Spark""]",BTech,Retail,Full-time,"Join the retail team at Aster Solutions as a Data Engineer. Your work supports regional expansion for a cross-functional transformation program. You will design analytical storage, build ingestion pipelines, and enforce data quality contracts. Use Python, SQL, ETL to deliver clear, documented work. Collaborate with a team of 15 across product and operations. Success means measurable quality improvements. This is a fictional demonstration listing; no employer receives applications.",3.4,2026-09-23,2026-12-30,True,"Data Engineer Join the retail team at Aster Solutions as a Data Engineer. Your work supports regional expansion for a cross-functional transformation program. You will design analytical storage, build ingestion pipelines, and enforce data quality contracts. Use Python, SQL, ETL to deliver clear, documented work. Collaborate with a team of 15 across product and operations. Success means measurable quality improvements. This is a fictional demonstration listing; no employer receives applications. Data Modeling ETL PostgreSQL Python SQL AWS Azure Databricks Spark"
SYN-0577,onsite,False,Data Analyst,Evergreen Solutions,Kolkata,West Bengal,740000,860000,3.0,5.0,"[""Data Cleaning"", ""ETL"", ""Excel"", ""Power BI"", ""Python"", ""SQL"", ""Statistics""]","[""DAX"", ""Pandas"", ""Presentation"", ""Tableau""]",Diploma,Retail,Full-time,"Join the retail team at Evergreen Solutions as a Data Analyst. Your work supports digital transformation for a new product launch. You will explain customer retention, analyze sales funnels, and build weekly KPI dashboards. Use SQL, Excel, Python to deliver clear, documented work. Collaborate with a team of 5 across design and engineering. Success means measurable quality improvements. This is a fictional demonstration listing; no employer receives applications.",3.3,2026-09-25,2026-12-24,True,"Data Analyst Join the retail team at Evergreen Solutions as a Data Analyst. Your work supports digital transformation for a new product launch. You will explain customer retention, analyze sales funnels, and build weekly KPI dashboards. Use SQL, Excel, Python to deliver clear, documented work. Collaborate with a team of 5 across design and engineering. Success means measurable quality improvements. This is a fictional demonstration listing; no employer receives applications. Data Cleaning ETL Excel Power BI Python SQL Statistics DAX Pandas Presentation Tableau"
SYN-0578,onsite,False,Business Analyst,Maple Solutions,Bangalore,Karnataka,180000,430000,0,3.0,"[""Business Analysis"", ""Communication"", ""Excel"", ""Requirements Gathering"", ""SQL""]","[""Agile"", ""Jira"", ""Process Improvement"", ""Tableau""]",BA,Logistics,Internship,"Join the logistics team at Maple Solutions as a Business Analyst. Your work supports quality improvement for an expanding customer base. You will document business requirements, evaluate product changes, and interview stakeholders. Use SQL, Excel, Business Analysis to deliver clear, documented work. Collaborate with a team of 16 across finance and strategy. Success means reliable weekly delivery. This is a fictional demonstration listing; no employer receives applications.",4.7,2026-09-03,2026-12-24,True,"Business Analyst Join the logistics team at Maple Solutions as a Business Analyst. Your work supports quality improvement for an expanding customer base. You will document business requirements, evaluate product changes, and interview stakeholders. Use SQL, Excel, Business Analysis to deliver clear, documented work. Collaborate with a team of 16 across finance and strategy. Success means reliable weekly delivery. This is a fictional demonstration listing; no employer receives applications. Business Analysis Communication Excel Requirements Gathering SQL Agile Jira Process Improvement Tableau"
SYN-0579,onsite,False,Power BI Developer,Orbit Systems,Hyderabad,Telangana,810000,1160000,2.0,5.0,"[""Data Modeling"", ""DAX"", ""Power BI"", ""Power Query"", ""SQL""]","[""Azure"", ""Dashboard Design"", ""ETL"", ""Excel""]",BTech,Healthcare,Full-time,"Join the healthcare team at Orbit Systems as a Power BI Developer. Your work supports quality improvement for weekly business reviews. You will publish operational dashboards, reconcile reporting metrics, and optimize DAX measures. Use Power BI, DAX, SQL to deliver clear, documented work. Collaborate with a team of 13 across customer success and sales. Success means clear stakeholder communication. This is a fictional demonstration listing; no employer receives applications.",4.3,2026-10-07,2026-12-03,True,"Power BI Developer Join the healthcare team at Orbit Systems as a Power BI Developer. Your work supports quality improvement for weekly business reviews. You will publish operational dashboards, reconcile reporting metrics, and optimize DAX measures. Use Power BI, DAX, SQL to deliver clear, documented work. Collaborate with a team of 13 across customer success and sales. Success means clear stakeholder communication. This is a fictional demonstration listing; no employer receives applications. Data Modeling DAX Power BI Power Query SQL Azure Dashboard Design ETL Excel"
SYN-0580,onsite,False,MIS Executive,Aster Solutions,Delhi,Delhi,560000,810000,4.0,6.0,"[""Communication"", ""Data Cleaning"", ""Excel"", ""Reporting"", ""SQL""]","[""Advanced Excel"", ""Excel VBA"", ""Power BI""]",12th,Healthcare,Full-time,"Join the healthcare team at Aster Solutions as a MIS Executive. Your work supports subscription growth for a cross-functional transformation program. You will prepare management summaries, reconcile inventory records, and maintain daily reports. Use Excel, Reporting, Data Cleaning to deliver clear, documented work. Collaborate with a team of 9 across customer success and sales. Success means reliable weekly delivery. This is a fictional demonstration listing; no employer receives applications.",3.8,2026-09-29,2027-01-05,True,"MIS Executive Join the healthcare team at Aster Solutions as a MIS Executive. Your work supports subscription growth for a cross-functional transformation program. You will prepare management summaries, reconcile inventory records, and maintain daily reports. Use Excel, Reporting, Data Cleaning to deliver clear, documented work. Collaborate with a team of 9 across customer success and sales. Success means reliable weekly delivery. This is a fictional demonstration listing; no employer receives applications. Communication Data Cleaning Excel Reporting SQL Advanced Excel Excel VBA Power BI"
SYN-0581,onsite,False,SQL Developer,Vantage Partners,Noida,Uttar Pradesh,430000,550000,1.0,3.0,"[""Database Design"", ""ETL"", ""PostgreSQL"", ""SQL""]","[""Advanced SQL"", ""Git"", ""Python"", ""SQL Server""]",BCA,Finance,Full-time,"Join the finance team at Vantage Partners as a SQL Developer. Your work supports inventory accuracy for a new product launch. You will optimize database queries, design warehouse tables, and audit data consistency. Use SQL, PostgreSQL, Database Design to deliver clear, documented work. Collaborate with a team of 6 across finance and strategy. Success means well-tested, reusable outputs. This is a fictional demonstration listing; no employer receives applications.",3.4,2026-09-13,2026-12-01,True,"SQL Developer Join the finance team at Vantage Partners as a SQL Developer. Your work supports inventory accuracy for a new product launch. You will optimize database queries, design warehouse tables, and audit data consistency. Use SQL, PostgreSQL, Database Design to deliver clear, documented work. Collaborate with a team of 6 across finance and strategy. Success means well-tested, reusable outputs. This is a fictional demonstration listing; no employer receives applications. Database Design ETL PostgreSQL SQL Advanced SQL Git Python SQL Server"
SYN-0582,onsite,False,Python Developer,Lumina Works,Gurugram,Haryana,1020000,1370000,5.0,7.0,"[""Flask"", ""Git"", ""Python"", ""REST API"", ""SQL""]","[""Django"", ""Docker"", ""FastAPI"", ""Linux""]",Diploma,Manufacturing,Full-time,"Join the manufacturing team at Lumina Works as a Python Developer. Your work supports cost optimization for regional service teams. You will improve service reliability, maintain internal automation, and write integration tests. Use Python, Flask, SQL to deliver clear, documented work. Collaborate with a team of 17 across product and operations. Success means clear stakeholder communication. This is a fictional demonstration listing; no employer receives applications.",3.7,2026-09-16,2026-11-17,True,"Python Developer Join the manufacturing team at Lumina Works as a Python Developer. Your work supports cost optimization for regional service teams. You will improve service reliability, maintain internal automation, and write integration tests. Use Python, Flask, SQL to deliver clear, documented work. Collaborate with a team of 17 across product and operations. Success means clear stakeholder communication. This is a fictional demonstration listing; no employer receives applications. Flask Git Python REST API SQL Django Docker FastAPI Linux"
SYN-0583,onsite,False,Junior Data Scientist,Riverstone Partners,Mumbai,Maharashtra,680000,930000,1.0,2.0,"[""A/B Testing"", ""Machine Learning"", ""Pandas"", ""Python"", ""SQL"", ""Statistics""]","[""Feature Engineering"", ""NLP"", ""Scikit-learn""]",BSc,Retail,Contract,"Join the retail team at Riverstone Partners as a Junior Data Scientist. Your work supports quality improvement for a cross-functional transformation program. You will prototype demand forecasts, explain model errors, and prepare experimentation datasets. Use Python, Statistics, Machine Learning to deliver clear, documented work. Collaborate with a team of 13 across product and operations. Success means well-tested, reusable outputs. This is a fictional demonstration listing; no employer receives applications.",4.8,2026-09-23,2026-12-09,True,"Junior Data Scientist Join the retail team at Riverstone Partners as a Junior Data Scientist. Your work supports quality improvement for a cross-functional transformation program. You will prototype demand forecasts, explain model errors, and prepare experimentation datasets. Use Python, Statistics, Machine Learning to deliver clear, documented work. Collaborate with a team of 13 across product and operations. Success means well-tested, reusable outputs. This is a fictional demonstration listing; no employer receives applications. A/B Testing Machine Learning Pandas Python SQL Statistics Feature Engineering NLP Scikit-learn"
SYN-0584,onsite,False,Machine Learning Engineer,Maple Solutions,Pune,Maharashtra,120000,240000,0,2.0,"[""Docker"", ""Machine Learning"", ""Model Evaluation"", ""Python"", ""Scikit-learn""]","[""AWS"", ""MLOps"", ""PyTorch"", ""TensorFlow""]",BTech,Retail,Internship,"Join the retail team at Maple Solutions as a Machine Learning Engineer. Your work supports quality improvement for regional service teams. You will build reproducible ML pipelines, monitor model drift, and serve prediction models. Use Python, Machine Learning, Scikit-learn to deliver clear, documented work. Collaborate with a team of 4 across finance and strategy. Success means measurable quality improvements. This is a fictional demonstration listing; no employer receives applications.",4.8,2026-09-25,2026-11-20,True,"Machine Learning Engineer Join the retail team at Maple Solutions as a Machine Learning Engineer. Your work supports quality improvement for regional service teams. You will build reproducible ML pipelines, monitor model drift, and serve prediction models. Use Python, Machine Learning, Scikit-learn to deliver clear, documented work. Collaborate with a team of 4 across finance and strategy. Success means measurable quality improvements. This is a fictional demonstration listing; no employer receives applications. Docker Machine Learning Model Evaluation Python Scikit-learn AWS MLOps PyTorch TensorFlow"
SYN-0585,onsite,False,Software Developer,Evergreen Systems,Chennai,Tamil Nadu,500000,680000,1.0,4.0,"[""Algorithms"", ""Git"", ""Java"", ""OOP"", ""SQL""]","[""Agile"", ""Docker"", ""Python"", ""REST API""]",BTech,Manufacturing,Full-time,"Join the manufacturing team at Evergreen Systems as a Software Developer. Your work supports cost optimization for regional service teams. You will review maintainable code, improve automated testing, and implement service features. Use Java, SQL, Git to deliver clear, documented work. Collaborate with a team of 4 across finance and strategy. Success means measurable quality improvements. This is a fictional demonstration listing; no employer receives applications.",3.8,2026-10-04,2026-11-03,True,"Software Developer Join the manufacturing team at Evergreen Systems as a Software Developer. Your work supports cost optimization for regional service teams. You will review maintainable code, improve automated testing, and implement service features. Use Java, SQL, Git to deliver clear, documented work. Collaborate with a team of 4 across finance and strategy. Success means measurable quality improvements. This is a fictional demonstration listing; no employer receives applications. Algorithms Git Java OOP SQL Agile Docker Python REST API"
SYN-0586,onsite,False,Web Developer,Cedar Partners,Ahmedabad,Gujarat,720000,970000,5.0,7.0,"[""Bootstrap"", ""CSS"", ""Git"", ""HTML"", ""JavaScript"", ""React""]","[""Accessibility"", ""Node.js"", ""TypeScript""]",Diploma,Manufacturing,Full-time,"Join the manufacturing team at Cedar Partners as a Web Developer. Your work supports cost optimization for an expanding customer base. You will integrate REST APIs, create reusable UI components, and build accessible interfaces. Use HTML, CSS, JavaScript to deliver clear, documented work. Collaborate with a team of 4 across product and operations. Success means well-tested, reusable outputs. This is a fictional demonstration listing; no employer receives applications.",3.8,2026-10-05,2026-12-17,True,"Web Developer Join the manufacturing team at Cedar Partners as a Web Developer. Your work supports cost optimization for an expanding customer base. You will integrate REST APIs, create reusable UI components, and build accessible interfaces. Use HTML, CSS, JavaScript to deliver clear, documented work. Collaborate with a team of 4 across product and operations. Success means well-tested, reusable outputs. This is a fictional demonstration listing; no employer receives applications. Bootstrap CSS Git HTML JavaScript React Accessibility Node.js TypeScript"
SYN-0587,onsite,False,Digital Marketing Analyst,Riverstone Partners,Patna,Bihar,530000,880000,4.0,7.0,"[""Digital Marketing"", ""Excel"", ""Google Analytics"", ""SEO""]","[""Campaign Analysis"", ""Google Ads"", ""Power BI"", ""SQL""]",BA,Healthcare,Full-time,"Join the healthcare team at Riverstone Partners as a Digital Marketing Analyst. Your work supports service efficiency for weekly business reviews. You will build attribution reports, recommend landing page experiments, and audit acquisition channels. Use Google Analytics, SEO, Excel to deliver clear, documented work. Collaborate with a team of 9 across finance and strategy. Success means measurable quality improvements. This is a fictional demonstration listing; no employer receives applications.",4.5,2026-10-01,2026-12-04,True,"Digital Marketing Analyst Join the healthcare team at Riverstone Partners as a Digital Marketing Analyst. Your work supports service efficiency for weekly business reviews. You will build attribution reports, recommend landing page experiments, and audit acquisition channels. Use Google Analytics, SEO, Excel to deliver clear, documented work. Collaborate with a team of 9 across finance and strategy. Success means measurable quality improvements. This is a fictional demonstration listing; no employer receives applications. Digital Marketing Excel Google Analytics SEO Campaign Analysis Google Ads Power BI SQL"
SYN-0588,remote,True,SEO Analyst,Lumina Solutions,Remote,Remote,350000,600000,1.0,4.0,"[""Content Marketing"", ""Excel"", ""Google Analytics"", ""SEO""]","[""Copywriting"", ""HTML"", ""Market Research"", ""SEM""]",12th,Finance,Full-time,"Join the finance team at Lumina Solutions as a SEO Analyst. Your work supports customer experience for regional service teams. You will improve technical SEO checks, audit site content, and track organic conversions. Use SEO, Google Analytics, Content Marketing to deliver clear, documented work. Collaborate with a team of 18 across customer success and sales. Success means reliable weekly delivery. This is a fictional demonstration listing; no employer receives applications.",3.9,2026-09-20,2026-11-17,True,"SEO Analyst Join the finance team at Lumina Solutions as a SEO Analyst. Your work supports customer experience for regional service teams. You will improve technical SEO checks, audit site content, and track organic conversions. Use SEO, Google Analytics, Content Marketing to deliver clear, documented work. Collaborate with a team of 18 across customer success and sales. Success means reliable weekly delivery. This is a fictional demonstration listing; no employer receives applications. Content Marketing Excel Google Analytics SEO Copywriting HTML Market Research SEM"
SYN-0589,onsite,False,Customer Support Executive,Riverstone Solutions,Kolkata,West Bengal,370000,550000,3.0,4.0,"[""Chat Support"", ""Communication"", ""CRM"", ""Customer Support"", ""Ticketing""]","[""Conflict Resolution"", ""Email Support"", ""Zendesk""]",12th,Media,Full-time,"Join the media team at Riverstone Solutions as a Customer Support Executive. Your work supports quality improvement for regional service teams. You will identify recurring service problems, resolve customer tickets, and maintain accurate case notes. Use Customer Support, Communication, CRM to deliver clear, documented work. Collaborate with a team of 18 across customer success and sales. Success means well-tested, reusable outputs. This is a fictional demonstration listing; no employer receives applications.",4.0,2026-09-29,2027-01-05,True,"Customer Support Executive Join the media team at Riverstone Solutions as a Customer Support Executive. Your work supports quality improvement for regional service teams. You will identify recurring service problems, resolve customer tickets, and maintain accurate case notes. Use Customer Support, Communication, CRM to deliver clear, documented work. Collaborate with a team of 18 across customer success and sales. Success means well-tested, reusable outputs. This is a fictional demonstration listing; no employer receives applications. Chat Support Communication CRM Customer Support Ticketing Conflict Resolution Email Support Zendesk"
SYN-0590,onsite,False,Operations Analyst,Nexa Solutions,Bangalore,Karnataka,180000,430000,0,2.0,"[""Excel"", ""Operations"", ""Process Improvement"", ""SQL""]","[""Forecasting"", ""Inventory Management"", ""Power BI"", ""Supply Chain""]",BA,Manufacturing,Internship,"Join the manufacturing team at Nexa Solutions as a Operations Analyst. Your work supports customer experience for an expanding customer base. You will identify process bottlenecks, monitor service metrics, and plan operational capacity. Use Excel, SQL, Operations to deliver clear, documented work. Collaborate with a team of 15 across finance and strategy. Success means reliable weekly delivery. This is a fictional demonstration listing; no employer receives applications.",4.2,2026-10-01,2026-11-29,True,"Operations Analyst Join the manufacturing team at Nexa Solutions as a Operations Analyst. Your work supports customer experience for an expanding customer base. You will identify process bottlenecks, monitor service metrics, and plan operational capacity. Use Excel, SQL, Operations to deliver clear, documented work. Collaborate with a team of 15 across finance and strategy. Success means reliable weekly delivery. This is a fictional demonstration listing; no employer receives applications. Excel Operations Process Improvement SQL Forecasting Inventory Management Power BI Supply Chain"
SYN-0591,onsite,False,Financial Analyst,Cobalt Works,Hyderabad,Telangana,860000,1110000,3.0,5.0,"[""Accounting"", ""Excel"", ""Financial Analysis"", ""Financial Modeling""]","[""Budgeting"", ""Power BI"", ""SQL"", ""Valuation""]",BCom,Technology,Full-time,"Join the technology team at Cobalt Works as a Financial Analyst. Your work supports inventory accuracy for a cross-functional transformation program. You will analyze monthly cash flow, model unit economics, and prepare budget variance reports. Use Excel, Financial Analysis, Accounting to deliver clear, documented work. Collaborate with a team of 15 across product and operations. Success means clear stakeholder communication. This is a fictional demonstration listing; no employer receives applications.",3.7,2026-09-11,2026-11-11,True,"Financial Analyst Join the technology team at Cobalt Works as a Financial Analyst. Your work supports inventory accuracy for a cross-functional transformation program. You will analyze monthly cash flow, model unit economics, and prepare budget variance reports. Use Excel, Financial Analysis, Accounting to deliver clear, documented work. Collaborate with a team of 15 across product and operations. Success means clear stakeholder communication. This is a fictional demonstration listing; no employer receives applications. Accounting Excel Financial Analysis Financial Modeling Budgeting Power BI SQL Valuation"
SYN-0592,onsite,False,Cybersecurity Analyst,Aster Partners,Delhi,Delhi,920000,1100000,4.0,5.0,"[""Cybersecurity"", ""Linux"", ""Networking"", ""Python"", ""SIEM""]","[""Incident Response"", ""Splunk"", ""Wireshark""]",BTech,Healthcare,Full-time,"Join the healthcare team at Aster Partners as a Cybersecurity Analyst. Your work supports cost optimization for a cross-functional transformation program. You will document response procedures, triage security alerts, and investigate suspicious logs. Use Cybersecurity, Networking, Linux to deliver clear, documented work. Collaborate with a team of 6 across customer success and sales. Success means well-tested, reusable outputs. This is a fictional demonstration listing; no employer receives applications.",4.5,2026-09-27,2026-11-14,True,"Cybersecurity Analyst Join the healthcare team at Aster Partners as a Cybersecurity Analyst. Your work supports cost optimization for a cross-functional transformation program. You will document response procedures, triage security alerts, and investigate suspicious logs. Use Cybersecurity, Networking, Linux to deliver clear, documented work. Collaborate with a team of 6 across customer success and sales. Success means well-tested, reusable outputs. This is a fictional demonstration listing; no employer receives applications. Cybersecurity Linux Networking Python SIEM Incident Response Splunk Wireshark"
SYN-0593,onsite,False,Cloud Engineer,Prism Labs,Noida,Uttar Pradesh,1190000,1310000,3.0,6.0,"[""AWS"", ""Docker"", ""Linux"", ""Networking""]","[""Azure"", ""Kubernetes"", ""Monitoring"", ""Terraform""]",BTech,Media,Full-time,"Join the media team at Prism Labs as a Cloud Engineer. Your work supports digital transformation for a new product launch. You will improve deployment reliability, monitor system capacity, and automate infrastructure changes. Use AWS, Linux, Networking to deliver clear, documented work. Collaborate with a team of 16 across design and engineering. Success means measurable quality improvements. This is a fictional demonstration listing; no employer receives applications.",4.2,2026-09-04,2027-01-04,True,"Cloud Engineer Join the media team at Prism Labs as a Cloud Engineer. Your work supports digital transformation for a new product launch. You will improve deployment reliability, monitor system capacity, and automate infrastructure changes. Use AWS, Linux, Networking to deliver clear, documented work. Collaborate with a team of 16 across design and engineering. Success means measurable quality improvements. This is a fictional demonstration listing; no employer receives applications. AWS Docker Linux Networking Azure Kubernetes Monitoring Terraform"
SYN-0594,onsite,False,Graphic Designer,Prism Solutions,Gurugram,Haryana,450000,630000,2.0,5.0,"[""Canva"", ""Illustrator"", ""Photoshop"", ""Typography""]","[""Branding"", ""Figma"", ""InDesign"", ""Video Editing""]",Diploma,Education,Full-time,"Join the education team at Prism Solutions as a Graphic Designer. Your work supports regional expansion for weekly business reviews. You will adapt creative for digital channels, design campaign assets, and maintain visual guidelines. Use Photoshop, Illustrator, Canva to deliver clear, documented work. Collaborate with a team of 6 across customer success and sales. Success means reliable weekly delivery. This is a fictional demonstration listing; no employer receives applications.",4.2,2026-09-03,2026-12-29,True,"Graphic Designer Join the education team at Prism Solutions as a Graphic Designer. Your work supports regional expansion for weekly business reviews. You will adapt creative for digital channels, design campaign assets, and maintain visual guidelines. Use Photoshop, Illustrator, Canva to deliver clear, documented work. Collaborate with a team of 6 across customer success and sales. Success means reliable weekly delivery. This is a fictional demonstration listing; no employer receives applications. Canva Illustrator Photoshop Typography Branding Figma InDesign Video Editing"
SYN-0595,onsite,False,Marketing Analyst,Cedar Works,Mumbai,Maharashtra,460000,710000,1.0,3.0,"[""Campaign Analysis"", ""Excel"", ""Google Analytics"", ""Market Research"", ""SQL""]","[""A/B Testing"", ""Communication"", ""Tableau""]",BA,Manufacturing,Part-time,"Join the manufacturing team at Cedar Works as a Marketing Analyst. Your work supports inventory accuracy for weekly business reviews. You will segment customer audiences, measure marketing efficiency, and present customer insights. Use Excel, Market Research, Google Analytics to deliver clear, documented work. Collaborate with a team of 16 across design and engineering. Success means well-tested, reusable outputs. This is a fictional demonstration listing; no employer receives applications.",4.0,2026-09-10,2026-12-17,True,"Marketing Analyst Join the manufacturing team at Cedar Works as a Marketing Analyst. Your work supports inventory accuracy for weekly business reviews. You will segment customer audiences, measure marketing efficiency, and present customer insights. Use Excel, Market Research, Google Analytics to deliver clear, documented work. Collaborate with a team of 16 across design and engineering. Success means well-tested, reusable outputs. This is a fictional demonstration listing; no employer receives applications. Campaign Analysis Excel Google Analytics Market Research SQL A/B Testing Communication Tableau"
SYN-0596,onsite,False,HR Analyst,Orbit Systems,Pune,Maharashtra,660000,1010000,3.0,5.0,"[""Communication"", ""Excel"", ""HR Analytics"", ""Reporting""]","[""HRIS"", ""Payroll"", ""Power BI"", ""SQL""]",BA,Retail,Full-time,"Join the retail team at Orbit Systems as a HR Analyst. Your work supports regional expansion for a cross-functional transformation program. You will audit HR data quality, analyze workforce trends, and report recruitment efficiency. Use Excel, HR Analytics, Communication to deliver clear, documented work. Collaborate with a team of 10 across customer success and sales. Success means reliable weekly delivery. This is a fictional demonstration listing; no employer receives applications.",3.2,2026-10-07,2026-10-28,True,"HR Analyst Join the retail team at Orbit Systems as a HR Analyst. Your work supports regional expansion for a cross-functional transformation program. You will audit HR data quality, analyze workforce trends, and report recruitment efficiency. Use Excel, HR Analytics, Communication to deliver clear, documented work. Collaborate with a team of 10 across customer success and sales. Success means reliable weekly delivery. This is a fictional demonstration listing; no employer receives applications. Communication Excel HR Analytics Reporting HRIS Payroll Power BI SQL"
SYN-0597,onsite,False,Business Intelligence Analyst,Juniper Partners,Chennai,Tamil Nadu,620000,870000,2.0,3.0,"[""Data Modeling"", ""Data Visualization"", ""Power BI"", ""SQL""]","[""DAX"", ""Excel"", ""Stakeholder Management"", ""Tableau""]",BSc,Retail,Full-time,"Join the retail team at Juniper Partners as a Business Intelligence Analyst. Your work supports quality improvement for an expanding customer base. You will document reporting models, build self-service analytics, and translate business questions into dashboards. Use SQL, Power BI, Data Modeling to deliver clear, documented work. Collaborate with a team of 6 across product and operations. Success means clear stakeholder communication. This is a fictional demonstration listing; no employer receives applications.",3.7,2026-09-03,2026-11-21,True,"Business Intelligence Analyst Join the retail team at Juniper Partners as a Business Intelligence Analyst. Your work supports quality improvement for an expanding customer base. You will document reporting models, build self-service analytics, and translate business questions into dashboards. Use SQL, Power BI, Data Modeling to deliver clear, documented work. Collaborate with a team of 6 across product and operations. Success means clear stakeholder communication. This is a fictional demonstration listing; no employer receives applications. Data Modeling Data Visualization Power BI SQL DAX Excel Stakeholder Management Tableau"
SYN-0598,onsite,False,Quality Assurance Analyst,Meridian Systems,Ahmedabad,Gujarat,340000,690000,1.0,3.0,"[""Communication"", ""Jira"", ""Problem Solving"", ""Quality Assurance"", ""SQL""]","[""Agile"", ""Python"", ""REST API""]",Diploma,Retail,Full-time,"Join the retail team at Meridian Systems as a Quality Assurance Analyst. Your work supports regional expansion for regional service teams. You will design test scenarios, reproduce reported defects, and verify data integrity. Use Quality Assurance, SQL, Communication to deliver clear, documented work. Collaborate with a team of 18 across finance and strategy. Success means clear stakeholder communication. This is a fictional demonstration listing; no employer receives applications.",3.8,2026-08-30,2026-11-19,True,"Quality Assurance Analyst Join the retail team at Meridian Systems as a Quality Assurance Analyst. Your work supports regional expansion for regional service teams. You will design test scenarios, reproduce reported defects, and verify data integrity. Use Quality Assurance, SQL, Communication to deliver clear, documented work. Collaborate with a team of 18 across finance and strategy. Success means clear stakeholder communication. This is a fictional demonstration listing; no employer receives applications. Communication Jira Problem Solving Quality Assurance SQL Agile Python REST API"
SYN-0599,onsite,False,UX Researcher,Nexa Labs,Patna,Bihar,550000,730000,2.0,3.0,"[""Communication"", ""Figma"", ""Prototyping"", ""UX Research""]","[""A/B Testing"", ""Accessibility"", ""Presentation"", ""UI Design""]",BA,Media,Full-time,"Join the media team at Nexa Labs as a UX Researcher. Your work supports digital transformation for an expanding customer base. You will present user journey insights, validate interface prototypes, and conduct usability sessions. Use UX Research, Figma, Communication to deliver clear, documented work. Collaborate with a team of 17 across customer success and sales. Success means reliable weekly delivery. This is a fictional demonstration listing; no employer receives applications.",3.6,2026-09-15,2026-12-20,True,"UX Researcher Join the media team at Nexa Labs as a UX Researcher. Your work supports digital transformation for an expanding customer base. You will present user journey insights, validate interface prototypes, and conduct usability sessions. Use UX Research, Figma, Communication to deliver clear, documented work. Collaborate with a team of 17 across customer success and sales. Success means reliable weekly delivery. This is a fictional demonstration listing; no employer receives applications. Communication Figma Prototyping UX Research A/B Testing Accessibility Presentation UI Design"
SYN-0600,remote,True,Data Engineer,Cobalt Works,Remote,Remote,810000,990000,1.0,4.0,"[""Data Modeling"", ""ETL"", ""PostgreSQL"", ""Python"", ""SQL""]","[""AWS"", ""Azure"", ""Databricks"", ""Spark""]",BTech,Retail,Full-time,"Join the retail team at Cobalt Works as a Data Engineer. Your work supports regional expansion for an expanding customer base. You will monitor dataset freshness, build ingestion pipelines, and enforce data quality contracts. Use Python, SQL, ETL to deliver clear, documented work. Collaborate with a team of 14 across product and operations. Success means well-tested, reusable outputs. This is a fictional demonstration listing; no employer receives applications.",4.1,2026-09-10,2026-12-12,True,"Data Engineer Join the retail team at Cobalt Works as a Data Engineer. Your work supports regional expansion for an expanding customer base. You will monitor dataset freshness, build ingestion pipelines, and enforce data quality contracts. Use Python, SQL, ETL to deliver clear, documented work. Collaborate with a team of 14 across product and operations. Success means well-tested, reusable outputs. This is a fictional demonstration listing; no employer receives applications. Data Modeling ETL PostgreSQL Python SQL AWS Azure Databricks Spark"
SYN-0601,onsite,False,Data Analyst,Cobalt Partners,Bangalore,Karnataka,360000,540000,0,1.0,"[""Data Cleaning"", ""DAX"", ""Excel"", ""Power BI"", ""Python"", ""SQL"", ""Statistics""]","[""ETL"", ""Pandas"", ""Presentation"", ""Tableau""]",Diploma,Healthcare,Full-time,"Join the healthcare team at Cobalt Partners as a Data Analyst. Your work supports cost optimization for regional service teams. You will explain customer retention, analyze sales funnels, and build weekly KPI dashboards. Use SQL, Excel, Python to deliver clear, documented work. Collaborate with a team of 14 across product and operations. Success means well-tested, reusable outputs. This is a fictional demonstration listing; no employer receives applications.",3.6,2026-09-15,2026-12-11,True,"Data Analyst Join the healthcare team at Cobalt Partners as a Data Analyst. Your work supports cost optimization for regional service teams. You will explain customer retention, analyze sales funnels, and build weekly KPI dashboards. Use SQL, Excel, Python to deliver clear, documented work. Collaborate with a team of 14 across product and operations. Success means well-tested, reusable outputs. This is a fictional demonstration listing; no employer receives applications. Data Cleaning DAX Excel Power BI Python SQL Statistics ETL Pandas Presentation Tableau"
SYN-0602,onsite,False,Business Analyst,Vantage Works,Hyderabad,Telangana,120000,300000,0,3.0,"[""Business Analysis"", ""Communication"", ""Excel"", ""Requirements Gathering"", ""SQL""]","[""Agile"", ""Jira"", ""Process Improvement"", ""Tableau""]",BA,Healthcare,Internship,"Join the healthcare team at Vantage Works as a Business Analyst. Your work supports subscription growth for regional service teams. You will interview stakeholders, map operational workflows, and document business requirements. Use SQL, Excel, Business Analysis to deliver clear, documented work. Collaborate with a team of 12 across product and operations. Success means well-tested, reusable outputs. This is a fictional demonstration listing; no employer receives applications.",4.3,2026-10-02,2026-11-06,True,"Business Analyst Join the healthcare team at Vantage Works as a Business Analyst. Your work supports subscription growth for regional service teams. You will interview stakeholders, map operational workflows, and document business requirements. Use SQL, Excel, Business Analysis to deliver clear, documented work. Collaborate with a team of 12 across product and operations. Success means well-tested, reusable outputs. This is a fictional demonstration listing; no employer receives applications. Business Analysis Communication Excel Requirements Gathering SQL Agile Jira Process Improvement Tableau"
SYN-0603,onsite,False,Power BI Developer,Prism Systems,Delhi,Delhi,630000,880000,1.0,2.0,"[""Data Modeling"", ""DAX"", ""Power BI"", ""Power Query"", ""SQL""]","[""Azure"", ""Dashboard Design"", ""ETL"", ""Excel""]",BTech,Logistics,Full-time,"Join the logistics team at Prism Systems as a Power BI Developer. Your work supports customer experience for regional service teams. You will optimize DAX measures, design dimensional models, and publish operational dashboards. Use Power BI, DAX, SQL to deliver clear, documented work. Collaborate with a team of 17 across design and engineering. Success means clear stakeholder communication. This is a fictional demonstration listing; no employer receives applications.",4.1,2026-08-30,2026-12-19,True,"Power BI Developer Join the logistics team at Prism Systems as a Power BI Developer. Your work supports customer experience for regional service teams. You will optimize DAX measures, design dimensional models, and publish operational dashboards. Use Power BI, DAX, SQL to deliver clear, documented work. Collaborate with a team of 17 across design and engineering. Success means clear stakeholder communication. This is a fictional demonstration listing; no employer receives applications. Data Modeling DAX Power BI Power Query SQL Azure Dashboard Design ETL Excel"
SYN-0604,onsite,False,MIS Executive,Aster Works,Noida,Uttar Pradesh,250000,500000,0,2.0,"[""Advanced Excel"", ""Communication"", ""Data Cleaning"", ""Excel"", ""Reporting""]","[""Excel VBA"", ""Power BI"", ""SQL""]",12th,Technology,Full-time,"Join the technology team at Aster Works as a MIS Executive. Your work supports quality improvement for regional service teams. You will reconcile inventory records, prepare management summaries, and maintain daily reports. Use Excel, Reporting, Data Cleaning to deliver clear, documented work. Collaborate with a team of 11 across product and operations. Success means well-tested, reusable outputs. This is a fictional demonstration listing; no employer receives applications.",4.3,2026-09-15,2026-11-14,True,"MIS Executive Join the technology team at Aster Works as a MIS Executive. Your work supports quality improvement for regional service teams. You will reconcile inventory records, prepare management summaries, and maintain daily reports. Use Excel, Reporting, Data Cleaning to deliver clear, documented work. Collaborate with a team of 11 across product and operations. Success means well-tested, reusable outputs. This is a fictional demonstration listing; no employer receives applications. Advanced Excel Communication Data Cleaning Excel Reporting Excel VBA Power BI SQL"
SYN-0605,onsite,False,SQL Developer,Meridian Labs,Gurugram,Haryana,580000,700000,1.0,3.0,"[""Database Design"", ""ETL"", ""PostgreSQL"", ""SQL""]","[""Advanced SQL"", ""Git"", ""Python"", ""SQL Server""]",BCA,Technology,Contract,"Join the technology team at Meridian Labs as a SQL Developer. Your work supports customer experience for regional service teams. You will audit data consistency, design warehouse tables, and optimize database queries. Use SQL, PostgreSQL, Database Design to deliver clear, documented work. Collaborate with a team of 15 across product and operations. Success means well-tested, reusable outputs. This is a fictional demonstration listing; no employer receives applications.",3.6,2026-09-24,2027-01-03,True,"SQL Developer Join the technology team at Meridian Labs as a SQL Developer. Your work supports customer experience for regional service teams. You will audit data consistency, design warehouse tables, and optimize database queries. Use SQL, PostgreSQL, Database Design to deliver clear, documented work. Collaborate with a team of 15 across product and operations. Success means well-tested, reusable outputs. This is a fictional demonstration listing; no employer receives applications. Database Design ETL PostgreSQL SQL Advanced SQL Git Python SQL Server"
SYN-0606,onsite,False,Python Developer,Meridian Labs,Mumbai,Maharashtra,610000,790000,1.0,2.0,"[""Flask"", ""Git"", ""Python"", ""REST API"", ""SQL""]","[""Django"", ""Docker"", ""FastAPI"", ""Linux""]",Diploma,Manufacturing,Full-time,"Join the manufacturing team at Meridian Labs as a Python Developer. Your work supports regional expansion for weekly business reviews. You will improve service reliability, build backend APIs, and maintain internal automation. Use Python, Flask, SQL to deliver clear, documented work. Collaborate with a team of 9 across customer success and sales. Success means clear stakeholder communication. This is a fictional demonstration listing; no employer receives applications.",4.2,2026-09-09,2026-12-05,True,"Python Developer Join the manufacturing team at Meridian Labs as a Python Developer. Your work supports regional expansion for weekly business reviews. You will improve service reliability, build backend APIs, and maintain internal automation. Use Python, Flask, SQL to deliver clear, documented work. Collaborate with a team of 9 across customer success and sales. Success means clear stakeholder communication. This is a fictional demonstration listing; no employer receives applications. Flask Git Python REST API SQL Django Docker FastAPI Linux"
SYN-0607,onsite,False,Junior Data Scientist,Vantage Partners,Pune,Maharashtra,720000,970000,1.0,3.0,"[""Feature Engineering"", ""Machine Learning"", ""Pandas"", ""Python"", ""SQL"", ""Statistics""]","[""A/B Testing"", ""NLP"", ""Scikit-learn""]",BSc,Healthcare,Full-time,"Join the healthcare team at Vantage Partners as a Junior Data Scientist. Your work supports quality improvement for regional service teams. You will prepare experimentation datasets, explain model errors, and prototype demand forecasts. Use Python, Statistics, Machine Learning to deliver clear, documented work. Collaborate with a team of 11 across customer success and sales. Success means measurable quality improvements. This is a fictional demonstration listing; no employer receives applications.",3.5,2026-09-27,2026-11-25,True,"Junior Data Scientist Join the healthcare team at Vantage Partners as a Junior Data Scientist. Your work supports quality improvement for regional service teams. You will prepare experimentation datasets, explain model errors, and prototype demand forecasts. Use Python, Statistics, Machine Learning to deliver clear, documented work. Collaborate with a team of 11 across customer success and sales. Success means measurable quality improvements. This is a fictional demonstration listing; no employer receives applications. Feature Engineering Machine Learning Pandas Python SQL Statistics A/B Testing NLP Scikit-learn"
SYN-0608,onsite,False,Machine Learning Engineer,Cedar Labs,Chennai,Tamil Nadu,680000,860000,0,1.0,"[""Docker"", ""Machine Learning"", ""Model Evaluation"", ""Python"", ""Scikit-learn""]","[""AWS"", ""MLOps"", ""PyTorch"", ""TensorFlow""]",BTech,Education,Full-time,"Join the education team at Cedar Labs as a Machine Learning Engineer. Your work supports cost optimization for weekly business reviews. You will optimize inference workloads, build reproducible ML pipelines, and serve prediction models. Use Python, Machine Learning, Scikit-learn to deliver clear, documented work. Collaborate with a team of 5 across design and engineering. Success means measurable quality improvements. This is a fictional demonstration listing; no employer receives applications.",4.4,2026-09-22,2026-12-26,True,"Machine Learning Engineer Join the education team at Cedar Labs as a Machine Learning Engineer. Your work supports cost optimization for weekly business reviews. You will optimize inference workloads, build reproducible ML pipelines, and serve prediction models. Use Python, Machine Learning, Scikit-learn to deliver clear, documented work. Collaborate with a team of 5 across design and engineering. Success means measurable quality improvements. This is a fictional demonstration listing; no employer receives applications. Docker Machine Learning Model Evaluation Python Scikit-learn AWS MLOps PyTorch TensorFlow"
SYN-0609,onsite,False,Software Developer,Nexa Partners,Ahmedabad,Gujarat,240000,490000,0,2.0,"[""Algorithms"", ""Git"", ""Java"", ""OOP"", ""SQL""]","[""Agile"", ""Docker"", ""Python"", ""REST API""]",BTech,Healthcare,Internship,"Join the healthcare team at Nexa Partners as a Software Developer. Your work supports quality improvement for a cross-functional transformation program. You will improve automated testing, resolve production defects, and implement service features. Use Java, SQL, Git to deliver clear, documented work. Collaborate with a team of 9 across customer success and sales. Success means clear stakeholder communication. This is a fictional demonstration listing; no employer receives applications.",4.4,2026-09-27,2026-11-14,True,"Software Developer Join the healthcare team at Nexa Partners as a Software Developer. Your work supports quality improvement for a cross-functional transformation program. You will improve automated testing, resolve production defects, and implement service features. Use Java, SQL, Git to deliver clear, documented work. Collaborate with a team of 9 across customer success and sales. Success means clear stakeholder communication. This is a fictional demonstration listing; no employer receives applications. Algorithms Git Java OOP SQL Agile Docker Python REST API"
SYN-0610,onsite,False,Web Developer,Nimbus Systems,Patna,Bihar,540000,660000,2.0,4.0,"[""Bootstrap"", ""CSS"", ""Git"", ""HTML"", ""JavaScript"", ""React""]","[""Accessibility"", ""Node.js"", ""TypeScript""]",Diploma,Finance,Full-time,"Join the finance team at Nimbus Systems as a Web Developer. Your work supports quality improvement for a cross-functional transformation program. You will create reusable UI components, integrate REST APIs, and optimize page performance. Use HTML, CSS, JavaScript to deliver clear, documented work. Collaborate with a team of 8 across customer success and sales. Success means measurable quality improvements. This is a fictional demonstration listing; no employer receives applications.",3.3,2026-09-07,2026-10-25,True,"Web Developer Join the finance team at Nimbus Systems as a Web Developer. Your work supports quality improvement for a cross-functional transformation program. You will create reusable UI components, integrate REST APIs, and optimize page performance. Use HTML, CSS, JavaScript to deliver clear, documented work. Collaborate with a team of 8 across customer success and sales. Success means measurable quality improvements. This is a fictional demonstration listing; no employer receives applications. Bootstrap CSS Git HTML JavaScript React Accessibility Node.js TypeScript"
SYN-0611,remote,True,Digital Marketing Analyst,Bluepeak Works,Remote,Remote,310000,490000,0,2.0,"[""Digital Marketing"", ""Excel"", ""Google Analytics"", ""SEO""]","[""Campaign Analysis"", ""Google Ads"", ""Power BI"", ""SQL""]",BA,Logistics,Full-time,"Join the logistics team at Bluepeak Works as a Digital Marketing Analyst. Your work supports quality improvement for a cross-functional transformation program. You will recommend landing page experiments, build attribution reports, and audit acquisition channels. Use Google Analytics, SEO, Excel to deliver clear, documented work. Collaborate with a team of 6 across finance and strategy. Success means reliable weekly delivery. This is a fictional demonstration listing; no employer receives applications.",4.1,2026-08-28,2026-12-23,True,"Digital Marketing Analyst Join the logistics team at Bluepeak Works as a Digital Marketing Analyst. Your work supports quality improvement for a cross-functional transformation program. You will recommend landing page experiments, build attribution reports, and audit acquisition channels. Use Google Analytics, SEO, Excel to deliver clear, documented work. Collaborate with a team of 6 across finance and strategy. Success means reliable weekly delivery. This is a fictional demonstration listing; no employer receives applications. Digital Marketing Excel Google Analytics SEO Campaign Analysis Google Ads Power BI SQL"
SYN-0612,onsite,False,SEO Analyst,Orbit Labs,Kolkata,West Bengal,450000,630000,3.0,5.0,"[""Content Marketing"", ""Excel"", ""Google Analytics"", ""SEO""]","[""Copywriting"", ""HTML"", ""Market Research"", ""SEM""]",12th,Technology,Full-time,"Join the technology team at Orbit Labs as a SEO Analyst. Your work supports regional expansion for a cross-functional transformation program. You will research search demand, track organic conversions, and improve technical SEO checks. Use SEO, Google Analytics, Content Marketing to deliver clear, documented work. Collaborate with a team of 16 across customer success and sales. Success means measurable quality improvements. This is a fictional demonstration listing; no employer receives applications.",3.7,2026-09-16,2026-10-28,True,"SEO Analyst Join the technology team at Orbit Labs as a SEO Analyst. Your work supports regional expansion for a cross-functional transformation program. You will research search demand, track organic conversions, and improve technical SEO checks. Use SEO, Google Analytics, Content Marketing to deliver clear, documented work. Collaborate with a team of 16 across customer success and sales. Success means measurable quality improvements. This is a fictional demonstration listing; no employer receives applications. Content Marketing Excel Google Analytics SEO Copywriting HTML Market Research SEM"
SYN-0613,onsite,False,Customer Support Executive,Bluepeak Solutions,Bangalore,Karnataka,300000,650000,2.0,4.0,"[""Communication"", ""CRM"", ""Customer Support"", ""Email Support"", ""Ticketing""]","[""Chat Support"", ""Conflict Resolution"", ""Zendesk""]",12th,Media,Part-time,"Join the media team at Bluepeak Solutions as a Customer Support Executive. Your work supports service efficiency for regional service teams. You will identify recurring service problems, maintain accurate case notes, and meet response time targets. Use Customer Support, Communication, CRM to deliver clear, documented work. Collaborate with a team of 6 across finance and strategy. Success means clear stakeholder communication. This is a fictional demonstration listing; no employer receives applications.",4.2,2026-09-14,2026-11-29,True,"Customer Support Executive Join the media team at Bluepeak Solutions as a Customer Support Executive. Your work supports service efficiency for regional service teams. You will identify recurring service problems, maintain accurate case notes, and meet response time targets. Use Customer Support, Communication, CRM to deliver clear, documented work. Collaborate with a team of 6 across finance and strategy. Success means clear stakeholder communication. This is a fictional demonstration listing; no employer receives applications. Communication CRM Customer Support Email Support Ticketing Chat Support Conflict Resolution Zendesk"
SYN-0614,onsite,False,Operations Analyst,Meridian Labs,Hyderabad,Telangana,600000,780000,2.0,3.0,"[""Excel"", ""Operations"", ""Process Improvement"", ""SQL""]","[""Forecasting"", ""Inventory Management"", ""Power BI"", ""Supply Chain""]",BA,Technology,Full-time,"Join the technology team at Meridian Labs as a Operations Analyst. Your work supports service efficiency for weekly business reviews. You will plan operational capacity, analyze fulfillment delays, and identify process bottlenecks. Use Excel, SQL, Operations to deliver clear, documented work. Collaborate with a team of 10 across finance and strategy. Success means measurable quality improvements. This is a fictional demonstration listing; no employer receives applications.",3.8,2026-09-10,2026-11-30,True,"Operations Analyst Join the technology team at Meridian Labs as a Operations Analyst. Your work supports service efficiency for weekly business reviews. You will plan operational capacity, analyze fulfillment delays, and identify process bottlenecks. Use Excel, SQL, Operations to deliver clear, documented work. Collaborate with a team of 10 across finance and strategy. Success means measurable quality improvements. This is a fictional demonstration listing; no employer receives applications. Excel Operations Process Improvement SQL Forecasting Inventory Management Power BI Supply Chain"
SYN-0615,onsite,False,Financial Analyst,Lumina Systems,Delhi,Delhi,670000,850000,2.0,5.0,"[""Accounting"", ""Excel"", ""Financial Analysis"", ""Financial Modeling""]","[""Budgeting"", ""Power BI"", ""SQL"", ""Valuation""]",BCom,Retail,Full-time,"Join the retail team at Lumina Systems as a Financial Analyst. Your work supports service efficiency for regional service teams. You will model unit economics, analyze monthly cash flow, and prepare budget variance reports. Use Excel, Financial Analysis, Accounting to deliver clear, documented work. Collaborate with a team of 16 across finance and strategy. Success means measurable quality improvements. This is a fictional demonstration listing; no employer receives applications.",4.7,2026-08-30,2026-12-14,True,"Financial Analyst Join the retail team at Lumina Systems as a Financial Analyst. Your work supports service efficiency for regional service teams. You will model unit economics, analyze monthly cash flow, and prepare budget variance reports. Use Excel, Financial Analysis, Accounting to deliver clear, documented work. Collaborate with a team of 16 across finance and strategy. Success means measurable quality improvements. This is a fictional demonstration listing; no employer receives applications. Accounting Excel Financial Analysis Financial Modeling Budgeting Power BI SQL Valuation"
SYN-0616,onsite,False,Cybersecurity Analyst,Nexa Partners,Noida,Uttar Pradesh,440000,690000,0,1.0,"[""Cybersecurity"", ""Linux"", ""Networking"", ""SIEM"", ""Splunk""]","[""Incident Response"", ""Python"", ""Wireshark""]",BTech,Retail,Full-time,"Join the retail team at Nexa Partners as a Cybersecurity Analyst. Your work supports regional expansion for weekly business reviews. You will investigate suspicious logs, assess infrastructure vulnerabilities, and document response procedures. Use Cybersecurity, Networking, Linux to deliver clear, documented work. Collaborate with a team of 13 across product and operations. Success means clear stakeholder communication. This is a fictional demonstration listing; no employer receives applications.",3.8,2026-08-29,2026-12-04,True,"Cybersecurity Analyst Join the retail team at Nexa Partners as a Cybersecurity Analyst. Your work supports regional expansion for weekly business reviews. You will investigate suspicious logs, assess infrastructure vulnerabilities, and document response procedures. Use Cybersecurity, Networking, Linux to deliver clear, documented work. Collaborate with a team of 13 across product and operations. Success means clear stakeholder communication. This is a fictional demonstration listing; no employer receives applications. Cybersecurity Linux Networking SIEM Splunk Incident Response Python Wireshark"
SYN-0617,onsite,False,Cloud Engineer,Prism Labs,Gurugram,Haryana,930000,1110000,2.0,4.0,"[""AWS"", ""Docker"", ""Linux"", ""Networking""]","[""Azure"", ""Kubernetes"", ""Monitoring"", ""Terraform""]",BTech,Finance,Full-time,"Join the finance team at Prism Labs as a Cloud Engineer. Your work supports inventory accuracy for a new product launch. You will improve deployment reliability, automate infrastructure changes, and operate cloud infrastructure. Use AWS, Linux, Networking to deliver clear, documented work. Collaborate with a team of 9 across customer success and sales. Success means well-tested, reusable outputs. This is a fictional demonstration listing; no employer receives applications.",4.4,2026-09-06,2027-01-03,True,"Cloud Engineer Join the finance team at Prism Labs as a Cloud Engineer. Your work supports inventory accuracy for a new product launch. You will improve deployment reliability, automate infrastructure changes, and operate cloud infrastructure. Use AWS, Linux, Networking to deliver clear, documented work. Collaborate with a team of 9 across customer success and sales. Success means well-tested, reusable outputs. This is a fictional demonstration listing; no employer receives applications. AWS Docker Linux Networking Azure Kubernetes Monitoring Terraform"
SYN-0618,onsite,False,Graphic Designer,Cobalt Labs,Mumbai,Maharashtra,300000,420000,1.0,2.0,"[""Canva"", ""Illustrator"", ""Photoshop"", ""Typography""]","[""Branding"", ""Figma"", ""InDesign"", ""Video Editing""]",Diploma,Finance,Full-time,"Join the finance team at Cobalt Labs as a Graphic Designer. Your work supports customer experience for a new product launch. You will design campaign assets, adapt creative for digital channels, and prepare print layouts. Use Photoshop, Illustrator, Canva to deliver clear, documented work. Collaborate with a team of 13 across finance and strategy. Success means clear stakeholder communication. This is a fictional demonstration listing; no employer receives applications.",4.4,2026-09-01,2026-10-26,True,"Graphic Designer Join the finance team at Cobalt Labs as a Graphic Designer. Your work supports customer experience for a new product launch. You will design campaign assets, adapt creative for digital channels, and prepare print layouts. Use Photoshop, Illustrator, Canva to deliver clear, documented work. Collaborate with a team of 13 across finance and strategy. Success means clear stakeholder communication. This is a fictional demonstration listing; no employer receives applications. Canva Illustrator Photoshop Typography Branding Figma InDesign Video Editing"
SYN-0619,onsite,False,Marketing Analyst,Meridian Partners,Pune,Maharashtra,240000,360000,0,1.0,"[""Campaign Analysis"", ""Communication"", ""Excel"", ""Google Analytics"", ""Market Research""]","[""A/B Testing"", ""SQL"", ""Tableau""]",BA,Healthcare,Internship,"Join the healthcare team at Meridian Partners as a Marketing Analyst. Your work supports regional expansion for a cross-functional transformation program. You will present customer insights, segment customer audiences, and measure marketing efficiency. Use Excel, Market Research, Google Analytics to deliver clear, documented work. Collaborate with a team of 10 across finance and strategy. Success means reliable weekly delivery. This is a fictional demonstration listing; no employer receives applications.",4.7,2026-08-31,2026-11-19,True,"Marketing Analyst Join the healthcare team at Meridian Partners as a Marketing Analyst. Your work supports regional expansion for a cross-functional transformation program. You will present customer insights, segment customer audiences, and measure marketing efficiency. Use Excel, Market Research, Google Analytics to deliver clear, documented work. Collaborate with a team of 10 across finance and strategy. Success means reliable weekly delivery. This is a fictional demonstration listing; no employer receives applications. Campaign Analysis Communication Excel Google Analytics Market Research A/B Testing SQL Tableau"
SYN-0620,onsite,False,HR Analyst,Nexa Works,Chennai,Tamil Nadu,370000,490000,1.0,3.0,"[""Communication"", ""Excel"", ""HR Analytics"", ""Reporting""]","[""HRIS"", ""Payroll"", ""Power BI"", ""SQL""]",BA,Healthcare,Full-time,"Join the healthcare team at Nexa Works as a HR Analyst. Your work supports regional expansion for regional service teams. You will report recruitment efficiency, monitor employee retention, and audit HR data quality. Use Excel, HR Analytics, Communication to deliver clear, documented work. Collaborate with a team of 12 across product and operations. Success means measurable quality improvements. This is a fictional demonstration listing; no employer receives applications.",3.8,2026-09-26,2026-11-11,True,"HR Analyst Join the healthcare team at Nexa Works as a HR Analyst. Your work supports regional expansion for regional service teams. You will report recruitment efficiency, monitor employee retention, and audit HR data quality. Use Excel, HR Analytics, Communication to deliver clear, documented work. Collaborate with a team of 12 across product and operations. Success means measurable quality improvements. This is a fictional demonstration listing; no employer receives applications. Communication Excel HR Analytics Reporting HRIS Payroll Power BI SQL"
SYN-0621,onsite,False,Business Intelligence Analyst,Nexa Works,Ahmedabad,Gujarat,750000,870000,3.0,6.0,"[""Data Modeling"", ""Data Visualization"", ""Power BI"", ""SQL""]","[""DAX"", ""Excel"", ""Stakeholder Management"", ""Tableau""]",BSc,Logistics,Part-time,"Join the logistics team at Nexa Works as a Business Intelligence Analyst. Your work supports digital transformation for weekly business reviews. You will build self-service analytics, define consistent KPI metrics, and translate business questions into dashboards. Use SQL, Power BI, Data Modeling to deliver clear, documented work. Collaborate with a team of 9 across customer success and sales. Success means well-tested, reusable outputs. This is a fictional demonstration listing; no employer receives applications.",4.0,2026-09-01,2026-11-28,True,"Business Intelligence Analyst Join the logistics team at Nexa Works as a Business Intelligence Analyst. Your work supports digital transformation for weekly business reviews. You will build self-service analytics, define consistent KPI metrics, and translate business questions into dashboards. Use SQL, Power BI, Data Modeling to deliver clear, documented work. Collaborate with a team of 9 across customer success and sales. Success means well-tested, reusable outputs. This is a fictional demonstration listing; no employer receives applications. Data Modeling Data Visualization Power BI SQL DAX Excel Stakeholder Management Tableau"
SYN-0622,onsite,False,Quality Assurance Analyst,Evergreen Labs,Patna,Bihar,290000,540000,0,3.0,"[""Communication"", ""Problem Solving"", ""Quality Assurance"", ""REST API"", ""SQL""]","[""Agile"", ""Jira"", ""Python""]",Diploma,Technology,Full-time,"Join the technology team at Evergreen Labs as a Quality Assurance Analyst. Your work supports subscription growth for a new product launch. You will verify data integrity, track release readiness, and design test scenarios. Use Quality Assurance, SQL, Communication to deliver clear, documented work. Collaborate with a team of 13 across product and operations. Success means clear stakeholder communication. This is a fictional demonstration listing; no employer receives applications.",4.3,2026-10-03,2026-12-20,True,"Quality Assurance Analyst Join the technology team at Evergreen Labs as a Quality Assurance Analyst. Your work supports subscription growth for a new product launch. You will verify data integrity, track release readiness, and design test scenarios. Use Quality Assurance, SQL, Communication to deliver clear, documented work. Collaborate with a team of 13 across product and operations. Success means clear stakeholder communication. This is a fictional demonstration listing; no employer receives applications. Communication Problem Solving Quality Assurance REST API SQL Agile Jira Python"
SYN-0623,remote,True,UX Researcher,Orbit Systems,Remote,Remote,820000,1070000,3.0,6.0,"[""Communication"", ""Figma"", ""Prototyping"", ""UX Research""]","[""A/B Testing"", ""Accessibility"", ""Presentation"", ""UI Design""]",BA,Education,Full-time,"Join the education team at Orbit Systems as a UX Researcher. Your work supports cost optimization for a new product launch. You will conduct usability sessions, synthesize research findings, and present user journey insights. Use UX Research, Figma, Communication to deliver clear, documented work. Collaborate with a team of 7 across product and operations. Success means well-tested, reusable outputs. This is a fictional demonstration listing; no employer receives applications.",4.5,2026-08-29,2026-11-10,True,"UX Researcher Join the education team at Orbit Systems as a UX Researcher. Your work supports cost optimization for a new product launch. You will conduct usability sessions, synthesize research findings, and present user journey insights. Use UX Research, Figma, Communication to deliver clear, documented work. Collaborate with a team of 7 across product and operations. Success means well-tested, reusable outputs. This is a fictional demonstration listing; no employer receives applications. Communication Figma Prototyping UX Research A/B Testing Accessibility Presentation UI Design"
SYN-0624,onsite,False,Data Engineer,Cobalt Solutions,Kolkata,West Bengal,660000,910000,0,2.0,"[""Data Modeling"", ""ETL"", ""PostgreSQL"", ""Python"", ""SQL""]","[""AWS"", ""Azure"", ""Databricks"", ""Spark""]",BTech,Education,Contract,"Join the education team at Cobalt Solutions as a Data Engineer. Your work supports customer experience for a cross-functional transformation program. You will build ingestion pipelines, monitor dataset freshness, and design analytical storage. Use Python, SQL, ETL to deliver clear, documented work. Collaborate with a team of 4 across finance and strategy. Success means clear stakeholder communication. This is a fictional demonstration listing; no employer receives applications.",4.7,2026-09-07,2026-12-09,True,"Data Engineer Join the education team at Cobalt Solutions as a Data Engineer. Your work supports customer experience for a cross-functional transformation program. You will build ingestion pipelines, monitor dataset freshness, and design analytical storage. Use Python, SQL, ETL to deliver clear, documented work. Collaborate with a team of 4 across finance and strategy. Success means clear stakeholder communication. This is a fictional demonstration listing; no employer receives applications. Data Modeling ETL PostgreSQL Python SQL AWS Azure Databricks Spark"
SYN-0625,onsite,False,Data Analyst,Cedar Solutions,Hyderabad,Telangana,180000,360000,0,2.0,"[""Data Cleaning"", ""Excel"", ""Power BI"", ""Python"", ""SQL"", ""Statistics"", ""Tableau""]","[""DAX"", ""ETL"", ""Pandas"", ""Presentation""]",Diploma,Education,Internship,"Join the education team at Cedar Solutions as a Data Analyst. Your work supports digital transformation for a new product launch. You will explain customer retention, analyze sales funnels, and build weekly KPI dashboards. Use SQL, Excel, Python to deliver clear, documented work. Collaborate with a team of 8 across product and operations. Success means well-tested, reusable outputs. This is a fictional demonstration listing; no employer receives applications.",4.6,2026-09-01,2026-11-04,True,"Data Analyst Join the education team at Cedar Solutions as a Data Analyst. Your work supports digital transformation for a new product launch. You will explain customer retention, analyze sales funnels, and build weekly KPI dashboards. Use SQL, Excel, Python to deliver clear, documented work. Collaborate with a team of 8 across product and operations. Success means well-tested, reusable outputs. This is a fictional demonstration listing; no employer receives applications. Data Cleaning Excel Power BI Python SQL Statistics Tableau DAX ETL Pandas Presentation"
SYN-0626,onsite,False,Business Analyst,Cedar Partners,Delhi,Delhi,820000,940000,4.0,6.0,"[""Business Analysis"", ""Communication"", ""Excel"", ""Requirements Gathering"", ""SQL""]","[""Agile"", ""Jira"", ""Process Improvement"", ""Tableau""]",BA,Retail,Full-time,"Join the retail team at Cedar Partners as a Business Analyst. Your work supports customer experience for an expanding customer base. You will map operational workflows, evaluate product changes, and document business requirements. Use SQL, Excel, Business Analysis to deliver clear, documented work. Collaborate with a team of 7 across design and engineering. Success means measurable quality improvements. This is a fictional demonstration listing; no employer receives applications.",4.1,2026-10-06,2026-12-18,True,"Business Analyst Join the retail team at Cedar Partners as a Business Analyst. Your work supports customer experience for an expanding customer base. You will map operational workflows, evaluate product changes, and document business requirements. Use SQL, Excel, Business Analysis to deliver clear, documented work. Collaborate with a team of 7 across design and engineering. Success means measurable quality improvements. This is a fictional demonstration listing; no employer receives applications. Business Analysis Communication Excel Requirements Gathering SQL Agile Jira Process Improvement Tableau"
SYN-0627,onsite,False,Power BI Developer,Meridian Works,Noida,Uttar Pradesh,620000,740000,1.0,4.0,"[""Data Modeling"", ""DAX"", ""Power BI"", ""Power Query"", ""SQL""]","[""Azure"", ""Dashboard Design"", ""ETL"", ""Excel""]",BTech,Finance,Full-time,"Join the finance team at Meridian Works as a Power BI Developer. Your work supports regional expansion for weekly business reviews. You will publish operational dashboards, optimize DAX measures, and design dimensional models. Use Power BI, DAX, SQL to deliver clear, documented work. Collaborate with a team of 7 across customer success and sales. Success means well-tested, reusable outputs. This is a fictional demonstration listing; no employer receives applications.",3.3,2026-09-10,2026-12-11,True,"Power BI Developer Join the finance team at Meridian Works as a Power BI Developer. Your work supports regional expansion for weekly business reviews. You will publish operational dashboards, optimize DAX measures, and design dimensional models. Use Power BI, DAX, SQL to deliver clear, documented work. Collaborate with a team of 7 across customer success and sales. Success means well-tested, reusable outputs. This is a fictional demonstration listing; no employer receives applications. Data Modeling DAX Power BI Power Query SQL Azure Dashboard Design ETL Excel"
SYN-0628,onsite,False,MIS Executive,Northstar Solutions,Gurugram,Haryana,340000,590000,2.0,4.0,"[""Advanced Excel"", ""Communication"", ""Data Cleaning"", ""Excel"", ""Reporting""]","[""Excel VBA"", ""Power BI"", ""SQL""]",12th,Finance,Full-time,"Join the finance team at Northstar Solutions as a MIS Executive. Your work supports cost optimization for a new product launch. You will automate spreadsheet checks, prepare management summaries, and reconcile inventory records. Use Excel, Reporting, Data Cleaning to deliver clear, documented work. Collaborate with a team of 6 across finance and strategy. Success means reliable weekly delivery. This is a fictional demonstration listing; no employer receives applications.",4.7,2026-09-08,2026-11-09,True,"MIS Executive Join the finance team at Northstar Solutions as a MIS Executive. Your work supports cost optimization for a new product launch. You will automate spreadsheet checks, prepare management summaries, and reconcile inventory records. Use Excel, Reporting, Data Cleaning to deliver clear, documented work. Collaborate with a team of 6 across finance and strategy. Success means reliable weekly delivery. This is a fictional demonstration listing; no employer receives applications. Advanced Excel Communication Data Cleaning Excel Reporting Excel VBA Power BI SQL"
SYN-0629,onsite,False,SQL Developer,Meridian Labs,Mumbai,Maharashtra,410000,660000,0,2.0,"[""Database Design"", ""ETL"", ""PostgreSQL"", ""SQL""]","[""Advanced SQL"", ""Git"", ""Python"", ""SQL Server""]",BCA,Logistics,Full-time,"Join the logistics team at Meridian Labs as a SQL Developer. Your work supports inventory accuracy for weekly business reviews. You will optimize database queries, build scheduled data pipelines, and audit data consistency. Use SQL, PostgreSQL, Database Design to deliver clear, documented work. Collaborate with a team of 8 across design and engineering. Success means reliable weekly delivery. This is a fictional demonstration listing; no employer receives applications.",4.1,2026-09-10,2026-12-23,True,"SQL Developer Join the logistics team at Meridian Labs as a SQL Developer. Your work supports inventory accuracy for weekly business reviews. You will optimize database queries, build scheduled data pipelines, and audit data consistency. Use SQL, PostgreSQL, Database Design to deliver clear, documented work. Collaborate with a team of 8 across design and engineering. Success means reliable weekly delivery. This is a fictional demonstration listing; no employer receives applications. Database Design ETL PostgreSQL SQL Advanced SQL Git Python SQL Server"
SYN-0630,onsite,False,Python Developer,Nimbus Partners,Pune,Maharashtra,180000,360000,0,1.0,"[""Flask"", ""Git"", ""Python"", ""REST API"", ""SQL""]","[""Django"", ""Docker"", ""FastAPI"", ""Linux""]",Diploma,Technology,Internship,"Join the technology team at Nimbus Partners as a Python Developer. Your work supports customer experience for regional service teams. You will improve service reliability, write integration tests, and maintain internal automation. Use Python, Flask, SQL to deliver clear, documented work. Collaborate with a team of 13 across design and engineering. Success means measurable quality improvements. This is a fictional demonstration listing; no employer receives applications.",4.3,2026-10-07,2026-12-30,True,"Python Developer Join the technology team at Nimbus Partners as a Python Developer. Your work supports customer experience for regional service teams. You will improve service reliability, write integration tests, and maintain internal automation. Use Python, Flask, SQL to deliver clear, documented work. Collaborate with a team of 13 across design and engineering. Success means measurable quality improvements. This is a fictional demonstration listing; no employer receives applications. Flask Git Python REST API SQL Django Docker FastAPI Linux"
SYN-0631,onsite,False,Junior Data Scientist,Bluepeak Solutions,Chennai,Tamil Nadu,180000,300000,0,2.0,"[""A/B Testing"", ""Machine Learning"", ""Pandas"", ""Python"", ""SQL"", ""Statistics""]","[""Feature Engineering"", ""NLP"", ""Scikit-learn""]",BSc,Technology,Internship,"Join the technology team at Bluepeak Solutions as a Junior Data Scientist. Your work supports digital transformation for weekly business reviews. You will explain model errors, prototype demand forecasts, and prepare experimentation datasets. Use Python, Statistics, Machine Learning to deliver clear, documented work. Collaborate with a team of 4 across finance and strategy. Success means reliable weekly delivery. This is a fictional demonstration listing; no employer receives applications.",4.3,2026-09-10,2026-12-22,True,"Junior Data Scientist Join the technology team at Bluepeak Solutions as a Junior Data Scientist. Your work supports digital transformation for weekly business reviews. You will explain model errors, prototype demand forecasts, and prepare experimentation datasets. Use Python, Statistics, Machine Learning to deliver clear, documented work. Collaborate with a team of 4 across finance and strategy. Success means reliable weekly delivery. This is a fictional demonstration listing; no employer receives applications. A/B Testing Machine Learning Pandas Python SQL Statistics Feature Engineering NLP Scikit-learn"
SYN-0632,onsite,False,Machine Learning Engineer,Bluepeak Labs,Ahmedabad,Gujarat,1700000,1880000,4.0,6.0,"[""Docker"", ""Machine Learning"", ""Model Evaluation"", ""Python"", ""Scikit-learn""]","[""AWS"", ""MLOps"", ""PyTorch"", ""TensorFlow""]",BTech,Retail,Full-time,"Join the retail team at Bluepeak Labs as a Machine Learning Engineer. Your work supports service efficiency for a new product launch. You will serve prediction models, monitor model drift, and optimize inference workloads. Use Python, Machine Learning, Scikit-learn to deliver clear, documented work. Collaborate with a team of 9 across finance and strategy. Success means measurable quality improvements. This is a fictional demonstration listing; no employer receives applications.",3.9,2026-09-06,2026-12-29,True,"Machine Learning Engineer Join the retail team at Bluepeak Labs as a Machine Learning Engineer. Your work supports service efficiency for a new product launch. You will serve prediction models, monitor model drift, and optimize inference workloads. Use Python, Machine Learning, Scikit-learn to deliver clear, documented work. Collaborate with a team of 9 across finance and strategy. Success means measurable quality improvements. This is a fictional demonstration listing; no employer receives applications. Docker Machine Learning Model Evaluation Python Scikit-learn AWS MLOps PyTorch TensorFlow"
SYN-0633,onsite,False,Software Developer,Aster Solutions,Patna,Bihar,780000,960000,3.0,6.0,"[""Algorithms"", ""Git"", ""Java"", ""OOP"", ""SQL""]","[""Agile"", ""Docker"", ""Python"", ""REST API""]",BTech,Education,Full-time,"Join the education team at Aster Solutions as a Software Developer. Your work supports cost optimization for a new product launch. You will implement service features, improve automated testing, and resolve production defects. Use Java, SQL, Git to deliver clear, documented work. Collaborate with a team of 18 across customer success and sales. Success means measurable quality improvements. This is a fictional demonstration listing; no employer receives applications.",4.4,2026-10-07,2026-11-28,True,"Software Developer Join the education team at Aster Solutions as a Software Developer. Your work supports cost optimization for a new product launch. You will implement service features, improve automated testing, and resolve production defects. Use Java, SQL, Git to deliver clear, documented work. Collaborate with a team of 18 across customer success and sales. Success means measurable quality improvements. This is a fictional demonstration listing; no employer receives applications. Algorithms Git Java OOP SQL Agile Docker Python REST API"
SYN-0634,remote,True,Web Developer,Cedar Solutions,Remote,Remote,440000,560000,2.0,3.0,"[""CSS"", ""Git"", ""HTML"", ""JavaScript"", ""React"", ""TypeScript""]","[""Accessibility"", ""Bootstrap"", ""Node.js""]",Diploma,Finance,Full-time,"Join the finance team at Cedar Solutions as a Web Developer. Your work supports cost optimization for regional service teams. You will optimize page performance, create reusable UI components, and integrate REST APIs. Use HTML, CSS, JavaScript to deliver clear, documented work. Collaborate with a team of 6 across design and engineering. Success means reliable weekly delivery. This is a fictional demonstration listing; no employer receives applications.",3.6,2026-09-12,2026-11-27,True,"Web Developer Join the finance team at Cedar Solutions as a Web Developer. Your work supports cost optimization for regional service teams. You will optimize page performance, create reusable UI components, and integrate REST APIs. Use HTML, CSS, JavaScript to deliver clear, documented work. Collaborate with a team of 6 across design and engineering. Success means reliable weekly delivery. This is a fictional demonstration listing; no employer receives applications. CSS Git HTML JavaScript React TypeScript Accessibility Bootstrap Node.js"
SYN-0635,onsite,False,Digital Marketing Analyst,Aster Systems,Kolkata,West Bengal,310000,660000,0,1.0,"[""Digital Marketing"", ""Excel"", ""Google Analytics"", ""SEO""]","[""Campaign Analysis"", ""Google Ads"", ""Power BI"", ""SQL""]",BA,Manufacturing,Contract,"Join the manufacturing team at Aster Systems as a Digital Marketing Analyst. Your work supports digital transformation for a new product launch. You will measure campaign conversion, build attribution reports, and recommend landing page experiments. Use Google Analytics, SEO, Excel to deliver clear, documented work. Collaborate with a team of 9 across product and operations. Success means well-tested, reusable outputs. This is a fictional demonstration listing; no employer receives applications.",4.4,2026-08-29,2026-12-02,True,"Digital Marketing Analyst Join the manufacturing team at Aster Systems as a Digital Marketing Analyst. Your work supports digital transformation for a new product launch. You will measure campaign conversion, build attribution reports, and recommend landing page experiments. Use Google Analytics, SEO, Excel to deliver clear, documented work. Collaborate with a team of 9 across product and operations. Success means well-tested, reusable outputs. This is a fictional demonstration listing; no employer receives applications. Digital Marketing Excel Google Analytics SEO Campaign Analysis Google Ads Power BI SQL"
SYN-0636,onsite,False,SEO Analyst,Prism Labs,Bangalore,Karnataka,600000,850000,4.0,5.0,"[""Content Marketing"", ""Excel"", ""Google Analytics"", ""SEO""]","[""Copywriting"", ""HTML"", ""Market Research"", ""SEM""]",12th,Technology,Full-time,"Join the technology team at Prism Labs as a SEO Analyst. Your work supports cost optimization for a cross-functional transformation program. You will research search demand, track organic conversions, and improve technical SEO checks. Use SEO, Google Analytics, Content Marketing to deliver clear, documented work. Collaborate with a team of 10 across product and operations. Success means reliable weekly delivery. This is a fictional demonstration listing; no employer receives applications.",3.5,2026-09-20,2026-11-21,True,"SEO Analyst Join the technology team at Prism Labs as a SEO Analyst. Your work supports cost optimization for a cross-functional transformation program. You will research search demand, track organic conversions, and improve technical SEO checks. Use SEO, Google Analytics, Content Marketing to deliver clear, documented work. Collaborate with a team of 10 across product and operations. Success means reliable weekly delivery. This is a fictional demonstration listing; no employer receives applications. Content Marketing Excel Google Analytics SEO Copywriting HTML Market Research SEM"
SYN-0637,onsite,False,Customer Support Executive,Aster Solutions,Hyderabad,Telangana,430000,780000,4.0,5.0,"[""Chat Support"", ""Communication"", ""CRM"", ""Customer Support"", ""Ticketing""]","[""Conflict Resolution"", ""Email Support"", ""Zendesk""]",12th,Education,Full-time,"Join the education team at Aster Solutions as a Customer Support Executive. Your work supports service efficiency for regional service teams. You will meet response time targets, maintain accurate case notes, and resolve customer tickets. Use Customer Support, Communication, CRM to deliver clear, documented work. Collaborate with a team of 6 across design and engineering. Success means clear stakeholder communication. This is a fictional demonstration listing; no employer receives applications.",4.6,2026-09-11,2026-11-10,True,"Customer Support Executive Join the education team at Aster Solutions as a Customer Support Executive. Your work supports service efficiency for regional service teams. You will meet response time targets, maintain accurate case notes, and resolve customer tickets. Use Customer Support, Communication, CRM to deliver clear, documented work. Collaborate with a team of 6 across design and engineering. Success means clear stakeholder communication. This is a fictional demonstration listing; no employer receives applications. Chat Support Communication CRM Customer Support Ticketing Conflict Resolution Email Support Zendesk"
SYN-0638,onsite,False,Operations Analyst,Nexa Systems,Delhi,Delhi,450000,700000,2.0,3.0,"[""Excel"", ""Operations"", ""Process Improvement"", ""SQL""]","[""Forecasting"", ""Inventory Management"", ""Power BI"", ""Supply Chain""]",BA,Manufacturing,Full-time,"Join the manufacturing team at Nexa Systems as a Operations Analyst. Your work supports service efficiency for regional service teams. You will identify process bottlenecks, analyze fulfillment delays, and plan operational capacity. Use Excel, SQL, Operations to deliver clear, documented work. Collaborate with a team of 8 across product and operations. Success means well-tested, reusable outputs. This is a fictional demonstration listing; no employer receives applications.",4.1,2026-10-01,2026-12-18,True,"Operations Analyst Join the manufacturing team at Nexa Systems as a Operations Analyst. Your work supports service efficiency for regional service teams. You will identify process bottlenecks, analyze fulfillment delays, and plan operational capacity. Use Excel, SQL, Operations to deliver clear, documented work. Collaborate with a team of 8 across product and operations. Success means well-tested, reusable outputs. This is a fictional demonstration listing; no employer receives applications. Excel Operations Process Improvement SQL Forecasting Inventory Management Power BI Supply Chain"
SYN-0639,onsite,False,Financial Analyst,Bluepeak Works,Noida,Uttar Pradesh,980000,1330000,5.0,7.0,"[""Accounting"", ""Excel"", ""Financial Analysis"", ""Financial Modeling""]","[""Budgeting"", ""Power BI"", ""SQL"", ""Valuation""]",BCom,Finance,Contract,"Join the finance team at Bluepeak Works as a Financial Analyst. Your work supports subscription growth for weekly business reviews. You will analyze monthly cash flow, prepare budget variance reports, and model unit economics. Use Excel, Financial Analysis, Accounting to deliver clear, documented work. Collaborate with a team of 14 across customer success and sales. Success means clear stakeholder communication. This is a fictional demonstration listing; no employer receives applications.",3.6,2026-09-12,2026-11-24,True,"Financial Analyst Join the finance team at Bluepeak Works as a Financial Analyst. Your work supports subscription growth for weekly business reviews. You will analyze monthly cash flow, prepare budget variance reports, and model unit economics. Use Excel, Financial Analysis, Accounting to deliver clear, documented work. Collaborate with a team of 14 across customer success and sales. Success means clear stakeholder communication. This is a fictional demonstration listing; no employer receives applications. Accounting Excel Financial Analysis Financial Modeling Budgeting Power BI SQL Valuation"
SYN-0640,onsite,False,Cybersecurity Analyst,Meridian Partners,Gurugram,Haryana,410000,760000,0,3.0,"[""Cybersecurity"", ""Linux"", ""Networking"", ""Python"", ""SIEM""]","[""Incident Response"", ""Splunk"", ""Wireshark""]",BTech,Manufacturing,Full-time,"Join the manufacturing team at Meridian Partners as a Cybersecurity Analyst. Your work supports cost optimization for weekly business reviews. You will investigate suspicious logs, document response procedures, and assess infrastructure vulnerabilities. Use Cybersecurity, Networking, Linux to deliver clear, documented work. Collaborate with a team of 6 across customer success and sales. Success means measurable quality improvements. This is a fictional demonstration listing; no employer receives applications.",3.8,2026-09-03,2026-12-02,True,"Cybersecurity Analyst Join the manufacturing team at Meridian Partners as a Cybersecurity Analyst. Your work supports cost optimization for weekly business reviews. You will investigate suspicious logs, document response procedures, and assess infrastructure vulnerabilities. Use Cybersecurity, Networking, Linux to deliver clear, documented work. Collaborate with a team of 6 across customer success and sales. Success means measurable quality improvements. This is a fictional demonstration listing; no employer receives applications. Cybersecurity Linux Networking Python SIEM Incident Response Splunk Wireshark"
