customer_id,order_date,prior_date,gap_days
AA-10315,2014-09-15,2014-03-31,168.0
AA-10315,2015-10-04,2014-09-15,384.0
AA-10315,2016-03-03,2015-10-04,151.0
AA-10315,2017-06-29,2016-03-03,483.0
AA-10375,2014-10-24,2014-04-21,186.0
AA-10375,2015-02-03,2014-10-24,102.0
AA-10375,2015-05-08,2015-02-03,94.0
AA-10375,2015-11-13,2015-05-08,189.0
AA-10375,2016-07-10,2015-11-13,240.0
AA-10375,2016-11-14,2016-07-10,127.0
AA-10375,2017-09-07,2016-11-14,297.0
AA-10375,2017-12-11,2017-09-07,95.0
AA-10480,2016-07-17,2014-05-04,805.0
AA-10480,2016-08-26,2016-07-17,40.0
AA-10480,2017-04-15,2016-08-26,232.0
AA-10645,2014-12-01,2014-06-22,162.0
AA-10645,2015-11-17,2014-12-01,351.0
AA-10645,2016-07-04,2015-11-17,230.0
AA-10645,2016-09-04,2016-07-04,62.0
AA-10645,2017-11-05,2016-09-04,427.0
AB-10015,2014-03-07,2014-02-18,17.0
AB-10015,2016-11-10,2014-03-07,979.0
AB-10060,2016-03-13,2015-09-18,177.0
AB-10060,2016-08-29,2016-03-13,169.0
AB-10060,2016-09-01,2016-08-29,3.0
AB-10060,2017-05-07,2016-09-01,248.0
AB-10060,2017-09-16,2017-05-07,132.0
AB-10060,2017-11-05,2017-09-16,50.0
AB-10060,2017-11-06,2017-11-05,1.0
AB-10105,2015-11-07,2014-12-20,322.0
AB-10105,2016-02-02,2015-11-07,87.0
AB-10105,2016-09-25,2016-02-02,236.0
AB-10105,2016-12-17,2016-09-25,83.0
AB-10105,2017-05-18,2016-12-17,152.0
AB-10105,2017-06-05,2017-05-18,18.0
AB-10105,2017-08-03,2017-06-05,59.0
AB-10105,2017-09-19,2017-08-03,47.0
AB-10105,2017-11-19,2017-09-19,61.0
AB-10150,2015-09-10,2014-03-05,554.0
AB-10150,2016-01-31,2015-09-10,143.0
AB-10150,2017-09-04,2016-01-31,582.0
AB-10150,2017-11-19,2017-09-04,76.0
AB-10165,2015-03-28,2014-11-16,132.0
AB-10165,2015-05-10,2015-03-28,43.0
AB-10165,2015-06-25,2015-05-10,46.0
AB-10165,2017-03-30,2015-06-25,644.0
AB-10165,2017-04-14,2017-03-30,15.0
AB-10165,2017-09-15,2017-04-14,154.0
AB-10165,2017-12-05,2017-09-15,81.0
AB-10255,2015-05-08,2014-07-22,290.0
AB-10255,2015-12-03,2015-05-08,209.0
AB-10255,2016-06-26,2015-12-03,206.0
AB-10255,2016-10-23,2016-06-26,119.0
AB-10255,2016-12-20,2016-10-23,58.0
AB-10255,2017-06-02,2016-12-20,164.0
AB-10255,2017-06-16,2017-06-02,14.0
AB-10255,2017-07-17,2017-06-16,31.0
AB-10600,2015-02-18,2014-11-18,92.0
AB-10600,2015-11-30,2015-02-18,285.0
AB-10600,2017-11-10,2015-11-30,711.0
AC-10420,2016-02-23,2014-07-12,591.0
AC-10420,2017-05-12,2016-02-23,444.0
AC-10450,2015-06-15,2014-10-31,227.0
AC-10450,2015-11-08,2015-06-15,146.0
AC-10450,2016-09-22,2015-11-08,319.0
AC-10450,2016-11-24,2016-09-22,63.0
AC-10450,2017-10-03,2016-11-24,313.0
AC-10450,2017-12-19,2017-10-03,77.0
AC-10615,2017-02-23,2015-09-15,527.0
AC-10615,2017-03-24,2017-02-23,29.0
AC-10615,2017-09-02,2017-03-24,162.0
AC-10615,2017-12-24,2017-09-02,113.0
AC-10660,2016-03-17,2014-10-15,519.0
AC-10660,2016-06-27,2016-03-17,102.0
AC-10660,2016-09-22,2016-06-27,87.0
AC-10660,2017-03-23,2016-09-22,182.0
AD-10180,2014-12-26,2014-11-19,37.0
AD-10180,2015-06-14,2014-12-26,170.0
AD-10180,2015-07-04,2015-06-14,20.0
AD-10180,2017-01-22,2015-07-04,568.0
AD-10180,2017-04-30,2017-01-22,98.0
AD-10180,2017-11-13,2017-04-30,197.0
AD-10180,2017-12-01,2017-11-13,18.0
AF-10870,2016-04-23,2015-12-06,139.0
AF-10870,2016-05-06,2016-04-23,13.0
AF-10870,2016-05-22,2016-05-06,16.0
AF-10870,2017-04-24,2016-05-22,337.0
AF-10870,2017-11-18,2017-04-24,208.0
AF-10870,2017-11-19,2017-11-18,1.0
AF-10885,2014-09-12,2014-05-10,125.0
AF-10885,2015-10-13,2014-09-12,396.0
AF-10885,2016-11-10,2015-10-13,394.0
AG-10270,2014-07-23,2014-05-13,71.0
AG-10270,2015-09-20,2014-07-23,424.0
AG-10270,2016-09-13,2015-09-20,359.0
AG-10270,2017-03-27,2016-09-13,195.0
AG-10300,2015-11-19,2014-04-26,572.0
AG-10300,2016-12-05,2015-11-19,382.0
AG-10300,2017-09-03,2016-12-05,272.0
AG-10330,2017-12-10,2016-08-03,494.0
AG-10330,2017-12-18,2017-12-10,8.0
AG-10330,2017-12-22,2017-12-18,4.0
AG-10390,2014-09-03,2014-04-19,137.0
AG-10390,2016-11-20,2014-09-03,809.0
AG-10390,2016-12-01,2016-11-20,11.0
AG-10390,2017-09-07,2016-12-01,280.0
AG-10495,2015-06-08,2015-01-04,155.0
AG-10495,2015-10-23,2015-06-08,137.0
AG-10495,2015-10-24,2015-10-23,1.0
AG-10495,2015-10-26,2015-10-24,2.0
AG-10495,2015-11-11,2015-10-26,16.0
AG-10495,2016-10-20,2015-11-11,344.0
AG-10495,2017-10-13,2016-10-20,358.0
AG-10525,2014-09-02,2014-08-09,24.0
AG-10525,2015-09-06,2014-09-02,369.0
AG-10525,2015-09-07,2015-09-06,1.0
AG-10675,2016-01-14,2015-05-07,252.0
AG-10675,2016-09-08,2016-01-14,238.0
AG-10675,2017-06-09,2016-09-08,274.0
AG-10675,2017-07-29,2017-06-09,50.0
AG-10675,2017-09-07,2017-07-29,40.0
AG-10675,2017-09-24,2017-09-07,17.0
AG-10765,2015-06-09,2014-09-17,265.0
AG-10765,2015-11-09,2015-06-09,153.0
AG-10765,2017-10-14,2015-11-09,705.0
AG-10900,2015-09-05,2014-07-23,409.0
AG-10900,2015-09-13,2015-09-05,8.0
AG-10900,2015-12-19,2015-09-13,97.0
AG-10900,2015-12-27,2015-12-19,8.0
AG-10900,2016-05-17,2015-12-27,142.0
AG-10900,2016-12-08,2016-05-17,205.0
AG-10900,2017-05-01,2016-12-08,144.0
AG-10900,2017-09-03,2017-05-01,125.0
AG-10900,2017-09-25,2017-09-03,22.0
AH-10030,2014-05-13,2014-04-22,21.0
AH-10030,2014-10-25,2014-05-13,165.0
AH-10030,2014-12-31,2014-10-25,67.0
AH-10030,2015-12-27,2014-12-31,361.0
AH-10030,2016-03-20,2015-12-27,84.0
AH-10030,2017-12-18,2016-03-20,638.0
AH-10075,2015-12-21,2014-11-16,400.0
AH-10075,2016-06-26,2015-12-21,188.0
AH-10075,2016-09-15,2016-06-26,81.0
AH-10075,2016-12-17,2016-09-15,93.0
AH-10075,2017-04-15,2016-12-17,119.0
AH-10075,2017-05-19,2017-04-15,34.0
AH-10075,2017-09-25,2017-05-19,129.0
AH-10075,2017-10-23,2017-09-25,28.0
AH-10075,2017-11-26,2017-10-23,34.0
AH-10120,2016-06-30,2014-07-18,713.0
AH-10120,2016-12-18,2016-06-30,171.0
AH-10120,2017-04-08,2016-12-18,111.0
AH-10120,2017-07-02,2017-04-08,85.0
AH-10120,2017-08-17,2017-07-02,46.0
AH-10120,2017-10-31,2017-08-17,75.0
AH-10195,2016-12-18,2015-03-05,654.0
AH-10195,2017-08-24,2016-12-18,249.0
AH-10195,2017-11-05,2017-08-24,73.0
AH-10210,2015-11-10,2014-11-29,346.0
AH-10210,2015-12-07,2015-11-10,27.0
AH-10210,2016-02-20,2015-12-07,75.0
AH-10210,2017-03-08,2016-02-20,382.0
AH-10210,2017-09-02,2017-03-08,178.0
AH-10210,2017-10-13,2017-09-02,41.0
AH-10210,2017-11-23,2017-10-13,41.0
AH-10210,2017-12-24,2017-11-23,31.0
AH-10465,2015-01-17,2015-01-03,14.0
AH-10465,2016-05-05,2015-01-17,474.0
AH-10465,2017-04-02,2016-05-05,332.0
AH-10465,2017-05-14,2017-04-02,42.0
AH-10585,2016-09-15,2014-10-26,690.0
AH-10585,2017-07-06,2016-09-15,294.0
AH-10585,2017-12-09,2017-07-06,156.0
AH-10690,2015-05-04,2014-04-02,397.0
AH-10690,2015-05-15,2015-05-04,11.0
AH-10690,2015-08-05,2015-05-15,82.0
AH-10690,2015-11-12,2015-08-05,99.0
AH-10690,2015-12-31,2015-11-12,49.0
AH-10690,2016-05-19,2015-12-31,140.0
AH-10690,2016-05-30,2016-05-19,11.0
AH-10690,2016-07-31,2016-05-30,62.0
AH-10690,2016-08-06,2016-07-31,6.0
AH-10690,2016-10-04,2016-08-06,59.0
AH-10690,2016-11-15,2016-10-04,42.0
AI-10855,2014-05-10,2014-04-28,12.0
AI-10855,2014-12-29,2014-05-10,233.0
AI-10855,2015-03-14,2014-12-29,75.0
AI-10855,2015-12-20,2015-03-14,281.0
AI-10855,2016-11-10,2015-12-20,326.0
AI-10855,2017-05-05,2016-11-10,176.0
AI-10855,2017-09-09,2017-05-05,127.0
AI-10855,2017-12-11,2017-09-09,93.0
AI-10855,2017-12-17,2017-12-11,6.0
AJ-10780,2014-10-31,2014-01-10,294.0
AJ-10780,2014-12-28,2014-10-31,58.0
AJ-10780,2015-05-18,2014-12-28,141.0
AJ-10780,2016-11-28,2015-05-18,560.0
AJ-10780,2017-05-14,2016-11-28,167.0
AJ-10780,2017-10-16,2017-05-14,155.0
AJ-10795,2014-12-29,2014-05-14,229.0
AJ-10795,2016-01-05,2014-12-29,372.0
AJ-10795,2016-01-22,2016-01-05,17.0
AJ-10795,2016-09-12,2016-01-22,234.0
AJ-10795,2016-12-26,2016-09-12,105.0
AJ-10795,2017-07-17,2016-12-26,203.0
AJ-10945,2015-06-01,2014-03-03,455.0
AJ-10945,2015-11-28,2015-06-01,180.0
AJ-10945,2015-12-14,2015-11-28,16.0
AJ-10945,2016-11-18,2015-12-14,340.0
AJ-10945,2017-08-31,2016-11-18,286.0
AJ-10945,2017-10-06,2017-08-31,36.0
AJ-10960,2014-12-30,2014-09-14,107.0
AJ-10960,2017-10-17,2014-12-30,1022.0
AM-10360,2015-03-23,2014-10-06,168.0
AM-10360,2016-07-16,2015-03-23,481.0
AM-10360,2017-05-28,2016-07-16,316.0
AM-10360,2017-12-02,2017-05-28,188.0
AM-10705,2015-09-13,2014-10-31,317.0
AM-10705,2015-09-20,2015-09-13,7.0
AM-10705,2015-09-25,2015-09-20,5.0
AM-10705,2016-09-18,2015-09-25,359.0
AM-10705,2017-04-04,2016-09-18,198.0
AM-10705,2017-06-25,2017-04-04,82.0
AM-10705,2017-07-21,2017-06-25,26.0
AP-10720,2015-11-22,2014-03-03,629.0
AP-10720,2016-05-23,2015-11-22,183.0
AP-10720,2016-09-08,2016-05-23,108.0
AP-10720,2016-09-19,2016-09-08,11.0
AP-10720,2016-10-21,2016-09-19,32.0
AP-10720,2016-12-06,2016-10-21,46.0
AP-10720,2017-11-19,2016-12-06,348.0
AP-10915,2014-09-29,2014-08-23,37.0
AP-10915,2014-10-24,2014-09-29,25.0
AP-10915,2014-11-11,2014-10-24,18.0
AP-10915,2016-04-16,2014-11-11,522.0
AP-10915,2016-11-03,2016-04-16,201.0
AP-10915,2016-12-10,2016-11-03,37.0
AP-10915,2017-04-27,2016-12-10,138.0
AP-10915,2017-09-03,2017-04-27,129.0
AP-10915,2017-09-23,2017-09-03,20.0
AR-10345,2015-09-10,2014-12-30,254.0
AR-10345,2017-09-08,2015-09-10,729.0
AR-10345,2017-09-10,2017-09-08,2.0
AR-10405,2015-07-31,2014-10-03,301.0
AR-10405,2017-05-20,2015-07-31,659.0
AR-10405,2017-06-19,2017-05-20,30.0
AR-10405,2017-08-27,2017-06-19,69.0
AR-10510,2014-05-23,2014-05-02,21.0
AR-10510,2015-08-31,2014-05-23,465.0
AR-10510,2016-12-26,2015-08-31,483.0
AR-10510,2017-12-16,2016-12-26,355.0
AR-10540,2015-04-11,2014-11-25,137.0
AR-10540,2015-11-22,2015-04-11,225.0
AR-10540,2016-09-29,2015-11-22,312.0
AR-10540,2017-01-16,2016-09-29,109.0
AR-10540,2017-12-24,2017-01-16,342.0
AR-10825,2015-03-08,2014-06-30,251.0
AR-10825,2016-06-14,2015-03-08,464.0
AR-10825,2016-09-05,2016-06-14,83.0
AR-10825,2016-12-11,2016-09-05,97.0
AR-10825,2017-07-20,2016-12-11,221.0
AR-10825,2017-07-21,2017-07-20,1.0
AR-10825,2017-11-02,2017-07-21,104.0
AS-10045,2016-03-28,2014-07-27,610.0
AS-10045,2016-09-25,2016-03-28,181.0
AS-10045,2017-01-02,2016-09-25,99.0
AS-10045,2017-08-01,2017-01-02,211.0
AS-10045,2017-09-04,2017-08-01,34.0
AS-10045,2017-10-03,2017-09-04,29.0
AS-10090,2014-12-24,2014-09-22,93.0
AS-10090,2015-11-09,2014-12-24,320.0
AS-10090,2016-05-02,2015-11-09,175.0
AS-10090,2016-06-21,2016-05-02,50.0
AS-10090,2016-09-11,2016-06-21,82.0
AS-10090,2017-04-01,2016-09-11,202.0
AS-10090,2017-09-16,2017-04-01,168.0
AS-10090,2017-12-02,2017-09-16,77.0
AS-10135,2017-11-19,2016-11-13,371.0
AS-10225,2015-05-04,2014-10-18,198.0
AS-10225,2016-12-02,2015-05-04,578.0
AS-10225,2017-09-17,2016-12-02,289.0
AS-10225,2017-12-08,2017-09-17,82.0
AS-10240,2014-10-11,2014-03-15,210.0
AS-10240,2015-03-29,2014-10-11,169.0
AS-10240,2015-07-26,2015-03-29,119.0
AS-10240,2016-04-07,2015-07-26,256.0
AS-10240,2016-06-25,2016-04-07,79.0
AS-10240,2017-06-21,2016-06-25,361.0
AS-10285,2016-10-28,2016-05-21,160.0
AS-10285,2016-11-04,2016-10-28,7.0
AS-10285,2016-11-05,2016-11-04,1.0
AS-10285,2016-11-11,2016-11-05,6.0
AS-10285,2017-12-11,2016-11-11,395.0
AS-10630,2014-12-07,2014-08-01,128.0
AS-10630,2015-09-03,2014-12-07,270.0
AS-10630,2016-09-22,2015-09-03,385.0
AS-10630,2017-03-17,2016-09-22,176.0
AS-10630,2017-04-30,2017-03-17,44.0
AS-10630,2017-09-29,2017-04-30,152.0
AT-10435,2014-12-27,2014-11-24,33.0
AT-10435,2015-09-06,2014-12-27,253.0
AT-10435,2016-11-24,2015-09-06,445.0
AT-10435,2017-04-02,2016-11-24,129.0
AT-10435,2017-12-09,2017-04-02,251.0
AT-10735,2014-11-03,2014-08-30,65.0
AT-10735,2015-11-23,2014-11-03,385.0
AT-10735,2016-05-30,2015-11-23,189.0
AT-10735,2016-07-17,2016-05-30,48.0
AT-10735,2016-09-09,2016-07-17,54.0
AT-10735,2017-05-19,2016-09-09,252.0
AT-10735,2017-07-07,2017-05-19,49.0
AT-10735,2017-08-01,2017-07-07,25.0
AT-10735,2017-12-17,2017-08-01,138.0
AW-10840,2015-11-29,2015-04-13,230.0
AW-10840,2017-09-02,2015-11-29,643.0
AW-10840,2017-12-10,2017-09-02,99.0
AW-10930,2015-11-13,2014-07-14,487.0
AW-10930,2016-06-12,2015-11-13,212.0
AW-10930,2016-10-07,2016-06-12,117.0
AW-10930,2016-11-18,2016-10-07,42.0
AW-10930,2017-08-31,2016-11-18,286.0
AW-10930,2017-11-14,2017-08-31,75.0
AY-10555,2014-12-26,2014-04-06,264.0
AY-10555,2016-12-18,2014-12-26,723.0
AY-10555,2017-12-16,2016-12-18,363.0
AZ-10750,2014-03-25,2014-03-17,8.0
AZ-10750,2015-04-22,2014-03-25,393.0
AZ-10750,2015-05-12,2015-04-22,20.0
AZ-10750,2016-02-05,2015-05-12,269.0
AZ-10750,2017-07-23,2016-02-05,534.0
BB-10990,2015-11-02,2014-07-27,463.0
BB-10990,2016-04-01,2015-11-02,151.0
BB-10990,2017-06-01,2016-04-01,426.0
BB-10990,2017-09-16,2017-06-01,107.0
BB-11545,2015-11-21,2015-06-05,169.0
BB-11545,2016-11-11,2015-11-21,356.0
BB-11545,2016-11-25,2016-11-11,14.0
BB-11545,2016-12-26,2016-11-25,31.0
BB-11545,2017-08-12,2016-12-26,229.0
BB-11545,2017-09-15,2017-08-12,34.0
BB-11545,2017-11-11,2017-09-15,57.0
BB-11545,2017-12-02,2017-11-11,21.0
BC-11125,2014-09-13,2014-07-06,69.0
BC-11125,2015-06-20,2014-09-13,280.0
BC-11125,2016-04-04,2015-06-20,289.0
BC-11125,2016-07-25,2016-04-04,112.0
BC-11125,2016-08-12,2016-07-25,18.0
BC-11125,2016-09-16,2016-08-12,35.0
BC-11125,2017-05-19,2016-09-16,245.0
BC-11125,2017-06-11,2017-05-19,23.0
BD-11320,2015-08-10,2015-05-31,71.0
BD-11320,2016-04-15,2015-08-10,249.0
BD-11320,2016-06-16,2016-04-15,62.0
BD-11320,2016-06-24,2016-06-16,8.0
BD-11320,2016-08-15,2016-06-24,52.0
BD-11320,2016-09-18,2016-08-15,34.0
BD-11320,2016-10-31,2016-09-18,43.0
BD-11320,2017-04-12,2016-10-31,163.0
BD-11320,2017-06-10,2017-04-12,59.0
BD-11320,2017-09-23,2017-06-10,105.0
BD-11320,2017-11-27,2017-09-23,65.0
BD-11500,2014-10-14,2014-02-01,255.0
BD-11500,2015-09-16,2014-10-14,337.0
BD-11500,2015-12-23,2015-09-16,98.0
BD-11500,2017-01-26,2015-12-23,400.0
BD-11500,2017-11-25,2017-01-26,303.0
BD-11560,2017-03-27,2015-05-30,667.0
BD-11605,2014-08-15,2014-01-13,214.0
BD-11605,2015-06-11,2014-08-15,300.0
BD-11605,2015-12-26,2015-06-11,198.0
BD-11605,2016-04-12,2015-12-26,108.0
BD-11605,2016-12-30,2016-04-12,262.0
BD-11605,2017-09-24,2016-12-30,268.0
BD-11620,2016-03-08,2014-06-30,617.0
BD-11620,2016-10-01,2016-03-08,207.0
BD-11620,2016-12-25,2016-10-01,85.0
BD-11620,2016-12-31,2016-12-25,6.0
BD-11620,2017-10-22,2016-12-31,295.0
BD-11635,2015-12-05,2014-10-05,426.0
BD-11635,2017-12-21,2015-12-05,747.0
BD-11725,2016-02-25,2015-07-03,237.0
BD-11725,2017-04-22,2016-02-25,422.0
BD-11725,2017-05-30,2017-04-22,38.0
BD-11725,2017-08-03,2017-05-30,65.0
BD-11725,2017-09-28,2017-08-03,56.0
BD-11770,2016-05-02,2016-03-10,53.0
BD-11770,2016-09-10,2016-05-02,131.0
BD-11770,2016-11-11,2016-09-10,62.0
BD-11770,2017-01-29,2016-11-11,79.0
BD-11770,2017-02-06,2017-01-29,8.0
BE-11335,2016-07-25,2016-01-15,192.0
BE-11335,2017-03-23,2016-07-25,241.0
BE-11335,2017-07-17,2017-03-23,116.0
BE-11335,2017-09-02,2017-07-17,47.0
BE-11410,2016-10-14,2016-02-07,250.0
BE-11410,2016-11-18,2016-10-14,35.0
BE-11410,2017-01-21,2016-11-18,64.0
BE-11410,2017-09-23,2017-01-21,245.0
BE-11455,2015-09-14,2015-08-02,43.0
BE-11455,2016-05-06,2015-09-14,235.0
BE-11455,2016-09-05,2016-05-06,122.0
BE-11455,2017-04-20,2016-09-05,227.0
BF-10975,2014-08-01,2014-07-14,18.0
BF-10975,2015-06-13,2014-08-01,316.0
BF-10975,2015-07-05,2015-06-13,22.0
BF-10975,2015-07-06,2015-07-05,1.0
BF-10975,2016-11-20,2015-07-06,503.0
BF-10975,2017-09-30,2016-11-20,314.0
BF-11005,2016-05-05,2014-09-25,588.0
BF-11005,2016-07-28,2016-05-05,84.0
BF-11005,2017-11-21,2016-07-28,481.0
BF-11020,2015-10-30,2014-02-15,622.0
BF-11020,2016-07-07,2015-10-30,251.0
BF-11020,2016-08-02,2016-07-07,26.0
BF-11020,2017-04-01,2016-08-02,242.0
BF-11020,2017-09-08,2017-04-01,160.0
BF-11020,2017-09-18,2017-09-08,10.0
BF-11020,2017-10-17,2017-09-18,29.0
BF-11080,2017-09-12,2014-11-28,1019.0
BF-11080,2017-12-05,2017-09-12,84.0
BF-11170,2014-07-12,2014-04-13,90.0
BF-11170,2014-12-24,2014-07-12,165.0
BF-11170,2015-05-13,2014-12-24,140.0
BF-11170,2015-05-26,2015-05-13,13.0
BF-11170,2016-01-31,2015-05-26,250.0
BF-11170,2016-04-17,2016-01-31,77.0
BF-11170,2016-04-30,2016-04-17,13.0
BF-11170,2016-11-10,2016-04-30,194.0
BF-11170,2017-03-06,2016-11-10,116.0
BF-11170,2017-12-14,2017-03-06,283.0
BF-11215,2016-06-09,2014-11-09,578.0
BF-11215,2017-03-13,2016-06-09,277.0
BF-11215,2017-10-26,2017-03-13,227.0
BF-11275,2017-07-10,2014-03-22,1206.0
BF-11275,2017-11-03,2017-07-10,116.0
BG-11035,2014-12-06,2014-11-05,31.0
BG-11035,2015-09-20,2014-12-06,288.0
BG-11035,2015-12-31,2015-09-20,102.0
BG-11035,2016-11-17,2015-12-31,322.0
BG-11035,2017-08-31,2016-11-17,287.0
BG-11035,2017-11-02,2017-08-31,63.0
BG-11035,2017-12-02,2017-11-02,30.0
BG-11695,2015-01-05,2014-05-11,239.0
BG-11695,2016-05-30,2015-01-05,511.0
BG-11695,2016-12-27,2016-05-30,211.0
BG-11695,2017-09-23,2016-12-27,270.0
BG-11695,2017-11-24,2017-09-23,62.0
BG-11740,2015-06-18,2014-03-23,452.0
BG-11740,2016-08-30,2015-06-18,439.0
BG-11740,2016-09-06,2016-08-30,7.0
BG-11740,2017-04-17,2016-09-06,223.0
BG-11740,2017-11-03,2017-04-17,200.0
BH-11710,2014-11-11,2014-06-09,155.0
BH-11710,2015-02-08,2014-11-11,89.0
BH-11710,2015-11-22,2015-02-08,287.0
BH-11710,2016-03-03,2015-11-22,102.0
BH-11710,2017-01-14,2016-03-03,317.0
BH-11710,2017-05-18,2017-01-14,124.0
BH-11710,2017-12-07,2017-05-18,203.0
BK-11260,2014-12-06,2014-08-03,125.0
BK-11260,2015-03-19,2014-12-06,103.0
BK-11260,2016-11-11,2015-03-19,603.0
BK-11260,2017-09-22,2016-11-11,315.0
BK-11260,2017-10-14,2017-09-22,22.0
BM-11140,2016-09-02,2014-09-08,725.0
BM-11140,2016-12-04,2016-09-02,93.0
BM-11140,2017-02-26,2016-12-04,84.0
BM-11575,2016-01-02,2015-09-15,109.0
BM-11575,2016-11-20,2016-01-02,323.0
BM-11575,2017-04-17,2016-11-20,148.0
BM-11575,2017-05-18,2017-04-17,31.0
BM-11575,2017-09-21,2017-05-18,126.0
BM-11650,2014-09-21,2014-07-09,74.0
BM-11650,2014-09-23,2014-09-21,2.0
BM-11650,2015-10-09,2014-09-23,381.0
BM-11650,2015-11-20,2015-10-09,42.0
BM-11650,2016-09-27,2015-11-20,312.0
BM-11650,2017-03-24,2016-09-27,178.0
BM-11650,2017-05-13,2017-03-24,50.0
BM-11650,2017-11-09,2017-05-13,180.0
BM-11650,2017-11-16,2017-11-09,7.0
BM-11650,2017-11-27,2017-11-16,11.0
BM-11785,2014-09-02,2014-06-06,88.0
BM-11785,2014-12-14,2014-09-02,103.0
BM-11785,2015-03-20,2014-12-14,96.0
BM-11785,2015-09-25,2015-03-20,189.0
BM-11785,2015-10-03,2015-09-25,8.0
BM-11785,2016-04-16,2015-10-03,196.0
BM-11785,2016-07-14,2016-04-16,89.0
BM-11785,2016-12-30,2016-07-14,169.0
BM-11785,2017-05-26,2016-12-30,147.0
BN-11470,2015-04-16,2014-09-12,216.0
BN-11470,2017-03-14,2015-04-16,698.0
BN-11470,2017-12-06,2017-03-14,267.0
BN-11515,2014-09-17,2014-03-17,184.0
BN-11515,2016-05-19,2014-09-17,610.0
BN-11515,2017-09-01,2016-05-19,470.0
BN-11515,2017-12-21,2017-09-01,111.0
BO-11350,2016-04-28,2016-01-03,116.0
BO-11350,2017-02-02,2016-04-28,280.0
BO-11350,2017-05-03,2017-02-02,90.0
BO-11350,2017-08-15,2017-05-03,104.0
BO-11425,2017-10-16,2015-09-10,767.0
BP-11050,2016-11-25,2014-10-12,775.0
BP-11050,2016-12-19,2016-11-25,24.0
BP-11050,2017-03-18,2016-12-19,89.0
BP-11050,2017-10-08,2017-03-18,204.0
BP-11095,2014-10-09,2014-06-07,124.0
BP-11095,2014-11-07,2014-10-09,29.0
BP-11095,2014-12-19,2014-11-07,42.0
BP-11095,2015-03-23,2014-12-19,94.0
BP-11095,2015-07-26,2015-03-23,125.0
BP-11095,2016-10-27,2015-07-26,459.0
BP-11095,2017-02-20,2016-10-27,116.0
BP-11095,2017-04-15,2017-02-20,54.0
BP-11095,2017-09-24,2017-04-15,162.0
BP-11095,2017-11-30,2017-09-24,67.0
BP-11095,2017-12-13,2017-11-30,13.0
BP-11155,2016-06-28,2015-06-04,390.0
BP-11155,2016-12-31,2016-06-28,186.0
BP-11155,2017-03-30,2016-12-31,89.0
BP-11155,2017-07-10,2017-03-30,102.0
BP-11155,2017-10-02,2017-07-10,84.0
BP-11185,2015-08-28,2015-03-24,157.0
BP-11185,2016-01-04,2015-08-28,129.0
BP-11185,2016-09-12,2016-01-04,252.0
BP-11185,2016-12-23,2016-09-12,102.0
BP-11185,2017-08-27,2016-12-23,247.0
BP-11185,2017-12-10,2017-08-27,105.0
BP-11185,2017-12-29,2017-12-10,19.0
BP-11230,2015-04-30,2014-04-20,375.0
BP-11230,2016-09-24,2015-04-30,513.0
BP-11230,2016-12-15,2016-09-24,82.0
BP-11230,2017-11-21,2016-12-15,341.0
BP-11290,2016-04-12,2014-10-03,557.0
BP-11290,2016-05-31,2016-04-12,49.0
BP-11290,2016-07-21,2016-05-31,51.0
BP-11290,2017-01-09,2016-07-21,172.0
BP-11290,2017-11-24,2017-01-09,319.0
BP-11290,2017-12-18,2017-11-24,24.0
BS-11365,2014-08-19,2014-05-04,107.0
BS-11365,2014-09-19,2014-08-19,31.0
BS-11365,2016-04-16,2014-09-19,575.0
BS-11365,2016-06-20,2016-04-16,65.0
BS-11380,2015-12-03,2014-11-29,369.0
BS-11380,2017-03-12,2015-12-03,465.0
BS-11380,2017-11-16,2017-03-12,249.0
BS-11380,2017-12-02,2017-11-16,16.0
BS-11590,2014-08-25,2014-01-14,223.0
BS-11590,2014-12-05,2014-08-25,102.0
BS-11590,2015-09-06,2014-12-05,275.0
BS-11590,2016-09-17,2015-09-06,377.0
BS-11590,2017-11-25,2016-09-17,434.0
BS-11665,2015-11-17,2014-06-23,512.0
BS-11665,2016-05-27,2015-11-17,192.0
BS-11755,2014-08-03,2014-05-18,77.0
BS-11755,2015-10-03,2014-08-03,426.0
BS-11755,2016-11-30,2015-10-03,424.0
BS-11755,2017-04-10,2016-11-30,131.0
BS-11755,2017-09-23,2017-04-10,166.0
BS-11755,2017-12-29,2017-09-23,97.0
BS-11800,2017-04-09,2015-09-26,561.0
BT-11305,2015-09-06,2014-04-25,499.0
BT-11305,2015-12-01,2015-09-06,86.0
BT-11305,2015-12-22,2015-12-01,21.0
BT-11305,2017-01-28,2015-12-22,403.0
BT-11395,2015-02-27,2014-10-28,122.0
BT-11395,2015-04-13,2015-02-27,45.0
BT-11395,2015-11-29,2015-04-13,230.0
BT-11395,2016-05-19,2015-11-29,172.0
BT-11395,2017-03-03,2016-05-19,288.0
BT-11440,2014-11-23,2014-06-04,172.0
BT-11440,2016-03-19,2014-11-23,482.0
BT-11440,2016-06-18,2016-03-19,91.0
BT-11485,2016-03-11,2015-12-27,75.0
BT-11530,2014-12-22,2014-05-21,215.0
BT-11530,2016-01-22,2014-12-22,396.0
BT-11530,2017-02-26,2016-01-22,401.0
BT-11530,2017-09-30,2017-02-26,216.0
BT-11680,2015-07-09,2014-11-28,223.0
BT-11680,2015-10-08,2015-07-09,91.0
BT-11680,2016-04-10,2015-10-08,185.0
BT-11680,2016-04-21,2016-04-10,11.0
BT-11680,2017-11-20,2016-04-21,578.0
BT-11680,2017-12-10,2017-11-20,20.0
BV-11245,2015-06-18,2015-03-26,84.0
BV-11245,2016-02-21,2015-06-18,248.0
BV-11245,2016-12-24,2016-02-21,307.0
BV-11245,2017-01-30,2016-12-24,37.0
BW-11065,2015-08-11,2014-05-25,443.0
BW-11065,2017-06-01,2015-08-11,660.0
BW-11110,2015-04-26,2015-03-20,37.0
BW-11110,2016-10-08,2015-04-26,531.0
BW-11110,2016-10-13,2016-10-08,5.0
BW-11110,2016-12-10,2016-10-13,58.0
BW-11110,2017-01-07,2016-12-10,28.0
BW-11110,2017-05-27,2017-01-07,140.0
BW-11110,2017-08-31,2017-05-27,96.0
BW-11200,2014-09-30,2014-08-12,49.0
BW-11200,2016-10-27,2014-09-30,758.0
BW-11200,2017-06-08,2016-10-27,224.0
BW-11200,2017-06-10,2017-06-08,2.0
CA-11965,2015-04-05,2014-01-26,434.0
CA-11965,2015-11-21,2015-04-05,230.0
CA-11965,2016-12-23,2015-11-21,398.0
CA-11965,2017-01-26,2016-12-23,34.0
CA-11965,2017-09-25,2017-01-26,242.0
CA-12055,2016-04-24,2015-09-05,232.0
CA-12055,2016-08-08,2016-04-24,106.0
CA-12055,2016-11-22,2016-08-08,106.0
CA-12055,2016-11-24,2016-11-22,2.0
CA-12265,2014-12-26,2014-03-25,276.0
CA-12265,2015-09-14,2014-12-26,262.0
CA-12265,2016-02-07,2015-09-14,146.0
CA-12265,2017-07-03,2016-02-07,512.0
CA-12265,2017-09-22,2017-07-03,81.0
CA-12265,2017-10-12,2017-09-22,20.0
CA-12265,2017-10-19,2017-10-12,7.0
CA-12265,2017-11-04,2017-10-19,16.0
CA-12310,2016-01-03,2014-07-19,533.0
CA-12310,2017-12-09,2016-01-03,706.0
CA-12310,2017-12-17,2017-12-09,8.0
CA-12775,2014-09-14,2014-06-28,78.0
CA-12775,2015-07-26,2014-09-14,315.0
CA-12775,2015-12-11,2015-07-26,138.0
CA-12775,2016-12-11,2015-12-11,366.0
CA-12775,2017-05-12,2016-12-11,152.0
CA-12775,2017-09-01,2017-05-12,112.0
CB-12025,2014-11-17,2014-03-21,241.0
CB-12025,2015-08-24,2014-11-17,280.0
CB-12025,2015-08-28,2015-08-24,4.0
CB-12025,2016-11-27,2015-08-28,457.0
CB-12025,2017-02-05,2016-11-27,70.0
CB-12025,2017-09-07,2017-02-05,214.0
CB-12025,2017-09-11,2017-09-07,4.0
CB-12025,2017-11-13,2017-09-11,63.0
CB-12415,2016-01-23,2015-11-05,79.0
CB-12415,2016-05-03,2016-01-23,101.0
CB-12415,2016-06-12,2016-05-03,40.0
CB-12415,2016-07-25,2016-06-12,43.0
CB-12415,2017-02-24,2016-07-25,214.0
CB-12415,2017-11-16,2017-02-24,265.0
CB-12415,2017-12-04,2017-11-16,18.0
CB-12535,2015-05-08,2015-01-02,126.0
CB-12535,2015-05-14,2015-05-08,6.0
CB-12535,2015-07-09,2015-05-14,56.0
CB-12535,2016-01-23,2015-07-09,198.0
CB-12535,2016-11-07,2016-01-23,289.0
CB-12535,2017-03-05,2016-11-07,118.0
CB-12535,2017-06-16,2017-03-05,103.0
CC-12100,2015-05-29,2014-12-16,164.0
CC-12100,2015-08-27,2015-05-29,90.0
CC-12100,2015-08-29,2015-08-27,2.0
CC-12100,2016-07-07,2015-08-29,313.0
CC-12100,2016-09-29,2016-07-07,84.0
CC-12145,2015-01-30,2014-07-20,194.0
CC-12145,2015-09-07,2015-01-30,220.0
CC-12145,2015-09-10,2015-09-07,3.0
CC-12145,2016-08-08,2015-09-10,333.0
CC-12145,2016-08-26,2016-08-08,18.0
CC-12145,2017-09-15,2016-08-26,385.0
CC-12220,2014-10-04,2014-09-09,25.0
CC-12220,2014-11-14,2014-10-04,41.0
CC-12220,2015-05-07,2014-11-14,174.0
CC-12220,2016-03-03,2015-05-07,301.0
CC-12220,2016-03-28,2016-03-03,25.0
CC-12220,2016-07-08,2016-03-28,102.0
CC-12220,2016-10-01,2016-07-08,85.0
CC-12220,2017-05-04,2016-10-01,215.0
CC-12220,2017-06-26,2017-05-04,53.0
CC-12220,2017-11-16,2017-06-26,143.0
CC-12220,2017-12-10,2017-11-16,24.0
CC-12370,2016-07-07,2016-05-23,45.0
CC-12370,2016-08-15,2016-07-07,39.0
CC-12370,2017-11-06,2016-08-15,448.0
CC-12370,2017-11-17,2017-11-06,11.0
CC-12430,2016-01-17,2015-09-06,133.0
CC-12430,2016-09-17,2016-01-17,244.0
CC-12430,2016-09-19,2016-09-17,2.0
CC-12430,2016-11-10,2016-09-19,52.0
CC-12430,2016-11-13,2016-11-10,3.0
CC-12430,2017-05-20,2016-11-13,188.0
CC-12430,2017-10-03,2017-05-20,136.0
CC-12430,2017-11-06,2017-10-03,34.0
CC-12430,2017-12-30,2017-11-06,54.0
CC-12475,2016-05-02,2014-05-16,717.0
CC-12475,2016-10-07,2016-05-02,158.0
CC-12475,2016-11-04,2016-10-07,28.0
CC-12475,2016-11-07,2016-11-04,3.0
CC-12475,2017-08-07,2016-11-07,273.0
CC-12475,2017-09-11,2017-08-07,35.0
CC-12475,2017-09-30,2017-09-11,19.0
CC-12475,2017-11-21,2017-09-30,52.0
CC-12550,2017-12-01,2017-06-15,169.0
CC-12550,2017-12-03,2017-12-01,2.0
CC-12610,2015-07-30,2014-08-27,337.0
CC-12610,2015-09-07,2015-07-30,39.0
CC-12610,2016-03-19,2015-09-07,194.0
CC-12610,2016-07-21,2016-03-19,124.0
CC-12610,2016-10-10,2016-07-21,81.0
CC-12610,2017-11-26,2016-10-10,412.0
CC-12670,2015-09-12,2014-12-23,263.0
CC-12670,2016-03-03,2015-09-12,173.0
CC-12670,2016-11-27,2016-03-03,269.0
CC-12670,2016-12-16,2016-11-27,19.0
CC-12670,2017-06-18,2016-12-16,184.0
CC-12670,2017-12-01,2017-06-18,166.0
CC-12685,2015-01-09,2014-03-22,293.0
CC-12685,2015-09-14,2015-01-09,248.0
CC-12685,2015-10-23,2015-09-14,39.0
CD-11920,2015-11-27,2014-03-24,613.0
CD-11920,2016-12-29,2015-11-27,398.0
CD-11920,2017-05-26,2016-12-29,148.0
CD-11920,2017-11-20,2017-05-26,178.0
CD-11980,2017-03-18,2016-11-24,114.0
CD-11980,2017-11-06,2017-03-18,233.0
CD-12280,2017-11-18,2017-11-05,13.0
CD-12790,2014-12-27,2014-02-02,328.0
CD-12790,2015-09-21,2014-12-27,268.0
CD-12790,2016-10-15,2015-09-21,390.0
CD-12790,2016-11-26,2016-10-15,42.0
CG-12040,2016-06-20,2015-06-01,385.0
CG-12040,2016-09-10,2016-06-20,82.0
CG-12040,2016-10-24,2016-09-10,44.0
CG-12040,2017-03-19,2016-10-24,146.0
CG-12040,2017-11-11,2017-03-19,237.0
CG-12520,2016-11-08,2015-10-15,390.0
CG-12520,2017-01-26,2016-11-08,79.0
CH-12070,2015-10-30,2015-06-25,127.0
CH-12070,2016-02-08,2015-10-30,101.0
CJ-12010,2016-05-07,2016-03-10,58.0
CJ-12010,2016-07-22,2016-05-07,76.0
CJ-12010,2016-12-03,2016-07-22,134.0
CJ-12010,2017-01-26,2016-12-03,54.0
CJ-12010,2017-03-27,2017-01-26,60.0
CJ-12010,2017-05-01,2017-03-27,35.0
CJ-12010,2017-06-24,2017-05-01,54.0
CK-12205,2014-06-16,2014-03-11,97.0
CK-12205,2014-07-28,2014-06-16,42.0
CK-12205,2015-03-28,2014-07-28,243.0
CK-12205,2015-10-02,2015-03-28,188.0
CK-12205,2016-06-05,2015-10-02,247.0
CK-12205,2016-07-16,2016-06-05,41.0
CK-12205,2016-07-23,2016-07-16,7.0
CK-12205,2016-11-21,2016-07-23,121.0
CK-12205,2017-05-12,2016-11-21,172.0
CK-12205,2017-08-07,2017-05-12,87.0
CK-12205,2017-08-18,2017-08-07,11.0
CK-12205,2017-11-21,2017-08-18,95.0
CK-12325,2014-06-02,2014-03-14,80.0
CK-12325,2016-04-08,2014-06-02,676.0
CK-12325,2017-02-17,2016-04-08,315.0
CK-12325,2017-09-01,2017-02-17,196.0
CK-12595,2015-07-11,2014-12-26,197.0
CK-12595,2015-08-13,2015-07-11,33.0
CK-12595,2016-03-12,2015-08-13,212.0
CK-12595,2016-04-08,2016-03-12,27.0
CK-12595,2016-06-06,2016-04-08,59.0
CK-12595,2016-09-19,2016-06-06,105.0
CK-12595,2017-01-29,2016-09-19,132.0
CK-12595,2017-02-23,2017-01-29,25.0
CK-12595,2017-11-14,2017-02-23,264.0
CK-12595,2017-11-17,2017-11-14,3.0
CK-12760,2014-12-09,2014-02-07,305.0
CK-12760,2015-07-26,2014-12-09,229.0
CK-12760,2015-09-06,2015-07-26,42.0
CK-12760,2016-02-01,2015-09-06,148.0
CK-12760,2016-02-19,2016-02-01,18.0
CK-12760,2016-11-13,2016-02-19,268.0
CK-12760,2017-03-28,2016-11-13,135.0
CK-12760,2017-10-09,2017-03-28,195.0
CL-11890,2016-12-01,2014-07-26,859.0
CL-11890,2017-06-10,2016-12-01,191.0
CL-11890,2017-09-15,2017-06-10,97.0
CL-12565,2014-07-12,2014-03-04,130.0
CL-12565,2014-09-02,2014-07-12,52.0
CL-12565,2014-09-10,2014-09-02,8.0
CL-12565,2015-12-30,2014-09-10,476.0
CL-12565,2016-05-08,2015-12-30,130.0
CL-12565,2016-05-28,2016-05-08,20.0
CL-12565,2016-09-14,2016-05-28,109.0
CL-12565,2016-11-03,2016-09-14,50.0
CL-12565,2016-12-19,2016-11-03,46.0
CL-12565,2017-03-17,2016-12-19,88.0
CL-12565,2017-03-21,2017-03-17,4.0
CL-12700,2016-09-24,2016-04-24,153.0
CL-12700,2017-01-28,2016-09-24,126.0
CL-12700,2017-04-14,2017-01-28,76.0
CL-12700,2017-09-16,2017-04-14,155.0
CM-11815,2014-12-31,2014-11-14,47.0
CM-11815,2016-09-23,2014-12-31,632.0
CM-11815,2017-03-10,2016-09-23,168.0
CM-11815,2017-05-28,2017-03-10,79.0
CM-11815,2017-08-21,2017-05-28,85.0
CM-11935,2016-01-22,2015-09-24,120.0
CM-12115,2017-03-31,2015-03-29,733.0
CM-12115,2017-10-02,2017-03-31,185.0
CM-12115,2017-12-22,2017-10-02,81.0
CM-12160,2016-12-17,2016-10-21,57.0
CM-12160,2017-08-18,2016-12-17,244.0
CM-12160,2017-09-28,2017-08-18,41.0
CM-12160,2017-10-21,2017-09-28,23.0
CM-12160,2017-12-04,2017-10-21,44.0
CM-12190,2015-10-17,2015-09-18,29.0
CM-12190,2015-11-09,2015-10-17,23.0
CM-12190,2017-08-03,2015-11-09,633.0
CM-12190,2017-11-16,2017-08-03,105.0
CM-12190,2017-12-22,2017-11-16,36.0
CM-12235,2016-05-26,2016-05-01,25.0
CM-12235,2016-08-12,2016-05-26,78.0
CM-12235,2016-11-27,2016-08-12,107.0
CM-12235,2016-12-10,2016-11-27,13.0
CM-12385,2015-09-14,2015-03-16,182.0
CM-12385,2017-01-03,2015-09-14,477.0
CM-12385,2017-11-23,2017-01-03,324.0
CM-12445,2016-09-26,2014-06-09,840.0
CM-12445,2016-10-20,2016-09-26,24.0
CM-12655,2015-11-03,2015-03-19,229.0
CM-12655,2016-08-08,2015-11-03,279.0
CM-12655,2016-11-13,2016-08-08,97.0
CM-12655,2017-10-01,2016-11-13,322.0
CM-12655,2017-12-03,2017-10-01,63.0
CM-12715,2014-09-26,2014-03-07,203.0
CM-12715,2014-10-10,2014-09-26,14.0
CM-12715,2015-03-01,2014-10-10,142.0
CP-12085,2015-03-24,2014-12-04,110.0
CP-12085,2015-09-03,2015-03-24,163.0
CP-12085,2016-03-30,2015-09-03,209.0
CP-12085,2016-05-26,2016-03-30,57.0
CP-12085,2017-01-13,2016-05-26,232.0
CP-12085,2017-08-29,2017-01-13,228.0
CP-12085,2017-10-09,2017-08-29,41.0
CP-12340,2015-11-07,2014-03-17,600.0
CP-12340,2016-05-21,2015-11-07,196.0
CP-12340,2016-06-03,2016-05-21,13.0
CP-12340,2016-06-17,2016-06-03,14.0
CP-12340,2016-10-14,2016-06-17,119.0
CP-12340,2017-04-24,2016-10-14,192.0
CP-12340,2017-07-23,2017-04-24,90.0
CR-12580,2016-09-23,2016-04-18,158.0
CR-12580,2016-11-24,2016-09-23,62.0
CR-12580,2017-11-03,2016-11-24,344.0
CR-12625,2014-08-23,2014-06-01,83.0
CR-12625,2016-09-16,2014-08-23,755.0
CR-12730,2016-06-12,2014-08-20,662.0
CR-12730,2016-08-22,2016-06-12,71.0
CR-12730,2017-10-13,2016-08-22,417.0
CR-12820,2017-02-17,2015-01-24,755.0
CR-12820,2017-10-06,2017-02-17,231.0
CS-11845,2015-04-02,2014-12-14,109.0
CS-11845,2015-09-17,2015-04-02,168.0
CS-11845,2017-02-11,2015-09-17,513.0
CS-11845,2017-09-30,2017-02-11,231.0
CS-11860,2014-06-30,2014-05-02,59.0
CS-11860,2015-10-19,2014-06-30,476.0
CS-11860,2017-06-02,2015-10-19,592.0
CS-11860,2017-07-12,2017-06-02,40.0
CS-11860,2017-07-21,2017-07-12,9.0
CS-11950,2014-11-18,2014-06-08,163.0
CS-11950,2015-09-25,2014-11-18,311.0
CS-11950,2016-03-31,2015-09-25,188.0
CS-11950,2016-04-03,2016-03-31,3.0
CS-11950,2016-09-03,2016-04-03,153.0
CS-11950,2016-10-21,2016-09-03,48.0
CS-11950,2017-05-07,2016-10-21,198.0
CS-11950,2017-07-20,2017-05-07,74.0
CS-11950,2017-10-24,2017-07-20,96.0
CS-11950,2017-12-05,2017-10-24,42.0
CS-12130,2015-09-21,2014-08-05,412.0
CS-12130,2015-12-20,2015-09-21,90.0
CS-12130,2016-08-28,2015-12-20,252.0
CS-12175,2016-04-17,2014-08-12,614.0
CS-12175,2016-09-26,2016-04-17,162.0
CS-12175,2017-04-06,2016-09-26,192.0
CS-12175,2017-05-12,2017-04-06,36.0
CS-12250,2014-02-07,2014-01-13,25.0
CS-12250,2014-11-28,2014-02-07,294.0
CS-12250,2015-01-04,2014-11-28,37.0
CS-12250,2015-11-03,2015-01-04,303.0
CS-12250,2015-11-20,2015-11-03,17.0
CS-12250,2016-06-28,2015-11-20,221.0
CS-12250,2016-09-22,2016-06-28,86.0
CS-12250,2017-01-23,2016-09-22,123.0
CS-12250,2017-10-08,2017-01-23,258.0
CS-12250,2017-11-23,2017-10-08,46.0
CS-12250,2017-12-04,2017-11-23,11.0
CS-12355,2015-06-23,2014-08-15,312.0
CS-12355,2015-09-04,2015-06-23,73.0
CS-12355,2016-03-17,2015-09-04,195.0
CS-12355,2017-04-14,2016-03-17,393.0
CS-12355,2017-06-16,2017-04-14,63.0
CS-12355,2017-07-07,2017-06-16,21.0
CS-12355,2017-11-12,2017-07-07,128.0
CS-12355,2017-11-17,2017-11-12,5.0
CS-12355,2017-12-24,2017-11-17,37.0
CS-12400,2015-10-02,2014-09-26,371.0
CS-12400,2016-05-10,2015-10-02,221.0
CS-12400,2016-11-05,2016-05-10,179.0
CS-12400,2017-04-07,2016-11-05,153.0
CS-12400,2017-09-05,2017-04-07,151.0
CS-12400,2017-09-15,2017-09-05,10.0
CS-12400,2017-11-13,2017-09-15,59.0
CS-12400,2017-12-28,2017-11-13,45.0
CS-12460,2017-12-03,2017-07-03,153.0
CS-12490,2016-04-18,2015-01-12,462.0
CS-12490,2016-08-12,2016-04-18,116.0
CS-12490,2016-11-01,2016-08-12,81.0
CS-12505,2015-05-12,2014-03-26,412.0
CS-12505,2016-09-17,2015-05-12,494.0
CS-12505,2016-11-13,2016-09-17,57.0
CS-12505,2016-11-25,2016-11-13,12.0
CS-12505,2017-11-02,2016-11-25,342.0
CT-11995,2014-12-20,2014-05-07,227.0
CT-11995,2015-09-15,2014-12-20,269.0
CT-11995,2016-08-13,2015-09-15,333.0
CT-11995,2016-11-26,2016-08-13,105.0
CT-11995,2017-06-04,2016-11-26,190.0
CT-11995,2017-06-29,2017-06-04,25.0
CT-11995,2017-09-25,2017-06-29,88.0
CV-12295,2014-09-02,2014-03-28,158.0
CV-12295,2016-09-04,2014-09-02,733.0
CV-12295,2017-03-25,2016-09-04,202.0
CV-12295,2017-04-20,2017-03-25,26.0
CV-12805,2016-09-01,2016-05-09,115.0
CV-12805,2017-01-20,2016-09-01,141.0
CV-12805,2017-02-18,2017-01-20,29.0
CV-12805,2017-04-20,2017-02-18,61.0
CV-12805,2017-04-27,2017-04-20,7.0
CV-12805,2017-06-01,2017-04-27,35.0
CV-12805,2017-09-04,2017-06-01,95.0
CV-12805,2017-12-25,2017-09-04,112.0
CW-11905,2015-01-23,2014-06-09,228.0
CW-11905,2015-05-31,2015-01-23,128.0
CW-11905,2016-11-04,2015-05-31,523.0
CW-11905,2017-05-13,2016-11-04,190.0
CW-11905,2017-12-08,2017-05-13,209.0
CY-12745,2015-05-25,2014-12-12,164.0
CY-12745,2015-06-28,2015-05-25,34.0
CY-12745,2016-08-15,2015-06-28,414.0
CY-12745,2016-09-03,2016-08-15,19.0
CY-12745,2017-09-14,2016-09-03,376.0
CY-12745,2017-09-16,2017-09-14,2.0
CY-12745,2017-10-31,2017-09-16,45.0
Co-12640,2014-11-29,2014-06-20,162.0
Co-12640,2014-12-27,2014-11-29,28.0
Co-12640,2015-08-02,2014-12-27,218.0
Co-12640,2016-06-29,2015-08-02,332.0
DA-13450,2014-09-10,2014-04-25,138.0
DA-13450,2014-09-26,2014-09-10,16.0
DA-13450,2017-01-12,2014-09-26,839.0
DB-12910,2016-04-01,2014-10-24,525.0
DB-12910,2016-09-09,2016-04-01,161.0
DB-12910,2016-10-03,2016-09-09,24.0
DB-12910,2017-03-31,2016-10-03,179.0
DB-12910,2017-09-11,2017-03-31,164.0
DB-12910,2017-12-02,2017-09-11,82.0
DB-12910,2017-12-09,2017-12-02,7.0
DB-12970,2015-12-14,2014-11-12,397.0
DB-12970,2016-07-24,2015-12-14,223.0
DB-12970,2016-12-25,2016-07-24,154.0
DB-12970,2017-05-03,2016-12-25,129.0
DB-13060,2014-06-21,2014-03-01,112.0
DB-13060,2016-03-18,2014-06-21,636.0
DB-13060,2016-06-06,2016-03-18,80.0
DB-13060,2017-02-26,2016-06-06,265.0
DB-13060,2017-09-15,2017-02-26,201.0
DB-13060,2017-12-14,2017-09-15,90.0
DB-13120,2015-09-03,2015-05-01,125.0
DB-13120,2015-12-06,2015-09-03,94.0
DB-13120,2015-12-24,2015-12-06,18.0
DB-13120,2015-12-27,2015-12-24,3.0
DB-13120,2017-01-12,2015-12-27,382.0
DB-13120,2017-11-12,2017-01-12,304.0
DB-13210,2016-03-26,2015-03-22,370.0
DB-13210,2016-05-20,2016-03-26,55.0
DB-13210,2016-06-09,2016-05-20,20.0
DB-13210,2016-09-05,2016-06-09,88.0
DB-13210,2016-09-15,2016-09-05,10.0
DB-13210,2016-11-30,2016-09-15,76.0
DB-13210,2017-10-07,2016-11-30,311.0
DB-13210,2017-12-09,2017-10-07,63.0
DB-13210,2017-12-21,2017-12-09,12.0
DB-13270,2015-04-24,2014-02-04,444.0
DB-13270,2015-11-30,2015-04-24,220.0
DB-13270,2016-08-12,2015-11-30,256.0
DB-13270,2016-12-02,2016-08-12,112.0
DB-13270,2016-12-11,2016-12-02,9.0
DB-13270,2017-06-19,2016-12-11,190.0
DB-13270,2017-11-07,2017-06-19,141.0
DB-13360,2015-06-26,2014-11-19,219.0
DB-13360,2016-03-13,2015-06-26,261.0
DB-13360,2016-04-26,2016-03-13,44.0
DB-13360,2017-04-10,2016-04-26,349.0
DB-13405,2015-09-17,2015-08-08,40.0
DB-13405,2017-03-17,2015-09-17,547.0
DB-13405,2017-06-26,2017-03-17,101.0
DB-13555,2014-09-20,2014-04-21,152.0
DB-13555,2014-10-11,2014-09-20,21.0
DB-13555,2017-03-02,2014-10-11,873.0
DB-13555,2017-05-06,2017-03-02,65.0
DB-13555,2017-09-08,2017-05-06,125.0
DB-13555,2017-09-14,2017-09-08,6.0
DB-13615,2015-09-01,2014-09-30,336.0
DB-13615,2016-10-08,2015-09-01,403.0
DB-13615,2016-12-08,2016-10-08,61.0
DB-13615,2017-05-06,2016-12-08,149.0
DB-13615,2017-09-21,2017-05-06,138.0
DB-13615,2017-11-27,2017-09-21,67.0
DB-13660,2015-11-08,2014-06-17,509.0
DB-13660,2016-12-31,2015-11-08,419.0
DB-13660,2017-02-28,2016-12-31,59.0
DB-13660,2017-03-25,2017-02-28,25.0
DB-13660,2017-09-23,2017-03-25,182.0
DB-13660,2017-12-18,2017-09-23,86.0
DC-12850,2014-09-13,2014-07-05,70.0
DC-12850,2015-03-19,2014-09-13,187.0
DC-12850,2016-03-24,2015-03-19,371.0
DC-12850,2017-06-04,2016-03-24,437.0
DC-12850,2017-06-22,2017-06-04,18.0
DC-12850,2017-08-13,2017-06-22,52.0
DC-12850,2017-09-18,2017-08-13,36.0
DC-12850,2017-11-23,2017-09-18,66.0
DC-13285,2015-03-22,2014-12-29,83.0
DC-13285,2016-11-10,2015-03-22,599.0
DC-13285,2017-10-07,2016-11-10,331.0
DC-13285,2017-12-07,2017-10-07,61.0
DD-13570,2014-12-30,2014-03-31,274.0
DD-13570,2016-08-22,2014-12-30,601.0
DD-13570,2017-05-02,2016-08-22,253.0
DD-13570,2017-07-25,2017-05-02,84.0
DD-13570,2017-11-19,2017-07-25,117.0
DE-13255,2014-11-05,2014-08-22,75.0
DE-13255,2015-04-18,2014-11-05,164.0
DE-13255,2015-09-24,2015-04-18,159.0
DE-13255,2016-01-11,2015-09-24,109.0
DF-13135,2015-12-26,2014-10-04,448.0
DF-13135,2016-01-30,2015-12-26,35.0
DG-13300,2015-07-03,2014-11-01,244.0
DG-13300,2015-10-25,2015-07-03,114.0
DG-13300,2016-08-22,2015-10-25,302.0
DG-13300,2017-11-28,2016-08-22,463.0
DH-13075,2015-03-01,2014-11-21,100.0
DH-13075,2015-03-20,2015-03-01,19.0
DH-13075,2015-06-13,2015-03-20,85.0
DH-13075,2016-06-24,2015-06-13,377.0
DH-13075,2017-03-28,2016-06-24,277.0
DH-13675,2014-11-28,2014-08-12,108.0
DH-13675,2015-09-21,2014-11-28,297.0
DH-13675,2015-11-15,2015-09-21,55.0
DJ-13420,2015-10-04,2014-12-08,300.0
DJ-13420,2015-10-10,2015-10-04,6.0
DJ-13420,2016-04-02,2015-10-10,175.0
DJ-13510,2016-08-26,2014-08-17,740.0
DJ-13510,2017-02-11,2016-08-26,169.0
DJ-13510,2017-04-30,2017-02-11,78.0
DJ-13510,2017-05-08,2017-04-30,8.0
DJ-13510,2017-09-12,2017-05-08,127.0
DJ-13510,2017-11-03,2017-09-12,52.0
DJ-13510,2017-11-12,2017-11-03,9.0
DJ-13630,2016-11-19,2015-12-14,341.0
DJ-13630,2017-12-18,2016-11-19,394.0
DK-12835,2014-11-23,2014-03-26,242.0
DK-12835,2015-02-07,2014-11-23,76.0
DK-12835,2015-10-31,2015-02-07,266.0
DK-12835,2016-03-25,2015-10-31,146.0
DK-12835,2016-07-21,2016-03-25,118.0
DK-12835,2016-12-09,2016-07-21,141.0
DK-12835,2017-04-24,2016-12-09,136.0
DK-12835,2017-07-05,2017-04-24,72.0
DK-12835,2017-09-09,2017-07-05,66.0
DK-12835,2017-10-21,2017-09-09,42.0
DK-12835,2017-12-09,2017-10-21,49.0
DK-12895,2015-09-25,2015-03-08,201.0
DK-12895,2017-08-12,2015-09-25,687.0
DK-12895,2017-08-27,2017-08-12,15.0
DK-12895,2017-11-15,2017-08-27,80.0
DK-12985,2015-08-02,2014-11-24,251.0
DK-12985,2015-12-07,2015-08-02,127.0
DK-12985,2017-05-05,2015-12-07,515.0
DK-12985,2017-12-23,2017-05-05,232.0
DK-13090,2015-10-09,2015-03-02,221.0
DK-13090,2016-02-14,2015-10-09,128.0
DK-13090,2017-02-21,2016-02-14,373.0
DK-13090,2017-10-01,2017-02-21,222.0
DK-13090,2017-11-03,2017-10-01,33.0
DK-13090,2017-11-18,2017-11-03,15.0
DK-13150,2017-12-20,2014-12-05,1111.0
DK-13225,2015-11-15,2014-03-14,611.0
DK-13225,2015-12-03,2015-11-15,18.0
DK-13225,2016-03-12,2015-12-03,100.0
DK-13225,2016-07-03,2016-03-12,113.0
DK-13225,2016-09-01,2016-07-03,60.0
DK-13225,2016-11-26,2016-09-01,86.0
DK-13225,2017-06-29,2016-11-26,215.0
DK-13225,2017-12-20,2017-06-29,174.0
DK-13375,2015-12-06,2014-09-07,455.0
DK-13375,2015-12-12,2015-12-06,6.0
DK-13375,2016-07-17,2015-12-12,218.0
DK-13375,2016-07-22,2016-07-17,5.0
DK-13375,2017-07-27,2016-07-22,370.0
DK-13375,2017-11-12,2017-07-27,108.0
DK-13375,2017-12-11,2017-11-12,29.0
DL-12865,2014-10-15,2014-06-29,108.0
DL-12865,2015-11-20,2014-10-15,401.0
DL-12865,2016-02-27,2015-11-20,99.0
DL-12865,2016-05-02,2016-02-27,65.0
DL-12865,2016-09-25,2016-05-02,146.0
DL-12865,2017-01-19,2016-09-25,116.0
DL-12865,2017-09-21,2017-01-19,245.0
DL-12925,2014-11-01,2014-09-09,53.0
DL-12925,2015-05-08,2014-11-01,188.0
DL-12925,2015-09-22,2015-05-08,137.0
DL-12925,2015-10-12,2015-09-22,20.0
DL-12925,2017-11-03,2015-10-12,753.0
DL-13315,2014-02-06,2014-01-16,21.0
DL-13315,2014-02-17,2014-02-06,11.0
DL-13315,2016-09-04,2014-02-17,930.0
DL-13315,2016-12-10,2016-09-04,97.0
DL-13315,2017-01-03,2016-12-10,24.0
DL-13315,2017-11-25,2017-01-03,326.0
DL-13315,2017-12-08,2017-11-25,13.0
DL-13330,2015-11-21,2014-06-23,516.0
DL-13330,2016-10-28,2015-11-21,342.0
DL-13330,2017-11-03,2016-10-28,371.0
DL-13495,2016-01-17,2015-12-25,23.0
DL-13495,2016-07-22,2016-01-17,187.0
DL-13495,2016-10-07,2016-07-22,77.0
DL-13495,2017-04-30,2016-10-07,205.0
DL-13495,2017-08-15,2017-04-30,107.0
DL-13495,2017-08-21,2017-08-15,6.0
DL-13495,2017-10-15,2017-08-21,55.0
DM-12955,2014-12-09,2014-09-30,70.0
DM-12955,2015-04-10,2014-12-09,122.0
DM-12955,2015-09-21,2015-04-10,164.0
DM-12955,2016-03-21,2015-09-21,182.0
DM-12955,2016-09-29,2016-03-21,192.0
DM-12955,2017-09-07,2016-09-29,343.0
DM-13015,2015-07-08,2014-09-14,297.0
DM-13015,2016-05-05,2015-07-08,302.0
DM-13015,2016-09-05,2016-05-05,123.0
DM-13015,2017-08-24,2016-09-05,353.0
DM-13015,2017-10-23,2017-08-24,60.0
DM-13015,2017-11-03,2017-10-23,11.0
DM-13345,2014-11-12,2014-11-03,9.0
DM-13345,2015-04-16,2014-11-12,155.0
DM-13345,2016-06-17,2015-04-16,428.0
DM-13345,2016-11-07,2016-06-17,143.0
DM-13345,2016-11-21,2016-11-07,14.0
DM-13345,2017-04-08,2016-11-21,138.0
DM-13345,2017-12-08,2017-04-08,244.0
DM-13525,2015-09-11,2014-07-05,433.0
DM-13525,2016-09-05,2015-09-11,360.0
DN-13690,2014-10-08,2014-09-20,18.0
DN-13690,2014-10-12,2014-10-08,4.0
DN-13690,2016-04-21,2014-10-12,557.0
DN-13690,2016-06-26,2016-04-21,66.0
DN-13690,2016-12-22,2016-06-26,179.0
DN-13690,2017-05-27,2016-12-22,156.0
DO-13435,2015-03-29,2014-10-03,177.0
DO-13435,2015-08-24,2015-03-29,148.0
DO-13435,2015-11-27,2015-08-24,95.0
DO-13435,2016-05-16,2015-11-27,171.0
DO-13435,2017-03-31,2016-05-16,319.0
DO-13435,2017-06-02,2017-03-31,63.0
DO-13435,2017-06-26,2017-06-02,24.0
DO-13435,2017-08-19,2017-06-26,54.0
DO-13645,2017-08-19,2015-11-07,651.0
DO-13645,2017-09-04,2017-08-19,16.0
DO-13645,2017-09-15,2017-09-04,11.0
DO-13645,2017-09-23,2017-09-15,8.0
DO-13645,2017-11-27,2017-09-23,65.0
DO-13645,2017-12-04,2017-11-27,7.0
DP-13000,2014-11-12,2014-01-03,313.0
DP-13000,2015-04-18,2014-11-12,157.0
DP-13000,2015-11-24,2015-04-18,220.0
DP-13000,2016-05-15,2015-11-24,173.0
DP-13000,2016-11-14,2016-05-15,183.0
DP-13000,2017-03-04,2016-11-14,110.0
DP-13000,2017-05-14,2017-03-04,71.0
DP-13000,2017-08-26,2017-05-14,104.0
DP-13105,2016-06-20,2015-08-22,303.0
DP-13105,2016-09-23,2016-06-20,95.0
DP-13105,2016-12-06,2016-09-23,74.0
DP-13105,2017-04-13,2016-12-06,128.0
DP-13105,2017-09-19,2017-04-13,159.0
DP-13105,2017-12-17,2017-09-19,89.0
DP-13105,2017-12-24,2017-12-17,7.0
DP-13165,2015-10-10,2014-12-02,312.0
DP-13390,2014-09-08,2014-07-05,65.0
DP-13390,2014-12-21,2014-09-08,104.0
DP-13390,2015-03-24,2014-12-21,93.0
DP-13390,2015-05-10,2015-03-24,47.0
DP-13390,2016-05-24,2015-05-10,380.0
DP-13390,2016-10-21,2016-05-24,150.0
DP-13390,2017-01-01,2016-10-21,72.0
DP-13390,2017-01-06,2017-01-01,5.0
DR-12880,2015-11-28,2015-09-25,64.0
DR-12880,2016-03-24,2015-11-28,117.0
DR-12880,2016-07-14,2016-03-24,112.0
DR-12880,2016-08-26,2016-07-14,43.0
DR-12880,2017-06-26,2016-08-26,304.0
DR-12880,2017-06-29,2017-06-26,3.0
DR-12880,2017-08-27,2017-06-29,59.0
DR-12880,2017-12-27,2017-08-27,122.0
DR-12940,2015-03-30,2014-03-28,367.0
DR-12940,2015-09-01,2015-03-30,155.0
DR-12940,2015-12-27,2015-09-01,117.0
DR-12940,2016-10-04,2015-12-27,282.0
DR-12940,2016-11-29,2016-10-04,56.0
DR-12940,2017-08-11,2016-11-29,255.0
DR-12940,2017-11-10,2017-08-11,91.0
DS-13030,2017-01-21,2014-07-09,927.0
DS-13030,2017-04-04,2017-01-21,73.0
DS-13030,2017-09-28,2017-04-04,177.0
DS-13180,2015-08-09,2014-04-28,468.0
DS-13180,2015-08-21,2015-08-09,12.0
DS-13180,2015-09-04,2015-08-21,14.0
DS-13180,2016-03-27,2015-09-04,205.0
DS-13180,2016-11-28,2016-03-27,246.0
DS-13180,2016-12-14,2016-11-28,16.0
DS-13180,2017-03-31,2016-12-14,107.0
DS-13180,2017-12-07,2017-03-31,251.0
DV-13045,2016-09-23,2016-06-12,103.0
DV-13045,2017-06-30,2016-09-23,280.0
DV-13045,2017-12-04,2017-06-30,157.0
DV-13045,2017-12-11,2017-12-04,7.0
DV-13465,2015-05-17,2014-06-22,329.0
DV-13465,2015-11-09,2015-05-17,176.0
DV-13465,2016-09-10,2015-11-09,306.0
DV-13465,2017-06-11,2016-09-10,274.0
DV-13465,2017-12-01,2017-06-11,173.0
DW-13195,2014-07-05,2014-01-18,168.0
DW-13195,2014-08-19,2014-07-05,45.0
DW-13195,2016-11-20,2014-08-19,824.0
DW-13195,2017-09-22,2016-11-20,306.0
DW-13195,2017-10-22,2017-09-22,30.0
DW-13480,2016-01-07,2014-06-01,585.0
DW-13480,2016-08-20,2016-01-07,226.0
DW-13480,2016-11-12,2016-08-20,84.0
DW-13480,2017-05-27,2016-11-12,196.0
DW-13540,2016-04-01,2016-02-27,34.0
DW-13540,2017-03-06,2016-04-01,339.0
DW-13540,2017-08-25,2017-03-06,172.0
DW-13540,2017-09-23,2017-08-25,29.0
DW-13585,2015-06-28,2014-08-24,308.0
DW-13585,2016-08-07,2015-06-28,406.0
DW-13585,2016-09-26,2016-08-07,50.0
DW-13585,2017-02-02,2016-09-26,129.0
DW-13585,2017-04-14,2017-02-02,71.0
DW-13585,2017-05-02,2017-04-14,18.0
Dl-13600,2014-07-01,2014-03-30,93.0
Dl-13600,2016-04-07,2014-07-01,646.0
Dl-13600,2017-06-08,2016-04-07,427.0
Dl-13600,2017-09-02,2017-06-08,86.0
Dp-13240,2014-10-11,2014-05-26,138.0
Dp-13240,2015-11-09,2014-10-11,394.0
Dp-13240,2015-12-13,2015-11-09,34.0
Dp-13240,2016-01-15,2015-12-13,33.0
Dp-13240,2017-06-15,2016-01-15,517.0
Dp-13240,2017-08-22,2017-06-15,68.0
Dp-13240,2017-09-07,2017-08-22,16.0
Dp-13240,2017-09-15,2017-09-07,8.0
Dp-13240,2017-10-02,2017-09-15,17.0
Dp-13240,2017-10-07,2017-10-02,5.0
EA-14035,2014-11-01,2014-09-13,49.0
EA-14035,2014-12-05,2014-11-01,34.0
EA-14035,2015-05-23,2014-12-05,169.0
EA-14035,2015-11-26,2015-05-23,187.0
EA-14035,2016-02-16,2015-11-26,82.0
EA-14035,2016-02-21,2016-02-16,5.0
EA-14035,2016-06-12,2016-02-21,112.0
EA-14035,2016-06-20,2016-06-12,8.0
EA-14035,2016-07-02,2016-06-20,12.0
EA-14035,2016-07-10,2016-07-02,8.0
EA-14035,2017-04-30,2016-07-10,294.0
EA-14035,2017-07-31,2017-04-30,92.0
EB-13705,2014-12-15,2014-07-08,160.0
EB-13705,2015-03-31,2014-12-15,106.0
EB-13705,2015-10-02,2015-03-31,185.0
EB-13705,2016-03-07,2015-10-02,157.0
EB-13705,2016-06-14,2016-03-07,99.0
EB-13705,2017-05-08,2016-06-14,328.0
EB-13705,2017-10-20,2017-05-08,165.0
EB-13705,2017-11-12,2017-10-20,23.0
EB-13750,2015-06-05,2015-03-12,85.0
EB-13750,2016-04-09,2015-06-05,309.0
EB-13750,2016-05-30,2016-04-09,51.0
EB-13750,2016-08-28,2016-05-30,90.0
EB-13750,2016-09-24,2016-08-28,27.0
EB-13750,2016-11-11,2016-09-24,48.0
EB-13750,2017-04-16,2016-11-11,156.0
EB-13750,2017-11-10,2017-04-16,208.0
EB-13750,2017-11-25,2017-11-10,15.0
EB-13840,2014-12-13,2014-05-30,197.0
EB-13840,2015-03-26,2014-12-13,103.0
EB-13840,2016-12-04,2015-03-26,619.0
EB-13840,2017-10-01,2016-12-04,301.0
EB-13870,2014-11-08,2014-05-05,187.0
EB-13870,2015-05-23,2014-11-08,196.0
EB-13870,2015-07-09,2015-05-23,47.0
EB-13870,2015-09-25,2015-07-09,78.0
EB-13870,2016-10-03,2015-09-25,374.0
EB-13870,2016-12-09,2016-10-03,67.0
EB-13870,2017-01-30,2016-12-09,52.0
EB-13870,2017-03-10,2017-01-30,39.0
EB-13870,2017-09-21,2017-03-10,195.0
EB-13930,2016-02-27,2014-02-02,755.0
EB-13930,2016-05-18,2016-02-27,81.0
EB-13930,2016-10-22,2016-05-18,157.0
EB-13930,2017-07-22,2016-10-22,273.0
EB-13975,2016-02-07,2016-01-04,34.0
EB-13975,2016-10-10,2016-02-07,246.0
EB-13975,2017-12-30,2016-10-10,446.0
EB-14110,2015-11-12,2015-04-13,213.0
EB-14110,2015-11-28,2015-11-12,16.0
EB-14110,2016-09-11,2015-11-28,288.0
EB-14110,2016-11-14,2016-09-11,64.0
EB-14110,2017-09-08,2016-11-14,298.0
EB-14170,2014-10-17,2014-09-29,18.0
EB-14170,2015-03-12,2014-10-17,146.0
EB-14170,2015-11-28,2015-03-12,261.0
EB-14170,2016-11-05,2015-11-28,343.0
EB-14170,2017-10-09,2016-11-05,338.0
EC-14050,2016-12-12,2014-12-17,726.0
EC-14050,2017-03-23,2016-12-12,101.0
EC-14050,2017-07-31,2017-03-23,130.0
EC-14050,2017-11-07,2017-07-31,99.0
ED-13885,2014-11-23,2014-08-09,106.0
ED-13885,2015-11-02,2014-11-23,344.0
ED-13885,2015-12-20,2015-11-02,48.0
ED-13885,2016-10-24,2015-12-20,309.0
ED-13885,2016-12-22,2016-10-24,59.0
ED-13885,2017-02-19,2016-12-22,59.0
ED-13885,2017-08-17,2017-02-19,179.0
EG-13900,2016-12-03,2015-11-02,397.0
EG-13900,2017-03-31,2016-12-03,118.0
EG-13900,2017-11-17,2017-03-31,231.0
EG-13900,2017-12-08,2017-11-17,21.0
EH-13765,2014-10-18,2014-04-12,189.0
EH-13765,2015-09-10,2014-10-18,327.0
EH-13765,2016-03-13,2015-09-10,185.0
EH-13765,2016-05-02,2016-03-13,50.0
EH-13765,2016-05-28,2016-05-02,26.0
EH-13765,2016-06-02,2016-05-28,5.0
EH-13765,2016-09-24,2016-06-02,114.0
EH-13765,2016-10-30,2016-09-24,36.0
EH-13765,2016-12-23,2016-10-30,54.0
EH-13765,2017-01-22,2016-12-23,30.0
EH-13765,2017-08-17,2017-01-22,207.0
EH-13945,2015-07-10,2014-07-02,373.0
EH-13945,2015-12-14,2015-07-10,157.0
EH-13945,2016-01-16,2015-12-14,33.0
EH-13945,2016-11-19,2016-01-16,308.0
EH-13945,2016-11-26,2016-11-19,7.0
EH-13945,2017-05-22,2016-11-26,177.0
EH-13945,2017-05-27,2017-05-22,5.0
EH-13990,2014-05-23,2014-01-15,128.0
EH-13990,2014-11-24,2014-05-23,185.0
EH-13990,2015-09-25,2014-11-24,305.0
EH-13990,2016-03-31,2015-09-25,188.0
EH-13990,2016-11-20,2016-03-31,234.0
EH-14005,2014-12-07,2014-05-13,208.0
EH-14005,2016-04-28,2014-12-07,508.0
EH-14005,2017-06-04,2016-04-28,402.0
EH-14005,2017-09-22,2017-06-04,110.0
EH-14005,2017-12-01,2017-09-22,70.0
EH-14005,2017-12-28,2017-12-01,27.0
EH-14125,2015-04-10,2014-10-19,173.0
EH-14125,2015-11-27,2015-04-10,231.0
EH-14125,2016-04-08,2015-11-27,133.0
EH-14125,2016-05-20,2016-04-08,42.0
EH-14125,2016-05-24,2016-05-20,4.0
EH-14125,2016-09-19,2016-05-24,118.0
EH-14125,2017-01-30,2016-09-19,133.0
EH-14125,2017-06-21,2017-01-30,142.0
EH-14125,2017-07-31,2017-06-21,40.0
EH-14185,2014-10-25,2014-05-22,156.0
EH-14185,2014-11-22,2014-10-25,28.0
EH-14185,2016-04-04,2014-11-22,499.0
EH-14185,2016-12-30,2016-04-04,270.0
EH-14185,2017-09-16,2016-12-30,260.0
EJ-13720,2014-12-16,2014-01-27,323.0
EJ-13720,2015-08-13,2014-12-16,240.0
EJ-13720,2017-03-03,2015-08-13,568.0
EJ-14155,2016-12-01,2014-03-03,1004.0
EJ-14155,2017-05-14,2016-12-01,164.0
EJ-14155,2017-09-04,2017-05-14,113.0
EJ-14155,2017-11-03,2017-09-04,60.0
EK-13795,2015-11-29,2014-03-18,621.0
EK-13795,2015-12-19,2015-11-29,20.0
EK-13795,2017-11-16,2015-12-19,698.0
EL-13735,2017-10-14,2016-04-22,540.0
EM-13810,2015-07-16,2015-06-07,39.0
EM-13810,2015-08-24,2015-07-16,39.0
EM-13810,2016-03-04,2015-08-24,193.0
EM-13810,2017-08-20,2016-03-04,534.0
EM-13825,2015-01-26,2014-12-02,55.0
EM-13825,2015-05-31,2015-01-26,125.0
EM-13825,2016-08-27,2015-05-31,454.0
EM-13825,2016-09-05,2016-08-27,9.0
EM-13825,2017-05-02,2016-09-05,239.0
EM-13825,2017-07-20,2017-05-02,79.0
EM-13825,2017-11-05,2017-07-20,108.0
EM-13960,2015-12-12,2015-10-01,72.0
EM-13960,2015-12-28,2015-12-12,16.0
EM-13960,2017-08-01,2015-12-28,582.0
EM-14065,2016-08-13,2014-07-22,753.0
EM-14065,2017-06-04,2016-08-13,295.0
EM-14065,2017-11-13,2017-06-04,162.0
EM-14095,2015-11-21,2015-08-07,106.0
EM-14095,2016-11-07,2015-11-21,352.0
EM-14095,2017-09-08,2016-11-07,305.0
EM-14140,2015-03-07,2014-07-19,231.0
EM-14140,2016-05-30,2015-03-07,450.0
EM-14140,2016-07-01,2016-05-30,32.0
EM-14140,2016-12-27,2016-07-01,179.0
EM-14140,2017-11-12,2016-12-27,320.0
EM-14200,2017-03-26,2015-12-20,462.0
EM-14200,2017-07-25,2017-03-26,121.0
EN-13780,2016-06-04,2015-05-30,371.0
EN-13780,2016-09-20,2016-06-04,108.0
EN-13780,2017-03-18,2016-09-20,179.0
EP-13915,2015-03-14,2014-07-06,251.0
EP-13915,2015-06-21,2015-03-14,99.0
EP-13915,2016-10-11,2015-06-21,478.0
EP-13915,2016-10-18,2016-10-11,7.0
EP-13915,2016-10-28,2016-10-18,10.0
EP-13915,2016-11-05,2016-10-28,8.0
EP-13915,2016-11-25,2016-11-05,20.0
EP-13915,2016-12-31,2016-11-25,36.0
EP-13915,2017-03-03,2016-12-31,62.0
EP-13915,2017-09-03,2017-03-03,184.0
EP-13915,2017-11-07,2017-09-03,65.0
EP-13915,2017-11-11,2017-11-07,4.0
EP-13915,2017-11-12,2017-11-11,1.0
EP-13915,2017-11-28,2017-11-12,16.0
EP-13915,2017-12-13,2017-11-28,15.0
EP-13915,2017-12-18,2017-12-13,5.0
ER-13855,2016-09-06,2015-12-21,260.0
ER-13855,2016-11-04,2016-09-06,59.0
ES-14020,2015-04-20,2014-09-20,212.0
ES-14020,2016-06-11,2015-04-20,418.0
ES-14020,2017-09-15,2016-06-11,461.0
ES-14020,2017-11-20,2017-09-15,66.0
ES-14080,2015-02-27,2014-10-02,148.0
ES-14080,2016-04-07,2015-02-27,405.0
ES-14080,2016-07-14,2016-04-07,98.0
ES-14080,2016-09-29,2016-07-14,77.0
ES-14080,2016-12-19,2016-09-29,81.0
ES-14080,2017-02-24,2016-12-19,67.0
ES-14080,2017-09-19,2017-02-24,207.0
ES-14080,2017-12-02,2017-09-19,74.0
FA-14230,2015-02-09,2014-09-19,143.0
FA-14230,2015-07-02,2015-02-09,143.0
FA-14230,2015-09-10,2015-07-02,70.0
FA-14230,2015-10-30,2015-09-10,50.0
FA-14230,2016-11-20,2015-10-30,387.0
FA-14230,2017-09-24,2016-11-20,308.0
FC-14245,2015-09-19,2015-06-13,98.0
FC-14245,2015-12-10,2015-09-19,82.0
FC-14245,2016-10-17,2015-12-10,312.0
FC-14245,2017-03-06,2016-10-17,140.0
FC-14245,2017-09-08,2017-03-06,186.0
FC-14245,2017-10-21,2017-09-08,43.0
FC-14335,2015-03-08,2014-10-10,149.0
FC-14335,2015-03-30,2015-03-08,22.0
FC-14335,2015-05-15,2015-03-30,46.0
FC-14335,2016-03-15,2015-05-15,305.0
FC-14335,2017-02-05,2016-03-15,327.0
FC-14335,2017-06-29,2017-02-05,144.0
FG-14260,2014-11-17,2014-05-21,180.0
FG-14260,2017-07-10,2014-11-17,966.0
FG-14260,2017-09-19,2017-07-10,71.0
FG-14260,2017-10-02,2017-09-19,13.0
FG-14260,2017-10-15,2017-10-02,13.0
FG-14260,2017-11-26,2017-10-15,42.0
FH-14275,2014-10-21,2014-04-06,198.0
FH-14275,2016-09-19,2014-10-21,699.0
FH-14275,2016-11-12,2016-09-19,54.0
FH-14275,2017-03-13,2016-11-12,121.0
FH-14275,2017-05-13,2017-03-13,61.0
FH-14275,2017-07-03,2017-05-13,51.0
FH-14275,2017-09-10,2017-07-03,69.0
FH-14275,2017-11-10,2017-09-10,61.0
FH-14275,2017-11-23,2017-11-10,13.0
FH-14350,2015-12-28,2015-08-23,127.0
FH-14350,2017-02-13,2015-12-28,413.0
FH-14350,2017-06-01,2017-02-13,108.0
FH-14365,2015-03-19,2014-10-20,150.0
FH-14365,2015-11-03,2015-03-19,229.0
FH-14365,2016-12-01,2015-11-03,394.0
FH-14365,2017-07-06,2016-12-01,217.0
FH-14365,2017-07-22,2017-07-06,16.0
FH-14365,2017-09-29,2017-07-22,69.0
FH-14365,2017-12-25,2017-09-29,87.0
FM-14215,2014-06-13,2014-03-11,94.0
FM-14215,2016-04-10,2014-06-13,667.0
FM-14215,2016-05-12,2016-04-10,32.0
FM-14215,2016-07-03,2016-05-12,52.0
FM-14215,2016-09-03,2016-07-03,62.0
FM-14215,2016-09-20,2016-09-03,17.0
FM-14215,2017-03-25,2016-09-20,186.0
FM-14215,2017-04-29,2017-03-25,35.0
FM-14215,2017-12-23,2017-04-29,238.0
FM-14290,2015-04-07,2014-08-26,224.0
FM-14290,2016-06-07,2015-04-07,427.0
FM-14290,2016-11-13,2016-06-07,159.0
FM-14290,2016-12-23,2016-11-13,40.0
FM-14290,2017-07-03,2016-12-23,192.0
FM-14290,2017-11-04,2017-07-03,124.0
FM-14290,2017-11-06,2017-11-04,2.0
FM-14290,2017-11-24,2017-11-06,18.0
FM-14380,2015-10-09,2015-07-12,89.0
FM-14380,2015-11-13,2015-10-09,35.0
FM-14380,2016-02-14,2015-11-13,93.0
FM-14380,2016-06-17,2016-02-14,124.0
FM-14380,2016-12-09,2016-06-17,175.0
FM-14380,2016-12-11,2016-12-09,2.0
FM-14380,2017-06-25,2016-12-11,196.0
FM-14380,2017-08-07,2017-06-25,43.0
FO-14305,2015-02-03,2014-06-09,239.0
FO-14305,2015-03-08,2015-02-03,33.0
FO-14305,2015-09-22,2015-03-08,198.0
FO-14305,2016-10-31,2015-09-22,405.0
FO-14305,2016-12-29,2016-10-31,59.0
FO-14305,2017-06-08,2016-12-29,161.0
FO-14305,2017-06-19,2017-06-08,11.0
FO-14305,2017-11-14,2017-06-19,148.0
FO-14305,2017-11-22,2017-11-14,8.0
FP-14320,2014-12-09,2014-12-07,2.0
FP-14320,2015-04-13,2014-12-09,125.0
FP-14320,2016-01-22,2015-04-13,284.0
FP-14320,2016-04-01,2016-01-22,70.0
FP-14320,2016-12-26,2016-04-01,269.0
FP-14320,2017-11-07,2016-12-26,316.0
FP-14320,2017-12-07,2017-11-07,30.0
FW-14395,2016-09-05,2015-03-22,533.0
FW-14395,2017-01-02,2016-09-05,119.0
GA-14515,2014-11-06,2014-05-18,172.0
GA-14515,2015-04-17,2014-11-06,162.0
GA-14515,2016-11-24,2015-04-17,587.0
GA-14515,2016-11-26,2016-11-24,2.0
GA-14515,2017-06-19,2016-11-26,205.0
GA-14515,2017-06-24,2017-06-19,5.0
GA-14515,2017-08-03,2017-06-24,40.0
GA-14725,2014-03-30,2014-02-11,47.0
GA-14725,2014-12-30,2014-03-30,275.0
GA-14725,2015-03-19,2014-12-30,79.0
GA-14725,2015-10-15,2015-03-19,210.0
GA-14725,2015-11-01,2015-10-15,17.0
GA-14725,2017-01-01,2015-11-01,427.0
GA-14725,2017-03-12,2017-01-01,70.0
GA-14725,2017-08-25,2017-03-12,166.0
GA-14725,2017-11-11,2017-08-25,78.0
GA-14725,2017-12-25,2017-11-11,44.0
GB-14530,2015-09-11,2014-04-28,501.0
GB-14530,2015-09-18,2015-09-11,7.0
GB-14530,2015-11-05,2015-09-18,48.0
GB-14530,2015-12-05,2015-11-05,30.0
GB-14530,2016-05-08,2015-12-05,155.0
GB-14530,2016-07-02,2016-05-08,55.0
GB-14530,2016-08-29,2016-07-02,58.0
GB-14530,2016-12-09,2016-08-29,102.0
GB-14530,2017-04-01,2016-12-09,113.0
GB-14530,2017-10-29,2017-04-01,211.0
GB-14575,2015-09-21,2015-06-12,101.0
GB-14575,2016-03-08,2015-09-21,169.0
GB-14575,2017-01-28,2016-03-08,326.0
GB-14575,2017-12-17,2017-01-28,323.0
GD-14590,2016-09-11,2014-05-05,860.0
GD-14590,2017-06-03,2016-09-11,265.0
GD-14590,2017-12-25,2017-06-03,205.0
GG-14650,2015-04-05,2014-10-31,156.0
GG-14650,2016-08-18,2015-04-05,501.0
GG-14650,2016-11-27,2016-08-18,101.0
GG-14650,2016-12-06,2016-11-27,9.0
GG-14650,2017-04-23,2016-12-06,138.0
GG-14650,2017-10-05,2017-04-23,165.0
GG-14650,2017-11-02,2017-10-05,28.0
GG-14650,2017-11-17,2017-11-02,15.0
GH-14410,2014-08-03,2014-07-09,25.0
GH-14410,2015-07-30,2014-08-03,361.0
GH-14410,2016-08-09,2015-07-30,376.0
GH-14410,2016-09-05,2016-08-09,27.0
GH-14410,2017-02-17,2016-09-05,165.0
GH-14410,2017-06-06,2017-02-17,109.0
GH-14410,2017-06-30,2017-06-06,24.0
GH-14410,2017-10-16,2017-06-30,108.0
GH-14425,2015-12-06,2014-06-17,537.0
GH-14425,2015-12-11,2015-12-06,5.0
GH-14425,2017-11-10,2015-12-11,700.0
GH-14485,2016-12-08,2015-10-08,427.0
GH-14665,2017-12-28,2015-11-17,772.0
GK-14620,2014-07-13,2014-06-25,18.0
GK-14620,2015-06-15,2014-07-13,337.0
GK-14620,2015-08-13,2015-06-15,59.0
GK-14620,2015-11-20,2015-08-13,99.0
GK-14620,2016-04-23,2015-11-20,155.0
GK-14620,2016-12-18,2016-04-23,239.0
GK-14620,2016-12-25,2016-12-18,7.0
GK-14620,2017-09-09,2016-12-25,258.0
GM-14440,2014-12-21,2014-03-21,275.0
GM-14440,2016-12-03,2014-12-21,713.0
GM-14440,2017-03-26,2016-12-03,113.0
GM-14440,2017-04-22,2017-03-26,27.0
GM-14440,2017-07-29,2017-04-22,98.0
GM-14440,2017-10-08,2017-07-29,71.0
GM-14455,2014-12-31,2014-04-11,264.0
GM-14455,2016-04-05,2014-12-31,461.0
GM-14455,2016-04-19,2016-04-05,14.0
GM-14455,2017-08-06,2016-04-19,474.0
GM-14455,2017-12-14,2017-08-06,130.0
GM-14500,2015-03-26,2014-08-09,229.0
GM-14500,2015-09-26,2015-03-26,184.0
GM-14500,2015-10-22,2015-09-26,26.0
GM-14500,2016-05-06,2015-10-22,197.0
GM-14500,2016-05-10,2016-05-06,4.0
GM-14500,2016-06-26,2016-05-10,47.0
GM-14500,2017-07-21,2016-06-26,390.0
GM-14500,2017-08-20,2017-07-21,30.0
GM-14500,2017-09-15,2017-08-20,26.0
GM-14680,2014-08-11,2014-05-10,93.0
GM-14680,2016-06-09,2014-08-11,668.0
GM-14680,2016-09-30,2016-06-09,113.0
GM-14680,2016-10-01,2016-09-30,1.0
GM-14680,2017-07-31,2016-10-01,303.0
GM-14695,2016-09-20,2014-04-05,899.0
GM-14695,2017-09-04,2016-09-20,349.0
GP-14740,2015-11-26,2014-04-06,599.0
GR-14560,2014-11-21,2014-11-19,2.0
GT-14635,2015-11-05,2014-06-06,517.0
GT-14635,2017-11-04,2015-11-05,730.0
GT-14710,2014-11-17,2014-05-23,178.0
GT-14710,2015-04-27,2014-11-17,161.0
GT-14710,2016-02-19,2015-04-27,298.0
GT-14710,2016-06-13,2016-02-19,115.0
GT-14710,2016-12-06,2016-06-13,176.0
GT-14710,2017-05-14,2016-12-06,159.0
GT-14710,2017-06-27,2017-05-14,44.0
GT-14710,2017-08-21,2017-06-27,55.0
GT-14710,2017-11-24,2017-08-21,95.0
GT-14755,2016-07-03,2015-02-18,501.0
GT-14755,2017-05-29,2016-07-03,330.0
GT-14755,2017-11-26,2017-05-29,181.0
GW-14605,2014-07-27,2014-03-01,148.0
GW-14605,2015-09-19,2014-07-27,419.0
GW-14605,2016-02-16,2015-09-19,150.0
GW-14605,2016-10-21,2016-02-16,248.0
GW-14605,2017-07-29,2016-10-21,281.0
GW-14605,2017-12-02,2017-07-29,126.0
GZ-14470,2014-09-08,2014-08-05,34.0
GZ-14470,2015-11-14,2014-09-08,432.0
GZ-14470,2015-12-20,2015-11-14,36.0
GZ-14470,2016-03-17,2015-12-20,88.0
GZ-14470,2016-12-01,2016-03-17,259.0
GZ-14470,2017-05-06,2016-12-01,156.0
GZ-14470,2017-09-17,2017-05-06,134.0
GZ-14470,2017-12-23,2017-09-17,97.0
GZ-14545,2017-03-19,2014-09-28,903.0
GZ-14545,2017-06-10,2017-03-19,83.0
GZ-14545,2017-07-26,2017-06-10,46.0
HA-14905,2015-11-08,2014-06-30,496.0
HA-14905,2015-11-13,2015-11-08,5.0
HA-14905,2015-12-12,2015-11-13,29.0
HA-14905,2016-09-20,2015-12-12,283.0
HA-14905,2017-09-10,2016-09-20,355.0
HA-14905,2017-10-22,2017-09-10,42.0
HA-14920,2015-07-26,2014-10-11,288.0
HA-14920,2015-07-30,2015-07-26,4.0
HA-14920,2015-09-07,2015-07-30,39.0
HA-14920,2016-08-09,2015-09-07,337.0
HA-14920,2016-10-13,2016-08-09,65.0
HA-14920,2017-09-11,2016-10-13,333.0
HA-14920,2017-12-10,2017-09-11,90.0
HD-14785,2015-06-07,2014-05-11,392.0
HD-14785,2015-11-22,2015-06-07,168.0
HE-14800,2016-12-05,2016-01-30,310.0
HE-14800,2017-07-08,2016-12-05,215.0
HE-14800,2017-12-18,2017-07-08,163.0
HF-14995,2014-09-21,2014-05-26,118.0
HF-14995,2016-04-09,2014-09-21,566.0
HF-14995,2016-05-01,2016-04-09,22.0
HF-14995,2016-09-03,2016-05-01,125.0
HF-14995,2016-11-27,2016-09-03,85.0
HF-14995,2017-12-09,2016-11-27,377.0
HG-14845,2015-09-13,2014-04-29,502.0
HG-14845,2017-03-20,2015-09-13,554.0
HG-14845,2017-10-09,2017-03-20,203.0
HG-14845,2017-11-06,2017-10-09,28.0
HG-14965,2014-09-26,2014-09-20,6.0
HG-14965,2015-05-21,2014-09-26,237.0
HG-14965,2015-08-21,2015-05-21,92.0
HG-14965,2015-09-28,2015-08-21,38.0
HG-14965,2015-12-08,2015-09-28,71.0
HG-14965,2016-01-24,2015-12-08,47.0
HG-14965,2016-01-28,2016-01-24,4.0
HG-14965,2016-12-18,2016-01-28,325.0
HG-14965,2017-03-31,2016-12-18,103.0
HG-14965,2017-11-04,2017-03-31,218.0
HG-14965,2017-12-07,2017-11-04,33.0
HG-15025,2015-05-14,2014-10-14,212.0
HG-15025,2016-08-13,2015-05-14,457.0
HG-15025,2016-10-01,2016-08-13,49.0
HG-15025,2017-06-12,2016-10-01,254.0
HG-15025,2017-11-20,2017-06-12,161.0
HG-15025,2017-12-24,2017-11-20,34.0
HH-15010,2017-10-19,2014-08-29,1147.0
HJ-14875,2016-09-20,2015-04-13,526.0
HJ-14875,2016-11-17,2016-09-20,58.0
HJ-14875,2016-11-25,2016-11-17,8.0
HJ-14875,2017-08-26,2016-11-25,274.0
HK-14890,2015-10-25,2014-06-10,502.0
HK-14890,2015-11-16,2015-10-25,22.0
HK-14890,2016-04-23,2015-11-16,159.0
HK-14890,2016-10-23,2016-04-23,183.0
HK-14890,2017-03-26,2016-10-23,154.0
HK-14890,2017-06-03,2017-03-26,69.0
HK-14890,2017-08-01,2017-06-03,59.0
HL-15040,2014-05-12,2014-01-20,112.0
HL-15040,2016-06-24,2014-05-12,774.0
HL-15040,2016-10-03,2016-06-24,101.0
HL-15040,2017-10-03,2016-10-03,365.0
HL-15040,2017-11-17,2017-10-03,45.0
HM-14860,2015-12-04,2014-07-21,501.0
HM-14860,2015-12-24,2015-12-04,20.0
HM-14860,2016-05-12,2015-12-24,140.0
HM-14860,2016-09-27,2016-05-12,138.0
HM-14860,2017-04-14,2016-09-27,199.0
HM-14860,2017-08-04,2017-04-14,112.0
HM-14860,2017-10-19,2017-08-04,76.0
HM-14860,2017-12-28,2017-10-19,70.0
HM-14980,2016-09-18,2015-10-02,352.0
HM-14980,2017-04-11,2016-09-18,205.0
HM-14980,2017-04-27,2017-04-11,16.0
HP-14815,2014-11-24,2014-05-06,202.0
HP-14815,2015-10-31,2014-11-24,341.0
HP-14815,2015-11-22,2015-10-31,22.0
HP-14815,2015-12-03,2015-11-22,11.0
HP-14815,2017-01-23,2015-12-03,417.0
HP-14815,2017-11-30,2017-01-23,311.0
HR-14770,2015-08-09,2014-03-01,526.0
HR-14770,2017-01-14,2015-08-09,524.0
HR-14770,2017-04-07,2017-01-14,83.0
HR-14770,2017-12-17,2017-04-07,254.0
HR-14830,2015-03-17,2014-11-24,113.0
HR-14830,2015-06-18,2015-03-17,93.0
HR-14830,2015-12-22,2015-06-18,187.0
HR-14830,2015-12-24,2015-12-22,2.0
HR-14830,2017-03-24,2015-12-24,456.0
HR-14830,2017-07-24,2017-03-24,122.0
HW-14935,2016-08-18,2015-09-27,326.0
HW-14935,2016-10-31,2016-08-18,74.0
HW-14935,2017-02-20,2016-10-31,112.0
HW-14935,2017-03-20,2017-02-20,28.0
HW-14935,2017-06-01,2017-03-20,73.0
HW-14935,2017-08-18,2017-06-01,78.0
HW-14935,2017-09-04,2017-08-18,17.0
HZ-14950,2017-05-29,2016-03-14,441.0
HZ-14950,2017-09-14,2017-05-29,108.0
HZ-14950,2017-11-21,2017-09-14,68.0
HZ-14950,2017-11-25,2017-11-21,4.0
IG-15085,2015-04-09,2014-10-18,173.0
IG-15085,2016-06-17,2015-04-09,435.0
IG-15085,2017-10-20,2016-06-17,490.0
IL-15100,2015-02-06,2014-08-01,189.0
IL-15100,2015-10-05,2015-02-06,241.0
IL-15100,2015-12-06,2015-10-05,62.0
IL-15100,2016-07-23,2015-12-06,230.0
IL-15100,2016-09-04,2016-07-23,43.0
IL-15100,2017-08-10,2016-09-04,340.0
IM-15055,2016-09-04,2014-01-23,955.0
IM-15055,2016-11-16,2016-09-04,73.0
IM-15070,2015-07-04,2014-12-19,197.0
IM-15070,2015-11-22,2015-07-04,141.0
IM-15070,2015-12-11,2015-11-22,19.0
IM-15070,2016-06-23,2015-12-11,195.0
IM-15070,2016-11-06,2016-06-23,136.0
IM-15070,2016-12-05,2016-11-06,29.0
JA-15970,2014-11-12,2014-09-17,56.0
JA-15970,2016-09-01,2014-11-12,659.0
JA-15970,2017-03-02,2016-09-01,182.0
JA-15970,2017-05-15,2017-03-02,74.0
JA-15970,2017-09-07,2017-05-15,115.0
JA-15970,2017-09-22,2017-09-07,15.0
JA-15970,2017-09-29,2017-09-22,7.0
JB-15400,2015-05-01,2014-09-14,229.0
JB-15400,2015-09-03,2015-05-01,125.0
JB-15400,2016-02-04,2015-09-03,154.0
JB-15400,2016-07-23,2016-02-04,170.0
JB-15400,2017-08-19,2016-07-23,392.0
JB-15400,2017-10-21,2017-08-19,63.0
JB-15400,2017-11-09,2017-10-21,19.0
JB-15400,2017-12-23,2017-11-09,44.0
JB-15925,2015-12-12,2014-12-05,372.0
JB-15925,2015-12-24,2015-12-12,12.0
JB-16000,2016-06-10,2016-01-10,152.0
JB-16000,2017-03-13,2016-06-10,276.0
JB-16000,2017-09-09,2017-03-13,180.0
JB-16000,2017-09-14,2017-09-09,5.0
JB-16000,2017-11-02,2017-09-14,49.0
JB-16000,2017-11-17,2017-11-02,15.0
JB-16045,2016-03-06,2015-05-03,308.0
JB-16045,2016-05-25,2016-03-06,80.0
JB-16045,2016-12-08,2016-05-25,197.0
JB-16045,2017-12-23,2016-12-08,380.0
JC-15340,2016-09-05,2014-01-28,951.0
JC-15340,2016-12-13,2016-09-05,99.0
JC-15340,2017-09-07,2016-12-13,268.0
JC-15775,2014-12-21,2014-09-14,98.0
JC-15775,2015-10-18,2014-12-21,301.0
JC-15775,2016-08-15,2015-10-18,302.0
JC-15775,2017-03-25,2016-08-15,222.0
JC-15775,2017-04-01,2017-03-25,7.0
JC-15775,2017-05-19,2017-04-01,48.0
JC-15775,2017-06-30,2017-05-19,42.0
JC-15775,2017-07-25,2017-06-30,25.0
JC-16105,2014-12-24,2014-11-18,36.0
JC-16105,2015-09-03,2014-12-24,253.0
JC-16105,2017-10-23,2015-09-03,781.0
JC-16105,2017-11-03,2017-10-23,11.0
JD-15790,2015-10-10,2015-04-02,191.0
JD-15790,2016-02-16,2015-10-10,129.0
JD-15790,2017-06-02,2016-02-16,472.0
JD-15790,2017-09-04,2017-06-02,94.0
JD-15895,2014-04-13,2014-03-26,18.0
JD-15895,2014-07-20,2014-04-13,98.0
JD-15895,2015-12-12,2014-07-20,510.0
JD-15895,2016-01-25,2015-12-12,44.0
JD-15895,2016-07-09,2016-01-25,166.0
JD-15895,2016-07-16,2016-07-09,7.0
JD-15895,2016-09-05,2016-07-16,51.0
JD-15895,2016-10-28,2016-09-05,53.0
JD-15895,2016-10-31,2016-10-28,3.0
JD-15895,2016-12-01,2016-10-31,31.0
JD-16015,2014-10-06,2014-10-04,2.0
JD-16015,2014-12-14,2014-10-06,69.0
JD-16015,2017-05-15,2014-12-14,883.0
JD-16015,2017-07-11,2017-05-15,57.0
JD-16015,2017-09-09,2017-07-11,60.0
JD-16060,2015-03-23,2014-09-24,180.0
JD-16060,2017-03-05,2015-03-23,713.0
JD-16150,2015-03-22,2014-11-16,126.0
JD-16150,2015-11-27,2015-03-22,250.0
JD-16150,2015-12-25,2015-11-27,28.0
JD-16150,2016-09-15,2015-12-25,265.0
JD-16150,2016-12-18,2016-09-15,94.0
JD-16150,2017-03-25,2016-12-18,97.0
JD-16150,2017-11-19,2017-03-25,239.0
JE-15475,2015-11-27,2015-03-16,256.0
JE-15475,2016-10-27,2015-11-27,335.0
JE-15475,2016-11-22,2016-10-27,26.0
JE-15475,2016-12-18,2016-11-22,26.0
JE-15475,2017-06-20,2016-12-18,184.0
JE-15610,2015-06-11,2014-10-14,240.0
JE-15610,2016-05-22,2015-06-11,346.0
JE-15610,2017-03-31,2016-05-22,313.0
JE-15610,2017-09-22,2017-03-31,175.0
JE-15610,2017-11-09,2017-09-22,48.0
JE-15610,2017-11-12,2017-11-09,3.0
JE-15715,2015-02-21,2014-08-25,180.0
JE-15715,2015-10-23,2015-02-21,244.0
JE-15715,2016-07-08,2015-10-23,259.0
JE-15715,2016-09-02,2016-07-08,56.0
JE-15715,2016-12-25,2016-09-02,114.0
JE-15715,2017-06-15,2016-12-25,172.0
JE-15715,2017-08-25,2017-06-15,71.0
JE-15715,2017-11-14,2017-08-25,81.0
JE-15745,2014-11-26,2014-06-22,157.0
JE-15745,2015-04-26,2014-11-26,151.0
JE-15745,2015-05-21,2015-04-26,25.0
JE-15745,2015-10-15,2015-05-21,147.0
JE-15745,2015-11-21,2015-10-15,37.0
JE-15745,2016-10-08,2015-11-21,322.0
JE-15745,2016-10-21,2016-10-08,13.0
JE-15745,2016-12-01,2016-10-21,41.0
JE-15745,2017-04-16,2016-12-01,136.0
JE-15745,2017-06-16,2017-04-16,61.0
JE-15745,2017-09-22,2017-06-16,98.0
JE-15745,2017-11-09,2017-09-22,48.0
JE-16165,2017-10-20,2016-12-05,319.0
JE-16165,2017-12-10,2017-10-20,51.0
JF-15190,2015-09-24,2014-11-15,313.0
JF-15190,2016-12-02,2015-09-24,435.0
JF-15190,2017-01-07,2016-12-02,36.0
JF-15190,2017-04-02,2017-01-07,85.0
JF-15190,2017-07-09,2017-04-02,98.0
JF-15190,2017-10-26,2017-07-09,109.0
JF-15295,2016-04-12,2014-03-14,760.0
JF-15295,2016-10-30,2016-04-12,201.0
JF-15295,2017-05-15,2016-10-30,197.0
JF-15295,2017-05-19,2017-05-15,4.0
JF-15355,2016-07-01,2015-10-23,252.0
JF-15355,2017-02-04,2016-07-01,218.0
JF-15355,2017-04-23,2017-02-04,78.0
JF-15355,2017-07-30,2017-04-23,98.0
JF-15355,2017-09-16,2017-07-30,48.0
JF-15415,2014-08-22,2014-06-17,66.0
JF-15415,2015-04-05,2014-08-22,226.0
JF-15415,2015-10-25,2015-04-05,203.0
JF-15415,2017-09-11,2015-10-25,687.0
JF-15415,2017-12-28,2017-09-11,108.0
JF-15490,2014-12-27,2014-10-19,69.0
JF-15490,2015-10-05,2014-12-27,282.0
JF-15490,2015-11-01,2015-10-05,27.0
JF-15490,2015-12-07,2015-11-01,36.0
JF-15490,2016-01-30,2015-12-07,54.0
JF-15490,2016-05-22,2016-01-30,113.0
JF-15490,2017-01-20,2016-05-22,243.0
JF-15490,2017-04-30,2017-01-20,100.0
JF-15490,2017-05-06,2017-04-30,6.0
JF-15490,2017-08-31,2017-05-06,117.0
JF-15565,2015-02-09,2014-10-11,121.0
JF-15565,2015-06-25,2015-02-09,136.0
JF-15565,2016-02-16,2015-06-25,236.0
JF-15565,2016-08-08,2016-02-16,174.0
JF-15565,2016-09-11,2016-08-08,34.0
JF-15565,2016-10-21,2016-09-11,40.0
JF-15565,2017-11-06,2016-10-21,381.0
JG-15115,2014-10-08,2014-09-21,17.0
JG-15115,2015-12-03,2014-10-08,421.0
JG-15160,2014-06-21,2014-05-30,22.0
JG-15160,2015-05-12,2014-06-21,325.0
JG-15160,2015-12-19,2015-05-12,221.0
JG-15160,2016-07-24,2015-12-19,218.0
JG-15160,2016-09-27,2016-07-24,65.0
JG-15160,2016-12-05,2016-09-27,69.0
JG-15160,2017-05-27,2016-12-05,173.0
JG-15160,2017-08-15,2017-05-27,80.0
JG-15160,2017-12-29,2017-08-15,136.0
JG-15310,2016-05-30,2016-03-03,88.0
JG-15310,2016-07-21,2016-05-30,52.0
JG-15310,2017-11-24,2016-07-21,491.0
JG-15310,2017-12-22,2017-11-24,28.0
JG-15310,2017-12-28,2017-12-22,6.0
JG-15805,2014-10-07,2014-04-05,185.0
JG-15805,2014-11-18,2014-10-07,42.0
JG-15805,2015-11-16,2014-11-18,363.0
JG-15805,2016-06-26,2015-11-16,223.0
JG-15805,2017-05-21,2016-06-26,329.0
JH-15430,2017-11-19,2014-02-24,1364.0
JH-15430,2017-11-20,2017-11-19,1.0
JH-15430,2017-12-25,2017-11-20,35.0
JH-15820,2015-03-28,2014-05-19,313.0
JH-15820,2015-09-03,2015-03-28,159.0
JH-15820,2015-11-21,2015-09-03,79.0
JH-15820,2017-01-27,2015-11-21,433.0
JH-15820,2017-07-09,2017-01-27,163.0
JH-15910,2015-09-13,2015-06-12,93.0
JH-15910,2016-10-06,2015-09-13,389.0
JH-15910,2016-10-28,2016-10-06,22.0
JH-15910,2017-05-12,2016-10-28,196.0
JH-15910,2017-05-28,2017-05-12,16.0
JH-15910,2017-11-19,2017-05-28,175.0
JH-15985,2015-01-28,2014-08-09,172.0
JH-15985,2015-12-15,2015-01-28,321.0
JH-15985,2016-09-05,2015-12-15,265.0
JH-15985,2016-11-05,2016-09-05,61.0
JH-15985,2017-12-01,2016-11-05,391.0
JH-16180,2015-11-01,2015-05-25,160.0
JH-16180,2016-04-05,2015-11-01,156.0
JH-16180,2016-11-21,2016-04-05,230.0
JJ-15445,2015-06-13,2015-03-05,100.0
JJ-15445,2015-09-28,2015-06-13,107.0
JJ-15445,2016-06-16,2015-09-28,262.0
JJ-15445,2016-09-03,2016-06-16,79.0
JJ-15760,2015-12-08,2015-10-05,64.0
JK-15205,2015-09-27,2014-07-11,443.0
JK-15205,2015-11-20,2015-09-27,54.0
JK-15205,2016-10-01,2015-11-20,316.0
JK-15205,2017-10-30,2016-10-01,394.0
JK-15325,2016-01-31,2014-11-21,436.0
JK-15325,2017-03-18,2016-01-31,412.0
JK-15370,2015-04-09,2014-04-11,363.0
JK-15370,2015-12-19,2015-04-09,254.0
JK-15370,2016-08-21,2015-12-19,246.0
JK-15370,2016-11-25,2016-08-21,96.0
JK-15370,2017-08-07,2016-11-25,255.0
JK-15370,2017-08-13,2017-08-07,6.0
JK-15370,2017-11-16,2017-08-13,95.0
JK-15625,2014-06-29,2014-05-31,29.0
JK-15625,2014-08-19,2014-06-29,51.0
JK-15625,2014-12-08,2014-08-19,111.0
JK-15625,2015-08-07,2014-12-08,242.0
JK-15625,2015-12-25,2015-08-07,140.0
JK-15625,2017-10-30,2015-12-25,675.0
JK-15640,2014-09-23,2014-09-19,4.0
JK-15640,2015-03-16,2014-09-23,174.0
JK-15640,2015-04-29,2015-03-16,44.0
JK-15640,2015-12-11,2015-04-29,226.0
JK-15640,2015-12-15,2015-12-11,4.0
JK-15640,2015-12-18,2015-12-15,3.0
JK-15640,2015-12-25,2015-12-18,7.0
JK-15640,2017-07-03,2015-12-25,556.0
JK-15730,2014-12-01,2014-11-18,13.0
JK-15730,2015-03-20,2014-12-01,109.0
JK-15730,2015-11-13,2015-03-20,238.0
JK-15730,2016-05-20,2015-11-13,189.0
JK-15730,2016-09-29,2016-05-20,132.0
JK-15730,2017-06-22,2016-09-29,266.0
JK-15730,2017-09-03,2017-06-22,73.0
JK-15730,2017-09-29,2017-09-03,26.0
JK-15730,2017-10-07,2017-09-29,8.0
JK-16090,2017-10-02,2015-04-21,895.0
JK-16090,2017-12-02,2017-10-02,61.0
JK-16120,2015-08-10,2014-11-02,281.0
JK-16120,2015-10-04,2015-08-10,55.0
JK-16120,2016-04-15,2015-10-04,194.0
JK-16120,2016-09-03,2016-04-15,141.0
JK-16120,2016-11-21,2016-09-03,79.0
JK-16120,2016-12-18,2016-11-21,27.0
JK-16120,2017-02-17,2016-12-18,61.0
JK-16120,2017-05-11,2017-02-17,83.0
JK-16120,2017-09-04,2017-05-11,116.0
JL-15130,2014-09-01,2014-07-18,45.0
JL-15130,2016-04-24,2014-09-01,601.0
JL-15130,2017-04-11,2016-04-24,352.0
JL-15130,2017-04-28,2017-04-11,17.0
JL-15130,2017-12-22,2017-04-28,238.0
JL-15175,2015-01-05,2014-12-31,5.0
JL-15175,2016-06-16,2015-01-05,528.0
JL-15175,2017-11-04,2016-06-16,506.0
JL-15175,2017-12-24,2017-11-04,50.0
JL-15235,2015-11-30,2014-05-25,554.0
JL-15235,2016-06-05,2015-11-30,188.0
JL-15235,2017-04-28,2016-06-05,327.0
JL-15235,2017-09-02,2017-04-28,127.0
JL-15505,2014-11-30,2014-11-14,16.0
JL-15505,2016-04-08,2014-11-30,495.0
JL-15505,2017-05-25,2016-04-08,412.0
JL-15505,2017-08-07,2017-05-25,74.0
JL-15505,2017-11-11,2017-08-07,96.0
JL-15835,2014-07-07,2014-04-18,80.0
JL-15835,2014-09-19,2014-07-07,74.0
JL-15835,2015-12-17,2014-09-19,454.0
JL-15835,2016-04-30,2015-12-17,135.0
JL-15835,2017-02-02,2016-04-30,278.0
JL-15835,2017-03-25,2017-02-02,51.0
JL-15835,2017-07-14,2017-03-25,111.0
JL-15835,2017-07-30,2017-07-14,16.0
JL-15835,2017-11-24,2017-07-30,117.0
JL-15835,2017-12-09,2017-11-24,15.0
JL-15850,2015-03-06,2014-07-22,227.0
JL-15850,2015-04-02,2015-03-06,27.0
JL-15850,2015-04-25,2015-04-02,23.0
JL-15850,2015-05-29,2015-04-25,34.0
JL-15850,2016-04-25,2015-05-29,332.0
JM-15250,2017-01-01,2016-03-29,278.0
JM-15250,2017-04-21,2017-01-01,110.0
JM-15250,2017-08-14,2017-04-21,115.0
JM-15250,2017-10-28,2017-08-14,75.0
JM-15250,2017-11-23,2017-10-28,26.0
JM-15265,2015-05-31,2014-08-25,279.0
JM-15265,2016-11-19,2015-05-31,538.0
JM-15265,2016-12-11,2016-11-19,22.0
JM-15265,2017-11-23,2016-12-11,347.0
JM-15535,2015-04-17,2014-09-13,216.0
JM-15535,2015-07-17,2015-04-17,91.0
JM-15535,2016-04-17,2015-07-17,275.0
JM-15535,2016-12-24,2016-04-17,251.0
JM-15535,2017-09-12,2016-12-24,262.0
JM-15535,2017-09-19,2017-09-12,7.0
JM-15580,2016-05-12,2016-04-14,28.0
JM-15580,2016-08-14,2016-05-12,94.0
JM-15580,2016-09-08,2016-08-14,25.0
JM-15580,2017-12-30,2016-09-08,478.0
JM-15655,2016-10-29,2014-04-08,935.0
JM-15655,2016-12-12,2016-10-29,44.0
JM-15655,2017-10-27,2016-12-12,319.0
JM-15655,2017-12-22,2017-10-27,56.0
JM-15865,2015-08-16,2014-11-19,270.0
JM-15865,2015-11-30,2015-08-16,106.0
JM-15865,2015-12-20,2015-11-30,20.0
JM-15865,2016-12-01,2015-12-20,347.0
JM-15865,2017-05-16,2016-12-01,166.0
JM-15865,2017-09-12,2017-05-16,119.0
JM-16195,2014-09-02,2014-04-30,125.0
JM-16195,2015-02-15,2014-09-02,166.0
JM-16195,2015-06-20,2015-02-15,125.0
JM-16195,2015-11-05,2015-06-20,138.0
JM-16195,2016-05-30,2015-11-05,207.0
JM-16195,2016-11-14,2016-05-30,168.0
JM-16195,2017-08-12,2016-11-14,271.0
JM-16195,2017-09-07,2017-08-12,26.0
JM-16195,2017-11-03,2017-09-07,57.0
JO-15145,2014-07-26,2014-01-06,201.0
JO-15145,2014-11-01,2014-07-26,98.0
JO-15145,2014-11-27,2014-11-01,26.0
JO-15145,2016-01-08,2014-11-27,407.0
JO-15145,2016-07-29,2016-01-08,203.0
JO-15145,2017-01-16,2016-07-29,171.0
JO-15145,2017-10-27,2017-01-16,284.0
JO-15145,2017-11-03,2017-10-27,7.0
JO-15280,2014-12-15,2014-03-31,259.0
JO-15280,2015-11-02,2014-12-15,322.0
JO-15280,2015-12-31,2015-11-02,59.0
JO-15280,2016-04-19,2015-12-31,110.0
JO-15280,2017-09-29,2016-04-19,528.0
JO-15550,2015-05-14,2015-03-19,56.0
JO-15550,2015-11-09,2015-05-14,179.0
JO-15550,2017-04-16,2015-11-09,524.0
JO-15550,2017-05-29,2017-04-16,43.0
JP-15460,2015-10-02,2014-08-24,404.0
JP-15460,2016-07-18,2015-10-02,290.0
JP-15460,2016-08-23,2016-07-18,36.0
JP-15460,2016-10-24,2016-08-23,62.0
JP-15460,2017-02-13,2016-10-24,112.0
JP-15460,2017-11-23,2017-02-13,283.0
JP-15520,2014-11-09,2014-08-22,79.0
JP-15520,2015-01-30,2014-11-09,82.0
JP-15520,2016-08-16,2015-01-30,564.0
JP-15520,2016-09-04,2016-08-16,19.0
JP-15520,2017-12-08,2016-09-04,460.0
JP-15520,2017-12-22,2017-12-08,14.0
JP-16135,2015-07-04,2014-09-23,284.0
JP-16135,2016-03-11,2015-07-04,251.0
JP-16135,2016-11-03,2016-03-11,237.0
JP-16135,2016-12-08,2016-11-03,35.0
JP-16135,2016-12-30,2016-12-08,22.0
JP-16135,2017-02-20,2016-12-30,52.0
JP-16135,2017-05-12,2017-02-20,81.0
JP-16135,2017-09-19,2017-05-12,130.0
JR-15670,2016-05-16,2015-12-24,144.0
JR-16210,2016-02-09,2015-09-18,144.0
JR-16210,2016-04-10,2016-02-09,61.0
JR-16210,2017-09-19,2016-04-10,527.0
JR-16210,2017-11-27,2017-09-19,69.0
JS-15595,2015-04-25,2014-03-03,418.0
JS-15595,2016-10-25,2015-04-25,549.0
JS-15595,2017-09-02,2016-10-25,312.0
JS-15685,2016-09-17,2016-06-14,95.0
JS-15685,2017-06-19,2016-09-17,275.0
JS-15685,2017-11-18,2017-06-19,152.0
JS-15880,2015-12-21,2014-04-08,622.0
JS-15880,2016-02-12,2015-12-21,53.0
JS-15880,2016-03-14,2016-02-12,31.0
JS-15880,2016-07-14,2016-03-14,122.0
JS-15940,2014-09-21,2014-05-03,141.0
JS-15940,2015-01-17,2014-09-21,118.0
JS-15940,2016-06-05,2015-01-17,505.0
JS-15940,2016-09-23,2016-06-05,110.0
JS-16030,2016-07-19,2014-02-27,873.0
JS-16030,2016-10-20,2016-07-19,93.0
JS-16030,2017-02-16,2016-10-20,119.0
JS-16030,2017-10-19,2017-02-16,245.0
JS-16030,2017-12-02,2017-10-19,44.0
JW-15220,2016-09-18,2015-04-30,507.0
JW-15220,2017-10-02,2016-09-18,379.0
JW-15220,2017-10-13,2017-10-02,11.0
JW-15220,2017-10-30,2017-10-13,17.0
JW-15220,2017-11-18,2017-10-30,19.0
JW-15955,2016-12-27,2015-08-16,499.0
JW-15955,2017-04-21,2016-12-27,115.0
JW-15955,2017-07-27,2017-04-21,97.0
JW-15955,2017-08-07,2017-07-27,11.0
JW-15955,2017-10-14,2017-08-07,68.0
JW-15955,2017-12-25,2017-10-14,72.0
JW-16075,2015-12-10,2015-03-21,264.0
JW-16075,2016-05-09,2015-12-10,151.0
JW-16075,2016-09-25,2016-05-09,139.0
KA-16525,2015-02-20,2014-03-11,346.0
KA-16525,2015-10-12,2015-02-20,234.0
KA-16525,2016-12-29,2015-10-12,444.0
KA-16525,2017-05-30,2016-12-29,152.0
KA-16525,2017-11-20,2017-05-30,174.0
KA-16525,2017-11-24,2017-11-20,4.0
KB-16240,2015-11-07,2014-03-31,586.0
KB-16240,2016-02-06,2015-11-07,91.0
KB-16240,2017-07-11,2016-02-06,521.0
KB-16240,2017-09-24,2017-07-11,75.0
KB-16240,2017-12-26,2017-09-24,93.0
KB-16315,2014-12-27,2014-08-26,123.0
KB-16315,2015-01-31,2014-12-27,35.0
KB-16315,2015-02-14,2015-01-31,14.0
KB-16315,2015-05-28,2015-02-14,103.0
KB-16315,2015-05-29,2015-05-28,1.0
KB-16315,2015-07-02,2015-05-29,34.0
KB-16315,2016-09-06,2015-07-02,432.0
KB-16315,2017-03-09,2016-09-06,184.0
KB-16405,2017-09-03,2015-11-20,653.0
KB-16405,2017-09-04,2017-09-03,1.0
KB-16585,2014-08-17,2014-04-04,135.0
KB-16585,2014-12-16,2014-08-17,121.0
KB-16585,2015-03-10,2014-12-16,84.0
KB-16585,2015-04-30,2015-03-10,51.0
KB-16585,2015-09-04,2015-04-30,127.0
KB-16585,2015-11-14,2015-09-04,71.0
KB-16585,2016-01-10,2015-11-14,57.0
KB-16585,2016-09-08,2016-01-10,242.0
KB-16585,2016-12-09,2016-09-08,92.0
KB-16585,2017-03-12,2016-12-09,93.0
KB-16585,2017-05-14,2017-03-12,63.0
KB-16600,2015-12-09,2014-12-30,344.0
KB-16600,2016-06-05,2015-12-09,179.0
KB-16600,2016-06-21,2016-06-05,16.0
KB-16600,2017-11-13,2016-06-21,510.0
KB-16600,2017-12-09,2017-11-13,26.0
KB-16600,2017-12-29,2017-12-09,20.0
KC-16255,2015-07-18,2014-09-08,313.0
KC-16255,2015-12-31,2015-07-18,166.0
KC-16255,2016-06-02,2015-12-31,154.0
KC-16255,2016-06-19,2016-06-02,17.0
KC-16255,2016-11-18,2016-06-19,152.0
KC-16540,2016-09-11,2015-11-02,314.0
KC-16540,2016-11-14,2016-09-11,64.0
KC-16540,2017-09-24,2016-11-14,314.0
KC-16675,2016-05-28,2014-12-13,532.0
KC-16675,2017-05-26,2016-05-28,363.0
KC-16675,2017-11-03,2017-05-26,161.0
KD-16270,2015-12-12,2014-11-11,396.0
KD-16270,2016-03-01,2015-12-12,80.0
KD-16270,2016-06-04,2016-03-01,95.0
KD-16270,2016-09-02,2016-06-04,90.0
KD-16345,2014-12-13,2014-09-02,102.0
KD-16345,2015-11-19,2014-12-13,341.0
KD-16345,2015-12-20,2015-11-19,31.0
KD-16345,2017-06-17,2015-12-20,545.0
KD-16345,2017-11-19,2017-06-17,155.0
KD-16495,2015-11-08,2014-09-28,406.0
KD-16495,2015-12-01,2015-11-08,23.0
KD-16495,2015-12-10,2015-12-01,9.0
KD-16495,2015-12-14,2015-12-10,4.0
KD-16495,2016-09-16,2015-12-14,277.0
KD-16495,2016-12-02,2016-09-16,77.0
KD-16495,2016-12-16,2016-12-02,14.0
KD-16495,2016-12-30,2016-12-16,14.0
KD-16495,2017-01-24,2016-12-30,25.0
KD-16495,2017-08-13,2017-01-24,201.0
KD-16495,2017-09-09,2017-08-13,27.0
KD-16615,2016-04-30,2015-09-13,230.0
KD-16615,2016-08-26,2016-04-30,118.0
KD-16615,2017-03-02,2016-08-26,188.0
KD-16615,2017-03-16,2017-03-02,14.0
KE-16420,2014-06-08,2014-04-03,66.0
KE-16420,2014-07-04,2014-06-08,26.0
KE-16420,2015-06-01,2014-07-04,332.0
KE-16420,2015-07-16,2015-06-01,45.0
KE-16420,2016-09-25,2015-07-16,437.0
KE-16420,2017-11-13,2016-09-25,414.0
KE-16420,2017-12-04,2017-11-13,21.0
KF-16285,2016-03-10,2014-09-26,531.0
KF-16285,2017-03-13,2016-03-10,368.0
KF-16285,2017-04-08,2017-03-13,26.0
KF-16285,2017-07-01,2017-04-08,84.0
KF-16285,2017-09-11,2017-07-01,72.0
KF-16285,2017-09-24,2017-09-11,13.0
KH-16330,2014-05-05,2014-04-01,34.0
KH-16330,2014-11-20,2014-05-05,199.0
KH-16330,2016-06-27,2014-11-20,585.0
KH-16330,2016-07-18,2016-06-27,21.0
KH-16330,2017-06-19,2016-07-18,336.0
KH-16330,2017-11-17,2017-06-19,151.0
KH-16330,2017-11-20,2017-11-17,3.0
KH-16360,2014-05-21,2014-04-29,22.0
KH-16360,2016-07-02,2014-05-21,773.0
KH-16360,2016-07-30,2016-07-02,28.0
KH-16360,2017-04-03,2016-07-30,247.0
KH-16360,2017-12-29,2017-04-03,270.0
KH-16510,2014-10-05,2014-08-15,51.0
KH-16510,2014-12-20,2014-10-05,76.0
KH-16510,2015-06-18,2014-12-20,180.0
KH-16510,2015-11-13,2015-06-18,148.0
KH-16510,2017-10-28,2015-11-13,715.0
KH-16510,2017-12-08,2017-10-28,41.0
KH-16630,2015-02-03,2014-11-01,94.0
KH-16630,2015-09-18,2015-02-03,227.0
KH-16630,2016-07-25,2015-09-18,311.0
KH-16630,2016-12-13,2016-07-25,141.0
KH-16630,2017-09-10,2016-12-13,271.0
KH-16630,2017-09-11,2017-09-10,1.0
KH-16630,2017-10-01,2017-09-11,20.0
KH-16630,2017-11-02,2017-10-01,32.0
KH-16690,2015-05-23,2014-03-21,428.0
KH-16690,2015-10-26,2015-05-23,156.0
KH-16690,2015-12-07,2015-10-26,42.0
KH-16690,2016-07-12,2015-12-07,218.0
KH-16690,2017-06-15,2016-07-12,338.0
KH-16690,2017-12-28,2017-06-15,196.0
KL-16555,2014-12-26,2014-06-15,194.0
KL-16555,2016-09-23,2014-12-26,637.0
KL-16555,2016-11-06,2016-09-23,44.0
KL-16555,2016-12-31,2016-11-06,55.0
KL-16555,2017-07-21,2016-12-31,202.0
KL-16555,2017-11-04,2017-07-21,106.0
KL-16555,2017-12-14,2017-11-04,40.0
KL-16645,2014-08-11,2014-07-25,17.0
KL-16645,2015-06-22,2014-08-11,315.0
KL-16645,2015-11-05,2015-06-22,136.0
KL-16645,2015-11-13,2015-11-05,8.0
KL-16645,2016-05-23,2015-11-13,192.0
KL-16645,2016-06-04,2016-05-23,12.0
KL-16645,2016-07-31,2016-06-04,57.0
KL-16645,2016-12-29,2016-07-31,151.0
KL-16645,2017-04-09,2016-12-29,101.0
KL-16645,2017-05-23,2017-04-09,44.0
KL-16645,2017-11-13,2017-05-23,174.0
KM-16225,2015-12-10,2015-07-06,157.0
KM-16225,2016-11-10,2015-12-10,336.0
KM-16225,2017-11-02,2016-11-10,357.0
KM-16225,2017-12-09,2017-11-02,37.0
KM-16225,2017-12-16,2017-12-09,7.0
KM-16375,2014-12-31,2014-07-20,164.0
KM-16375,2015-06-19,2014-12-31,170.0
KM-16375,2015-12-06,2015-06-19,170.0
KM-16375,2016-07-25,2015-12-06,232.0
KM-16375,2016-11-01,2016-07-25,99.0
KM-16375,2017-02-20,2016-11-01,111.0
KM-16375,2017-11-04,2017-02-20,257.0
KM-16660,2015-12-10,2014-12-22,353.0
KM-16660,2016-07-28,2015-12-10,231.0
KM-16660,2016-08-01,2016-07-28,4.0
KM-16660,2017-12-15,2016-08-01,501.0
KM-16720,2014-04-01,2014-03-30,2.0
KM-16720,2014-04-18,2014-04-01,17.0
KM-16720,2014-07-26,2014-04-18,99.0
KM-16720,2015-09-24,2014-07-26,425.0
KM-16720,2015-11-24,2015-09-24,61.0
KM-16720,2016-04-19,2015-11-24,147.0
KM-16720,2017-12-02,2016-04-19,592.0
KN-16390,2015-03-05,2014-12-02,93.0
KN-16390,2015-08-21,2015-03-05,169.0
KN-16390,2015-10-10,2015-08-21,50.0
KN-16390,2017-04-21,2015-10-10,559.0
KN-16390,2017-06-03,2017-04-21,43.0
KN-16390,2017-07-11,2017-06-03,38.0
KN-16390,2017-11-07,2017-07-11,119.0
KN-16390,2017-12-11,2017-11-07,34.0
KN-16450,2014-12-16,2014-04-12,248.0
KN-16450,2015-07-09,2014-12-16,205.0
KN-16450,2015-12-27,2015-07-09,171.0
KN-16450,2017-11-08,2015-12-27,682.0
KN-16705,2014-03-16,2014-03-02,14.0
KN-16705,2014-11-11,2014-03-16,240.0
KN-16705,2015-10-18,2014-11-11,341.0
KN-16705,2016-07-22,2015-10-18,278.0
KN-16705,2017-06-11,2016-07-22,324.0
KN-16705,2017-08-28,2017-06-11,78.0
KN-16705,2017-09-23,2017-08-28,26.0
KS-16300,2015-03-15,2015-01-13,61.0
KS-16300,2017-03-10,2015-03-15,726.0
KT-16465,2014-09-17,2014-09-08,9.0
KT-16465,2014-09-26,2014-09-17,9.0
KT-16465,2015-12-24,2014-09-26,454.0
KT-16465,2016-03-21,2015-12-24,88.0
KT-16465,2016-04-14,2016-03-21,24.0
KT-16465,2016-12-04,2016-04-14,234.0
KT-16480,2014-05-08,2014-03-10,59.0
KT-16480,2014-05-12,2014-05-08,4.0
KT-16480,2015-10-31,2014-05-12,537.0
KT-16480,2016-09-10,2015-10-31,315.0
KT-16480,2017-04-29,2016-09-10,231.0
KT-16480,2017-05-30,2017-04-29,31.0
KT-16480,2017-06-24,2017-05-30,25.0
KT-16480,2017-08-20,2017-06-24,57.0
KT-16480,2017-09-21,2017-08-20,32.0
KW-16435,2015-12-06,2015-08-24,104.0
KW-16435,2016-10-29,2015-12-06,328.0
KW-16435,2017-07-31,2016-10-29,275.0
KW-16435,2017-09-25,2017-07-31,56.0
KW-16570,2015-04-18,2014-09-30,200.0
KW-16570,2015-08-07,2015-04-18,111.0
KW-16570,2015-11-20,2015-08-07,105.0
LA-16780,2014-07-11,2014-04-29,73.0
LA-16780,2015-05-04,2014-07-11,297.0
LA-16780,2015-06-26,2015-05-04,53.0
LA-16780,2016-01-09,2015-06-26,197.0
LA-16780,2016-05-27,2016-01-09,139.0
LA-16780,2016-09-17,2016-05-27,113.0
LA-16780,2016-09-24,2016-09-17,7.0
LA-16780,2016-11-24,2016-09-24,61.0
LA-16780,2016-12-23,2016-11-24,29.0
LA-16780,2017-07-29,2016-12-23,218.0
LB-16735,2017-04-26,2016-07-25,275.0
LB-16735,2017-11-12,2017-04-26,200.0
LB-16795,2016-09-01,2014-04-23,862.0
LB-16795,2016-10-06,2016-09-01,35.0
LB-16795,2016-11-11,2016-10-06,36.0
LB-16795,2016-11-13,2016-11-11,2.0
LB-16795,2016-12-01,2016-11-13,18.0
LB-16795,2017-05-09,2016-12-01,159.0
LB-16795,2017-07-31,2017-05-09,83.0
LC-16870,2015-11-13,2015-05-03,194.0
LC-16870,2016-02-29,2015-11-13,108.0
LC-16870,2016-03-06,2016-02-29,6.0
LC-16870,2016-08-12,2016-03-06,159.0
LC-16870,2017-03-27,2016-08-12,227.0
LC-16870,2017-09-23,2017-03-27,180.0
LC-16870,2017-12-03,2017-09-23,71.0
LC-16885,2014-05-27,2014-04-25,32.0
LC-16885,2015-06-16,2014-05-27,385.0
LC-16885,2015-11-20,2015-06-16,157.0
LC-16885,2015-11-28,2015-11-20,8.0
LC-16885,2015-12-11,2015-11-28,13.0
LC-16885,2016-06-17,2015-12-11,189.0
LC-16885,2016-10-13,2016-06-17,118.0
LC-16885,2016-12-22,2016-10-13,70.0
LC-16885,2017-06-12,2016-12-22,172.0
LC-16885,2017-11-16,2017-06-12,157.0
LC-16885,2017-12-14,2017-11-16,28.0
LC-16930,2016-05-21,2014-02-20,821.0
LC-16930,2016-08-04,2016-05-21,75.0
LC-16930,2016-08-26,2016-08-04,22.0
LC-16930,2016-09-11,2016-08-26,16.0
LC-16930,2017-06-10,2016-09-11,272.0
LC-16930,2017-09-10,2017-06-10,92.0
LC-16930,2017-11-19,2017-09-10,70.0
LC-16960,2015-12-01,2015-02-23,281.0
LC-16960,2016-02-21,2015-12-01,82.0
LC-16960,2016-10-20,2016-02-21,242.0
LC-17050,2014-11-02,2014-01-31,275.0
LC-17050,2016-02-03,2014-11-02,458.0
LC-17050,2017-09-09,2016-02-03,584.0
LC-17050,2017-11-06,2017-09-09,58.0
LC-17140,2015-12-01,2014-09-09,448.0
LC-17140,2016-04-08,2015-12-01,129.0
LC-17140,2016-06-25,2016-04-08,78.0
LC-17140,2016-12-23,2016-06-25,181.0
LC-17140,2017-09-09,2016-12-23,260.0
LC-17140,2017-09-22,2017-09-09,13.0
LC-17140,2017-12-17,2017-09-22,86.0
LD-17005,2016-05-23,2014-09-29,602.0
LD-17005,2016-11-07,2016-05-23,168.0
LD-17005,2016-11-11,2016-11-07,4.0
LE-16810,2014-12-16,2014-05-27,203.0
LE-16810,2015-06-12,2014-12-16,178.0
LE-16810,2016-05-19,2015-06-12,342.0
LE-16810,2017-05-22,2016-05-19,368.0
LE-16810,2017-12-09,2017-05-22,201.0
LF-17185,2014-12-06,2014-07-26,133.0
LF-17185,2014-12-24,2014-12-06,18.0
LF-17185,2015-03-05,2014-12-24,71.0
LF-17185,2016-10-20,2015-03-05,595.0
LF-17185,2017-02-16,2016-10-20,119.0
LF-17185,2017-12-08,2017-02-16,295.0
LH-16750,2017-04-25,2014-09-21,947.0
LH-16750,2017-08-01,2017-04-25,98.0
LH-16900,2014-09-01,2014-08-19,13.0
LH-16900,2014-09-13,2014-09-01,12.0
LH-16900,2014-11-07,2014-09-13,55.0
LH-16900,2015-12-25,2014-11-07,413.0
LH-16900,2016-06-20,2015-12-25,178.0
LH-16900,2016-12-08,2016-06-20,171.0
LH-16900,2017-07-23,2016-12-08,227.0
LH-16900,2017-12-09,2017-07-23,139.0
LH-17020,2015-02-08,2014-09-08,153.0
LH-17020,2016-11-04,2015-02-08,635.0
LH-17020,2017-05-05,2016-11-04,182.0
LH-17155,2015-06-19,2014-12-12,189.0
LH-17155,2016-05-14,2015-06-19,330.0
LH-17155,2016-05-21,2016-05-14,7.0
LH-17155,2016-07-10,2016-05-21,50.0
LH-17155,2016-10-29,2016-07-10,111.0
LH-17155,2016-11-05,2016-10-29,7.0
LH-17155,2016-12-09,2016-11-05,34.0
LH-17155,2016-12-10,2016-12-09,1.0
LL-16840,2014-08-12,2014-04-29,105.0
LL-16840,2015-04-16,2014-08-12,247.0
LL-16840,2015-06-04,2015-04-16,49.0
LL-16840,2017-02-17,2015-06-04,624.0
LL-16840,2017-04-25,2017-02-17,67.0
LM-17065,2015-02-20,2014-06-27,238.0
LM-17065,2015-12-18,2015-02-20,301.0
LM-17065,2016-08-06,2015-12-18,232.0
LM-17065,2016-12-04,2016-08-06,120.0
LO-17170,2015-09-06,2015-02-06,212.0
LO-17170,2017-05-28,2015-09-06,630.0
LO-17170,2017-10-28,2017-05-28,153.0
LO-17170,2017-12-28,2017-10-28,61.0
LP-17080,2016-11-11,2014-06-24,871.0
LP-17080,2017-05-11,2016-11-11,181.0
LP-17080,2017-11-20,2017-05-11,193.0
LP-17095,2016-09-08,2016-06-06,94.0
LP-17095,2016-10-02,2016-09-08,24.0
LP-17095,2017-01-30,2016-10-02,120.0
LP-17095,2017-03-03,2017-01-30,32.0
LP-17095,2017-09-05,2017-03-03,186.0
LP-17095,2017-12-21,2017-09-05,107.0
LR-16915,2015-11-30,2014-08-08,479.0
LR-16915,2016-01-03,2015-11-30,34.0
LR-16915,2016-09-02,2016-01-03,243.0
LR-16915,2016-12-11,2016-09-02,100.0
LR-16915,2017-12-04,2016-12-11,358.0
LR-17035,2015-09-07,2014-09-07,365.0
LR-17035,2016-09-26,2015-09-07,385.0
LR-17035,2017-07-23,2016-09-26,300.0
LR-17035,2017-08-20,2017-07-23,28.0
LS-16945,2016-07-18,2015-04-25,450.0
LS-16945,2016-09-29,2016-07-18,73.0
LS-16945,2017-01-12,2016-09-29,105.0
LS-16945,2017-04-24,2017-01-12,102.0
LS-16945,2017-07-05,2017-04-24,72.0
LS-16975,2014-11-26,2014-10-20,37.0
LS-16975,2015-09-17,2014-11-26,295.0
LS-16975,2015-10-15,2015-09-17,28.0
LS-16975,2016-07-30,2015-10-15,289.0
LS-16975,2016-11-06,2016-07-30,99.0
LS-16975,2017-11-12,2016-11-06,371.0
LS-16975,2017-11-28,2017-11-12,16.0
LS-16975,2017-12-10,2017-11-28,12.0
LS-17200,2014-11-26,2014-10-18,39.0
LS-17200,2016-11-23,2014-11-26,728.0
LS-17200,2017-06-17,2016-11-23,206.0
LS-17200,2017-07-31,2017-06-17,44.0
LS-17200,2017-09-25,2017-07-31,56.0
LS-17230,2015-06-16,2014-01-06,526.0
LS-17230,2015-11-14,2015-06-16,151.0
LS-17245,2014-11-26,2014-10-16,41.0
LS-17245,2015-12-21,2014-11-26,390.0
LS-17245,2016-05-27,2015-12-21,158.0
LS-17245,2016-06-15,2016-05-27,19.0
LS-17245,2017-11-26,2016-06-15,529.0
LT-16765,2015-05-12,2014-09-01,253.0
LT-16765,2017-12-04,2015-05-12,937.0
LT-17110,2015-10-22,2014-06-01,508.0
LT-17110,2015-11-02,2015-10-22,11.0
LT-17110,2015-12-12,2015-11-02,40.0
LT-17110,2016-03-13,2015-12-12,92.0
LT-17110,2016-11-19,2016-03-13,251.0
LT-17110,2017-09-14,2016-11-19,299.0
LT-17110,2017-11-26,2017-09-14,73.0
LW-16825,2014-07-01,2014-05-30,32.0
LW-16825,2014-11-25,2014-07-01,147.0
LW-16825,2016-12-25,2014-11-25,761.0
LW-16825,2017-10-03,2016-12-25,282.0
LW-16990,2017-03-09,2016-05-05,308.0
LW-16990,2017-05-04,2017-03-09,56.0
LW-16990,2017-06-04,2017-05-04,31.0
LW-16990,2017-11-14,2017-06-04,163.0
LW-16990,2017-11-27,2017-11-14,13.0
LW-17125,2016-11-05,2014-09-11,786.0
LW-17125,2017-06-08,2016-11-05,215.0
LW-17215,2016-05-17,2014-09-12,613.0
LW-17215,2016-09-17,2016-05-17,123.0
LW-17215,2016-11-07,2016-09-17,51.0
LW-17215,2017-04-11,2016-11-07,155.0
LW-17215,2017-09-02,2017-04-11,144.0
LW-17215,2017-12-09,2017-09-02,98.0
MA-17560,2014-09-21,2014-08-08,44.0
MA-17560,2014-11-11,2014-09-21,51.0
MA-17560,2015-11-27,2014-11-11,381.0
MA-17560,2015-12-01,2015-11-27,4.0
MA-17560,2015-12-10,2015-12-01,9.0
MA-17560,2016-08-18,2015-12-10,252.0
MA-17560,2016-08-23,2016-08-18,5.0
MA-17560,2017-10-19,2016-08-23,422.0
MA-17560,2017-10-20,2017-10-19,1.0
MA-17560,2017-10-27,2017-10-20,7.0
MA-17995,2014-10-13,2014-09-20,23.0
MA-17995,2015-11-28,2014-10-13,411.0
MA-17995,2016-11-05,2015-11-28,343.0
MA-17995,2016-11-07,2016-11-05,2.0
MA-17995,2017-06-27,2016-11-07,232.0
MB-17305,2015-09-24,2014-08-08,412.0
MB-17305,2015-10-05,2015-09-24,11.0
MB-17305,2015-10-08,2015-10-05,3.0
MB-17305,2015-12-25,2015-10-08,78.0
MB-17305,2016-11-14,2015-12-25,325.0
MB-17305,2017-06-24,2016-11-14,222.0
MB-17305,2017-07-03,2017-06-24,9.0
MB-17305,2017-10-09,2017-07-03,98.0
MB-17305,2017-11-12,2017-10-09,34.0
MB-18085,2016-03-11,2014-01-05,796.0
MB-18085,2016-05-09,2016-03-11,59.0
MB-18085,2016-09-04,2016-05-09,118.0
MB-18085,2017-04-25,2016-09-04,233.0
MB-18085,2017-05-06,2017-04-25,11.0
MB-18085,2017-11-16,2017-05-06,194.0
MC-17275,2015-03-13,2014-09-08,186.0
MC-17275,2015-09-07,2015-03-13,178.0
MC-17275,2015-09-24,2015-09-07,17.0
MC-17275,2015-11-22,2015-09-24,59.0
MC-17275,2016-01-22,2015-11-22,61.0
MC-17275,2016-03-22,2016-01-22,60.0
MC-17275,2017-10-15,2016-03-22,572.0
MC-17425,2015-11-28,2014-05-30,547.0
MC-17425,2016-07-15,2015-11-28,230.0
MC-17425,2016-07-16,2016-07-15,1.0
MC-17425,2016-11-26,2016-07-16,133.0
MC-17575,2015-07-09,2014-12-02,219.0
MC-17575,2015-09-10,2015-07-09,63.0
MC-17575,2015-12-13,2015-09-10,94.0
MC-17575,2016-12-20,2015-12-13,373.0
MC-17575,2017-02-03,2016-12-20,45.0
MC-17575,2017-08-07,2017-02-03,185.0
MC-17575,2017-12-03,2017-08-07,118.0
MC-17590,2014-11-25,2014-05-20,189.0
MC-17590,2016-07-17,2014-11-25,600.0
MC-17590,2016-09-12,2016-07-17,57.0
MC-17590,2016-12-23,2016-09-12,102.0
MC-17590,2017-11-09,2016-12-23,321.0
MC-17605,2014-12-01,2014-03-19,257.0
MC-17605,2015-11-16,2014-12-01,350.0
MC-17605,2016-11-20,2015-11-16,370.0
MC-17605,2017-01-23,2016-11-20,64.0
MC-17605,2017-04-28,2017-01-23,95.0
MC-17605,2017-05-09,2017-04-28,11.0
MC-17605,2017-09-09,2017-05-09,123.0
MC-17635,2014-12-03,2014-11-28,5.0
MC-17635,2016-02-21,2014-12-03,445.0
MC-17635,2017-06-24,2016-02-21,489.0
MC-17845,2014-12-20,2014-07-05,168.0
MC-17845,2016-11-07,2014-12-20,688.0
MC-17845,2016-12-14,2016-11-07,37.0
MC-17845,2017-11-10,2016-12-14,331.0
MC-17845,2017-12-10,2017-11-10,30.0
MC-17845,2017-12-29,2017-12-10,19.0
MC-18100,2014-12-15,2014-06-18,180.0
MC-18100,2015-04-09,2014-12-15,115.0
MC-18100,2015-08-25,2015-04-09,138.0
MC-18100,2015-12-17,2015-08-25,114.0
MC-18100,2015-12-26,2015-12-17,9.0
MC-18100,2016-10-07,2015-12-26,286.0
MC-18100,2017-09-02,2016-10-07,330.0
MC-18100,2017-10-30,2017-09-02,58.0
MC-18100,2017-11-19,2017-10-30,20.0
MC-18130,2015-03-19,2014-09-19,181.0
MC-18130,2015-11-07,2015-03-19,233.0
MC-18130,2016-03-12,2015-11-07,126.0
MC-18130,2016-12-26,2016-03-12,289.0
MD-17350,2014-12-28,2014-11-05,53.0
MD-17350,2015-12-27,2014-12-28,364.0
MD-17350,2016-09-05,2015-12-27,253.0
MD-17350,2017-03-10,2016-09-05,186.0
MD-17350,2017-05-08,2017-03-10,59.0
MD-17350,2017-09-04,2017-05-08,119.0
MD-17860,2017-05-28,2014-12-02,908.0
MD-17860,2017-08-29,2017-05-28,93.0
MD-17860,2017-10-21,2017-08-29,53.0
MD-17860,2017-11-24,2017-10-21,34.0
ME-17320,2015-06-19,2014-01-06,529.0
ME-17320,2016-03-29,2015-06-19,284.0
ME-17320,2016-04-04,2016-03-29,6.0
ME-17320,2016-06-06,2016-04-04,63.0
ME-17320,2017-03-30,2016-06-06,297.0
ME-17320,2017-06-12,2017-03-30,74.0
ME-17320,2017-11-10,2017-06-12,151.0
ME-17320,2017-11-13,2017-11-10,3.0
ME-17320,2017-11-18,2017-11-13,5.0
ME-17725,2015-05-09,2014-07-12,301.0
ME-17725,2015-09-24,2015-05-09,138.0
ME-17725,2016-08-15,2015-09-24,326.0
ME-17725,2017-02-19,2016-08-15,188.0
ME-17725,2017-06-29,2017-02-19,130.0
ME-17725,2017-11-30,2017-06-29,154.0
ME-17725,2017-12-02,2017-11-30,2.0
ME-18010,2014-12-23,2014-07-21,155.0
ME-18010,2015-05-21,2014-12-23,149.0
ME-18010,2017-09-29,2015-05-21,862.0
MF-17665,2016-01-09,2014-12-30,375.0
MF-17665,2016-07-22,2016-01-09,195.0
MF-17665,2016-08-05,2016-07-22,14.0
MF-17665,2016-11-04,2016-08-05,91.0
MF-18250,2015-03-16,2014-09-15,182.0
MF-18250,2015-08-09,2015-03-16,146.0
MF-18250,2015-11-12,2015-08-09,95.0
MF-18250,2017-12-23,2015-11-12,772.0
MG-17650,2016-11-24,2014-08-09,838.0
MG-17650,2016-12-12,2016-11-24,18.0
MG-17650,2017-03-16,2016-12-12,94.0
MG-17650,2017-08-28,2017-03-16,165.0
MG-17650,2017-10-12,2017-08-28,45.0
MG-17650,2017-12-01,2017-10-12,50.0
MG-17680,2015-11-14,2014-10-22,388.0
MG-17680,2017-06-08,2015-11-14,572.0
MG-17680,2017-09-29,2017-06-08,113.0
MG-17695,2015-06-08,2014-12-26,164.0
MG-17695,2016-06-23,2015-06-08,381.0
MG-17875,2015-06-22,2014-02-23,484.0
MG-17875,2015-09-22,2015-06-22,92.0
MG-17875,2016-09-08,2015-09-22,352.0
MG-17875,2017-09-05,2016-09-08,362.0
MG-17890,2015-07-16,2014-12-29,199.0
MG-17890,2016-03-04,2015-07-16,232.0
MG-17890,2016-10-17,2016-03-04,227.0
MG-17890,2017-03-07,2016-10-17,141.0
MG-17890,2017-04-24,2017-03-07,48.0
MG-17890,2017-05-30,2017-04-24,36.0
MG-17890,2017-08-31,2017-05-30,93.0
MG-17890,2017-09-22,2017-08-31,22.0
MG-18145,2015-09-03,2014-03-29,523.0
MG-18145,2017-07-27,2015-09-03,693.0
MG-18145,2017-10-07,2017-07-27,72.0
MH-17290,2015-09-19,2014-04-26,511.0
MH-17290,2016-06-14,2015-09-19,269.0
MH-17290,2016-12-29,2016-06-14,198.0
MH-17290,2017-03-11,2016-12-29,72.0
MH-17290,2017-09-02,2017-03-11,175.0
MH-17440,2014-03-17,2014-02-04,41.0
MH-17440,2016-02-08,2014-03-17,693.0
MH-17440,2016-12-19,2016-02-08,315.0
MH-17455,2014-12-20,2014-07-11,162.0
MH-17455,2015-04-06,2014-12-20,107.0
MH-17455,2016-11-25,2015-04-06,599.0
MH-17455,2016-12-10,2016-11-25,15.0
MH-17455,2017-02-13,2016-12-10,65.0
MH-17455,2017-07-13,2017-02-13,150.0
MH-17455,2017-10-06,2017-07-13,85.0
MH-17620,2016-09-03,2015-12-05,273.0
MH-17620,2016-09-26,2016-09-03,23.0
MH-17620,2017-07-28,2016-09-26,305.0
MH-17785,2014-09-30,2014-05-27,126.0
MH-17785,2014-11-18,2014-09-30,49.0
MH-17785,2015-11-15,2014-11-18,362.0
MH-17785,2015-12-20,2015-11-15,35.0
MH-17785,2016-03-10,2015-12-20,81.0
MH-17785,2017-09-23,2016-03-10,562.0
MH-18025,2015-07-25,2014-07-08,382.0
MH-18025,2017-02-25,2015-07-25,581.0
MH-18025,2017-10-13,2017-02-25,230.0
MH-18025,2017-11-11,2017-10-13,29.0
MH-18115,2017-01-21,2016-08-23,151.0
MH-18115,2017-03-10,2017-01-21,48.0
MH-18115,2017-04-30,2017-03-10,51.0
MH-18115,2017-05-13,2017-04-30,13.0
MH-18115,2017-05-25,2017-05-13,12.0
MH-18115,2017-09-24,2017-05-25,122.0
MH-18115,2017-11-16,2017-09-24,53.0
MH-18115,2017-12-25,2017-11-16,39.0
MJ-17740,2016-04-23,2015-06-09,319.0
MJ-17740,2016-06-24,2016-04-23,62.0
MJ-17740,2016-07-07,2016-06-24,13.0
MJ-17740,2016-11-07,2016-07-07,123.0
MJ-17740,2017-03-11,2016-11-07,124.0
MJ-17740,2017-12-08,2017-03-11,272.0
MK-17905,2015-12-18,2014-11-18,395.0
MK-17905,2016-05-14,2015-12-18,148.0
MK-17905,2016-09-24,2016-05-14,133.0
MK-17905,2016-10-21,2016-09-24,27.0
MK-17905,2017-06-16,2016-10-21,238.0
MK-17905,2017-08-13,2017-06-16,58.0
MK-17905,2017-12-02,2017-08-13,111.0
MK-18160,2016-12-02,2014-12-19,714.0
MK-18160,2017-05-03,2016-12-02,152.0
MK-18160,2017-05-04,2017-05-03,1.0
ML-17395,2014-05-26,2014-02-14,101.0
ML-17395,2014-08-04,2014-05-26,70.0
ML-17395,2014-10-13,2014-08-04,70.0
ML-17395,2015-09-25,2014-10-13,347.0
ML-17395,2016-09-05,2015-09-25,346.0
ML-17395,2016-11-07,2016-09-05,63.0
ML-17395,2017-02-09,2016-11-07,94.0
ML-17395,2017-10-22,2017-02-09,255.0
ML-17410,2016-09-29,2014-11-14,685.0
ML-17410,2017-01-20,2016-09-29,113.0
ML-17410,2017-05-29,2017-01-20,129.0
ML-17410,2017-07-18,2017-05-29,50.0
ML-17410,2017-11-06,2017-07-18,111.0
ML-17755,2017-04-06,2016-08-04,245.0
ML-17755,2017-05-06,2017-04-06,30.0
ML-17755,2017-06-25,2017-05-06,50.0
ML-17755,2017-11-11,2017-06-25,139.0
ML-17755,2017-11-30,2017-11-11,19.0
ML-17755,2017-12-01,2017-11-30,1.0
ML-18040,2017-06-04,2017-03-26,70.0
ML-18040,2017-10-12,2017-06-04,130.0
ML-18265,2017-09-21,2015-05-31,844.0
MM-17260,2016-09-18,2014-05-28,844.0
MM-17260,2017-02-11,2016-09-18,146.0
MM-17260,2017-07-15,2017-02-11,154.0
MM-17920,2014-08-27,2014-01-13,226.0
MM-17920,2014-09-26,2014-08-27,30.0
MM-17920,2015-01-10,2014-09-26,106.0
MM-17920,2016-04-22,2015-01-10,468.0
MM-17920,2016-09-05,2016-04-22,136.0
MM-17920,2016-12-03,2016-09-05,89.0
MM-17920,2017-01-30,2016-12-03,58.0
MM-17920,2017-09-04,2017-01-30,217.0
MM-17920,2017-12-19,2017-09-04,106.0
MM-17920,2017-12-23,2017-12-19,4.0
MM-18055,2014-05-26,2014-04-11,45.0
MM-18055,2015-06-29,2014-05-26,399.0
MM-18055,2015-11-20,2015-06-29,144.0
MM-18055,2017-05-08,2015-11-20,535.0
MM-18055,2017-07-15,2017-05-08,68.0
MM-18055,2017-09-08,2017-07-15,55.0
MM-18055,2017-10-30,2017-09-08,52.0
MM-18280,2015-05-25,2014-01-20,490.0
MM-18280,2015-09-22,2015-05-25,120.0
MM-18280,2015-12-14,2015-09-22,83.0
MM-18280,2016-03-14,2015-12-14,91.0
MM-18280,2016-09-28,2016-03-14,198.0
MM-18280,2017-06-10,2016-09-28,255.0
MM-18280,2017-09-18,2017-06-10,100.0
MM-18280,2017-10-06,2017-09-18,18.0
MN-17935,2014-07-11,2014-02-16,145.0
MN-17935,2016-05-15,2014-07-11,674.0
MN-17935,2017-02-10,2016-05-15,271.0
MN-17935,2017-11-13,2017-02-10,276.0
MN-17935,2017-11-26,2017-11-13,13.0
MO-17500,2016-09-06,2014-11-28,648.0
MO-17500,2016-10-04,2016-09-06,28.0
MO-17500,2017-10-19,2016-10-04,380.0
MO-17800,2015-11-22,2015-09-17,66.0
MO-17800,2016-08-29,2015-11-22,281.0
MO-17800,2017-04-22,2016-08-29,236.0
MO-17800,2017-06-03,2017-04-22,42.0
MO-17800,2017-06-09,2017-06-03,6.0
MO-17800,2017-09-15,2017-06-09,98.0
MO-17800,2017-09-17,2017-09-15,2.0
MO-17950,2017-07-03,2015-04-02,823.0
MP-17470,2014-06-04,2014-03-30,66.0
MP-17470,2014-11-17,2014-06-04,166.0
MP-17470,2015-06-28,2014-11-17,223.0
MP-17470,2015-10-12,2015-06-28,106.0
MP-17470,2015-12-03,2015-10-12,52.0
MP-17470,2016-01-11,2015-12-03,39.0
MP-17965,2015-07-17,2015-04-18,90.0
MP-17965,2015-10-02,2015-07-17,77.0
MP-17965,2015-10-16,2015-10-02,14.0
MP-17965,2016-10-09,2015-10-16,359.0
MP-17965,2016-12-15,2016-10-09,67.0
MP-17965,2016-12-29,2016-12-15,14.0
MP-17965,2017-07-07,2016-12-29,190.0
MP-17965,2017-10-19,2017-07-07,104.0
MP-18175,2014-11-25,2014-03-28,242.0
MP-18175,2015-11-16,2014-11-25,356.0
MP-18175,2015-12-06,2015-11-16,20.0
MP-18175,2016-12-05,2015-12-06,365.0
MP-18175,2016-12-15,2016-12-05,10.0
MP-18175,2017-02-10,2016-12-15,57.0
MP-18175,2017-10-05,2017-02-10,237.0
MP-18175,2017-12-14,2017-10-05,70.0
MR-17545,2014-10-07,2014-09-03,34.0
MR-17545,2017-07-08,2014-10-07,1005.0
MR-17545,2017-08-27,2017-07-08,50.0
MS-17365,2014-09-22,2014-09-09,13.0
MS-17365,2014-11-07,2014-09-22,46.0
MS-17365,2015-03-05,2014-11-07,118.0
MS-17365,2015-12-04,2015-03-05,274.0
MS-17365,2015-12-24,2015-12-04,20.0
MS-17365,2016-02-04,2015-12-24,42.0
MS-17365,2016-11-17,2016-02-04,287.0
MS-17365,2016-11-26,2016-11-17,9.0
MS-17365,2017-04-01,2016-11-26,126.0
MS-17530,2014-11-18,2014-11-04,14.0
MS-17530,2015-11-01,2014-11-18,348.0
MS-17530,2016-10-22,2015-11-01,356.0
MS-17710,2014-04-04,2014-03-24,11.0
MS-17710,2015-03-16,2014-04-04,346.0
MS-17710,2015-08-24,2015-03-16,161.0
MS-17710,2016-05-26,2015-08-24,276.0
MS-17710,2016-11-12,2016-05-26,170.0
MS-17770,2014-08-19,2014-07-04,46.0
MS-17770,2014-11-03,2014-08-19,76.0
MS-17770,2014-11-27,2014-11-03,24.0
MS-17770,2015-05-28,2014-11-27,182.0
MS-17770,2015-10-20,2015-05-28,145.0
MS-17770,2016-08-23,2015-10-20,308.0
MS-17770,2016-11-10,2016-08-23,79.0
MS-17770,2017-08-31,2016-11-10,294.0
MS-17830,2015-07-23,2014-01-09,560.0
MS-17830,2015-12-07,2015-07-23,137.0
MS-17830,2016-10-04,2015-12-07,302.0
MS-17980,2015-02-09,2014-06-30,224.0
MS-17980,2015-03-16,2015-02-09,35.0
MS-17980,2015-08-06,2015-03-16,143.0
MS-17980,2015-12-04,2015-08-06,120.0
MS-17980,2017-12-04,2015-12-04,731.0
MT-17815,2015-12-10,2015-11-06,34.0
MT-17815,2016-07-25,2015-12-10,228.0
MT-17815,2016-12-27,2016-07-25,155.0
MT-17815,2017-03-13,2016-12-27,76.0
MT-17815,2017-11-11,2017-03-13,243.0
MT-18070,2015-10-24,2014-09-25,394.0
MT-18070,2016-08-11,2015-10-24,292.0
MT-18070,2017-06-10,2016-08-11,303.0
MV-17485,2015-03-27,2014-01-20,431.0
MV-17485,2015-06-25,2015-03-27,90.0
MV-17485,2016-03-26,2015-06-25,275.0
MV-17485,2016-09-05,2016-03-26,163.0
MV-17485,2017-02-06,2016-09-05,154.0
MV-17485,2017-03-24,2017-02-06,46.0
MV-17485,2017-11-24,2017-03-24,245.0
MV-17485,2017-12-03,2017-11-24,9.0
MV-18190,2015-03-05,2014-01-30,399.0
MV-18190,2015-07-10,2015-03-05,127.0
MV-18190,2016-06-17,2015-07-10,343.0
MV-18190,2016-11-21,2016-06-17,157.0
MV-18190,2016-12-01,2016-11-21,10.0
MV-18190,2017-12-11,2016-12-01,375.0
MW-18220,2014-09-20,2014-08-25,26.0
MW-18220,2014-11-19,2014-09-20,60.0
MW-18220,2015-07-05,2014-11-19,228.0
MW-18220,2015-12-18,2015-07-05,166.0
MW-18220,2016-12-27,2015-12-18,375.0
MW-18220,2017-12-13,2016-12-27,351.0
MW-18235,2017-11-16,2014-05-21,1275.0
MY-17380,2016-05-30,2015-10-26,217.0
MY-17380,2017-03-02,2016-05-30,276.0
MY-17380,2017-07-23,2017-03-02,143.0
MY-17380,2017-10-16,2017-07-23,85.0
MY-17380,2017-11-24,2017-10-16,39.0
MY-17380,2017-12-01,2017-11-24,7.0
MY-18295,2014-11-24,2014-04-28,210.0
MY-18295,2016-03-15,2014-11-24,477.0
MY-18295,2016-04-01,2016-03-15,17.0
MY-18295,2016-04-15,2016-04-01,14.0
MY-18295,2016-10-20,2016-04-15,188.0
MY-18295,2016-10-21,2016-10-20,1.0
MY-18295,2016-12-02,2016-10-21,42.0
MY-18295,2017-05-04,2016-12-02,153.0
MY-18295,2017-09-03,2017-05-04,122.0
MY-18295,2017-10-20,2017-09-03,47.0
MZ-17335,2016-10-09,2015-11-08,336.0
MZ-17335,2017-03-26,2016-10-09,168.0
MZ-17335,2017-11-30,2017-03-26,249.0
MZ-17515,2014-11-11,2014-04-04,221.0
MZ-17515,2015-10-03,2014-11-11,326.0
MZ-17515,2015-10-31,2015-10-03,28.0
MZ-17515,2016-06-11,2015-10-31,224.0
MZ-17515,2017-03-23,2016-06-11,285.0
NB-18580,2014-10-22,2014-09-26,26.0
NB-18655,2015-02-10,2014-12-05,67.0
NB-18655,2015-10-29,2015-02-10,261.0
NB-18655,2016-04-28,2015-10-29,182.0
NB-18655,2016-09-18,2016-04-28,143.0
NB-18655,2016-10-16,2016-09-18,28.0
NB-18655,2017-10-27,2016-10-16,376.0
NB-18655,2017-11-18,2017-10-27,22.0
NB-18655,2017-12-11,2017-11-18,23.0
NC-18340,2014-05-04,2014-03-30,35.0
NC-18340,2015-04-04,2014-05-04,335.0
NC-18340,2016-11-24,2015-04-04,600.0
NC-18340,2017-05-20,2016-11-24,177.0
NC-18415,2014-12-27,2014-05-03,238.0
NC-18415,2015-04-18,2014-12-27,112.0
NC-18415,2015-06-09,2015-04-18,52.0
NC-18415,2016-10-14,2015-06-09,493.0
NC-18415,2017-11-19,2016-10-14,401.0
NC-18535,2014-08-20,2014-07-23,28.0
NC-18535,2016-11-29,2014-08-20,832.0
NC-18535,2017-04-01,2016-11-29,123.0
NC-18535,2017-11-10,2017-04-01,223.0
NC-18535,2017-12-09,2017-11-10,29.0
NC-18535,2017-12-24,2017-12-09,15.0
NC-18625,2015-05-02,2014-10-29,185.0
NC-18625,2016-10-13,2015-05-02,530.0
NC-18625,2017-04-09,2016-10-13,178.0
NC-18625,2017-06-09,2017-04-09,61.0
ND-18370,2014-11-01,2014-01-13,292.0
ND-18370,2015-07-13,2014-11-01,254.0
ND-18370,2016-05-05,2015-07-13,297.0
ND-18370,2016-11-19,2016-05-05,198.0
ND-18370,2017-03-19,2016-11-19,120.0
ND-18370,2017-04-16,2017-03-19,28.0
ND-18370,2017-10-21,2017-04-16,188.0
ND-18370,2017-12-03,2017-10-21,43.0
ND-18460,2014-09-19,2014-02-06,225.0
ND-18460,2015-07-13,2014-09-19,297.0
ND-18460,2017-05-19,2015-07-13,676.0
ND-18460,2017-06-10,2017-05-19,22.0
ND-18460,2017-06-30,2017-06-10,20.0
NF-18385,2015-12-15,2014-02-11,672.0
NF-18385,2016-08-18,2015-12-15,247.0
NF-18385,2016-09-26,2016-08-18,39.0
NF-18385,2017-07-16,2016-09-26,293.0
NF-18385,2017-08-21,2017-07-16,36.0
NF-18385,2017-10-12,2017-08-21,52.0
NF-18475,2014-10-01,2014-03-14,201.0
NF-18475,2015-06-29,2014-10-01,271.0
NF-18475,2016-07-23,2015-06-29,390.0
NF-18595,2014-09-09,2014-04-19,143.0
NF-18595,2015-03-13,2014-09-09,185.0
NF-18595,2015-04-04,2015-03-13,22.0
NF-18595,2015-05-03,2015-04-04,29.0
NF-18595,2017-08-18,2015-05-03,838.0
NF-18595,2017-09-07,2017-08-18,20.0
NG-18355,2015-09-15,2014-11-24,295.0
NG-18355,2017-02-16,2015-09-15,520.0
NG-18355,2017-08-18,2017-02-16,183.0
NG-18355,2017-11-12,2017-08-18,86.0
NG-18430,2014-12-03,2014-11-24,9.0
NG-18430,2015-11-05,2014-12-03,337.0
NG-18430,2015-11-22,2015-11-05,17.0
NG-18430,2017-11-12,2015-11-22,721.0
NH-18610,2015-09-19,2014-03-02,566.0
NH-18610,2015-10-19,2015-09-19,30.0
NH-18610,2016-09-25,2015-10-19,342.0
NH-18610,2017-02-19,2016-09-25,147.0
NH-18610,2017-04-08,2017-02-19,48.0
NH-18610,2017-06-24,2017-04-08,77.0
NK-18490,2016-07-18,2015-05-28,417.0
NK-18490,2016-10-17,2016-07-18,91.0
NK-18490,2017-06-18,2016-10-17,244.0
NK-18490,2017-09-24,2017-06-18,98.0
NK-18490,2017-10-12,2017-09-24,18.0
NK-18490,2017-10-21,2017-10-12,9.0
NL-18310,2015-08-25,2014-10-31,298.0
NL-18310,2016-05-30,2015-08-25,279.0
NL-18310,2017-11-02,2016-05-30,521.0
NM-18445,2014-04-08,2014-02-08,59.0
NM-18445,2014-04-23,2014-04-08,15.0
NM-18445,2014-11-04,2014-04-23,195.0
NM-18445,2015-05-23,2014-11-04,200.0
NM-18445,2015-05-25,2015-05-23,2.0
NM-18445,2017-07-23,2015-05-25,790.0
NM-18520,2015-09-27,2015-09-08,19.0
NM-18520,2015-12-01,2015-09-27,65.0
NM-18520,2016-01-07,2015-12-01,37.0
NM-18520,2016-05-31,2016-01-07,145.0
NM-18520,2016-08-17,2016-05-31,78.0
NM-18520,2016-10-21,2016-08-17,65.0
NM-18520,2016-12-03,2016-10-21,43.0
NM-18520,2016-12-23,2016-12-03,20.0
NM-18520,2017-04-30,2016-12-23,128.0
NP-18325,2014-06-21,2014-05-13,39.0
NP-18325,2014-07-22,2014-06-21,31.0
NP-18325,2015-08-09,2014-07-22,383.0
NP-18325,2015-12-06,2015-08-09,119.0
NP-18325,2017-12-05,2015-12-06,730.0
NP-18670,2016-07-18,2015-02-27,507.0
NP-18670,2016-11-20,2016-07-18,125.0
NP-18670,2017-10-12,2016-11-20,326.0
NP-18670,2017-11-02,2017-10-12,21.0
NP-18685,2015-05-25,2014-03-07,444.0
NP-18685,2015-10-02,2015-05-25,130.0
NP-18685,2015-12-06,2015-10-02,65.0
NP-18685,2016-09-22,2015-12-06,291.0
NP-18685,2016-11-19,2016-09-22,58.0
NP-18700,2014-12-12,2014-09-05,98.0
NP-18700,2014-12-22,2014-12-12,10.0
NP-18700,2016-08-12,2014-12-22,599.0
NP-18700,2016-11-05,2016-08-12,85.0
NP-18700,2017-06-26,2016-11-05,233.0
NP-18700,2017-08-14,2017-06-26,49.0
NR-18550,2014-09-17,2014-06-07,102.0
NR-18550,2016-05-02,2014-09-17,593.0
NR-18550,2016-10-17,2016-05-02,168.0
NR-18550,2017-06-03,2016-10-17,229.0
NS-18505,2017-01-19,2016-11-24,56.0
NS-18505,2017-10-01,2017-01-19,255.0
NS-18505,2017-12-24,2017-10-01,84.0
NS-18640,2015-03-09,2014-06-25,257.0
NS-18640,2015-08-07,2015-03-09,151.0
NS-18640,2015-10-20,2015-08-07,74.0
NS-18640,2015-11-08,2015-10-20,19.0
NS-18640,2016-02-02,2015-11-08,86.0
NS-18640,2016-12-11,2016-02-02,313.0
NS-18640,2016-12-12,2016-12-11,1.0
NS-18640,2016-12-17,2016-12-12,5.0
NS-18640,2017-04-15,2016-12-17,119.0
NS-18640,2017-06-05,2017-04-15,51.0
NS-18640,2017-07-09,2017-06-05,34.0
NW-18400,2014-11-26,2014-06-21,158.0
NW-18400,2015-05-08,2014-11-26,163.0
NW-18400,2015-09-15,2015-05-08,130.0
NW-18400,2015-11-21,2015-09-15,67.0
NW-18400,2016-11-03,2015-11-21,348.0
NW-18400,2017-07-11,2016-11-03,250.0
NZ-18565,2015-08-21,2014-08-02,384.0
NZ-18565,2016-07-01,2015-08-21,315.0
NZ-18565,2016-07-10,2016-07-01,9.0
NZ-18565,2016-09-11,2016-07-10,63.0
NZ-18565,2016-11-20,2016-09-11,70.0
NZ-18565,2017-04-30,2016-11-20,161.0
NZ-18565,2017-08-05,2017-04-30,97.0
NZ-18565,2017-10-06,2017-08-05,62.0
ON-18715,2014-11-04,2014-09-13,52.0
ON-18715,2014-12-02,2014-11-04,28.0
ON-18715,2015-05-17,2014-12-02,166.0
ON-18715,2015-08-13,2015-05-17,88.0
ON-18715,2015-09-24,2015-08-13,42.0
ON-18715,2016-03-01,2015-09-24,159.0
ON-18715,2016-03-11,2016-03-01,10.0
ON-18715,2016-11-15,2016-03-11,249.0
OT-18730,2016-06-10,2015-04-20,417.0
OT-18730,2016-07-28,2016-06-10,48.0
OT-18730,2017-06-26,2016-07-28,333.0
OT-18730,2017-10-26,2017-06-26,122.0
PA-19060,2015-03-02,2014-05-17,289.0
PA-19060,2015-10-15,2015-03-02,227.0
PA-19060,2016-10-27,2015-10-15,378.0
PA-19060,2016-11-26,2016-10-27,30.0
PA-19060,2017-09-18,2016-11-26,296.0
PB-18805,2016-10-15,2015-11-20,330.0
PB-18805,2017-12-05,2016-10-15,416.0
PB-19105,2016-03-20,2014-11-15,491.0
PB-19105,2017-09-22,2016-03-20,551.0
PB-19105,2017-11-03,2017-09-22,42.0
PB-19150,2014-11-29,2014-07-14,138.0
PB-19150,2014-11-30,2014-11-29,1.0
PB-19150,2014-12-12,2014-11-30,12.0
PB-19150,2015-01-13,2014-12-12,32.0
PB-19150,2015-06-16,2015-01-13,154.0
PB-19150,2016-04-14,2015-06-16,303.0
PB-19150,2017-09-24,2016-04-14,528.0
PB-19210,2016-02-11,2014-11-23,445.0
PC-18745,2016-11-10,2014-12-31,680.0
PC-18745,2016-11-27,2016-11-10,17.0
PC-18745,2017-12-28,2016-11-27,396.0
PC-19000,2015-08-01,2014-04-08,480.0
PF-19120,2015-04-07,2014-05-05,337.0
PF-19120,2015-06-15,2015-04-07,69.0
PF-19120,2015-09-17,2015-06-15,94.0
PF-19165,2015-08-27,2014-09-20,341.0
PF-19165,2015-09-26,2015-08-27,30.0
PF-19165,2016-06-30,2015-09-26,278.0
PF-19165,2016-11-09,2016-06-30,132.0
PF-19165,2017-06-17,2016-11-09,220.0
PF-19225,2016-11-03,2016-06-26,130.0
PF-19225,2016-12-29,2016-11-03,56.0
PF-19225,2017-09-02,2016-12-29,247.0
PF-19225,2017-09-07,2017-09-02,5.0
PG-18820,2014-07-21,2014-05-09,73.0
PG-18820,2015-04-19,2014-07-21,272.0
PG-18820,2015-07-27,2015-04-19,99.0
PG-18820,2016-02-15,2015-07-27,203.0
PG-18820,2016-03-08,2016-02-15,22.0
PG-18820,2016-04-08,2016-03-08,31.0
PG-18820,2016-09-01,2016-04-08,146.0
PG-18820,2016-10-28,2016-09-01,57.0
PG-18820,2016-11-18,2016-10-28,21.0
PG-18820,2017-09-29,2016-11-18,315.0
PG-18820,2017-11-11,2017-09-29,43.0
PG-18820,2017-11-24,2017-11-11,13.0
PG-18895,2015-09-12,2014-05-11,489.0
PG-18895,2015-12-17,2015-09-12,96.0
PG-18895,2016-01-22,2015-12-17,36.0
PG-18895,2016-04-22,2016-01-22,91.0
PG-18895,2017-06-13,2016-04-22,417.0
PG-18895,2017-06-20,2017-06-13,7.0
PG-18895,2017-10-26,2017-06-20,128.0
PG-18895,2017-11-03,2017-10-26,8.0
PJ-18835,2015-11-14,2014-05-28,535.0
PJ-18835,2016-05-05,2015-11-14,173.0
PJ-18835,2016-11-03,2016-05-05,182.0
PJ-18835,2017-05-19,2016-11-03,197.0
PJ-18835,2017-11-03,2017-05-19,168.0
PJ-18835,2017-11-21,2017-11-03,18.0
PJ-19015,2015-07-18,2014-04-07,467.0
PJ-19015,2016-07-20,2015-07-18,368.0
PJ-19015,2016-09-08,2016-07-20,50.0
PJ-19015,2017-05-14,2016-09-08,248.0
PJ-19015,2017-06-20,2017-05-14,37.0
PJ-19015,2017-08-18,2017-06-20,59.0
PK-18910,2016-09-03,2014-04-04,883.0
PK-19075,2016-04-16,2014-11-11,522.0
PK-19075,2016-08-16,2016-04-16,122.0
PK-19075,2016-09-05,2016-08-16,20.0
PK-19075,2016-09-24,2016-09-05,19.0
PK-19075,2016-12-14,2016-09-24,81.0
PK-19075,2016-12-16,2016-12-14,2.0
PK-19075,2017-03-05,2016-12-16,79.0
PK-19075,2017-08-21,2017-03-05,169.0
PK-19075,2017-09-04,2017-08-21,14.0
PK-19075,2017-11-07,2017-09-04,64.0
PK-19075,2017-12-21,2017-11-07,44.0
PL-18925,2016-03-15,2014-11-01,500.0
PL-18925,2017-04-16,2016-03-15,397.0
PL-18925,2017-06-22,2017-04-16,67.0
PL-18925,2017-12-15,2017-06-22,176.0
PM-18940,2015-01-19,2014-05-04,260.0
PM-18940,2016-12-09,2015-01-19,690.0
PM-19135,2016-10-08,2015-12-19,294.0
PM-19135,2016-10-22,2016-10-08,14.0
PM-19135,2017-11-09,2016-10-22,383.0
PN-18775,2016-09-10,2015-08-07,400.0
PN-18775,2016-09-14,2016-09-10,4.0
PN-18775,2016-12-18,2016-09-14,95.0
PN-18775,2017-04-23,2016-12-18,126.0
PN-18775,2017-04-25,2017-04-23,2.0
PN-18775,2017-11-09,2017-04-25,198.0
PN-18775,2017-11-30,2017-11-09,21.0
PO-18850,2014-12-07,2014-11-02,35.0
PO-18850,2015-05-01,2014-12-07,145.0
PO-18850,2015-11-13,2015-05-01,196.0
PO-18850,2016-08-30,2015-11-13,291.0
PO-18850,2016-09-18,2016-08-30,19.0
PO-18850,2017-07-06,2016-09-18,291.0
PO-18850,2017-08-23,2017-07-06,48.0
PO-18850,2017-10-03,2017-08-23,41.0
PO-18850,2017-10-24,2017-10-03,21.0
PO-18850,2017-12-26,2017-10-24,63.0
PO-18865,2014-10-20,2014-03-23,211.0
PO-18865,2016-09-17,2014-10-20,698.0
PO-18865,2017-05-28,2016-09-17,253.0
PO-18865,2017-08-05,2017-05-28,69.0
PO-18865,2017-12-25,2017-08-05,142.0
PO-18865,2017-12-30,2017-12-25,5.0
PO-19180,2015-11-10,2015-08-11,91.0
PO-19180,2015-11-16,2015-11-10,6.0
PO-19180,2016-06-12,2015-11-16,209.0
PO-19180,2016-09-12,2016-06-12,92.0
PO-19180,2016-11-13,2016-09-12,62.0
PO-19180,2017-03-17,2016-11-13,124.0
PO-19180,2017-04-26,2017-03-17,40.0
PO-19180,2017-07-23,2017-04-26,88.0
PO-19195,2015-09-25,2014-01-04,629.0
PO-19195,2015-11-20,2015-09-25,56.0
PO-19195,2015-11-29,2015-11-20,9.0
PO-19195,2017-10-05,2015-11-29,676.0
PP-18955,2014-09-08,2014-08-26,13.0
PP-18955,2014-09-29,2014-09-08,21.0
PP-18955,2015-06-19,2014-09-29,263.0
PP-18955,2015-07-06,2015-06-19,17.0
PP-18955,2015-12-14,2015-07-06,161.0
PP-18955,2016-02-05,2015-12-14,53.0
PP-18955,2016-11-10,2016-02-05,279.0
PP-18955,2017-05-18,2016-11-10,189.0
PP-18955,2017-09-24,2017-05-18,129.0
PR-18880,2015-04-11,2014-09-05,218.0
PR-18880,2015-12-19,2015-04-11,252.0
PR-18880,2017-08-21,2015-12-19,611.0
PR-18880,2017-11-24,2017-08-21,95.0
PS-18760,2015-05-26,2014-06-15,345.0
PS-18760,2016-03-09,2015-05-26,288.0
PS-18760,2016-09-29,2016-03-09,204.0
PS-18760,2017-04-17,2016-09-29,200.0
PS-18760,2017-09-14,2017-04-17,150.0
PS-18970,2015-04-30,2014-04-15,380.0
PS-18970,2015-05-11,2015-04-30,11.0
PS-18970,2015-11-30,2015-05-11,203.0
PS-18970,2016-05-09,2015-11-30,161.0
PS-18970,2017-03-21,2016-05-09,316.0
PS-18970,2017-10-04,2017-03-21,197.0
PS-18970,2017-10-22,2017-10-04,18.0
PS-19045,2015-02-22,2014-12-20,64.0
PS-19045,2015-06-13,2015-02-22,111.0
PS-19045,2016-11-07,2015-06-13,513.0
PS-19045,2017-01-21,2016-11-07,75.0
PS-19045,2017-04-04,2017-01-21,73.0
PS-19045,2017-05-08,2017-04-04,34.0
PT-19090,2016-09-05,2014-09-12,724.0
PT-19090,2017-07-21,2016-09-05,319.0
PT-19090,2017-10-20,2017-07-21,91.0
PV-18985,2016-02-22,2014-07-12,590.0
PV-18985,2016-06-14,2016-02-22,113.0
PV-18985,2017-03-11,2016-06-14,270.0
PV-18985,2017-10-02,2017-03-11,205.0
PW-19030,2015-02-03,2014-05-16,263.0
PW-19030,2016-08-22,2015-02-03,566.0
PW-19030,2016-10-14,2016-08-22,53.0
PW-19030,2016-12-02,2016-10-14,49.0
PW-19030,2016-12-24,2016-12-02,22.0
PW-19030,2017-03-21,2016-12-24,87.0
PW-19030,2017-06-27,2017-03-21,98.0
PW-19030,2017-08-05,2017-06-27,39.0
PW-19030,2017-11-14,2017-08-05,101.0
PW-19240,2015-02-21,2014-11-18,95.0
PW-19240,2015-04-26,2015-02-21,64.0
PW-19240,2015-11-23,2015-04-26,211.0
PW-19240,2015-12-03,2015-11-23,10.0
PW-19240,2016-07-29,2015-12-03,239.0
PW-19240,2016-09-22,2016-07-29,55.0
QJ-19255,2014-06-01,2014-03-17,76.0
QJ-19255,2015-11-01,2014-06-01,518.0
QJ-19255,2015-11-08,2015-11-01,7.0
QJ-19255,2016-04-10,2015-11-08,154.0
QJ-19255,2016-10-15,2016-04-10,188.0
QJ-19255,2016-12-08,2016-10-15,54.0
QJ-19255,2017-04-30,2016-12-08,143.0
QJ-19255,2017-12-05,2017-04-30,219.0
RA-19285,2015-08-13,2014-12-13,243.0
RA-19285,2015-10-23,2015-08-13,71.0
RA-19285,2015-12-25,2015-10-23,63.0
RA-19285,2016-08-04,2015-12-25,223.0
RA-19285,2017-06-30,2016-08-04,330.0
RA-19285,2017-09-04,2017-06-30,66.0
RA-19285,2017-12-01,2017-09-04,88.0
RA-19285,2017-12-25,2017-12-01,24.0
RA-19885,2014-11-22,2014-04-08,228.0
RA-19885,2015-08-09,2014-11-22,260.0
RA-19885,2016-07-17,2015-08-09,343.0
RA-19885,2017-09-26,2016-07-17,436.0
RA-19885,2017-11-05,2017-09-26,40.0
RA-19885,2017-11-17,2017-11-05,12.0
RA-19915,2014-09-30,2014-06-30,92.0
RA-19915,2014-11-01,2014-09-30,32.0
RA-19915,2015-04-28,2014-11-01,178.0
RA-19915,2015-07-20,2015-04-28,83.0
RA-19915,2015-11-13,2015-07-20,116.0
RA-19915,2016-09-23,2015-11-13,315.0
RA-19915,2017-08-18,2016-09-23,329.0
RA-19915,2017-12-18,2017-08-18,122.0
RA-19945,2015-08-27,2014-08-29,363.0
RA-19945,2015-12-10,2015-08-27,105.0
RA-19945,2017-06-17,2015-12-10,555.0
RA-19945,2017-10-30,2017-06-17,135.0
RB-19330,2017-10-23,2014-11-17,1071.0
RB-19360,2016-05-29,2016-04-01,58.0
RB-19360,2016-07-14,2016-05-29,46.0
RB-19360,2017-03-23,2016-07-14,252.0
RB-19360,2017-07-25,2017-03-23,124.0
RB-19360,2017-09-25,2017-07-25,62.0
RB-19435,2014-10-10,2014-03-11,213.0
RB-19435,2014-11-24,2014-10-10,45.0
RB-19435,2014-11-25,2014-11-24,1.0
RB-19435,2015-03-29,2014-11-25,124.0
RB-19435,2015-07-02,2015-03-29,95.0
RB-19435,2017-11-19,2015-07-02,871.0
RB-19435,2017-12-11,2017-11-19,22.0
RB-19465,2014-09-07,2014-03-14,177.0
RB-19465,2016-03-09,2014-09-07,549.0
RB-19465,2016-05-05,2016-03-09,57.0
RB-19465,2016-05-20,2016-05-05,15.0
RB-19465,2016-07-04,2016-05-20,45.0
RB-19465,2016-08-21,2016-07-04,48.0
RB-19465,2016-08-29,2016-08-21,8.0
RB-19465,2017-06-22,2016-08-29,297.0
RB-19465,2017-10-20,2017-06-22,120.0
RB-19465,2017-12-16,2017-10-20,57.0
RB-19465,2017-12-21,2017-12-16,5.0
RB-19570,2016-09-03,2016-04-28,128.0
RB-19570,2016-09-15,2016-09-03,12.0
RB-19570,2017-01-14,2016-09-15,121.0
RB-19570,2017-12-05,2017-01-14,325.0
RB-19645,2014-08-24,2014-08-23,1.0
RB-19645,2014-11-22,2014-08-24,90.0
RB-19645,2015-12-18,2014-11-22,391.0
RB-19645,2016-03-22,2015-12-18,95.0
RB-19705,2015-12-26,2015-08-22,126.0
RB-19705,2017-09-14,2015-12-26,628.0
RB-19705,2017-11-06,2017-09-14,53.0
RB-19795,2015-07-25,2014-06-03,417.0
RB-19795,2016-04-15,2015-07-25,265.0
RB-19795,2016-06-06,2016-04-15,52.0
RB-19795,2016-12-24,2016-06-06,201.0
RB-19795,2017-05-13,2016-12-24,140.0
RB-19795,2017-10-05,2017-05-13,145.0
RB-19795,2017-11-28,2017-10-05,54.0
RC-19825,2016-01-15,2014-12-05,406.0
RC-19825,2016-06-06,2016-01-15,143.0
RC-19825,2016-06-20,2016-06-06,14.0
RC-19825,2016-11-04,2016-06-20,137.0
RC-19825,2016-12-26,2016-11-04,52.0
RC-19960,2014-12-06,2014-08-25,103.0
RC-19960,2016-09-11,2014-12-06,645.0
RC-19960,2016-09-22,2016-09-11,11.0
RC-19960,2016-11-14,2016-09-22,53.0
RC-19960,2017-09-11,2016-11-14,301.0
RD-19480,2015-06-23,2014-06-08,380.0
RD-19480,2015-12-14,2015-06-23,174.0
RD-19480,2016-03-04,2015-12-14,81.0
RD-19480,2016-12-01,2016-03-04,272.0
RD-19480,2017-05-20,2016-12-01,170.0
RD-19480,2017-09-15,2017-05-20,118.0
RD-19480,2017-10-19,2017-09-15,34.0
RD-19585,2015-02-16,2014-04-02,320.0
RD-19585,2015-08-08,2015-02-16,173.0
RD-19585,2015-10-28,2015-08-08,81.0
RD-19585,2015-11-08,2015-10-28,11.0
RD-19585,2015-12-13,2015-11-08,35.0
RD-19585,2016-11-22,2015-12-13,345.0
RD-19585,2017-01-29,2016-11-22,68.0
RD-19585,2017-07-03,2017-01-29,155.0
RD-19660,2015-10-24,2015-04-12,195.0
RD-19660,2016-03-20,2015-10-24,148.0
RD-19660,2016-09-22,2016-03-20,186.0
RD-19660,2017-09-07,2016-09-22,350.0
RD-19720,2014-08-09,2014-07-20,20.0
RD-19720,2014-11-02,2014-08-09,85.0
RD-19720,2015-12-21,2014-11-02,414.0
RD-19720,2016-05-10,2015-12-21,141.0
RD-19720,2016-11-21,2016-05-10,195.0
RD-19720,2016-12-03,2016-11-21,12.0
RD-19720,2017-03-20,2016-12-03,107.0
RD-19720,2017-03-29,2017-03-20,9.0
RD-19720,2017-12-09,2017-03-29,255.0
RD-19810,2016-02-13,2014-10-27,474.0
RD-19810,2016-06-07,2016-02-13,115.0
RD-19810,2016-09-02,2016-06-07,87.0
RD-19810,2016-12-27,2016-09-02,116.0
RD-19810,2017-02-03,2016-12-27,38.0
RD-19810,2017-10-30,2017-02-03,269.0
RD-19810,2017-12-16,2017-10-30,47.0
RD-19900,2014-11-10,2014-04-05,219.0
RD-19900,2014-11-19,2014-11-10,9.0
RD-19900,2015-03-22,2014-11-19,123.0
RD-19900,2015-05-26,2015-03-22,65.0
RD-19900,2016-06-23,2015-05-26,394.0
RD-19900,2016-09-24,2016-06-23,93.0
RD-19900,2016-11-16,2016-09-24,53.0
RD-19900,2017-09-07,2016-11-16,295.0
RD-19930,2015-07-25,2014-10-03,295.0
RD-19930,2017-04-10,2015-07-25,625.0
RD-19930,2017-11-18,2017-04-10,222.0
RE-19450,2015-08-15,2014-06-03,438.0
RE-19450,2015-12-27,2015-08-15,134.0
RE-19450,2016-07-14,2015-12-27,200.0
RE-19450,2017-03-03,2016-07-14,232.0
RF-19345,2014-09-16,2014-05-20,119.0
RF-19345,2014-11-30,2014-09-16,75.0
RF-19345,2014-12-13,2014-11-30,13.0
RF-19345,2015-06-23,2014-12-13,192.0
RF-19345,2016-03-04,2015-06-23,255.0
RF-19345,2016-11-28,2016-03-04,269.0
RF-19345,2016-12-05,2016-11-28,7.0
RF-19735,2015-04-18,2014-08-06,255.0
RF-19735,2015-07-18,2015-04-18,91.0
RF-19735,2016-06-28,2015-07-18,346.0
RF-19735,2016-08-26,2016-06-28,59.0
RF-19735,2017-07-29,2016-08-26,337.0
RF-19735,2017-10-02,2017-07-29,65.0
RF-19840,2014-12-17,2014-11-12,35.0
RF-19840,2015-12-29,2014-12-17,377.0
RF-19840,2016-04-18,2015-12-29,111.0
RF-19840,2016-08-13,2016-04-18,117.0
RF-19840,2016-12-12,2016-08-13,121.0
RF-19840,2017-04-16,2016-12-12,125.0
RF-19840,2017-12-24,2017-04-16,252.0
RH-19495,2015-07-31,2014-08-23,342.0
RH-19495,2017-08-12,2015-07-31,743.0
RH-19495,2017-09-21,2017-08-12,40.0
RH-19495,2017-11-28,2017-09-21,68.0
RH-19510,2015-08-31,2014-11-16,288.0
RH-19510,2015-09-27,2015-08-31,27.0
RH-19510,2016-03-10,2015-09-27,165.0
RH-19510,2016-07-15,2016-03-10,127.0
RH-19510,2016-09-19,2016-07-15,66.0
RH-19555,2016-07-29,2015-12-04,238.0
RH-19600,2015-11-08,2015-07-02,129.0
RH-19600,2016-07-14,2015-11-08,249.0
RK-19300,2015-10-12,2015-07-20,84.0
RK-19300,2017-09-02,2015-10-12,691.0
RL-19615,2015-07-12,2014-12-05,219.0
RL-19615,2016-05-29,2015-07-12,322.0
RL-19615,2016-09-02,2016-05-29,96.0
RL-19615,2017-04-25,2016-09-02,235.0
RL-19615,2017-05-22,2017-04-25,27.0
RL-19615,2017-07-07,2017-05-22,46.0
RL-19615,2017-08-31,2017-07-07,55.0
RM-19375,2014-06-21,2014-05-11,41.0
RM-19375,2015-11-30,2014-06-21,527.0
RM-19375,2016-04-08,2015-11-30,130.0
RM-19375,2016-07-07,2016-04-08,90.0
RM-19375,2017-01-19,2016-07-07,196.0
RM-19675,2014-11-19,2014-11-14,5.0
RM-19675,2015-10-01,2014-11-19,316.0
RM-19675,2015-10-19,2015-10-01,18.0
RM-19675,2017-12-24,2015-10-19,797.0
RO-19780,2015-12-04,2015-05-12,206.0
RO-19780,2015-12-06,2015-12-04,2.0
RO-19780,2016-03-18,2015-12-06,103.0
RO-19780,2016-11-10,2016-03-18,237.0
RO-19780,2017-09-24,2016-11-10,318.0
RO-19780,2017-11-25,2017-09-24,62.0
RP-19270,2015-08-06,2014-10-19,291.0
RP-19270,2015-12-13,2015-08-06,129.0
RP-19270,2016-08-21,2015-12-13,252.0
RP-19390,2014-09-13,2014-05-24,112.0
RP-19390,2014-11-03,2014-09-13,51.0
RP-19390,2014-12-01,2014-11-03,28.0
RP-19390,2014-12-24,2014-12-01,23.0
RP-19390,2014-12-27,2014-12-24,3.0
RP-19390,2015-03-01,2014-12-27,64.0
RP-19390,2015-04-07,2015-03-01,37.0
RP-19390,2015-10-02,2015-04-07,178.0
RP-19390,2016-08-19,2015-10-02,322.0
RP-19390,2017-04-21,2016-08-19,245.0
RP-19390,2017-11-27,2017-04-21,220.0
RP-19855,2015-02-15,2014-04-05,316.0
RP-19855,2015-09-28,2015-02-15,225.0
RP-19855,2016-05-17,2015-09-28,232.0
RP-19855,2016-05-19,2016-05-17,2.0
RP-19855,2016-09-04,2016-05-19,108.0
RP-19855,2017-05-27,2016-09-04,265.0
RP-19855,2017-12-02,2017-05-27,189.0
RR-19315,2017-12-11,2016-11-14,392.0
RR-19525,2015-12-05,2014-09-09,452.0
RR-19525,2015-12-15,2015-12-05,10.0
RR-19525,2016-02-28,2015-12-15,75.0
RR-19525,2016-07-25,2016-02-28,148.0
RR-19525,2017-07-13,2016-07-25,353.0
RS-19420,2016-05-09,2014-08-05,643.0
RS-19420,2017-01-08,2016-05-09,244.0
RS-19420,2017-07-15,2017-01-08,188.0
RS-19420,2017-10-15,2017-07-15,92.0
RS-19765,2014-12-06,2014-04-07,243.0
RS-19765,2015-07-05,2014-12-06,211.0
RS-19765,2017-03-02,2015-07-05,606.0
RS-19765,2017-05-19,2017-03-02,78.0
RS-19765,2017-09-08,2017-05-19,112.0
RS-19765,2017-10-15,2017-09-08,37.0
RS-19765,2017-11-24,2017-10-15,40.0
RS-19870,2017-12-11,2016-06-07,552.0
RW-19540,2015-09-19,2015-02-03,228.0
RW-19540,2015-09-26,2015-09-19,7.0
RW-19540,2017-05-07,2015-09-26,589.0
RW-19540,2017-08-17,2017-05-07,102.0
RW-19540,2017-08-29,2017-08-17,12.0
RW-19540,2017-09-01,2017-08-29,3.0
RW-19630,2014-12-31,2014-06-28,186.0
RW-19630,2016-03-05,2014-12-31,430.0
RW-19630,2016-07-30,2016-03-05,147.0
RW-19630,2016-11-27,2016-07-30,120.0
RW-19630,2016-12-09,2016-11-27,12.0
RW-19630,2016-12-13,2016-12-09,4.0
RW-19630,2017-04-13,2016-12-13,121.0
RW-19630,2017-10-02,2017-04-13,172.0
RW-19690,2017-01-15,2016-05-30,230.0
RW-19690,2017-03-21,2017-01-15,65.0
RW-19690,2017-09-10,2017-03-21,173.0
RW-19690,2017-10-12,2017-09-10,32.0
SA-20830,2014-10-29,2014-02-22,249.0
SA-20830,2015-04-26,2014-10-29,179.0
SA-20830,2015-06-26,2015-04-26,61.0
SA-20830,2016-12-22,2015-06-26,545.0
SA-20830,2017-03-19,2016-12-22,87.0
SA-20830,2017-04-03,2017-03-19,15.0
SA-20830,2017-04-09,2017-04-03,6.0
SA-20830,2017-05-19,2017-04-09,40.0
SA-20830,2017-10-28,2017-05-19,162.0
SB-20170,2017-02-09,2014-06-06,979.0
SB-20170,2017-06-12,2017-02-09,123.0
SB-20185,2015-04-16,2014-09-20,208.0
SB-20185,2015-05-22,2015-04-16,36.0
SB-20185,2015-09-25,2015-05-22,126.0
SB-20185,2017-06-12,2015-09-25,626.0
SB-20185,2017-06-25,2017-06-12,13.0
SB-20290,2014-09-07,2014-05-09,121.0
SB-20290,2014-09-19,2014-09-07,12.0
SB-20290,2015-09-11,2014-09-19,357.0
SB-20290,2016-11-18,2015-09-11,434.0
SB-20290,2017-09-09,2016-11-18,295.0
SB-20290,2017-11-13,2017-09-09,65.0
SC-20020,2014-04-02,2014-03-03,30.0
SC-20020,2014-06-20,2014-04-02,79.0
SC-20020,2014-11-10,2014-06-20,143.0
SC-20020,2015-11-10,2014-11-10,365.0
SC-20050,2015-05-31,2014-03-18,439.0
SC-20050,2016-01-31,2015-05-31,245.0
SC-20050,2016-06-13,2016-01-31,134.0
SC-20050,2016-11-24,2016-06-13,164.0
SC-20050,2017-04-11,2016-11-24,138.0
SC-20050,2017-09-03,2017-04-11,145.0
SC-20050,2017-09-30,2017-09-03,27.0
SC-20050,2017-11-20,2017-09-30,51.0
SC-20095,2014-03-04,2014-02-12,20.0
SC-20095,2014-09-02,2014-03-04,182.0
SC-20095,2014-09-23,2014-09-02,21.0
SC-20095,2014-11-23,2014-09-23,61.0
SC-20095,2015-11-08,2014-11-23,350.0
SC-20095,2016-05-16,2015-11-08,190.0
SC-20095,2016-07-25,2016-05-16,70.0
SC-20095,2017-01-15,2016-07-25,174.0
SC-20230,2016-07-08,2016-06-06,32.0
SC-20230,2016-08-21,2016-07-08,44.0
SC-20230,2017-08-03,2016-08-21,347.0
SC-20260,2014-09-14,2014-04-06,161.0
SC-20260,2014-11-15,2014-09-14,62.0
SC-20260,2015-01-17,2014-11-15,63.0
SC-20260,2015-03-31,2015-01-17,73.0
SC-20260,2015-08-31,2015-03-31,153.0
SC-20260,2017-03-31,2015-08-31,578.0
SC-20260,2017-06-26,2017-03-31,87.0
SC-20305,2015-01-27,2014-12-16,42.0
SC-20305,2016-12-24,2015-01-27,697.0
SC-20305,2017-04-23,2016-12-24,120.0
SC-20305,2017-06-10,2017-04-23,48.0
SC-20305,2017-08-28,2017-06-10,79.0
SC-20305,2017-12-01,2017-08-28,95.0
SC-20380,2015-07-11,2014-03-01,497.0
SC-20380,2015-08-24,2015-07-11,44.0
SC-20380,2016-09-26,2015-08-24,399.0
SC-20380,2017-02-03,2016-09-26,130.0
SC-20380,2017-03-13,2017-02-03,38.0
SC-20380,2017-05-19,2017-03-13,67.0
SC-20380,2017-09-17,2017-05-19,121.0
SC-20380,2017-11-30,2017-09-17,74.0
SC-20440,2015-09-04,2015-08-17,18.0
SC-20440,2015-09-24,2015-09-04,20.0
SC-20440,2015-10-01,2015-09-24,7.0
SC-20440,2017-09-22,2015-10-01,722.0
SC-20440,2017-10-26,2017-09-22,34.0
SC-20440,2017-11-24,2017-10-26,29.0
SC-20575,2015-10-09,2014-06-16,480.0
SC-20575,2017-06-24,2015-10-09,624.0
SC-20575,2017-08-19,2017-06-24,56.0
SC-20575,2017-09-29,2017-08-19,41.0
SC-20680,2015-09-24,2014-11-21,307.0
SC-20680,2016-07-28,2015-09-24,308.0
SC-20680,2016-11-24,2016-07-28,119.0
SC-20680,2016-12-17,2016-11-24,23.0
SC-20680,2017-08-26,2016-12-17,252.0
SC-20695,2015-07-31,2014-12-16,227.0
SC-20695,2015-11-10,2015-07-31,102.0
SC-20695,2016-07-07,2015-11-10,240.0
SC-20695,2016-09-10,2016-07-07,65.0
SC-20695,2016-09-12,2016-09-10,2.0
SC-20695,2016-09-25,2016-09-12,13.0
SC-20695,2016-12-11,2016-09-25,77.0
SC-20695,2017-08-10,2016-12-11,242.0
SC-20695,2017-10-02,2017-08-10,53.0
SC-20725,2014-11-07,2014-06-03,157.0
SC-20725,2015-06-29,2014-11-07,234.0
SC-20725,2015-08-17,2015-06-29,49.0
SC-20725,2015-09-11,2015-08-17,25.0
SC-20725,2015-09-26,2015-09-11,15.0
SC-20725,2016-01-30,2015-09-26,126.0
SC-20725,2016-06-12,2016-01-30,134.0
SC-20725,2017-01-01,2016-06-12,203.0
SC-20725,2017-03-21,2017-01-01,79.0
SC-20725,2017-06-26,2017-03-21,97.0
SC-20770,2016-03-13,2015-06-20,267.0
SC-20770,2016-06-12,2016-03-13,91.0
SC-20770,2016-06-18,2016-06-12,6.0
SC-20770,2016-11-15,2016-06-18,150.0
SC-20770,2017-03-02,2016-11-15,107.0
SC-20770,2017-11-19,2017-03-02,262.0
SC-20800,2016-12-20,2015-12-11,375.0
SC-20800,2017-06-15,2016-12-20,177.0
SC-20800,2017-11-30,2017-06-15,168.0
SC-20845,2017-08-21,2016-11-11,283.0
SD-20485,2014-04-06,2014-01-26,70.0
SD-20485,2014-09-12,2014-04-06,159.0
SD-20485,2014-10-10,2014-09-12,28.0
SD-20485,2015-04-28,2014-10-10,200.0
SD-20485,2015-08-31,2015-04-28,125.0
SD-20485,2016-09-19,2015-08-31,385.0
SD-20485,2017-04-15,2016-09-19,208.0
SD-20485,2017-06-13,2017-04-15,59.0
SE-20110,2014-09-22,2014-04-11,164.0
SE-20110,2014-11-25,2014-09-22,64.0
SE-20110,2015-04-11,2014-11-25,137.0
SE-20110,2016-02-02,2015-04-11,297.0
SE-20110,2016-06-11,2016-02-02,130.0
SE-20110,2016-09-08,2016-06-11,89.0
SE-20110,2017-03-13,2016-09-08,186.0
SE-20110,2017-08-27,2017-03-13,167.0
SE-20110,2017-11-13,2017-08-27,78.0
SE-20110,2017-12-21,2017-11-13,38.0
SF-20065,2015-08-13,2014-09-10,337.0
SF-20065,2015-11-25,2015-08-13,104.0
SF-20065,2015-12-05,2015-11-25,10.0
SF-20065,2016-12-16,2015-12-05,377.0
SF-20065,2017-07-16,2016-12-16,212.0
SF-20065,2017-11-01,2017-07-16,108.0
SF-20200,2015-03-05,2014-12-23,72.0
SF-20200,2015-09-26,2015-03-05,205.0
SF-20200,2016-04-07,2015-09-26,194.0
SF-20200,2016-09-12,2016-04-07,158.0
SF-20200,2016-11-03,2016-09-12,52.0
SF-20200,2017-07-21,2016-11-03,260.0
SF-20200,2017-08-27,2017-07-21,37.0
SF-20200,2017-11-01,2017-08-27,66.0
SF-20965,2015-01-03,2014-10-21,74.0
SF-20965,2015-09-17,2015-01-03,257.0
SF-20965,2015-10-05,2015-09-17,18.0
SF-20965,2015-11-29,2015-10-05,55.0
SF-20965,2016-10-31,2015-11-29,337.0
SF-20965,2017-08-11,2016-10-31,284.0
SF-20965,2017-09-28,2017-08-11,48.0
SF-20965,2017-11-12,2017-09-28,45.0
SG-20080,2015-12-16,2015-10-31,46.0
SG-20080,2017-12-22,2015-12-16,737.0
SG-20470,2014-11-28,2014-07-26,125.0
SG-20470,2015-03-23,2014-11-28,115.0
SG-20470,2015-05-20,2015-03-23,58.0
SG-20470,2015-06-29,2015-05-20,40.0
SG-20470,2015-10-02,2015-06-29,95.0
SG-20470,2016-08-22,2015-10-02,325.0
SG-20470,2017-06-30,2016-08-22,312.0
SG-20605,2014-11-03,2014-01-23,284.0
SG-20605,2014-12-19,2014-11-03,46.0
SG-20605,2015-12-06,2014-12-19,352.0
SG-20605,2017-04-25,2015-12-06,506.0
SG-20605,2017-09-13,2017-04-25,141.0
SG-20890,2016-08-01,2014-03-30,855.0
SG-20890,2017-05-18,2016-08-01,290.0
SH-19975,2015-09-25,2014-12-10,289.0
SH-19975,2016-05-21,2015-09-25,239.0
SH-19975,2016-07-25,2016-05-21,65.0
SH-19975,2016-09-22,2016-07-25,59.0
SH-19975,2016-09-26,2016-09-22,4.0
SH-19975,2016-11-10,2016-09-26,45.0
SH-19975,2016-12-26,2016-11-10,46.0
SH-19975,2017-03-06,2016-12-26,70.0
SH-19975,2017-09-18,2017-03-06,196.0
SH-19975,2017-09-22,2017-09-18,4.0
SH-19975,2017-10-27,2017-09-22,35.0
SH-19975,2017-12-01,2017-10-27,35.0
SH-20395,2014-11-03,2014-11-02,1.0
SH-20395,2015-10-11,2014-11-03,342.0
SH-20395,2016-12-15,2015-10-11,431.0
SH-20395,2017-03-07,2016-12-15,82.0
SH-20395,2017-04-15,2017-03-07,39.0
SH-20395,2017-05-04,2017-04-15,19.0
SH-20395,2017-08-06,2017-05-04,94.0
SH-20395,2017-09-10,2017-08-06,35.0
SH-20395,2017-12-07,2017-09-10,88.0
SH-20635,2015-11-26,2014-12-16,345.0
SJ-20125,2016-03-08,2015-09-22,168.0
SJ-20125,2016-03-15,2016-03-08,7.0
SJ-20125,2016-09-17,2016-03-15,186.0
SJ-20125,2016-12-10,2016-09-17,84.0
SJ-20125,2017-03-23,2016-12-10,103.0
SJ-20125,2017-04-10,2017-03-23,18.0
SJ-20125,2017-04-20,2017-04-10,10.0
SJ-20125,2017-05-01,2017-04-20,11.0
SJ-20125,2017-08-11,2017-05-01,102.0
SJ-20125,2017-09-17,2017-08-11,37.0
SJ-20125,2017-09-26,2017-09-17,9.0
SJ-20215,2015-07-06,2015-02-09,147.0
SJ-20215,2016-09-30,2015-07-06,452.0
SJ-20215,2017-04-20,2016-09-30,202.0
SJ-20215,2017-08-16,2017-04-20,118.0
SJ-20215,2017-12-01,2017-08-16,107.0
SJ-20500,2014-10-09,2014-08-31,39.0
SJ-20500,2016-11-20,2014-10-09,773.0
SJ-20500,2016-12-01,2016-11-20,11.0
SJ-20500,2017-04-21,2016-12-01,141.0
SK-19990,2017-04-23,2016-11-28,146.0
SK-19990,2017-12-22,2017-04-23,243.0
SL-20155,2014-10-03,2014-09-21,12.0
SL-20155,2015-03-29,2014-10-03,177.0
SL-20155,2015-07-13,2015-03-29,106.0
SL-20155,2016-12-10,2015-07-13,516.0
SL-20155,2017-09-26,2016-12-10,290.0
SL-20155,2017-10-21,2017-09-26,25.0
SM-20005,2014-12-10,2014-11-23,17.0
SM-20005,2016-06-23,2014-12-10,561.0
SM-20005,2016-11-04,2016-06-23,134.0
SM-20320,2015-08-21,2014-03-18,521.0
SM-20320,2015-12-25,2015-08-21,126.0
SM-20320,2017-07-09,2015-12-25,562.0
SM-20320,2017-10-12,2017-07-09,95.0
SM-20950,2014-11-01,2014-09-29,33.0
SM-20950,2014-12-20,2014-11-01,49.0
SM-20950,2015-03-26,2014-12-20,96.0
SM-20950,2015-08-28,2015-03-26,155.0
SM-20950,2015-12-19,2015-08-28,113.0
SM-20950,2016-02-01,2015-12-19,44.0
SM-20950,2016-09-22,2016-02-01,234.0
SM-20950,2016-10-28,2016-09-22,36.0
SM-20950,2017-05-30,2016-10-28,214.0
SM-20950,2017-07-20,2017-05-30,51.0
SM-20950,2017-12-05,2017-07-20,138.0
SN-20560,2015-09-11,2015-06-18,85.0
SN-20560,2015-11-20,2015-09-11,70.0
SN-20560,2016-06-26,2015-11-20,219.0
SN-20560,2017-02-06,2016-06-26,225.0
SN-20560,2017-09-10,2017-02-06,216.0
SN-20710,2015-11-27,2014-05-06,570.0
SN-20710,2015-12-27,2015-11-27,30.0
SN-20710,2016-05-15,2015-12-27,140.0
SN-20710,2016-09-26,2016-05-15,134.0
SN-20710,2016-11-18,2016-09-26,53.0
SN-20710,2017-10-12,2016-11-18,328.0
SO-20335,2015-12-04,2015-10-11,54.0
SO-20335,2017-01-14,2015-12-04,407.0
SO-20335,2017-04-23,2017-01-14,99.0
SO-20335,2017-09-09,2017-04-23,139.0
SO-20335,2017-12-01,2017-09-09,83.0
SP-20545,2016-03-14,2014-10-13,518.0
SP-20545,2016-03-26,2016-03-14,12.0
SP-20545,2016-04-21,2016-03-26,26.0
SP-20545,2016-10-09,2016-04-21,171.0
SP-20545,2017-02-06,2016-10-09,120.0
SP-20620,2014-12-30,2014-09-08,113.0
SP-20620,2015-01-06,2014-12-30,7.0
SP-20620,2015-09-14,2015-01-06,251.0
SP-20620,2016-12-08,2015-09-14,451.0
SP-20620,2017-08-27,2016-12-08,262.0
SP-20620,2017-09-07,2017-08-27,11.0
SP-20620,2017-09-09,2017-09-07,2.0
SP-20620,2017-11-13,2017-09-09,65.0
SP-20650,2014-08-05,2014-04-16,111.0
SP-20650,2014-11-03,2014-08-05,90.0
SP-20650,2015-05-31,2014-11-03,209.0
SP-20650,2016-03-08,2015-05-31,282.0
SP-20650,2016-03-14,2016-03-08,6.0
SP-20650,2016-08-14,2016-03-14,153.0
SP-20650,2016-11-12,2016-08-14,90.0
SP-20650,2016-12-09,2016-11-12,27.0
SP-20860,2014-12-28,2014-12-15,13.0
SP-20860,2015-02-16,2014-12-28,50.0
SP-20860,2015-08-16,2015-02-16,181.0
SP-20860,2015-09-05,2015-08-16,20.0
SP-20860,2015-12-27,2015-09-05,113.0
SP-20860,2016-11-24,2015-12-27,333.0
SP-20860,2017-03-04,2016-11-24,100.0
SP-20860,2017-09-28,2017-03-04,208.0
SP-20860,2017-10-12,2017-09-28,14.0
SP-20920,2016-04-13,2014-11-22,508.0
SP-20920,2016-10-30,2016-04-13,200.0
SP-20920,2016-11-12,2016-10-30,13.0
SP-20920,2017-03-16,2016-11-12,124.0
SP-20920,2017-10-21,2017-03-16,219.0
SR-20425,2017-04-17,2014-06-14,1038.0
SR-20425,2017-11-02,2017-04-17,199.0
SR-20425,2017-11-08,2017-11-02,6.0
SR-20425,2017-12-22,2017-11-08,44.0
SR-20740,2014-11-05,2014-02-20,258.0
SR-20740,2014-11-16,2014-11-05,11.0
SR-20740,2015-01-05,2014-11-16,50.0
SR-20740,2015-07-02,2015-01-05,178.0
SR-20740,2016-04-03,2015-07-02,276.0
SR-20740,2016-10-23,2016-04-03,203.0
SR-20740,2017-06-17,2016-10-23,237.0
SS-20140,2015-09-27,2014-11-23,308.0
SS-20140,2016-12-25,2015-09-27,455.0
SS-20140,2017-04-30,2016-12-25,126.0
SS-20140,2017-06-03,2017-04-30,34.0
SS-20140,2017-09-18,2017-06-03,107.0
SS-20140,2017-10-17,2017-09-18,29.0
SS-20140,2017-12-15,2017-10-17,59.0
SS-20410,2014-09-07,2014-05-30,100.0
SS-20410,2014-11-15,2014-09-07,69.0
SS-20410,2015-11-21,2014-11-15,371.0
SS-20410,2017-09-10,2015-11-21,659.0
SS-20410,2017-09-11,2017-09-10,1.0
SS-20515,2015-07-24,2014-07-14,375.0
SS-20515,2016-08-26,2015-07-24,399.0
SS-20590,2015-04-13,2014-08-05,251.0
SS-20590,2016-05-09,2015-04-13,392.0
SS-20590,2016-06-13,2016-05-09,35.0
SS-20590,2016-09-02,2016-06-13,81.0
SS-20590,2016-10-24,2016-09-02,52.0
SS-20875,2015-02-25,2014-12-14,73.0
SS-20875,2015-11-20,2015-02-25,268.0
SS-20875,2016-08-27,2015-11-20,281.0
SS-20875,2017-09-01,2016-08-27,370.0
ST-20530,2014-07-14,2014-02-14,150.0
ST-20530,2014-09-23,2014-07-14,71.0
ST-20530,2014-12-29,2014-09-23,97.0
ST-20530,2015-03-01,2014-12-29,62.0
ST-20530,2017-06-20,2015-03-01,842.0
ST-20530,2017-08-27,2017-06-20,68.0
SU-20665,2016-07-01,2015-12-05,209.0
SU-20665,2016-08-21,2016-07-01,51.0
SU-20665,2016-09-05,2016-08-21,15.0
SU-20665,2017-03-13,2016-09-05,189.0
SU-20665,2017-09-02,2017-03-13,173.0
SU-20665,2017-12-10,2017-09-02,99.0
SV-20365,2014-04-20,2014-01-11,99.0
SV-20365,2015-01-27,2014-04-20,282.0
SV-20365,2016-06-11,2015-01-27,501.0
SV-20365,2016-09-18,2016-06-11,99.0
SV-20365,2016-11-10,2016-09-18,53.0
SV-20365,2017-07-18,2016-11-10,250.0
SV-20365,2017-08-06,2017-07-18,19.0
SV-20365,2017-08-25,2017-08-06,19.0
SV-20365,2017-09-20,2017-08-25,26.0
SV-20785,2014-06-02,2014-04-12,51.0
SV-20785,2014-06-06,2014-06-02,4.0
SV-20785,2014-06-21,2014-06-06,15.0
SV-20785,2015-05-03,2014-06-21,316.0
SV-20785,2015-10-20,2015-05-03,170.0
SV-20785,2015-11-07,2015-10-20,18.0
SV-20785,2016-05-26,2015-11-07,201.0
SV-20785,2017-02-13,2016-05-26,263.0
SV-20815,2015-09-21,2015-05-04,140.0
SV-20815,2016-08-26,2015-09-21,340.0
SV-20815,2017-10-15,2016-08-26,415.0
SV-20935,2016-07-18,2016-03-19,121.0
SV-20935,2016-10-21,2016-07-18,95.0
SV-20935,2017-04-24,2016-10-21,185.0
SV-20935,2017-11-05,2017-04-24,195.0
SV-20935,2017-12-02,2017-11-05,27.0
SV-20935,2017-12-25,2017-12-02,23.0
SV-20935,2017-12-28,2017-12-25,3.0
SW-20245,2015-11-02,2014-07-20,470.0
SW-20245,2015-12-05,2015-11-02,33.0
SW-20245,2016-03-12,2015-12-05,98.0
SW-20245,2016-09-19,2016-03-12,191.0
SW-20245,2017-02-25,2016-09-19,159.0
SW-20245,2017-10-10,2017-02-25,227.0
SW-20275,2016-11-10,2014-03-10,976.0
SW-20275,2017-03-18,2016-11-10,128.0
SW-20275,2017-11-16,2017-03-18,243.0
SW-20275,2017-11-21,2017-11-16,5.0
SW-20275,2017-11-30,2017-11-21,9.0
SW-20350,2016-04-17,2016-04-09,8.0
SW-20350,2017-07-21,2016-04-17,460.0
SW-20455,2015-09-06,2015-06-22,76.0
SW-20455,2015-11-08,2015-09-06,63.0
SW-20455,2015-12-11,2015-11-08,33.0
SW-20455,2016-09-27,2015-12-11,291.0
SW-20455,2017-07-17,2016-09-27,293.0
SW-20455,2017-07-21,2017-07-17,4.0
SW-20755,2016-07-14,2014-11-02,620.0
SZ-20035,2014-11-04,2014-09-07,58.0
SZ-20035,2015-06-12,2014-11-04,220.0
SZ-20035,2015-12-21,2015-06-12,192.0
SZ-20035,2016-09-02,2015-12-21,256.0
SZ-20035,2016-09-22,2016-09-02,20.0
SZ-20035,2017-01-30,2016-09-22,130.0
SZ-20035,2017-07-03,2017-01-30,154.0
SZ-20035,2017-07-08,2017-07-03,5.0
SZ-20035,2017-11-04,2017-07-08,119.0
SZ-20035,2017-11-25,2017-11-04,21.0
TA-21385,2016-09-02,2014-09-12,721.0
TA-21385,2017-04-04,2016-09-02,214.0
TA-21385,2017-10-22,2017-04-04,201.0
TB-21055,2016-08-27,2016-06-17,71.0
TB-21055,2017-03-21,2016-08-27,206.0
TB-21055,2017-08-03,2017-03-21,135.0
TB-21055,2017-09-02,2017-08-03,30.0
TB-21175,2016-04-01,2014-12-08,480.0
TB-21175,2016-04-12,2016-04-01,11.0
TB-21175,2017-11-02,2016-04-12,569.0
TB-21190,2015-11-27,2014-12-27,335.0
TB-21190,2017-11-10,2015-11-27,714.0
TB-21190,2017-11-11,2017-11-10,1.0
TB-21250,2015-10-09,2014-12-08,305.0
TB-21250,2015-12-05,2015-10-09,57.0
TB-21250,2016-01-30,2015-12-05,56.0
TB-21250,2016-10-07,2016-01-30,251.0
TB-21250,2016-11-14,2016-10-07,38.0
TB-21250,2017-01-15,2016-11-14,62.0
TB-21280,2014-06-22,2014-06-21,1.0
TB-21280,2014-12-01,2014-06-22,162.0
TB-21280,2016-01-22,2014-12-01,417.0
TB-21280,2016-03-25,2016-01-22,63.0
TB-21280,2016-05-26,2016-03-25,62.0
TB-21355,2016-08-27,2016-01-25,215.0
TB-21355,2016-11-22,2016-08-27,87.0
TB-21355,2017-05-18,2016-11-22,177.0
TB-21355,2017-08-06,2017-05-18,80.0
TB-21400,2014-02-03,2014-01-21,13.0
TB-21400,2014-09-07,2014-02-03,216.0
TB-21400,2014-12-14,2014-09-07,98.0
TB-21400,2016-04-14,2014-12-14,487.0
TB-21400,2017-03-30,2016-04-14,350.0
TB-21400,2017-06-11,2017-03-30,73.0
TB-21520,2014-10-21,2014-10-17,4.0
TB-21520,2014-12-26,2014-10-21,66.0
TB-21520,2015-09-17,2014-12-26,265.0
TB-21520,2015-09-26,2015-09-17,9.0
TB-21520,2015-10-19,2015-09-26,23.0
TB-21520,2016-02-04,2015-10-19,108.0
TB-21520,2017-07-23,2016-02-04,535.0
TB-21520,2017-09-14,2017-07-23,53.0
TB-21595,2014-11-07,2014-02-18,262.0
TB-21595,2016-03-29,2014-11-07,508.0
TB-21595,2016-12-29,2016-03-29,275.0
TB-21595,2017-03-20,2016-12-29,81.0
TB-21625,2015-05-28,2014-08-06,295.0
TB-21625,2015-10-25,2015-05-28,150.0
TB-21625,2015-12-31,2015-10-25,67.0
TB-21625,2016-05-08,2015-12-31,129.0
TB-21625,2016-09-11,2016-05-08,126.0
TB-21625,2017-05-25,2016-09-11,256.0
TB-21625,2017-11-17,2017-05-25,176.0
TB-21625,2017-11-30,2017-11-17,13.0
TC-20980,2014-12-27,2014-11-07,50.0
TC-20980,2015-09-20,2014-12-27,267.0
TC-20980,2016-10-02,2015-09-20,378.0
TC-20980,2016-11-26,2016-10-02,55.0
TC-21295,2014-12-20,2014-10-14,67.0
TC-21295,2016-06-09,2014-12-20,537.0
TC-21295,2017-05-06,2016-06-09,331.0
TC-21295,2017-07-14,2017-05-06,69.0
TC-21295,2017-11-13,2017-07-14,122.0
TC-21295,2017-11-14,2017-11-13,1.0
TC-21295,2017-12-03,2017-11-14,19.0
TC-21475,2015-04-27,2014-11-22,156.0
TC-21475,2015-11-19,2015-04-27,206.0
TC-21475,2016-08-22,2015-11-19,277.0
TC-21475,2016-12-05,2016-08-22,105.0
TC-21475,2016-12-15,2016-12-05,10.0
TC-21475,2017-04-02,2016-12-15,108.0
TC-21475,2017-04-30,2017-04-02,28.0
TC-21475,2017-07-30,2017-04-30,91.0
TC-21535,2015-06-04,2014-11-03,213.0
TC-21535,2015-09-19,2015-06-04,107.0
TC-21535,2016-07-19,2015-09-19,304.0
TC-21535,2016-11-18,2016-07-19,122.0
TC-21535,2017-12-07,2016-11-18,384.0
TC-21535,2017-12-26,2017-12-07,19.0
TD-20995,2015-08-23,2014-05-19,461.0
TD-20995,2016-01-21,2015-08-23,151.0
TD-20995,2017-04-23,2016-01-21,458.0
TD-20995,2017-06-15,2017-04-23,53.0
TD-20995,2017-07-08,2017-06-15,23.0
TD-20995,2017-07-09,2017-07-08,1.0
TD-20995,2017-11-11,2017-07-09,125.0
TD-20995,2017-11-23,2017-11-11,12.0
TG-21310,2015-07-14,2015-03-09,127.0
TG-21310,2016-09-02,2015-07-14,416.0
TG-21310,2016-11-15,2016-09-02,74.0
TG-21310,2017-01-27,2016-11-15,73.0
TG-21640,2015-06-09,2014-03-31,435.0
TG-21640,2015-09-18,2015-06-09,101.0
TG-21640,2017-09-07,2015-09-18,720.0
TH-21100,2014-11-24,2014-09-27,58.0
TH-21100,2015-04-13,2014-11-24,140.0
TH-21100,2016-05-09,2015-04-13,392.0
TH-21100,2017-01-20,2016-05-09,256.0
TH-21115,2016-04-18,2014-09-23,573.0
TH-21115,2016-07-08,2016-04-18,81.0
TH-21115,2017-11-02,2016-07-08,482.0
TH-21235,2014-12-23,2014-11-04,49.0
TH-21235,2016-05-14,2014-12-23,508.0
TH-21235,2016-05-26,2016-05-14,12.0
TH-21235,2016-11-21,2016-05-26,179.0
TH-21235,2017-05-28,2016-11-21,188.0
TH-21235,2017-06-08,2017-05-28,11.0
TH-21235,2017-09-04,2017-06-08,88.0
TH-21550,2015-05-16,2014-04-05,406.0
TH-21550,2015-07-23,2015-05-16,68.0
TH-21550,2015-09-21,2015-07-23,60.0
TH-21550,2017-06-26,2015-09-21,644.0
TH-21550,2017-08-21,2017-06-26,56.0
TH-21550,2017-10-19,2017-08-21,59.0
TM-21010,2014-04-30,2014-02-21,68.0
TM-21010,2014-08-08,2014-04-30,100.0
TM-21010,2015-05-31,2014-08-08,296.0
TM-21010,2015-09-12,2015-05-31,104.0
TM-21010,2017-01-20,2015-09-12,496.0
TM-21010,2017-01-29,2017-01-20,9.0
TM-21010,2017-09-18,2017-01-29,232.0
TM-21490,2017-07-27,2017-03-30,119.0
TM-21490,2017-08-22,2017-07-27,26.0
TN-21040,2015-09-07,2014-10-10,332.0
TN-21040,2016-04-22,2015-09-07,228.0
TN-21040,2016-05-28,2016-04-22,36.0
TN-21040,2016-09-26,2016-05-28,121.0
TN-21040,2016-12-16,2016-09-26,81.0
TN-21040,2017-10-01,2016-12-16,289.0
TP-21130,2015-09-20,2015-04-14,159.0
TP-21130,2016-07-14,2015-09-20,298.0
TP-21130,2016-08-31,2016-07-14,48.0
TP-21130,2016-09-19,2016-08-31,19.0
TP-21130,2016-12-05,2016-09-19,77.0
TP-21130,2017-01-24,2016-12-05,50.0
TP-21130,2017-12-04,2017-01-24,314.0
TP-21130,2017-12-22,2017-12-04,18.0
TP-21415,2016-08-28,2015-11-28,274.0
TP-21415,2017-02-09,2016-08-28,165.0
TP-21415,2017-08-17,2017-02-09,189.0
TP-21415,2017-09-17,2017-08-17,31.0
TP-21565,2016-10-03,2015-03-01,582.0
TP-21565,2016-11-04,2016-10-03,32.0
TP-21565,2017-01-14,2016-11-04,71.0
TR-21325,2016-08-14,2014-12-01,622.0
TR-21325,2016-09-05,2016-08-14,22.0
TR-21325,2016-09-08,2016-09-05,3.0
TR-21325,2017-06-20,2016-09-08,285.0
TS-21085,2017-01-07,2015-07-19,538.0
TS-21160,2015-04-16,2014-04-23,358.0
TS-21160,2015-04-20,2015-04-16,4.0
TS-21160,2016-03-03,2015-04-20,318.0
TS-21160,2016-06-25,2016-03-03,114.0
TS-21160,2016-08-13,2016-06-25,49.0
TS-21205,2014-06-09,2014-03-21,80.0
TS-21205,2014-09-27,2014-06-09,110.0
TS-21205,2014-11-17,2014-09-27,51.0
TS-21205,2014-12-09,2014-11-17,22.0
TS-21205,2016-08-01,2014-12-09,601.0
TS-21205,2017-06-15,2016-08-01,318.0
TS-21340,2014-09-08,2014-01-19,232.0
TS-21340,2015-03-10,2014-09-08,183.0
TS-21340,2015-11-24,2015-03-10,259.0
TS-21340,2017-05-18,2015-11-24,541.0
TS-21370,2015-07-11,2014-10-28,256.0
TS-21370,2015-08-28,2015-07-11,48.0
TS-21370,2017-05-11,2015-08-28,622.0
TS-21370,2017-10-05,2017-05-11,147.0
TS-21370,2017-11-24,2017-10-05,50.0
TS-21430,2014-11-11,2014-07-30,104.0
TS-21430,2016-08-26,2014-11-11,654.0
TS-21430,2016-11-13,2016-08-26,79.0
TS-21430,2017-07-11,2016-11-13,240.0
TS-21505,2016-09-25,2014-12-20,645.0
TS-21505,2017-07-03,2016-09-25,281.0
TS-21505,2017-09-18,2017-07-03,77.0
TS-21505,2017-11-07,2017-09-18,50.0
TS-21505,2017-12-19,2017-11-07,42.0
TS-21610,2016-09-09,2014-08-16,755.0
TS-21610,2016-09-17,2016-09-09,8.0
TS-21610,2017-06-12,2016-09-17,268.0
TS-21610,2017-06-16,2017-06-12,4.0
TS-21610,2017-10-13,2017-06-16,119.0
TS-21610,2017-11-05,2017-10-13,23.0
TS-21655,2015-04-25,2015-02-06,78.0
TS-21655,2016-12-25,2015-04-25,610.0
TS-21655,2017-01-02,2016-12-25,8.0
TS-21655,2017-05-06,2017-01-02,124.0
TT-21070,2014-09-08,2014-05-18,113.0
TT-21070,2015-02-14,2014-09-08,159.0
TT-21070,2015-04-05,2015-02-14,50.0
TT-21070,2016-05-11,2015-04-05,402.0
TT-21070,2017-11-13,2016-05-11,551.0
TT-21070,2017-11-29,2017-11-13,16.0
TT-21220,2015-04-06,2014-09-23,195.0
TT-21220,2015-08-08,2015-04-06,124.0
TT-21220,2015-10-30,2015-08-08,83.0
TT-21220,2016-05-15,2015-10-30,198.0
TT-21220,2016-11-04,2016-05-15,173.0
TT-21220,2017-03-18,2016-11-04,134.0
TT-21220,2017-06-30,2017-03-18,104.0
TT-21265,2016-10-02,2015-08-15,414.0
TT-21265,2016-11-19,2016-10-02,48.0
TT-21460,2016-04-22,2015-12-08,136.0
TT-21460,2017-01-15,2016-04-22,268.0
TT-21460,2017-03-04,2017-01-15,48.0
TT-21460,2017-08-20,2017-03-04,169.0
TT-21460,2017-11-26,2017-08-20,98.0
TT-21460,2017-12-18,2017-11-26,22.0
TW-21025,2015-09-05,2014-12-22,257.0
TW-21025,2015-12-01,2015-09-05,87.0
TW-21025,2016-03-13,2015-12-01,103.0
TW-21025,2017-06-13,2016-03-13,457.0
TW-21025,2017-07-21,2017-06-13,38.0
TW-21025,2017-10-27,2017-07-21,98.0
TZ-21580,2015-12-04,2014-11-11,388.0
TZ-21580,2016-02-22,2015-12-04,80.0
TZ-21580,2017-11-25,2016-02-22,642.0
VB-21745,2015-11-23,2015-07-17,129.0
VB-21745,2016-10-28,2015-11-23,340.0
VB-21745,2016-11-27,2016-10-28,30.0
VB-21745,2017-03-08,2016-11-27,101.0
VB-21745,2017-11-06,2017-03-08,243.0
VD-21670,2015-02-28,2014-08-04,208.0
VD-21670,2015-06-26,2015-02-28,118.0
VD-21670,2015-11-01,2015-06-26,128.0
VD-21670,2015-11-05,2015-11-01,4.0
VD-21670,2016-05-28,2015-11-05,205.0
VF-21715,2014-07-25,2014-03-01,146.0
VF-21715,2017-05-22,2014-07-25,1032.0
VF-21715,2017-07-08,2017-05-22,47.0
VF-21715,2017-12-17,2017-07-08,162.0
VG-21790,2014-11-24,2014-08-08,108.0
VG-21790,2016-08-06,2014-11-24,621.0
VG-21790,2017-01-29,2016-08-06,176.0
VG-21790,2017-07-08,2017-01-29,160.0
VG-21790,2017-07-29,2017-07-08,21.0
VG-21805,2016-03-24,2014-09-22,549.0
VG-21805,2016-05-12,2016-03-24,49.0
VG-21805,2016-08-26,2016-05-12,106.0
VG-21805,2017-03-19,2016-08-26,205.0
VM-21685,2015-11-01,2014-04-07,573.0
VM-21685,2016-04-06,2015-11-01,157.0
VM-21685,2016-09-08,2016-04-06,155.0
VM-21685,2017-03-16,2016-09-08,189.0
VM-21685,2017-07-16,2017-03-16,122.0
VM-21685,2017-11-06,2017-07-16,113.0
VM-21835,2016-03-17,2014-03-22,726.0
VM-21835,2016-05-12,2016-03-17,56.0
VM-21835,2016-06-14,2016-05-12,33.0
VM-21835,2017-09-04,2016-06-14,447.0
VP-21730,2017-06-30,2015-07-05,726.0
VP-21730,2017-11-30,2017-06-30,153.0
VP-21760,2014-10-06,2014-09-06,30.0
VP-21760,2014-12-09,2014-10-06,64.0
VP-21760,2015-05-29,2014-12-09,171.0
VP-21760,2015-11-15,2015-05-29,170.0
VP-21760,2016-06-26,2015-11-15,224.0
VP-21760,2017-10-16,2016-06-26,477.0
VS-21820,2015-05-24,2014-01-07,502.0
VS-21820,2016-01-08,2015-05-24,229.0
VS-21820,2017-05-23,2016-01-08,501.0
VT-21700,2015-04-05,2014-06-06,303.0
VW-21775,2014-07-15,2014-05-11,65.0
VW-21775,2015-01-02,2014-07-15,171.0
VW-21775,2015-02-06,2015-01-02,35.0
VW-21775,2015-09-08,2015-02-06,214.0
VW-21775,2016-10-21,2015-09-08,409.0
VW-21775,2016-10-24,2016-10-21,3.0
VW-21775,2017-02-11,2016-10-24,110.0
VW-21775,2017-11-17,2017-02-11,279.0
VW-21775,2017-12-02,2017-11-17,15.0
WB-21850,2014-12-12,2014-11-04,38.0
WB-21850,2014-12-20,2014-12-12,8.0
WB-21850,2015-08-10,2014-12-20,233.0
WB-21850,2015-11-30,2015-08-10,112.0
WB-21850,2016-01-15,2015-11-30,46.0
WB-21850,2016-10-10,2016-01-15,269.0
WB-21850,2016-12-11,2016-10-10,62.0
WB-21850,2017-06-29,2016-12-11,200.0
WB-21850,2017-11-11,2017-06-29,135.0
WB-21850,2017-12-10,2017-11-11,29.0
XP-21865,2014-09-28,2014-01-20,251.0
XP-21865,2014-10-06,2014-09-28,8.0
XP-21865,2015-12-12,2014-10-06,432.0
XP-21865,2016-08-26,2015-12-12,258.0
XP-21865,2016-11-01,2016-08-26,67.0
XP-21865,2016-11-03,2016-11-01,2.0
XP-21865,2017-10-06,2016-11-03,337.0
XP-21865,2017-10-09,2017-10-06,3.0
XP-21865,2017-11-14,2017-10-09,36.0
XP-21865,2017-11-17,2017-11-14,3.0
YC-21895,2015-11-12,2014-11-17,360.0
YC-21895,2016-04-07,2015-11-12,147.0
YC-21895,2016-09-06,2016-04-07,152.0
YC-21895,2017-12-26,2016-09-06,476.0
YS-21880,2015-07-25,2015-01-12,194.0
YS-21880,2015-12-08,2015-07-25,136.0
YS-21880,2017-04-13,2015-12-08,492.0
YS-21880,2017-05-05,2017-04-13,22.0
YS-21880,2017-07-03,2017-05-05,59.0
YS-21880,2017-08-18,2017-07-03,46.0
YS-21880,2017-12-21,2017-08-18,125.0
ZC-21910,2014-12-29,2014-10-13,77.0
ZC-21910,2015-04-13,2014-12-29,105.0
ZC-21910,2015-04-25,2015-04-13,12.0
ZC-21910,2015-09-13,2015-04-25,141.0
ZC-21910,2015-09-28,2015-09-13,15.0
ZC-21910,2016-03-08,2015-09-28,162.0
ZC-21910,2016-03-20,2016-03-08,12.0
ZC-21910,2016-04-08,2016-03-20,19.0
ZC-21910,2017-05-11,2016-04-08,398.0
ZC-21910,2017-06-11,2017-05-11,31.0
ZC-21910,2017-06-19,2017-06-11,8.0
ZC-21910,2017-11-06,2017-06-19,140.0
ZD-21925,2016-04-03,2014-08-27,585.0
ZD-21925,2016-05-05,2016-04-03,32.0
ZD-21925,2016-07-08,2016-05-05,64.0
ZD-21925,2017-06-11,2016-07-08,338.0
