product_id,sales,profit,cumulative_sales_share,product_rank
TEC-CO-10004722,61599.824,25199.928,0.02681516669463351,1
OFF-BI-10003527,27453.384000000002,7753.039,0.03876596493541719,2
TEC-MA-10002412,22638.48,-1811.0784,0.04862077580164834,3
FUR-CH-10002024,21870.576,5.684341886080802e-14,0.058141308541281675,4
OFF-BI-10001359,19823.479,2233.5051000000003,0.06677071459043803,5
OFF-BI-10000545,19024.5,760.9799999999996,0.07505231518043412,6
TEC-CO-10001449,18839.686,6983.8836,0.08325346394612788,7
TEC-MA-10001127,18374.895,4094.9766,0.09125228343011517,8
OFF-BI-10004995,17965.068,-1878.1662000000003,0.09907270014267633,9
OFF-SU-10000151,17030.311999999998,-262.00480000000005,0.10648620598551149,10
TEC-MA-10000822,16829.901,-4589.973,0.11381247043667583,11
OFF-SU-10002881,16656.2,-1299.1836,0.12106312069014334,12
OFF-BI-10001120,15875.916000000001,3345.2823,0.12797410364960765,13
FUR-BO-10004834,15610.9656,-669.5448000000001,0.13476975041684824,14
TEC-MA-10001047,14299.89,3717.9714000000004,0.14099466972935995,15
TEC-PH-10001459,13943.668,1822.7566,0.147064521191186,16
TEC-AC-10002049,13756.536,4425.343199999999,0.1530529117745865,17
TEC-PH-10002885,12996.600000000002,1611.5784,0.15871049280052374,18
FUR-TA-10003473,12995.2915,-327.2331,0.16436750422019683,19
FUR-CH-10001215,12975.382,951.8620000000001,0.17001584878781356,20
FUR-BO-10002213,12921.643,19.68640000000002,0.1756408001028294,21
TEC-CO-10003763,11619.833999999999,4570.9347,0.1806990578289224,22
FUR-CH-10004287,11572.78,1179.374,0.18573683236575098,23
OFF-AP-10002945,11304.44,3247.02,0.190657795175474,24
TEC-AC-10003832,11203.756,1987.9252999999999,0.19553492899238228,25
TEC-MA-10000418,11099.963,-8879.9704,0.20036688043025108,26
OFF-ST-10000078,10925.003999999999,1575.1098,0.2051226700474347,27
TEC-AC-10003033,10822.36,3085.0325000000003,0.20983377745951648,28
FUR-CH-10000454,10637.528,1927.442,0.21446442521167292,29
FUR-TA-10000198,9917.640000000001,-2876.1156,0.21878169679701648,30
OFF-ST-10003716,9630.856,429.7882,0.2229741277535077,31
FUR-TA-10001889,9544.725,-1934.3976,0.22712906481841613,32
TEC-MA-10000488,9279.884,1327.9834,0.23116871331427646,33
OFF-ST-10004459,9158.296,-825.7479999999999,0.2351554330470925,34
FUR-CH-10003973,9070.944,773.2608,0.23910412737189585,35
TEC-CO-10001046,8959.872,2799.96,0.24300447067876274,36
TEC-CO-10002095,8899.822,3124.9375,0.2468786734765267,37
TEC-PH-10001817,8878.4,515.52,0.2507435510122423,38
FUR-CH-10001854,8774.5,1305.6456,0.2545631995904925,39
FUR-CH-10004063,8665.194,1558.5910000000001,0.25833526591248945,40
FUR-CH-10004086,8430.997,1388.6348,0.26200538337836005,41
FUR-TA-10001095,8209.059,-189.9761,0.26557888848271033,42
OFF-ST-10001490,8138.232,2016.711,0.2691215617163157,43
TEC-PH-10001530,8111.136,275.3286,0.27265243972536396,44
OFF-BI-10003925,8070.192,2518.0551,0.27616549430385917,45
TEC-MA-10004125,7999.98,-3839.9904,0.2796479847287301,46
OFF-BI-10004600,7985.383,2318.337,0.2831241208986239,47
FUR-CH-10003379,7979.4400000000005,926.1850000000001,0.28659767000697567,48
TEC-MA-10000984,7834.4,881.37,0.29000808140608025,49
OFF-ST-10003208,7730.196,1932.549,0.29337313151275246,50
TEC-MA-10003979,7699.89,3772.9461,0.2967249890420912,51
TEC-PH-10004165,7699.72,780.9716,0.30007677256832344,52
FUR-CH-10002331,7582.374,832.9932000000001,0.3033774739266756,53
FUR-BO-10002545,7539.7122,780.3302,0.3066596040748487,54
OFF-ST-10001780,7515.523999999999,1114.3708,0.3099312047998365,55
TEC-PH-10002200,7437.886,353.7884,0.31316900874138154,56
FUR-TA-10003954,7404.5,-681.2139999999999,0.3163922793434277,57
TEC-AC-10004145,7399.704,1432.4427,0.3196134621872447,58
FUR-TA-10000577,7242.768,-532.7613,0.3227663288456065,59
TEC-PH-10000560,7139.796,83.99760000000003,0.32587437051640217,60
TEC-MA-10000045,6965.700000000001,3343.536,0.3289066260411064,61
FUR-TA-10002958,6942.068,-856.0144,0.3319285942633773,62
FUR-CH-10002335,6936.102,1233.0848,0.3349479654119211,63
TEC-PH-10001795,6935.862,1056.3827,0.33796723208549106,64
OFF-AP-10002651,6832.908,460.35269999999986,0.34094168160711785,65
OFF-ST-10003470,6819.312,181.66199999999998,0.34391021262147137,66
OFF-BI-10003650,6785.142,494.4212000000001,0.34686386901141103,67
FUR-TA-10003569,6776.562000000001,461.127,0.34981379042103256,68
FUR-CH-10004997,6748.482,281.96999999999997,0.3527514882587039,69
OFF-ST-10001496,6594.954,1261.3300000000002,0.35562235345554993,70
FUR-CH-10000015,6584.64,814.416,0.3584887288403911,71
OFF-ST-10002615,6574.544,1640.5348,0.3613507093113289,72
FUR-TA-10001950,6518.754,-1201.0581,0.364188403703951,73
FUR-CH-10002320,6483.796,1540.704,0.3670108804459949,74
FUR-CH-10004495,6410.874,854.7832000000001,0.36980161333783385,75
TEC-CO-10004115,6399.872,2064.9587,0.3725875569227427,76
TEC-PH-10000895,6227.654,899.95,0.37529853187823126,77
TEC-PH-10002584,6134.701999999999,438.193,0.37796904367631534,78
TEC-PH-10002624,6109.87,1104.4765,0.3806287457970964,79
FUR-CH-10000309,6084.144,697.1415,0.38327724907129657,80
FUR-CH-10000785,6008.536,785.4532,0.3858928392462085,81
TEC-CO-10002313,5999.9,1973.9670999999998,0.3885046700633084,82
FUR-CH-10002965,5989.204,267.3034,0.3911118447790701,83
FUR-TA-10004575,5965.09,-238.60360000000003,0.3937085223718257,84
OFF-AP-10000275,5906.52,1653.8256000000001,0.3962797037178176,85
FUR-CH-10003746,5906.032,1052.8144,0.3988506726313626,86
FUR-CH-10001394,5861.532999999999,701.98,0.4014022705788031,87
FUR-TA-10004915,5801.816,-66.82720000000002,0.40392787297616695,88
TEC-MA-10004002,5787.355,509.712,0.40644718032103894,89
OFF-ST-10001526,5751.774,1388.6082,0.40895099881571284,90
FUR-CH-10000595,5697.76,870.16,0.41143130434687825,91
TEC-CO-10001766,5669.874,2092.4535,0.4138994707566973,92
FUR-TA-10004256,5634.9,-964.194,0.41635241255093997,93
TEC-AC-10003870,5609.83,2243.932,0.4187944410635304,94
OFF-ST-10000142,5572.792,1380.7215999999999,0.4212203464757686,95
OFF-BI-10004632,5535.593,-246.0675,0.4236300587023595,96
FUR-BO-10001811,5492.885,15.049,0.42602117960733893,97
FUR-CH-10002880,5436.158,-474.7414,0.428387606546292,98
FUR-CH-10002073,5427.99,1292.1264,0.43075047785363213,99
TEC-PH-10004586,5327.26,1043.855,0.4330695001437876,100
FUR-CH-10000988,5294.456,833.5952,0.4353742424462559,101
TEC-PH-10004977,5291.7300000000005,838.8371999999999,0.4376777980871453,102
FUR-CH-10003312,5282.424,-989.0496,0.4399773027109204,103
FUR-CH-10004675,5212.112,972.6368,0.4422461996498321,104
TEC-MA-10001148,5204.241,-882.1188,0.4445116702449112,105
FUR-BO-10002613,5184.081,-126.44099999999996,0.4467683649421798,106
TEC-AC-10001838,5119.744000000001,2155.8922000000002,0.4489970529461236,107
FUR-TA-10001932,5098.176,-404.00640000000004,0.4512163521324099,108
OFF-AP-10003849,5009.48,715.64,0.4533970408508295,109
TEC-PH-10000984,4978.146000000001,1168.1004,0.45556408949077726,110
FUR-TA-10001539,4952.673,-450.243,0.4577200494181791,111
TEC-PH-10001363,4901.914000000001,512.991,0.4598539133239065,112
FUR-BO-10004695,4886.46,566.4674,0.46198104991193734,113
TEC-CO-10004202,4859.838,1154.9615000000001,0.4640965976134846,114
OFF-ST-10001932,4829.25,509.9688,0.466198829979604,115
OFF-ST-10002011,4778.766,1106.6616,0.4682790860349565,116
FUR-CH-10000513,4770.633,-197.5848,0.47035580169462976,117
OFF-ST-10002743,4704.696,-470.4696,0.47240381416115196,118
FUR-CH-10000847,4626.582,750.7284000000001,0.47441782263553317,119
FUR-CH-10002602,4619.987999999999,486.15560000000005,0.4764289606600055,120
TEC-PH-10001494,4619.2300000000005,896.8505000000001,0.4784397687176852,121
OFF-ST-10003306,4600.092,1252.8822,0.4804422457668185,122
FUR-TA-10002903,4544.925,-192.18540000000002,0.482420707937256,123
OFF-ST-10001809,4509.466,-332.371,0.48438373436560717,124
OFF-ST-10000689,4479.03,388.746,0.48633351162601407,125
OFF-AP-10001058,4476.96,956.9502,0.4882823877897707,126
FUR-TA-10004154,4446.175,-1147.4,0.49021786286155844,127
TEC-PH-10003012,4434.912,936.2592,0.492148435009882,128
FUR-CH-10003981,4420.056,41.1168,0.49407254015731905,129
TEC-CO-10001571,4399.92,1649.97,0.49598787985444304,130
OFF-ST-10002756,4384.044,-36.533699999999996,0.4978963085320413,131
FUR-TA-10000617,4334.8275,430.0695,0.4997833126573287,132
FUR-TA-10003748,4332.252,448.164,0.5016691956355522,133
OFF-BI-10003091,4322.814,1592.4978,0.5035509701354257,134
FUR-TA-10003238,4297.644,-611.5877999999999,0.505421787822408,135
TEC-MA-10000864,4268.0,466.4,0.5072797011088598,136
TEC-PH-10004094,4211.73,467.97,0.5091131193670482,137
OFF-BI-10004390,4209.799999999999,1052.45,0.5109456974723211,138
TEC-CO-10000971,4199.86,839.972,0.5127739485724238,139
OFF-ST-10002574,4199.456,-635.444,0.5146020238063201,140
FUR-CH-10004983,4185.48,342.88739999999996,0.5164240151142345,141
OFF-BI-10003656,4181.754,693.5591999999999,0.5182443844481786,142
TEC-PH-10002496,4180.532,904.742,0.5200642218303803,143
FUR-CH-10003774,4166.884,-503.1194,0.5218781180690644,144
TEC-CO-10001943,4119.794,1469.9265,0.5236715154472379,145
TEC-PH-10004539,4044.3860000000004,733.2812,0.5254320867886015,146
OFF-ST-10000046,4006.44,473.3415,0.5271761397659614,147
TEC-PH-10000730,3999.92,1039.9792,0.5289173545065294,148
TEC-AC-10002842,3998.4,499.8,0.5306579075722625,149
TEC-MA-10002927,3991.98,1995.99,0.5323956659324429,150
FUR-CH-10001708,3989.734,425.75960000000003,0.5341324465809923,151
TEC-PH-10001578,3968.5099999999998,518.336,0.5358599881593469,152
FUR-TA-10001768,3963.901,-598.5228,0.5375855233828895,153
TEC-CO-10003236,3959.9339999999997,1691.9718,0.5393093317221753,154
FUR-CH-10000665,3955.676,573.7239999999999,0.5410312865012987,155
OFF-ST-10003816,3946.656,419.3322,0.5427493147626519,156
FUR-FU-10000576,3861.056,289.5791999999999,0.544430080283302,157
OFF-AP-10003057,3855.1800000000003,1503.5202,0.5461082879083402,158
TEC-PH-10002549,3839.62,162.6192,0.5477797220725685,159
TEC-PH-10002834,3815.788,710.9605,0.5494407818718852,160
FUR-TA-10004619,3775.647,541.654,0.5510843677964992,161
TEC-AC-10002637,3743.7920000000004,21.598799999999997,0.5527140868448852,162
FUR-TA-10001307,3739.115,608.043,0.5543417699372168,163
TEC-PH-10003645,3684.708,575.3316,0.5559457689882702,164
FUR-CH-10003298,3680.538,-491.175,0.5575479527866514,165
TEC-PH-10002415,3657.38,339.1925,0.5591400556206727,166
FUR-CH-10002647,3641.274,234.234,0.5607251473133184,167
FUR-BO-10004218,3626.0056,-208.6504,0.5623035924822474,168
TEC-PH-10004447,3613.74,425.3094,0.5638766982835085,169
FUR-TA-10001771,3603.288,311.82300000000004,0.5654452541996549,170
TEC-PH-10001557,3590.026,576.8999,0.5670080370028665,171
FUR-TA-10003392,3540.348,354.0348,0.5685491943570988,172
OFF-ST-10003805,3537.24,536.9025,0.5700889987604186,173
FUR-CH-10000155,3528.79,514.366,0.5716251247740312,174
OFF-AP-10000828,3511.012,383.6776,0.5731535118039497,175
FUR-TA-10002645,3481.515,-295.815,0.5746690584242592,176
FUR-TA-10002530,3457.442,-392.54799999999994,0.576174125769371,177
FUR-BO-10003404,3447.84,206.87040000000002,0.5776750132449006,178
FUR-BO-10003272,3420.7704,-755.7516,0.5791641169881202,179
TEC-PH-10003505,3415.04,384.192,0.5806507262172121,180
TEC-MA-10003673,3404.5,1668.205,0.5821327472536989,181
FUR-TA-10001705,3401.6000000000004,210.47400000000002,0.5836135058842506,182
OFF-ST-10000025,3397.308,78.25259999999999,0.5850923961540184,183
FUR-TA-10000688,3354.89,100.211,0.5865528213427683,184
OFF-LA-10003930,3322.878,1517.9064,0.5879993113112449,185
FUR-BO-10004015,3317.7235,135.58870000000002,0.5894435574620003,186
FUR-FU-10001468,3317.0119999999997,-530.038,0.5908874938879891,187
FUR-TA-10004534,3253.2200000000003,-164.72000000000003,0.5923036608659064,188
OFF-BI-10004318,3234.913,1086.3772,0.5937118585798745,189
OFF-BI-10004584,3222.996,-461.33079999999995,0.5951148686760744,190
TEC-MA-10001972,3210.8,111.68,0.5965125697023489,191
OFF-ST-10001097,3178.13,-167.27,0.5978960490727967,192
TEC-PH-10002310,3168.606,581.6466,0.5992753825280288,193
TEC-PH-10002103,3158.064,654.1704,0.6006501269200311,194
FUR-CH-10004218,3150.576,499.851,0.6020216116928464,195
FUR-TA-10003715,3140.55,-401.9904,0.6033887320236259,196
OFF-ST-10000585,3138.8,693.8399999999999,0.6047550905577203,197
TEC-PH-10003691,3099.354,548.0565,0.606104277759224,198
TEC-PH-10003072,3059.7960000000003,1147.4235,0.6074362448731491,199
OFF-AP-10003590,3051.3,697.44,0.608764513572997,200
TEC-PH-10001336,3044.164,571.4257,0.6100896758836198,201
TEC-MA-10000010,3040.0,1459.2,0.611413025553445,202
OFF-AP-10002684,3039.5,401.21400000000006,0.6127361575670744,203
OFF-ST-10000991,3035.208,24.143700000000003,0.61405742121992,204
OFF-ST-10000736,3028.652,-3.2392000000000003,0.6153758309647277,205
OFF-SU-10000157,2982.75,-57.268800000000006,0.6166742590001457,206
FUR-TA-10001086,2979.004,54.71640000000002,0.6179710563553457,207
FUR-BO-10001337,2970.059,-78.637,0.6192639598412045,208
FUR-CH-10004853,2959.208,493.7046,0.6205521397523045,209
OFF-BI-10004519,2954.444,489.6410000000001,0.6218382458351719,210
FUR-BO-10000780,2946.3668,-767.7436,0.6231208358127915,211
OFF-AP-10002534,2946.2,-872.0751999999999,0.6244033531803043,212
FUR-CH-10000863,2913.9139999999998,-445.391,0.6256718160519487,213
TEC-PH-10002922,2906.628,422.475,0.6269371072375093,214
FUR-BO-10004357,2904.161,-170.83299999999997,0.6282013245074005,215
OFF-AP-10002518,2883.276,229.59420000000003,0.6294564502779975,216
TEC-AC-10002001,2879.82,763.1523,0.6307100716089697,217
TEC-PH-10001760,2865.6,967.14,0.6319575027977365,218
FUR-FU-10003664,2863.8,627.1722000000001,0.6332041504241989,219
FUR-TA-10003008,2847.7799999999997,-328.59,0.634443824346151,220
OFF-SU-10000646,2836.366,-427.8586,0.6356785296124678,221
TEC-AC-10001908,2799.72,719.928,0.6368972824208897,222
OFF-PA-10000994,2789.0099999999998,1262.394,0.6381113730336,223
FUR-TA-10001039,2764.257,-226.12740000000002,0.6393146883586861,224
FUR-FU-10004306,2759.06,314.76599999999996,0.6405157413652741,225
TEC-AC-10004666,2755.4,1184.8220000000001,0.6417152011285097,226
TEC-PH-10000441,2746.582,478.762,0.642910822307078,227
TEC-PH-10002555,2744.87,253.77100000000002,0.6441056982308323,228
FUR-BO-10001972,2740.197,-975.0988,0.6452985399397815,229
OFF-ST-10001128,2730.108,-68.8076,0.646486989782014,230
OFF-AP-10002118,2706.08,578.6848,0.6476649799381063,231
FUR-CH-10002084,2705.7799999999997,499.3394,0.6488428395004812,232
FUR-FU-10002937,2699.056,1260.221,0.6500177720223362,233
FUR-TA-10002041,2671.421,-519.941,0.6511806746862554,234
TEC-AC-10002253,2659.84,398.976,0.6523385359973698,235
FUR-CH-10000422,2647.809,49.13459999999999,0.6534911600651033,236
TEC-PH-10004667,2645.804,83.6938,0.6546429113314921,237
OFF-SU-10003505,2641.6079999999997,-7.105427357601002e-15,0.6557928360270866,238
TEC-PH-10000526,2630.126,418.51640000000003,0.6569377624658033,239
TEC-AC-10003911,2623.8360000000002,723.1548,0.6580799507895779,240
TEC-AC-10004171,2619.738,995.9004,0.6592203552031727,241
OFF-ST-10000060,2612.196,153.35279999999997,0.6603574764907117,242
TEC-PH-10001128,2609.826,341.9772,0.661493566087883,243
FUR-CH-10002126,2586.1879999999996,-48.796,0.6626193657707468,244
OFF-ST-10004186,2552.54,51.050799999999995,0.663730518062265,245
FUR-TA-10002356,2542.467,-445.587,0.6648372854520648,246
TEC-MA-10002428,2541.8360000000002,1092.6795,0.6659437781597456,247
TEC-MA-10003353,2519.958,-251.9958,0.6670407471029276,248
OFF-ST-10004123,2511.0480000000002,-218.352,0.6681338374127023,249
OFF-AP-10000891,2491.28,563.816,0.669218322467124,250
OFF-AP-10004487,2488.392,380.5776,0.6703015503393592,251
FUR-BO-10002916,2487.759,410.352,0.671384502658851,252
OFF-ST-10001370,2484.2999999999997,-78.07799999999999,0.6724659492327807,253
TEC-PH-10001944,2481.15,540.015,0.6735460245726776,254
TEC-AC-10003198,2450.16,630.468,0.6746126095815653,255
FUR-CH-10001146,2442.024,117.48629999999999,0.6756756528888367,256
TEC-MA-10000112,2396.4,179.73,0.6767188355035633,257
FUR-CH-10004289,2389.902,-1.7763568394002505e-15,0.6777591894583707,258
FUR-CH-10001270,2389.125,336.375,0.6787992051754499,259
TEC-AC-10000844,2362.7219999999998,676.5204,0.6798277273394593,260
TEC-MA-10002073,2339.982,-467.9964,0.6808463504996886,261
TEC-AC-10004571,2339.766,889.9110000000001,0.6818648796324412,262
TEC-MA-10004679,2330.65,-785.7620000000001,0.6828794404574339,263
OFF-ST-10004340,2300.66,485.00399999999996,0.6838809462638088,264
OFF-ST-10001522,2299.75,-172.9412,0.6848820559359077,265
FUR-TA-10001520,2298.114,-12.132900000000003,0.6858824534369341,266
FUR-TA-10002855,2297.538,100.97460000000001,0.6868826001980232,267
TEC-PH-10002114,2279.96,592.7896,0.6878750950378963,268
FUR-FU-10001488,2267.972,148.372,0.6888623713528216,269
OFF-BI-10001718,2264.892,569.422,0.6898483069055813,270
TEC-PH-10003580,2252.4320000000002,-119.119,0.6908288184659443,271
TEC-AC-10003174,2242.032,754.5300000000001,0.6918048027774368,272
FUR-TA-10002533,2241.8675,-795.9725,0.6927807154800409,273
TEC-PH-10000486,2227.008,250.5384,0.6937501596581652,274
TEC-PH-10002033,2221.596,324.69480000000004,0.6947172479256273,275
OFF-AP-10000938,2221.56,476.6256,0.6956843205218434,276
FUR-CH-10000749,2207.956,231.6544,0.6966454711282869,277
FUR-CH-10003817,2204.862,245.99699999999999,0.6976052748781915,278
FUR-CH-10001482,2200.464,-130.98,0.6985631641241987,279
FUR-FU-10004665,2191.68,569.8368,0.69951722958616,280
FUR-CH-10004477,2185.951,283.7474,0.7004688011434309,281
OFF-PA-10001970,2167.348,1006.4352,0.7014122745842849,282
TEC-PH-10003811,2159.82,259.1784,0.7023524709934565,283
TEC-AC-10002402,2159.73,479.94,0.703292628224513,284
TEC-AC-10003095,2157.8340000000003,699.3462,0.7042319601032753,285
TEC-PH-10002680,2155.902,153.993,0.7051704509584974,286
FUR-BO-10000362,2154.348,311.1836,0.7061082653382634,287
OFF-PA-10000357,2141.634,947.526,0.7070405451562852,288
FUR-TA-10002607,2140.878,-479.2164,0.7079724958781392,289
TEC-PH-10002275,2116.688,211.66879999999998,0.7088939163932454,290
TEC-AC-10000990,2098.88,881.5296,0.7098075848652856,291
FUR-TA-10002774,2096.168,-206.5342,0.7107200727701205,292
OFF-BI-10002026,2068.822,349.6332,0.7116206566223005,293
FUR-FU-10002298,2064.228,-173.12879999999998,0.7125192406493542,294
TEC-PH-10004345,2063.14,299.875,0.7134173510565263,295
FUR-FU-10003806,2058.496,-529.76,0.7143134398729527,296
TEC-PH-10000369,2041.038,317.4948,0.7152019290056502,297
FUR-TA-10004607,2040.054,-115.30739999999999,0.7160899897909546,298
FUR-TA-10002228,2033.496,-456.7032,0.7169751957975963,299
FUR-CH-10000229,2032.35,-460.666,0.7178599029362375,300
TEC-PH-10000038,2027.304,-339.7104,0.7187424134885517,301
TEC-PH-10001835,2022.272,872.1048000000001,0.7196227335489125,302
TEC-PH-10002824,2018.702,10.299500000000009,0.720501499544036,303
TEC-PH-10003484,2015.8400000000001,314.975,0.7213790196750953,304
OFF-AP-10000576,2010.852,376.48740000000004,0.7222543684679463,305
TEC-AC-10002567,1999.75,515.1356000000001,0.7231248844226281,306
TEC-PH-10002563,1990.6419999999998,312.4552,0.7239914355520493,307
TEC-PH-10003601,1979.88,593.964,0.7248533018495141,308
OFF-ST-10001511,1952.43,-74.34749999999998,0.7257032188218353,309
FUR-CH-10004626,1947.1770000000001,413.649,0.7265508490981646,310
OFF-AP-10001394,1946.7,374.22,0.7273982717304832,311
TEC-PH-10000576,1945.258,145.2094,0.7282450666423333,312
TEC-PH-10002447,1936.306,473.777,0.7290879646376559,313
TEC-AC-10004659,1926.9360000000001,408.744,0.7299267837558711,314
TEC-PH-10001580,1916.716,241.6142,0.7307611539814463,315
TEC-AC-10004975,1913.13,587.1329999999999,0.7315939631767859,316
FUR-BO-10003034,1912.308,-68.1096,0.7324264145453399,317
FUR-BO-10003159,1909.8178,-78.18639999999999,0.7332577818989767,318
TEC-PH-10001079,1903.8400000000001,276.0568,0.7340865470422004,319
FUR-BO-10004467,1897.8102,-612.9386999999999,0.7349126873387665,320
FUR-CH-10003833,1890.3799999999999,-131.107,0.7357355931772019,321
TEC-AC-10000892,1890.0,622.8,0.7365583335969287,322
OFF-PA-10004359,1887.3,851.3820000000001,0.7373798986731988,323
TEC-PH-10002660,1876.524,397.7415,0.7381967728231392,324
OFF-ST-10000036,1857.252,414.918,0.7390052576326728,325
FUR-CH-10003199,1842.268,155.372,0.7398072197213338,326
FUR-FU-10004864,1834.812,436.43789999999996,0.7406059361208045,327
FUR-CH-10004698,1830.148,80.97999999999999,0.7414026222232819,328
TEC-PH-10001619,1803.108,411.579,0.742187537478696,329
TEC-AC-10001606,1799.82,497.9502,0.7429710214269674,330
FUR-TA-10004086,1788.384,-22.354800000000004,0.7437495271427307,331
OFF-PA-10000418,1782.4499999999998,746.532,0.7445254497147635,332
OFF-AP-10001205,1776.048,207.024,0.7452985854168667,333
FUR-CH-10001973,1775.68,-228.61880000000002,0.7460715609240097,334
FUR-CH-10004886,1775.075,117.059,0.7468442730671561,335
TEC-PH-10003963,1771.5140000000001,94.75540000000001,0.7476154350628766,336
FUR-CH-10003396,1770.54,-216.31380000000001,0.748386173064328,337
OFF-ST-10001963,1764.534,-6.084599999999998,0.7491542965795567,338
OFF-AP-10001005,1761.76,549.7635,0.7499212125382116,339
FUR-CH-10000225,1757.266,-166.00900000000001,0.7506861722029797,340
FUR-CH-10004860,1746.9540000000002,-246.3912,0.7514466429263678,341
OFF-PA-10003395,1740.51,704.592,0.7522043084967057,342
TEC-PH-10003273,1738.662,340.173,0.7529611696097444,343
TEC-PH-10001254,1727.0639999999999,129.5298,0.7537129819696676,344
TEC-AC-10001142,1722.2,15.800000000000004,0.7544626769701193,345
OFF-ST-10002292,1706.508,222.588,0.7552055410485251,346
FUR-TA-10004289,1706.25,-1148.4375,0.755948292816334,347
TEC-AC-10001990,1703.7160000000001,357.5404,0.7566899415025432,348
OFF-PA-10000100,1696.986,756.2655,0.7574286605363583,349
TEC-AC-10000474,1690.8220000000001,360.962,0.7581646963045928,350
FUR-CH-10001714,1689.968,-114.6764,0.7589003603160451,351
FUR-CH-10001545,1686.904,-36.473600000000005,0.7596346905303303,352
FUR-FU-10000277,1685.44,244.3888,0.7603683834472744,353
TEC-PH-10004042,1685.294,273.4628,0.7611020128086093,354
TEC-PH-10001299,1679.8880000000001,59.99600000000001,0.7618332888711564,355
OFF-AP-10002457,1674.4,146.51000000000002,0.7625621759392995,356
TEC-PH-10004908,1665.804,178.47899999999998,0.7632873210621264,357
FUR-BO-10003965,1646.9180000000001,-285.9484,0.7640042448751293,358
TEC-AC-10001432,1641.1499999999999,722.106,0.7647186578062587,359
OFF-ST-10002344,1635.796,-110.1328,0.7654307400748447,360
TEC-PH-10002483,1631.952,142.79579999999999,0.7661411490025982,361
FUR-FU-10003601,1623.248,-343.0956,0.7668477689712969,362
TEC-MA-10003356,1619.82,-22.497500000000002,0.7675528966891181,363
TEC-AC-10002800,1619.676,514.897,0.7682579617219548,364
OFF-AR-10000380,1617.9479999999999,448.164,0.7689622745349792,365
TEC-AC-10000736,1615.798,540.7324,0.7696656514263621,366
TEC-PH-10004614,1614.6,165.6,0.7703685068135002,367
FUR-CH-10002439,1589.406,253.8392,0.7710603949402496,368
TEC-PH-10004120,1589.084,271.24019999999996,0.7717521428964089,369
TEC-PH-10001425,1583.8020000000001,201.57479999999998,0.7724415915325169,370
FUR-FU-10000308,1579.3719999999998,318.3616,0.7731291117347311,371
TEC-AC-10004469,1574.03,634.406,0.7738143064981504,372
OFF-BI-10001071,1573.908,562.3842,0.7744994481534581,373
FUR-BO-10001608,1570.0775999999998,-26.972399999999993,0.7751829223881816,374
OFF-PA-10000675,1565.818,729.622,0.7758645423662429,375
OFF-EN-10000056,1555.75,632.2568,0.7765417796191476,376
FUR-FU-10003192,1545.816,362.46720000000005,0.7772146924787564,377
TEC-PH-10004536,1538.886,323.976,0.7778845886234927,378
OFF-AP-10003217,1524.5320000000002,53.0272,0.778548236294163,379
FUR-CH-10004875,1501.8980000000001,254.8244,0.7792020311041666,380
TEC-PH-10002645,1499.97,-374.9925,0.7798549866318797,381
TEC-AC-10002076,1497.0,20.957999999999995,0.7805066492817903,382
TEC-AC-10000109,1489.334,255.3144,0.7811549748269084,383
FUR-BO-10003546,1474.308,-191.86200000000002,0.7817967593680336,384
FUR-BO-10003441,1473.2982000000002,73.71539999999999,0.782438104330706,385
OFF-AP-10003779,1473.108,311.22,0.7830793664969615,386
FUR-FU-10003394,1469.1599999999999,-40.57679999999999,0.7837189100498958,387
TEC-PH-10002468,1468.692,178.1469,0.7843582498766309,388
OFF-ST-10001272,1465.7440000000001,287.914,0.7849963064024362,389
FUR-CH-10003061,1448.839,63.8929,0.785627003972265,390
OFF-ST-10004337,1445.2640000000001,-24.496,0.7862561453002948,391
TEC-PH-10004241,1439.968,143.9968,0.7868829812138997,392
FUR-FU-10004848,1438.132,235.1407,0.7875090178939539,393
FUR-CH-10002961,1437.484,54.588,0.7881347724915785,394
FUR-TA-10002622,1436.232,-143.6232,0.7887599820780892,395
OFF-PA-10001033,1434.65,619.3589,0.7893845030003965,396
FUR-FU-10000293,1431.944,46.3276,0.7900078459673728,397
FUR-BO-10003966,1427.683,-8.549,0.7906293340682494,398
FUR-BO-10004709,1426.8878,-20.293,0.7912504760087123,399
OFF-ST-10000563,1426.308,-12.792000000000003,0.7918713655550509,400
FUR-CH-10001891,1420.504,229.3922,0.7924897285482697,401
TEC-AC-10002926,1409.718,554.889,0.793103396262035,402
TEC-AC-10003628,1409.53,536.2212000000001,0.7937169821370708,403
OFF-ST-10004804,1400.256,-179.6652,0.7943265309249887,404
TEC-AC-10000420,1399.8,429.7386,0.7949358812104563,405
FUR-CH-10003535,1396.442,-20.733200000000004,0.7955437697169135,406
TEC-MA-10003626,1396.21,139.621,0.7961515572308959,407
TEC-PH-10002352,1394.95,362.687,0.7967587962512651,408
TEC-MA-10002178,1391.4,-55.656,0.797364489912645,409
TEC-PH-10004434,1386.69,228.39600000000002,0.7979681332526612,410
TEC-PH-10001750,1385.79,229.6452,0.7985713848115255,411
OFF-AP-10002311,1383.0810000000001,381.2074,0.7991734571091214,412
TEC-MA-10004212,1379.92,648.5624,0.799774153384248,413
FUR-BO-10003893,1368.2620000000002,-103.482,0.8003697747875158,414
OFF-ST-10003656,1363.058,-126.7068,0.8009631308250988,415
TEC-MA-10003230,1362.9,-19.47,0.801556418083324,416
OFF-EN-10003001,1360.476,559.3068000000001,0.8021486501443126,417
OFF-EN-10002230,1359.6660000000002,514.4909,0.802740529602264,418
TEC-MA-10003183,1343.9160000000002,463.971,0.803325552890051,419
FUR-CH-10003968,1341.5220000000002,-32.6508,0.8039095340399732,420
TEC-PH-10001061,1339.866,229.977,0.8044927943125751,421
TEC-PH-10002890,1339.104,167.388,0.8050757228771348,422
FUR-FU-10004188,1329.9,345.774,0.8056546448264441,423
FUR-FU-10003708,1322.17,172.246,0.806230201810968,424
OFF-PA-10001878,1320.57,542.901,0.8068050622956657,425
FUR-BO-10002598,1320.228,362.70779999999996,0.8073797739035256,426
OFF-AP-10000179,1320.166,417.0244,0.8079544585220171,427
FUR-CH-10002372,1311.876,-42.1096,0.808525534400784,428
TEC-PH-10004389,1310.296,284.7374,0.8090959224859726,429
FUR-FU-10003773,1304.1280000000002,-111.328,0.809663625564331,430
FUR-TA-10004175,1296.028,-177.3512,0.8102278026123192,431
OFF-BI-10002867,1291.248,451.9368,0.8107898988670765,432
OFF-ST-10000129,1287.9479999999999,48.8532,0.8113505585909423,433
TEC-MA-10004241,1286.85,360.318,0.8119107403418024,434
TEC-PH-10001305,1283.538,154.8084,0.8124694803380221,435
OFF-ST-10002554,1281.442,-108.5802,0.8130273079194695,436
OFF-PA-10001289,1279.08,547.6788,0.8135841072930484,437
FUR-FU-10004071,1268.922,106.09020000000001,0.8141364847633557,438
FUR-CH-10002758,1268.696,73.194,0.8146887638530624,439
OFF-EN-10003296,1266.72,570.024,0.8152401827654837,440
FUR-FU-10004017,1264.5819999999999,222.875,0.8157906709800122,441
FUR-BO-10001798,1263.9569999999999,-56.3214,0.8163408871242962,442
TEC-PH-10001809,1259.58,134.95499999999998,0.816889197906243,443
TEC-AC-10001539,1247.844,377.5528,0.8174323998619645,444
OFF-AP-10000026,1243.788,74.99310000000001,0.8179738361906265,445
FUR-CH-10003846,1242.054,139.3524,0.8185145176876018,446
OFF-ST-10001837,1240.04,259.12559999999996,0.8190543224654209,447
OFF-LA-10003510,1233.412,524.5054,0.8195912419927098,448
TEC-AC-10002473,1231.692,411.2262,0.8201274127826855,449
FUR-TA-10004147,1231.56,96.2856,0.8206635261114257,450
TEC-PH-10003437,1229.836,127.483,0.8211988889616029,451
TEC-AC-10001314,1229.754,-11.997600000000006,0.8217342161161642,452
OFF-PA-10003228,1222.75,574.6925,0.822266494342736,453
TEC-PH-10000673,1221.812,376.942,0.8227983642462848,454
OFF-BI-10000632,1219.821,329.0478,0.8233293674428623,455
OFF-BI-10001597,1217.106,215.5548,0.8238591887662973,456
TEC-MA-10002210,1212.705,-1057.23,0.8243870942798978,457
OFF-AP-10001242,1207.2,80.47999999999998,0.8249126033987835,458
FUR-FU-10002918,1200.936,-256.56359999999995,0.8254353857208496,459
OFF-ST-10002974,1193.818,278.848,0.8259550694893139,460
OFF-ST-10001469,1187.56,-30.228800000000003,0.8264720290728328,461
FUR-FU-10000965,1184.232,448.76160000000004,0.8269875399367133,462
TEC-AC-10001465,1184.032,319.61600000000004,0.8275029637381153,463
OFF-BI-10003718,1180.704,413.2464,0.8280169388198788,464
OFF-AR-10002135,1166.44,310.89,0.8285247046056916,465
TEC-PH-10000455,1159.9,336.371,0.8290296234484646,466
TEC-AC-10001552,1154.664,47.2815,0.8295322629955564,467
TEC-PH-10002789,1154.326,-212.14640000000003,0.8300347554070598,468
TEC-AC-10003610,1139.81,515.914,0.8305309288238899,469
TEC-PH-10001700,1135.028,75.2286,0.8310250205768643,470
OFF-ST-10000675,1125.148,260.953,0.8315148114434119,471
TEC-PH-10001051,1119.888,125.9874,0.8320023125667807,472
TEC-PH-10002170,1119.84,162.3768,0.8324897927951547,473
FUR-BO-10001519,1119.195,147.0942,0.8329769922470363,474
FUR-FU-10004091,1117.4279999999999,322.9506,0.8334634225019223,475
OFF-ST-10000532,1115.92,233.18880000000001,0.833949196305722,476
FUR-FU-10000723,1115.6399999999999,-125.1996,0.8344348482220522,477
FUR-FU-10001979,1114.384,288.4288,0.8349199533860188,478
OFF-AR-10002671,1113.024,111.3024,0.835404466525133,479
TEC-PH-10002726,1112.788,430.418,0.8358888769305229,480
TEC-AC-10004353,1108.8,275.31,0.836371551310096,481
OFF-PA-10000474,1105.7279999999998,467.0992,0.8368528884100026,482
OFF-PA-10001125,1102.888,404.289,0.8373329892227178,483
OFF-BI-10000977,1100.48,328.928,0.8378120418031945,484
OFF-BI-10004593,1100.4,138.336,0.8382910595586799,485
OFF-PA-10003302,1098.6399999999999,497.5776,0.8387693111643564,486
OFF-PA-10004071,1098.504,492.6624,0.8392475035675476,487
OFF-PA-10000806,1097.2079999999999,526.212,0.8397251318058797,488
OFF-BI-10004224,1089.936,-242.20800000000003,0.8401995944525016,489
FUR-TA-10004152,1088.64,-104.832,0.8406734929342642,490
FUR-CH-10001190,1087.92,-149.589,0.841147077991105,491
TEC-AC-10004568,1086.012,156.4641,0.8416198324719032,492
TEC-PH-10004922,1085.238,130.63049999999998,0.8420922500209103,493
OFF-BI-10002735,1073.903,364.7153,0.842559733303961,494
OFF-AP-10001293,1073.676,188.508,0.8430271177710988,495
OFF-ST-10001418,1073.248,-121.96000000000001,0.8434943159245332,496
OFF-AR-10001953,1073.112,206.26620000000003,0.8439614548754822,497
OFF-ST-10000877,1072.626,254.334,0.8444283822646091,498
FUR-BO-10004690,1072.344,-78.36359999999999,0.8448951868956417,499
TEC-PH-10002398,1070.304,133.788,0.8453611034893959,500
FUR-BO-10000330,1064.624,24.196,0.8458245475087669,501
OFF-ST-10003692,1053.032,151.65949999999998,0.8462829453868969,502
OFF-ST-10003282,1051.7759999999998,277.2864,0.8467407965126633,503
FUR-FU-10002253,1047.7359999999999,340.5142,0.8471968889763686,504
OFF-AP-10004540,1042.08,291.7824,0.8476505193131881,505
TEC-PH-10004531,1041.81,153.30919999999998,0.848104032115662,506
OFF-BI-10002082,1041.664,259.584,0.8485574813625267,507
FUR-TA-10003469,1040.625,-357.97499999999997,0.8490104783198168,508
TEC-AC-10000580,1039.87,43.194599999999994,0.8494631466162514,509
TEC-MA-10004552,1035.8,269.308,0.8499140431912531,510
TEC-MA-10003176,1029.6,115.83,0.8503622408294281,511
OFF-AP-10001564,1023.3520000000001,-9.303200000000004,0.8508077186357816,512
OFF-PA-10000482,1016.7919999999999,453.7624,0.8512503407928477,513
FUR-BO-10001918,1014.174,-418.548,0.8516918233020732,514
TEC-MA-10002937,1007.979,43.1991,0.8521306090510339,515
TEC-AC-10002942,1007.4,33.81,0.85256914275412,516
FUR-TA-10000849,1007.262,-586.8396,0.8530076163840962,517
OFF-PA-10002377,1004.652,415.284,0.8534449538487308,518
FUR-FU-10004904,1002.936,-267.4496,0.8538815443173017,519
FUR-FU-10000747,1002.3639999999999,124.6058,0.8543178857871848,520
TEC-PH-10001918,1000.728,100.0728,0.8547535150859955,521
OFF-ST-10000604,980.232,198.132,0.8551802222220324,522
OFF-PA-10003641,970.784,400.976,0.8556028165265954,523
FUR-CH-10003761,969.252,204.3288,0.8560247439325749,524
FUR-CH-10001802,967.84,12.097999999999999,0.8564460566774577,525
OFF-PA-10001815,960.8,461.184,0.856864304823105,526
OFF-PA-10001497,956.3040000000001,423.74159999999995,0.8572805958042407,527
OFF-ST-10001713,953.82,-63.587999999999994,0.8576958054693962,528
OFF-AP-10001563,952.168,55.38120000000001,0.8581102959984811,529
FUR-FU-10003553,949.026,247.57199999999997,0.8585234187760322,530
OFF-AP-10001271,948.228,241.1354,0.858936194174295,531
OFF-EN-10001453,939.092,421.9816,0.85934499255855,532
OFF-AP-10003287,937.848,130.4832,0.8597532494141902,533
OFF-ST-10001476,937.4639999999999,185.7173,0.8601613391098721,534
FUR-BO-10001601,935.1972,-125.74080000000001,0.8605684420394252,535
OFF-AP-10002578,929.48,169.2632,0.8609730562009742,536
TEC-AC-10001767,927.768,37.9905,0.8613769251077091,537
FUR-CH-10003956,922.74,-133.4424,0.8617786052637402,538
FUR-TA-10004442,917.9200000000001,-415.9325,0.8621781872140447,539
TEC-MA-10002859,917.8979999999999,393.2563,0.8625777595874767,540
TEC-PH-10003885,910.662,207.86849999999998,0.8629741820404446,541
TEC-PH-10000215,908.7,219.8355,0.8633697504105006,542
TEC-PH-10002262,904.5519999999999,133.30239999999998,0.863763513104757,543
FUR-CH-10002304,901.506,44.166000000000004,0.8641559498374692,544
OFF-BI-10001670,901.03,147.02999999999997,0.8645481793614833,545
TEC-AC-10000158,899.75,132.0833,0.8649398516856363,546
OFF-ST-10003442,899.304,197.3944,0.8653313298604627,547
TEC-AC-10000358,888.966,196.0284,0.865718307775787,548
TEC-AC-10002323,884.0,38.012,0.8661031239297756,549
TEC-PH-10001433,882.102,58.4649,0.8664871138608454,550
FUR-CH-10001797,881.192,170.8512,0.866870707657639,551
OFF-PA-10002254,881.092,354.0196,0.8672542579231934,552
OFF-PA-10003039,879.832,334.584,0.8676372596951347,553
OFF-AR-10003373,873.636,149.9432,0.8680175642714989,554
OFF-ST-10003479,872.256,-52.569,0.8683972681167631,555
OFF-AP-10004708,867.768,57.09,0.8687750182800147,556
FUR-FU-10001290,867.2599999999999,266.072,0.8691525473045714,557
OFF-PA-10001144,865.4879999999999,375.0448,0.8695293049555706,558
OFF-ST-10003123,858.8820000000001,201.07160000000002,0.8699031869329122,559
FUR-BO-10004409,858.858,-9.93719999999999,0.8702770584627566,560
OFF-PA-10000062,857.376,380.8728,0.8706502848596368,561
FUR-BO-10000711,851.76,229.9752,0.871021066542127,562
OFF-ST-10003994,849.3119999999999,-47.184,0.8713907825798831,563
TEC-PH-10004093,846.216,95.1993,0.8717591508904754,564
TEC-PH-10002115,844.672,112.18299999999999,0.8721268470787354,565
OFF-BI-10001543,842.166,280.72200000000004,0.8724934523741427,566
FUR-FU-10001473,839.6759999999999,176.3247,0.8728589737416953,567
OFF-BI-10002133,834.6,-82.17599999999999,0.8732222854635493,568
TEC-PH-10003555,832.238,-91.5002,0.8735845689775348,569
FUR-TA-10001857,828.0965,-216.2545,0.8739450496452513,570
OFF-ST-10002790,827.12,-104.1285,0.8743051052304177,571
FUR-BO-10000112,825.174,-117.882,0.8746643136976705,572
OFF-AP-10002439,823.2520000000001,-17.03280000000001,0.875022685494507,573
FUR-FU-10001185,822.738,311.7744,0.8753808335407743,574
FUR-CH-10004540,815.864,15.0832,0.8757359892496632,575
OFF-AP-10001391,812.1600000000001,235.52639999999997,0.8760895325614544,576
TEC-PH-10002538,803.692,157.70559999999998,0.8764393896479152,577
FUR-CH-10004754,803.464,125.0166,0.8767891474831508,578
FUR-BO-10003894,802.074,106.47,0.8771383002341625,579
TEC-AC-10001714,789.822,211.8159,0.8774821195377548,580
FUR-FU-10003930,786.9,147.9372,0.8778246668585394,581
OFF-EN-10003055,783.608,299.85,0.8781657811309316,582
OFF-BI-10001524,780.456,49.51280000000001,0.8785055232986662,583
TEC-PH-10003931,779.87,14.997499999999995,0.8788450103733394,584
TEC-AC-10004510,778.736,42.536,0.8791840038037608,585
FUR-FU-10003268,775.6120000000001,135.932,0.8795216373182715,586
TEC-AC-10001109,773.742,286.70439999999996,0.8798584567986102,587
OFF-AP-10000240,770.112,162.57920000000001,0.8801936960949682,588
OFF-PA-10000157,767.232,354.2454,0.8805276816916391,589
FUR-CH-10002774,764.7,76.9798,0.8808605650773349,590
FUR-FU-10002116,763.6679999999999,-222.73649999999998,0.8811929992206428,591
TEC-AC-10003023,759.936,78.36840000000001,0.881523808778106,592
OFF-AP-10001469,759.1220000000001,166.84,0.8818542639912826,593
OFF-PA-10002581,755.912,244.74200000000002,0.8821833218516829,594
FUR-BO-10002268,754.7336,-294.7672,0.8825118667399612,595
OFF-BI-10001989,753.182,284.0692,0.882839736197533,596
TEC-PH-10002085,752.2860000000001,68.6296,0.8831672156152021,597
FUR-BO-10002824,748.8608,24.156800000000004,0.8834932040008682,598
TEC-PH-10001819,746.834,302.3328,0.8838183100953795,599
TEC-PH-10003171,746.17,163.618,0.8841431271424628,600
OFF-PA-10003892,743.432,328.6752,0.8844667523042186,601
TEC-PH-10002923,739.8,64.73249999999999,0.8847887964113688,602
OFF-AP-10002191,737.754,89.97,0.8851099498693661,603
FUR-BO-10003660,729.2339999999999,48.6156,0.8854273944657889,604
TEC-PH-10003174,727.944,90.993,0.8857442775092268,605
FUR-BO-10000468,723.842,-133.1092,0.8860593749012351,606
TEC-MA-10001681,723.51,-506.457,0.8863743277695296,607
OFF-PA-10001954,721.7439999999999,314.73519999999996,0.8866885118761408,608
TEC-AC-10001772,718.65,280.2735,0.8870013491262131,609
TEC-PH-10001198,709.92,79.866,0.8873103860991085,610
OFF-ST-10003058,709.5,205.755,0.8876192402407996,611
TEC-AC-10000865,708.0,120.36,0.8879274414139037,612
FUR-CH-10003606,705.32,151.3232,0.8882344759497988,613
OFF-AR-10004022,705.208,111.538,0.888541461730706,614
OFF-BI-10003984,704.691,39.3714,0.888848222455107,615
TEC-MA-10001695,703.71,-938.28,0.8891545561380519,616
FUR-FU-10004845,702.44,123.96,0.8894603369742599,617
TEC-PH-10001924,699.9,17.4975,0.8897650121169935,618
OFF-BI-10003007,698.04,90.7452,0.8900688775786793,619
FUR-CH-10002044,694.194,-158.48579999999998,0.8903710688289077,620
OFF-AP-10003842,693.952,143.74720000000002,0.8906731547335375,621
TEC-PH-10002564,689.77,122.959,0.8909734201617465,622
TEC-PH-10000562,688.138,-31.077199999999998,0.8912729751601327,623
FUR-CH-10000553,685.588,115.7354,0.8915714201119209,624
OFF-PA-10003129,684.74,321.8278,0.8918694959188012,625
OFF-ST-10002276,683.552,120.872,0.8921670545745605,626
FUR-FU-10001215,681.454,256.1922,0.8924636999449226,627
FUR-FU-10004973,678.24,120.9528,0.8927589462212588,628
OFF-AP-10002734,675.12,290.3016,0.893052834322934,629
FUR-FU-10004006,673.87,72.07849999999999,0.8933461782841199,630
OFF-AR-10004010,671.808,153.95600000000002,0.8936386246311547,631
OFF-BI-10004492,669.496,234.3236,0.8939300645359407,632
OFF-BI-10003364,667.9929999999999,182.6042,0.8942208501662023,633
OFF-AP-10003040,665.6759999999999,43.706,0.8945106271776532,634
OFF-AP-10002867,664.832,-78.016,0.8948000367854456,635
OFF-BI-10004330,661.942,-9.24499999999999,0.895088188340427,636
OFF-BI-10000666,653.984,210.864,0.8953728756793977,637
FUR-TA-10001676,653.121,-148.3962,0.8956571873437746,638
OFF-ST-10004950,652.624,39.8392,0.8959412826578931,639
OFF-PA-10001357,651.4399999999999,302.728,0.8962248625621401,640
FUR-BO-10003450,649.376,-97.4064,0.8965075439816113,641
TEC-MA-10001856,649.0,-272.58,0.8967900617236232,642
OFF-AP-10001124,647.84,168.4384,0.8970720745032613,643
OFF-LA-10002762,639.03,300.3441,0.8973502521807312,644
FUR-TA-10004767,638.8199999999999,34.0704,0.8976283384425988,645
FUR-FU-10001876,636.6080000000001,179.2896,0.8979054617934568,646
OFF-EN-10001434,632.52,309.9348,0.8981808055872587,647
TEC-AC-10003590,626.538,212.298,0.8984535453423352,648
TEC-PH-10004080,625.508,-10.878400000000003,0.8987258367256487,649
OFF-PA-10001736,623.744,285.64639999999997,0.8989973602179037,650
TEC-AC-10002550,619.4159999999999,9.148499999999999,0.8992669996781288,651
OFF-AR-10001044,618.562,120.3337,0.8995362673815717,652
TEC-PH-10001527,618.48,-6.4425,0.8998054993893985,653
OFF-PA-10004039,615.78,273.18240000000003,0.9000735560537685,654
OFF-PA-10004475,615.552,279.1968,0.9003415134669133,655
OFF-ST-10000943,614.0579999999999,127.44600000000001,0.9006088205233453,656
OFF-ST-10000777,611.712,149.5296,0.9008751063369073,657
OFF-BI-10002854,611.054,106.514,0.9011411057149156,658
OFF-EN-10002831,610.98,274.941,0.9014070728798069,659
TEC-PH-10003092,607.068,-13.337100000000003,0.9016713371026231,660
TEC-PH-10002597,604.752,132.2895,0.901934593141941,661
OFF-PA-10004327,603.54,279.736,0.9021973215826404,662
FUR-CH-10002780,600.4680000000001,47.3096,0.9024587127436735,663
TEC-MA-10004626,600.0,218.4,0.9027199001785075,664
TEC-PH-10001448,599.88,-23.995199999999997,0.9029810353758543,665
OFF-ST-10000934,598.308,-57.372,0.903241486262122,666
TEC-MA-10003674,597.132,49.761,0.9035014252210174,667
OFF-PA-10002923,597.068,278.95799999999997,0.9037613363199197,668
TEC-PH-10003357,596.6220000000001,45.894000000000005,0.9040210532694956,669
OFF-PA-10002222,593.84,260.83279999999996,0.9042795591799985,670
TEC-AC-10001114,591.852,183.954,0.9045371996894673,671
TEC-PH-10000675,590.328,44.2746,0.9047941767828517,672
OFF-PA-10001790,586.088,236.3568,0.9050493081516966,673
OFF-BI-10003982,583.6370000000001,55.2482,0.9053033725698703,674
TEC-AC-10000991,582.6759999999999,57.3278,0.9055570186528357,675
OFF-ST-10000676,581.58,-56.2194,0.9058101876334202,676
FUR-FU-10001986,581.172,81.568,0.9060631790065491,677
TEC-MA-10001016,575.82,67.179,0.9063138405877592,678
OFF-PA-10003790,575.568,254.8944,0.9065643924702467,679
FUR-FU-10004748,575.46,107.41919999999999,0.9068148973389958,680
OFF-LA-10001474,573.9639999999999,244.23999999999998,0.9070647509804075,681
OFF-PA-10002319,573.648,257.3664,0.9073144670631035,682
OFF-AR-10002240,573.648,126.8064,0.9075641831457995,683
TEC-PH-10000011,571.7139999999999,218.2908,0.9078130573343305,684
TEC-AC-10004595,571.2,119.952,0.9080617077722923,685
OFF-EN-10002504,570.78,225.0504,0.9083101753790499,686
OFF-BI-10003876,569.24,162.64000000000001,0.9085579726047246,687
OFF-AR-10003903,565.3860000000001,140.9368,0.908804092136443,688
TEC-AC-10003280,563.812,66.2779,0.9090495264864572,689
FUR-FU-10003975,563.03,56.303000000000004,0.9092946204221815,690
OFF-AP-10000159,558.74,101.003,0.9095378468677466,691
TEC-AC-10000057,557.814,107.66409999999999,0.9097806702140373,692
TEC-AC-10002006,556.452,126.1611,0.910022900664851,693
OFF-BI-10001765,554.24,157.95839999999998,0.9102641682046549,694
OFF-EN-10000927,552.706,177.6555,0.9105047679752505,695
TEC-AC-10001874,551.908,89.985,0.9107450203665577,696
FUR-FU-10002759,551.448,91.1088,0.9109850725141648,697
TEC-AC-10004901,549.89,120.9758,0.9112244464450662,698
OFF-AP-10004336,546.816,61.5168,0.9114624822256764,699
FUR-FU-10001602,546.192,17.447799999999997,0.9117002463713545,700
TEC-PH-10001468,546.06,163.818,0.9119379530557968,701
OFF-BI-10002794,545.034,85.2384,0.9121752131097256,702
TEC-AC-10003399,543.6,228.312,0.9124118489256852,703
OFF-PA-10001019,543.456,204.5952,0.9126484220566603,704
TEC-PH-10001552,542.984,95.2016,0.9128847897201867,705
FUR-BO-10002853,540.804,-12.290999999999997,0.9131202084026998,706
OFF-PA-10003656,538.152,239.0028,0.913354472636751,707
TEC-AC-10003116,536.05,189.57,0.9135878218441553,708
FUR-FU-10004018,536.04,144.7308,0.9138211666984359,709
OFF-AR-10004602,533.3679999999999,119.548,0.9140533483980067,710
TEC-AC-10001013,533.078,160.2163,0.9142854038569841,711
OFF-BI-10003684,532.158,48.37800000000001,0.9145170588285613,712
FUR-FU-10003535,531.948,192.2142,0.9147486223845362,713
OFF-AR-10002067,531.712,135.30880000000002,0.9149800832067869,714
OFF-PA-10004353,527.472,236.5632,0.915209698304498,715
OFF-BI-10002429,526.612,-201.51279999999997,0.9154389390335528,716
OFF-AR-10003582,523.59,118.22999999999999,0.9156668642485605,717
OFF-ST-10003641,520.0799999999999,-20.488,0.9158932615170745,718
FUR-TA-10001866,519.941,-39.4438,0.9161195982771663,719
OFF-ST-10000636,518.9399999999999,4.687199999999999,0.9163454992895541,720
OFF-ST-10001321,518.112,124.131,0.9165710398632819,721
OFF-LA-10003923,518.0,244.2,0.9167965316820219,722
OFF-ST-10001590,517.6320000000001,118.62400000000001,0.9170218633058018,723
OFF-PA-10002120,516.624,236.32799999999997,0.9172467561346912,724
TEC-PH-10004912,516.53,87.37049999999999,0.9174716080442157,725
OFF-AP-10002350,516.216,122.8368,0.9176963232656494,726
TEC-PH-10004896,515.828,83.972,0.9179208695858753,727
OFF-AP-10001154,515.79,201.1581,0.9181453993642303,728
FUR-FU-10004952,514.556,23.53819999999999,0.9183693919670942,729
FUR-FU-10000758,513.712,123.9264,0.9185930171662998,730
OFF-PA-10000176,512.1899999999999,216.25799999999998,0.9188159798200458,731
OFF-AR-10001955,511.872,123.00800000000001,0.9190388040444513,732
FUR-FU-10003623,508.72800000000007,99.5808,0.9192602596466983,733
TEC-MA-10001031,506.28,177.198,0.919480649604211,734
OFF-BI-10001510,504.24,88.242,0.9197001515244455,735
TEC-AC-10002335,503.856,50.3856,0.9199194862847218,736
TEC-AC-10000023,503.28,181.1808,0.9201385703050603,737
OFF-PA-10003823,501.87600000000003,195.174,0.9203570431468016,738
OFF-PA-10000659,501.392,221.8404,0.9205753052973453,739
FUR-FU-10003039,500.308,101.7868,0.9207930955692568,740
TEC-AC-10003289,499.75,99.55019999999999,0.921010642936854,741
OFF-PA-10003134,499.616,199.84640000000002,0.9212281319725906,742
TEC-PH-10000193,496.584,88.28160000000001,0.9214443011411564,743
OFF-AR-10004042,496.248,113.274,0.9216603240447588,744
OFF-BI-10000778,496.018,-411.332,0.9218762468265114,745
TEC-PH-10000439,495.87600000000003,69.9825,0.9220921077939043,746
TEC-AC-10002600,495.6,16.107,0.9223078486150771,747
TEC-AC-10000927,491.836,32.989000000000004,0.9225219509204088,748
TEC-PH-10003095,491.68,195.355,0.9227359853170074,749
OFF-PA-10000167,489.48400000000004,182.782,0.9229490637675946,750
FUR-BO-10004360,489.37919999999997,-70.8312,0.9231620965974429,751
OFF-EN-10004483,488.904,223.1408,0.9233749225668431,752
TEC-PH-10000141,488.326,-48.8326,0.9235874969256808,753
FUR-FU-10000076,487.512,180.0198,0.9237997169402321,754
OFF-BI-10004001,487.34400000000005,100.8768,0.9240118638223016,755
OFF-ST-10004180,483.704,-7.441599999999999,0.9242224261672664,756
OFF-ST-10002370,483.414,118.92840000000001,0.9244328622716377,757
TEC-PH-10001615,481.234,131.3247,0.9246423493949958,758
OFF-ST-10002583,480.70399999999995,-18.1888,0.9248516058027865,759
TEC-MA-10002790,479.988,55.9986,0.9250605505269048,760
TEC-AC-10004420,479.72,52.7692,0.9252693785873025,761
FUR-FU-10004460,479.33799999999997,127.2996,0.9254780403583664,762
TEC-AC-10003038,477.93,64.7085,0.9256860892095835,763
TEC-PH-10001300,477.66,115.64399999999999,0.9258940205264549,764
OFF-ST-10000107,477.3,67.71,0.9261017951308651,765
OFF-AR-10000588,476.16,94.4384,0.9263090734791494,766
TEC-PH-10000586,475.128,89.74640000000001,0.9265159025850457,767
TEC-AC-10001284,469.402,150.3748,0.9267202390921888,768
FUR-FU-10000305,468.46799999999996,51.105599999999995,0.9269241690175584,769
TEC-PH-10004522,467.92,-14.622499999999995,0.9271278603917374,770
FUR-FU-10000193,467.712,-129.92,0.9273314612209391,771
TEC-PH-10003215,467.22,192.279,0.9275348478764444,772
TEC-AC-10001267,467.21999999999997,143.76,0.9277382345319496,773
FUR-FU-10002878,467.072,162.0512,0.9279415567612209,774
OFF-BI-10004230,466.29,107.07400000000001,0.928144538576202,775
OFF-BI-10001658,466.004,8.472800000000007,0.9283473958918393,776
TEC-MA-10002930,465.64500000000004,36.916,0.9285500969303281,777
OFF-AP-10002892,464.196,110.304,0.9287521672011617,778
FUR-FU-10003374,463.79600000000005,73.0232,0.9289540633470388,779
OFF-ST-10001228,462.328,90.0376,0.9291553204543254,780
TEC-AC-10004855,461.868,-58.7832,0.9293563773179118,781
OFF-AR-10001615,460.288,93.248,0.9295567463879199,782
OFF-ST-10001328,459.096,112.9128,0.9297565965655573,783
OFF-SU-10000898,458.7,103.416,0.9299562743594879,784
OFF-PA-10000241,458.504,185.88,0.9301558668321899,785
OFF-ST-10001558,457.96799999999996,30.044,0.9303552259774498,786
FUR-FU-10001095,455.456,61.4336,0.9305534916179825,787
FUR-FU-10000629,455.07,183.1312,0.9307515892279322,788
TEC-PH-10004006,453.41999999999996,122.4234,0.9309489685724363,789
OFF-AP-10002495,452.96500000000003,105.48499999999999,0.931146149849802,790
OFF-BI-10000315,451.962,106.344,0.9313428945088393,791
TEC-MA-10002109,449.97,47.9968,0.9315387720255931,792
OFF-ST-10003638,449.664,90.6354,0.931734516336755,793
OFF-AP-10002403,448.902,-7.041599999999996,0.9319299289398745,794
OFF-SU-10002573,448.76800000000003,129.722,0.9321252832111339,795
TEC-MA-10003246,447.968,139.99,0.9323202892324799,796
OFF-AR-10002956,444.60200000000003,69.9918,0.9325138299923166,797
OFF-ST-10002485,443.99600000000004,-34.7284,0.932707106952844,798
OFF-PA-10001977,443.84000000000003,184.1936,0.9329003160046384,799
TEC-AC-10002217,443.68,1.88,0.9330934554064504,800
TEC-PH-10003589,442.554,171.2648,0.9332861046465095,801
FUR-FU-10000222,441.72799999999995,28.257600000000004,0.9334783943185334,802
TEC-AC-10003063,440.0,84.5,0.933669931770745,803
FUR-FU-10001588,437.70000000000005,138.3132,0.9338604680044563,804
OFF-AR-10002987,436.48,155.54559999999998,0.9340504731570501,805
OFF-AP-10000358,436.12800000000004,58.2802,0.9342403250796822,806
FUR-FU-10001861,434.56,197.104,0.9344294944324847,807
OFF-BI-10000069,433.789,125.7838,0.9346183281594332,808
OFF-EN-10004773,433.72,196.72299999999998,0.9348071318498269,809
OFF-AP-10004859,432.432,60.424,0.9349953748578604,810
OFF-AR-10000937,431.28999999999996,165.206,0.935183120739143,811
OFF-ST-10004507,428.75,90.7235,0.9353697609269513,812
TEC-PH-10000149,426.93,43.092,0.9355556088462075,813
FUR-FU-10004270,426.56,116.7148,0.9357412956998787,814
FUR-BO-10001619,424.90000000000003,27.193599999999996,0.9359262599349802,815
OFF-PA-10004381,422.752,172.94400000000002,0.936110289119065,816
OFF-BI-10001191,422.63599999999997,59.06720000000001,0.9362942678069125,817
OFF-LA-10001074,421.008,162.0129,0.9364775378061867,818
TEC-AC-10000397,419.88,29.391599999999997,0.9366603167730834,819
TEC-PH-10002807,419.23,122.60499999999999,0.9368428127869257,820
OFF-PA-10004243,417.34,200.32319999999999,0.9370244860603483,821
OFF-PA-10000483,415.132,159.54700000000003,0.9372051981640108,822
TEC-PH-10003800,413.322,-58.8189,0.9373851223522449,823
OFF-BI-10000962,410.004,111.2868,0.9375636021739645,824
OFF-AP-10004532,409.6,110.592,0.9377419061294777,825
FUR-FU-10002501,409.536,98.97120000000001,0.937920182224998,826
OFF-ST-10001172,407.012,56.2264,0.9380973595920423,827
OFF-ST-10002289,406.784,14.301,0.9382744377078615,828
OFF-PA-10001295,405.95799999999997,169.2124,0.9384511562556453,829
OFF-AR-10000538,405.36,109.785,0.9386276144866191,830
OFF-AR-10001897,402.976,92.10879999999999,0.9388030349328517,831
OFF-ST-10000642,402.816,-26.434800000000003,0.9389783857291019,832
FUR-BO-10002202,400.0268,-113.2606,0.93915252235203,833
TEC-MA-10004458,396.0,190.08,0.9393249060590203,834
TEC-PH-10004100,395.78,46.0544,0.9394971939972845,835
FUR-FU-10004960,390.66,132.8244,0.9396672531361049,836
OFF-BI-10002852,390.576,104.81280000000001,0.9398372757086844,837
OFF-AR-10004260,389.70000000000005,109.116,0.9400069169476091,838
TEC-AC-10004001,386.90999999999997,133.269,0.9401753436649617,839
OFF-AP-10002765,386.75399999999996,100.662,0.9403437024735815,840
OFF-BI-10004236,386.084,76.92320000000001,0.9405117696228987,841
TEC-MA-10001570,385.8,130.2075,0.9406797131434969,842
TEC-PH-10004188,384.846,-55.977599999999995,0.9408472413760736,843
TEC-AC-10002647,383.04,148.96,0.9410139834344715,844
TEC-AC-10004864,379.70399999999995,129.97560000000001,0.9411792732907318,845
FUR-FU-10004622,379.4,-48.78,0.9413444308120251,846
TEC-PH-10002075,377.97,109.6113,0.9415089658365988,847
FUR-FU-10002045,377.90999999999997,166.2804,0.941673474742429,848
OFF-BI-10002498,377.538,90.27269999999999,0.9418378217120495,849
OFF-EN-10002500,375.73199999999997,164.862,0.9420013825074912,850
OFF-ST-10002301,374.256,-48.6126,0.9421643007818432,851
TEC-AC-10004859,374.072,122.36,0.9423271389587153,852
TEC-AC-10001553,373.78,24.8054,0.9424898500243689,853
OFF-LA-10004544,372.96000000000004,165.76000000000002,0.9426522041338616,854
OFF-BI-10003638,369.585,14.318999999999997,0.9428130890640334,855
FUR-FU-10003247,369.24800000000005,-40.4914,0.9429738272939294,856
OFF-ST-10000464,368.45599999999996,93.15679999999999,0.9431342207564113,857
TEC-AC-10003657,367.092,22.433400000000002,0.9432940204527914,858
TEC-AC-10001383,364.854,53.7285,0.9434528459200395,859
TEC-AC-10002399,361.38,102.708,0.9436101591120399,860
TEC-AC-10004114,360.712,127.06899999999999,0.9437671815153629,861
TEC-AC-10001956,359.70000000000005,91.124,0.9439237633825458,862
FUR-FU-10000521,357.948,94.7682,0.944079582582419,863
OFF-AP-10000696,357.616,67.774,0.9442352572585783,864
TEC-AC-10002167,357.0,23.25,0.9443906637823044,865
TEC-AC-10003441,355.95,5.4239999999999995,0.9445456132280197,866
OFF-BI-10003707,354.032,41.202,0.9446997277445682,867
OFF-ST-10002406,353.29200000000003,94.6104,0.9448535201299472,868
OFF-PA-10000595,351.736,154.3984,0.9450066351692451,869
TEC-MA-10002981,350.973,152.0883,0.9451594180651884,870
TEC-AC-10003027,350.20399999999995,8.7551,0.9453118662059027,871
OFF-ST-10004963,348.22,-0.6055999999999999,0.9454634506868326,872
OFF-ST-10000615,347.31,85.806,0.9456146390334862,873
FUR-FU-10004090,346.788,93.5883,0.9457656001470716,874
OFF-BI-10001721,346.356,112.8864,0.9459163732057038,875
OFF-ST-10001325,345.84000000000003,78.076,0.946066921643142,876
OFF-ST-10000876,345.832,77.128,0.9462174665980811,877
OFF-ST-10000798,344.724,20.9832,0.9463675292268906,878
OFF-AP-10000692,344.59000000000003,67.2964,0.9465175335238395,879
FUR-FU-10004597,344.1,-42.18000000000001,0.9466673245177168,880
OFF-AP-10001492,343.076,81.5452,0.9468166697517052,881
OFF-BI-10002353,342.768,18.527999999999995,0.9469658809094772,882
OFF-PA-10004092,342.58,171.29,0.9471150102285196,883
OFF-AR-10004648,342.55,92.4885,0.94726412648819,884
TEC-MA-10000904,341.991,-319.1916,0.9474129994082339,885
TEC-PH-10004959,341.666,40.196,0.9475617308517505,886
OFF-ST-10000136,341.41999999999996,59.55,0.9477103552084188,887
TEC-PH-10002293,339.83,23.1884,0.9478582874183848,888
FUR-FU-10000397,338.98,94.9144,0.9480058496128182,889
OFF-ST-10003455,338.118,62.660399999999996,0.94815303656797,890
OFF-EN-10001335,336.952,150.97199999999998,0.9482997159488736,891
TEC-MA-10003066,336.51,44.868,0.9484462029217001,892
TEC-PH-10001644,335.888,76.7744,0.9485924191302192,893
OFF-BI-10002225,334.368,98.2464,0.9487379736639033,894
OFF-PA-10003441,334.368,155.7792,0.9488835281975875,895
FUR-FU-10001475,334.096,29.453199999999995,0.9490289643263012,896
OFF-AP-10002998,333.564,86.8566,0.9491741688688228,897
FUR-FU-10002379,331.76,39.8112,0.9493185881077901,898
OFF-AR-10004344,330.924,59.5903,0.9494626434255985,899
TEC-AC-10004227,329.946,-48.5826,0.949606273007888,900
OFF-PA-10003625,328.38800000000003,140.959,0.9497492243734716,901
OFF-PA-10003127,327.11199999999997,141.9244,0.949891620280444,902
OFF-EN-10004206,325.86,149.8956,0.9500334711763022,903
TEC-AC-10002305,324.0,58.32,0.9501745123911126,904
TEC-PH-10002817,323.976,36.4473,0.9503155431584254,905
FUR-BO-10003433,322.192,-81.16760000000001,0.950455797328432,906
TEC-AC-10000682,321.846,106.176,0.9505959008803512,907
OFF-PA-10004530,321.44,157.5056,0.9507358276954395,908
OFF-EN-10000483,320.25,139.07999999999998,0.9508752364887821,909
TEC-MA-10004255,319.92,118.3704,0.9510145016290356,910
OFF-ST-10002214,318.378,67.74,0.9511530955175814,911
OFF-ST-10000419,317.77200000000005,-4.8888,0.9512914256068181,912
FUR-FU-10003799,316.48400000000004,71.12,0.9514291950136948,913
OFF-BI-10002931,314.54999999999995,0.0,0.9515661225264064,914
OFF-BI-10004233,310.206,52.447199999999995,0.9517011590420899,915
FUR-FU-10000087,308.99199999999996,94.51520000000001,0.9518356670885302,916
OFF-BI-10002824,308.844,21.634000000000004,0.9519701107087366,917
OFF-SU-10001218,307.44,86.0832,0.9521039431503455,918
OFF-SU-10002537,306.9,72.2238,0.9522375405232629,919
OFF-AP-10004980,303.36,-20.476799999999997,0.952369596890315,920
OFF-ST-10000760,301.96799999999996,63.7488,0.9525010473025181,921
OFF-ST-10002486,300.14,-7.677999999999999,0.9526317019636699,922
TEC-MA-10000597,299.97,34.996500000000005,0.9527622826217153,923
FUR-FU-10001057,299.85,38.180899999999994,0.9528928110422735,924
OFF-AP-10004233,299.20799999999997,-177.22320000000002,0.9530230599922765,925
TEC-AC-10001266,299.0,113.1,0.953153218397302,926
FUR-FU-10003347,298.2,116.298,0.9532830285524146,927
OFF-AR-10001725,297.99,70.477,0.9534127472919249,928
OFF-PA-10003022,297.12,120.8118,0.9535420873096547,929
TEC-AC-10000710,296.64,127.5552,0.9536712183774367,930
OFF-FA-10004854,296.184,119.7364,0.953800150942768,931
OFF-PA-10001363,294.72,138.5184,0.9539284462107586,932
OFF-AR-10002952,293.7,63.012,0.9540562974601099,933
TEC-AC-10003447,291.85400000000004,66.9665,0.9541833451227865,934
FUR-FU-10002813,291.45599999999996,97.152,0.9543102195311313,935
OFF-AP-10001947,289.456,-113.76719999999999,0.9544362233146934,936
OFF-AR-10001915,287.97,109.4286,0.9545615802240419,937
OFF-BI-10001628,287.868,64.1445,0.9546868927315264,938
OFF-EN-10003286,284.832,131.238,0.9548108836305907,939
OFF-PA-10002421,284.382,108.336,0.9549346786390791,940
OFF-ST-10002182,284.104,-43.4512,0.9550583526307225,941
OFF-PA-10000380,281.892,127.602,0.9551810637113561,942
TEC-PH-10001870,281.658,6.123,0.9553036729288901,943
OFF-PA-10002986,280.56,120.7744,0.9554258041734185,944
TEC-AC-10004518,280.0,109.19999999999999,0.9555476916430076,945
TEC-MA-10000029,279.96,120.3828,0.9556695617001011,946
OFF-PA-10000565,279.9,137.151,0.9557914056384511,947
TEC-PH-10004833,279.63,-31.07,0.9559131320424553,948
FUR-FU-10003724,279.558,44.1936,0.9560348271039676,949
OFF-SU-10000381,279.3,67.7768,0.9561564098548827,950
OFF-AP-10002670,277.92,83.376,0.9562773918746977,951
OFF-LA-10001158,277.38,126.684,0.9563981388258214,952
OFF-BI-10003719,276.945,-19.461000000000006,0.9565186964160548,953
OFF-ST-10000344,276.658,58.0176,0.9566391290716318,954
TEC-AC-10002345,275.5,58.0,0.9567590576354598,955
OFF-AR-10001958,275.076,42.7896,0.9568788016268337,956
TEC-PH-10000213,272.88800000000003,27.288800000000002,0.9569975931546951,957
OFF-BI-10001294,271.44,71.955,0.957115754350214,958
FUR-FU-10001591,270.84,108.092,0.957233654358298,959
OFF-ST-10001031,270.24800000000005,53.3984,0.9573512966614464,960
OFF-BI-10001460,269.67,84.9915,0.9574686873540325,961
OFF-BI-10000309,269.394,-2.2830000000000013,0.9575859579003985,962
OFF-BI-10001107,269.328,31.421600000000005,0.9577031997161468,963
OFF-PA-10001509,268.5,123.51,0.9578200810932349,964
OFF-PA-10002558,268.24,93.884,0.9579368492891015,965
OFF-LA-10003498,266.4,133.2,0.9580528165101676,966
OFF-AP-10000055,266.336,-120.17599999999999,0.958168755871241,967
TEC-AC-10002718,265.538,5.1065000000000005,0.9582843478530259,968
FUR-FU-10001889,265.104,74.7972,0.9583997509092328,969
TEC-AC-10004761,264.438,88.4115,0.9585148640473872,970
OFF-AR-10000658,263.34000000000003,72.072,0.9586294992125357,971
OFF-PA-10002137,262.964,113.199,0.9587439707002252,972
FUR-FU-10001756,262.752,-7.616000000000003,0.9588583499016876,973
OFF-ST-10002205,262.668,51.42059999999999,0.9589726925369092,974
OFF-AP-10003971,262.449,28.749599999999997,0.9590869398387172,975
TEC-PH-10003988,261.6,41.856,0.9592008175603047,976
FUR-FU-10004093,260.14799999999997,68.46000000000001,0.9593140632083,977
OFF-AP-10002472,259.8,90.93,0.9594271573675831,978
OFF-ST-10004946,259.68,59.510000000000005,0.9595401992893793,979
OFF-EN-10004386,259.092,115.152,0.9596529852474893,980
OFF-BI-10003676,258.72,-27.1656,0.9597656092693898,981
FUR-FU-10000672,258.72,87.9648,0.9598782332912903,982
OFF-BI-10004308,258.054,90.214,0.959990567395138,983
TEC-PH-10004897,257.742,-38.961,0.9601027656815196,984
OFF-PA-10001685,257.556,107.58539999999999,0.9602148829997963,985
OFF-BI-10004828,256.122,102.4488,0.9603263760801038,986
OFF-AR-10003727,254.85000000000002,49.780699999999996,0.9604373154430497,987
FUR-FU-10003878,253.648,41.8672,0.9605477315605009,988
TEC-PH-10002350,251.91,50.382,0.960657391105016,989
FUR-FU-10001934,251.76000000000002,65.4576,0.9607669853526721,990
TEC-AC-10004708,251.4,52.794,0.9608764228878676,991
OFF-ST-10000649,251.2,51.025,0.9609857733605848,992
TEC-AC-10004803,250.92000000000002,35.1288,0.9610950019458323,993
OFF-LA-10001297,248.4,119.232,0.9612031335438534,994
OFF-ST-10003324,248.35999999999999,0.0,0.961311247729379,995
TEC-AC-10000171,248.292,91.0404,0.961419332313662,996
OFF-EN-10003134,247.61599999999999,107.45599999999999,0.9615271226267683,997
FUR-FU-10003577,246.64800000000002,81.4512,0.9616344915574798,998
OFF-PA-10001776,246.582,109.01520000000001,0.9617418317575734,999
OFF-PA-10003673,245.436,106.3104,0.9618486730896667,1000
FUR-CH-10002017,245.088,14.9184,0.9619553629330477,1001
OFF-PA-10002499,244.7,122.35,0.9620618838752208,1002
OFF-EN-10001532,244.512,117.16199999999999,0.9621683229786644,1003
FUR-FU-10000246,244.39999999999998,56.211999999999996,0.96227471332712,1004
OFF-AP-10003860,244.288,41.64,0.962381054920588,1005
OFF-BI-10000088,241.56,39.967200000000005,0.9624862089818521,1006
OFF-EN-10003040,240.764,88.19290000000001,0.9625910165344527,1007
TEC-AC-10000303,239.94,52.3869,0.9626954653896428,1008
TEC-PH-10000923,239.84,79.29709999999999,0.9627998707135936,1009
OFF-AP-10002082,239.58,41.382,0.9629041628563229,1010
OFF-BI-10001196,239.466,37.8222,0.9630084053734393,1011
OFF-PA-10004100,238.464,96.9408,0.9631122117075398,1012
OFF-BI-10003291,238.329,25.4916,0.9632159592744673,1013
OFF-PA-10000740,237.536,89.5328,0.9633193616386685,1014
OFF-SU-10004498,236.99200000000002,-12.879999999999999,0.9634225271929288,1015
FUR-FU-10000023,236.77800000000002,88.35,0.9635255995903372,1016
OFF-ST-10002444,235.77599999999998,58.944,0.9636282358047296,1017
OFF-LA-10004545,235.564,102.74600000000001,0.9637307797328949,1018
OFF-BI-10001098,235.18,-102.8378,0.963833156501102,1019
FUR-FU-10004053,234.784,84.8056,0.963935360885602,1020
OFF-AR-10004078,234.768,34.456,0.964037558305104,1021
OFF-AP-10004249,234.61200000000002,42.3738,0.9641396878158728,1022
TEC-PH-10001536,234.462,45.873000000000005,0.9642417520297828,1023
OFF-AR-10004456,234.24,67.92960000000001,0.9643437196043421,1024
TEC-AC-10002331,232.764,72.5676,0.9644450446578114,1025
OFF-PA-10000501,231.856,94.36,0.9645459744476296,1026
OFF-ST-10001291,229.976,44.811499999999995,0.9646460858501518,1027
OFF-AP-10001962,229.88600000000002,53.696,0.9647461580745588,1028
OFF-AR-10003179,229.572,58.6684,0.964846093610875,1029
OFF-PA-10004665,227.94,94.32000000000001,0.9649453187173684,1030
OFF-PA-10002713,227.04,104.4384,0.9650441520427095,1031
OFF-ST-10002352,225.036,47.88,0.9651421130020184,1032
OFF-FA-10002280,225.0,102.8,0.9652400582900811,1033
TEC-MA-10003589,224.937,-164.9538,0.9653379761534631,1034
OFF-ST-10004258,224.66400000000002,55.3113,0.9654357751765622,1035
TEC-PH-10000127,223.88799999999998,-50.3748,0.9655332363972456,1036
OFF-PA-10004082,223.44,111.72,0.9656305025979778,1037
OFF-PA-10001166,222.432,81.8424,0.9657273300038194,1038
OFF-AR-10003478,219.78,68.376,0.9658230029611989,1039
FUR-FU-10001940,219.696,50.3072,0.9659186393523377,1040
OFF-ST-10002562,219.492,30.391199999999998,0.9660141869397487,1041
OFF-ST-10003996,218.416,52.0344,0.9661092661310265,1042
OFF-PA-10000575,218.094,95.2656,0.9662042051517143,1043
OFF-SU-10004261,217.224,45.8584,0.9662987654506217,1044
TEC-PH-10000169,216.95999999999998,-15.594000000000001,0.9663932108270575,1045
FUR-FU-10001085,216.34,75.34599999999999,0.9664873863098108,1046
FUR-FU-10002445,216.144,73.944,0.9665814764713353,1047
TEC-PH-10002583,215.892,-11.994,0.9666754569341371,1048
OFF-PA-10001972,215.136,90.46079999999999,0.9667691083007712,1049
OFF-BI-10003910,215.109,66.6915,0.9668627479139708,1050
OFF-BI-10004654,214.573,47.873000000000005,0.9669561541997284,1051
TEC-PH-10001949,213.48,16.011,0.9670490846890423,1052
OFF-PA-10004156,213.192,97.524,0.9671418898083874,1053
OFF-BI-10004781,212.65800000000002,-18.409200000000002,0.9672344624709155,1054
OFF-BI-10004728,212.08,58.5148,0.9673267835228815,1055
OFF-EN-10000461,211.508,86.43860000000001,0.9674188555761596,1056
FUR-FU-10003464,210.912,59.217600000000004,0.9675106681832524,1057
OFF-PA-10000019,209.952,88.6464,0.9676020628904495,1058
OFF-AR-10001468,209.664,49.7952,0.9676933322276777,1059
OFF-AR-10002445,209.56799999999998,77.88,0.9677845597749165,1060
OFF-BI-10001036,209.30599999999998,26.506000000000004,0.9678756732703088,1061
OFF-BI-10001636,208.221,21.580800000000004,0.9679663144517563,1062
OFF-ST-10000352,208.18,5.948,0.9680569377853959,1063
TEC-AC-10001998,207.896,62.7686,0.9681474374903163,1064
OFF-BI-10001575,207.566,-82.4068,0.9682377935421476,1065
FUR-CH-10002317,207.184,25.898,0.9683279833046453,1066
TEC-MA-10004521,206.991,-172.4925,0.9684180890518514,1067
OFF-BI-10004826,204.72400000000002,50.1904,0.9685072079458663,1068
TEC-MA-10000423,204.507,64.6506,0.9685962323770924,1069
OFF-AP-10004785,203.94,87.6942,0.9686850099861923,1070
TEC-AC-10004992,202.68,16.2144,0.9687732391016793,1071
FUR-FU-10004351,202.592,71.68639999999999,0.9688614299096758,1072
TEC-PH-10004830,201.568,22.6764,0.9689491749577835,1073
OFF-ST-10000885,201.45000000000002,50.362500000000004,0.969036868639029,1074
OFF-PA-10003465,201.082,92.5736,0.9691244021253145,1075
OFF-PA-10001950,200.16,80.898,0.9692115342535752,1076
TEC-PH-10004071,199.8,17.4825,0.9692985096693748,1077
OFF-AP-10004036,199.72799999999998,17.52,0.9693854537426824,1078
OFF-EN-10003862,198.462,83.226,0.9694718467105022,1079
OFF-BI-10000050,197.82999999999998,35.332,0.9695579645608909,1080
OFF-AR-10002818,197.82,59.346000000000004,0.9696440780581557,1081
OFF-EN-10003567,197.82,81.326,0.9697301915554203,1082
TEC-PH-10000702,197.802,54.8451,0.9698162972170621,1083
OFF-AP-10003099,197.72,55.3616,0.9699023671830878,1084
OFF-FA-10001883,197.61200000000002,-10.3474,0.9699883901353752,1085
OFF-BI-10000474,197.169,-69.5702,0.9700742202442731,1086
OFF-PA-10002005,196.99200000000002,85.7952,0.9701599733028778,1087
OFF-PA-10004911,196.98000000000002,94.5504,0.9702457211377339,1088
OFF-PA-10000249,196.48,85.8372,0.9703312513163941,1089
OFF-AR-10001446,196.35000000000002,34.65,0.9704167249044435,1090
FUR-FU-10003976,196.248,55.1004,0.9705021540906291,1091
OFF-EN-10001539,196.056,88.8476,0.9705874996968353,1092
OFF-SU-10004231,196.01999999999998,37.026,0.9706728296317956,1093
OFF-SU-10004884,195.05200000000002,49.8641,0.9707577381843611,1094
FUR-FU-10004245,194.68800000000002,68.952,0.970842488283216,1095
TEC-AC-10003499,194.54399999999998,53.268,0.9709271756970866,1096
FUR-FU-10004909,193.92,4.847999999999999,0.9710115914760249,1097
OFF-ST-10003722,193.61399999999998,44.1945,0.9710958740493715,1098
OFF-FA-10003495,192.128,85.728,0.9711795097485044,1099
OFF-BI-10000174,191.98,50.228,0.9712630810214035,1100
OFF-PA-10001281,191.6,91.968,0.9713464868755938,1101
OFF-PA-10002245,191.36,82.82300000000001,0.9714297882548101,1102
OFF-BI-10002706,191.352,29.416800000000002,0.9715130861515273,1103
TEC-AC-10001101,190.772,5.155999999999999,0.9715961315670575,1104
TEC-PH-10004774,189.654,-11.9508,0.9716786903033342,1105
TEC-PH-10002844,188.946,-18.1948,0.9717609408384377,1106
OFF-PA-10003797,187.92000000000002,90.2016,0.9718427447430277,1107
OFF-AP-10001366,186.66,50.398199999999996,0.9719240001540046,1108
OFF-PA-10001457,186.49599999999998,72.7936,0.9720051841737491,1109
OFF-PA-10003724,184.62,87.69449999999999,0.9720855515474476,1110
TEC-AC-10004633,184.536,67.104,0.972165882354905,1111
OFF-BI-10001617,184.052,41.5668,0.9722460024711651,1112
OFF-BI-10004965,184.0,57.5,0.9723260999511809,1113
FUR-FU-10002364,183.024,10.110600000000002,0.9724057725663027,1114
OFF-PA-10000312,182.72,59.384,0.9724853128464576,1115
OFF-BI-10004209,182.508,-3.2159999999999975,0.9725647608403853,1116
OFF-AR-10003752,182.49,76.461,0.9726442009986901,1117
OFF-PA-10004996,181.456,77.6343,0.9727231910439821,1118
OFF-AP-10003884,180.66,50.5848,0.9728018345806106,1119
OFF-ST-10001505,180.596,16.8038,0.972880450257246,1120
FUR-FU-10002703,180.46,-46.403999999999996,0.9729590067313962,1121
FUR-FU-10003691,180.31,55.822,0.9730374979086878,1122
TEC-MA-10003337,179.991,-251.9874,0.9731158502213263,1123
OFF-ST-10001580,179.76,39.5472,0.9731941019768025,1124
OFF-SU-10004782,179.14,37.18,0.9732720838385961,1125
OFF-BI-10002103,179.014,5.3877999999999995,0.9733500108510283,1126
OFF-PA-10003848,178.848,77.76,0.9734278656016038,1127
OFF-PA-10001725,178.296,79.458,0.973505480059739,1128
OFF-LA-10002312,177.6,81.4,0.9735827915404499,1129
FUR-FU-10000221,176.784,49.3776,0.9736597478062494,1130
OFF-BI-10000014,176.74200000000002,9.055299999999997,0.9737366857889285,1131
FUR-FU-10004671,176.7,23.3244,0.973813605488487,1132
OFF-ST-10000918,176.58,31.392,0.9738904729505587,1133
OFF-LA-10001569,176.292,68.724,0.9739672150426616,1134
OFF-EN-10002986,176.288,63.747,0.9740439553935151,1135
OFF-PA-10003172,176.256,81.9072,0.9741206818143718,1136
OFF-EN-10002592,176.01600000000002,77.586,0.9741973037602546,1137
FUR-FU-10000010,175.938,52.4832,0.974273891751771,1138
FUR-FU-10000448,175.78,8.789,0.9743504109639295,1139
TEC-PH-10002070,175.422,17.992,0.9744267743342517,1140
OFF-BI-10001078,175.388,73.8674,0.9745031229039527,1141
OFF-BI-10004002,174.73000000000002,12.802000000000005,0.9745791850381003,1142
OFF-PA-10002160,174.556,74.33080000000001,0.9746551714278917,1143
TEC-AC-10004396,174.24,-19.602,0.9747310202589675,1144
TEC-PH-10000376,173.826,11.188799999999999,0.9748066888707132,1145
OFF-AR-10001860,173.5,53.576800000000006,0.9748822155706194,1146
OFF-PA-10000477,172.77599999999998,76.1832,0.9749574271043542,1147
OFF-BI-10000320,172.692,59.778000000000006,0.9750326020718479,1148
OFF-AR-10001683,171.39,55.357,0.9751072102626084,1149
OFF-AR-10003514,171.14,53.8096,0.9751817096252708,1150
FUR-FU-10002396,171.088,39.7528,0.975256186351689,1151
OFF-PA-10001870,171.072,76.7232,0.9753306561131089,1152
OFF-AR-10004691,171.04,44.4704,0.9754051119445322,1153
OFF-BI-10001249,170.984,29.730800000000002,0.9754795433984617,1154
TEC-AC-10004814,170.97,70.0977,0.9755539687580177,1155
OFF-AP-10000390,170.744,-325.6332,0.9756282957369731,1156
FUR-FU-10002088,170.62,56.0352,0.9757025687371921,1157
OFF-PA-10002764,170.10000000000002,83.349,0.9757766153749675,1158
OFF-PA-10001667,169.832,64.584,0.975850545349022,1159
OFF-PA-10004101,169.776,78.79679999999999,0.9759244509455827,1160
OFF-PA-10002968,169.01600000000002,70.3472,0.9759980257047257,1161
FUR-FU-10002671,168.84,78.256,0.976071523848888,1162
FUR-FU-10001037,168.744,48.822,0.9761449802030606,1163
OFF-PA-10002195,168.464,71.0412,0.9762183146697638,1164
OFF-AP-10000027,168.392,35.308,0.9762916177939747,1165
OFF-LA-10004093,168.13,75.1468,0.976364806866339,1166
FUR-FU-10002554,167.93,38.6239,0.9764379088762252,1167
OFF-PA-10002666,166.704,67.044,0.9765104771931195,1168
OFF-SU-10004664,166.056,33.1298,0.976582763427584,1169
OFF-PA-10003651,165.664,75.35040000000001,0.9766548790195911,1170
OFF-BI-10000301,164.985,3.2349999999999994,0.9767266990344845,1171
OFF-PA-10001804,164.328,70.54079999999999,0.9767982330491369,1172
OFF-EN-10004459,163.496,73.8788,0.9768694048838795,1173
FUR-FU-10004587,163.332,3.141000000000002,0.97694050532739,1174
FUR-FU-10003849,161.92,26.1096,0.9770109911098038,1175
OFF-PA-10004041,161.32,59.56999999999999,0.9770812157047827,1176
FUR-FU-10001487,160.54000000000002,46.5566,0.9771511007560965,1177
OFF-EN-10001099,160.392,65.3304,0.9772209213811762,1178
OFF-PA-10000726,160.336,65.1365,0.9772907176287622,1179
TEC-PH-10003535,159.984,13.9986,0.9773603606463864,1180
OFF-SU-10001664,159.402,26.2242,0.9774297503121986,1181
OFF-LA-10002043,159.39,73.278,0.9774991347542623,1182
FUR-FU-10000175,159.268,7.6888000000000005,0.9775684660882142,1183
FUR-FU-10004963,159.25,47.6,0.9776377895865431,1184
FUR-FU-10003798,158.24,27.692,0.9777066734193567,1185
OFF-AP-10000326,157.92,17.766,0.9777754179522049,1186
OFF-AR-10004062,157.2,39.3,0.9778438490601316,1187
OFF-BI-10004817,156.938,-11.2612,0.9779121661162115,1188
FUR-FU-10002157,156.8,61.152,0.9779804230991813,1189
OFF-PA-10000300,155.844,60.5394,0.9780482639235051,1190
FUR-FU-10003832,155.708,20.636,0.9781160455453437,1191
OFF-PA-10002689,155.51999999999998,71.28,0.9781837453284526,1192
FUR-FU-10000794,155.38,52.8292,0.9782513841678268,1193
OFF-LA-10000414,155.25,74.52,0.97831896641659,1194
OFF-PA-10000919,155.04,75.9696,0.9783864572497512,1195
TEC-AC-10004877,154.56,8.556,0.9784537391329644,1196
FUR-FU-10002456,154.336,42.2968,0.978520923506202,1197
OFF-LA-10002945,153.72,55.062000000000005,0.9785878397270065,1198
OFF-LA-10000240,153.51,64.4011,0.9786546645322086,1199
OFF-BI-10001922,153.252,49.361399999999996,0.9787213770268138,1200
OFF-SU-10000946,153.216,34.2342,0.9787880738501731,1201
OFF-PA-10000174,152.144,54.0728,0.9788543040186486,1202
FUR-FU-10003142,152.064,42.768,0.9789204993621329,1203
FUR-FU-10003424,151.656,35.4576,0.9789865170981614,1204
OFF-PA-10004888,151.632,67.392,0.9790525243866928,1205
OFF-PA-10003591,151.536,65.43599999999999,0.9791184898852343,1206
OFF-AP-10003266,151.062,47.9844,0.9791842490457024,1207
TEC-AC-10003614,150.67000000000002,41.955799999999996,0.9792498375637131,1208
OFF-PA-10000061,150.336,69.4656,0.9793152806873852,1209
OFF-AP-10003281,149.916,22.971,0.9793805409798528,1210
OFF-PA-10001712,149.85000000000002,67.4325,0.9794457725417026,1211
FUR-FU-10003731,149.70000000000002,41.916,0.9795109388066938,1212
OFF-AR-10002656,149.632,48.630399999999995,0.9795760754704423,1213
FUR-FU-10002268,149.264,37.4142,0.9796410519392307,1214
TEC-AC-10001635,148.03199999999998,24.672,0.9797054921031529,1215
TEC-PH-10003187,147.926,-31.984,0.9797698861239618,1216
OFF-PA-10001934,147.744,68.4288,0.9798342009179152,1217
OFF-AP-10004136,147.528,-36.882000000000005,0.9798984216843921,1218
OFF-AP-10001303,147.26,48.754999999999995,0.9799625257871482,1219
OFF-BI-10004970,147.028,50.7164,0.9800265288974294,1220
OFF-BI-10000948,146.981,18.408299999999997,0.9800905115480283,1221
OFF-FA-10003112,146.754,51.285000000000004,0.9801543953827144,1222
OFF-EN-10001219,146.688,64.86359999999999,0.9802182504867826,1223
OFF-PA-10004735,146.448,68.94720000000001,0.9802820011158768,1224
FUR-FU-10000820,146.11399999999998,6.795999999999999,0.9803456063506324,1225
OFF-AR-10004999,145.912,33.787,0.9804091236522848,1226
OFF-ST-10004634,145.73000000000002,35.872,0.9804725617270821,1227
FUR-FU-10000719,145.69,52.4484,0.9805359823893837,1228
OFF-PA-10001800,145.15200000000002,60.912,0.9805991688536185,1229
OFF-PA-10000143,144.672,65.0496,0.9806621463679056,1230
FUR-FU-10001967,143.928,-5.997000000000002,0.9807248000097735,1231
OFF-PA-10001639,143.856,62.985600000000005,0.9807874223091494,1232
OFF-BI-10002215,143.42,55.238,0.9808498548123225,1233
OFF-BI-10002982,143.01,-2.1791999999999967,0.980912108837415,1234
OFF-PA-10002262,142.56,68.4288,0.9809741669719316,1235
OFF-BI-10004738,142.05,18.940000000000005,0.9810360030971285,1236
OFF-BI-10000829,141.884,57.022999999999996,0.9810977669604684,1237
OFF-BI-10001153,141.614,3.4540000000000006,0.9811594132894628,1238
OFF-PA-10004983,141.264,63.7632,0.98122090725912,1239
OFF-PA-10004621,141.264,57.024,0.9812824012287773,1240
OFF-AR-10003338,139.872,28.272000000000002,0.9813432892435857,1241
OFF-FA-10000621,139.62,59.284800000000004,0.9814040675596717,1242
OFF-FA-10000134,139.44,43.2264,0.981464767519527,1243
OFF-PA-10002479,139.392,52.272,0.9815254465843877,1244
OFF-PA-10001184,138.736,65.54079999999999,0.9815858400843195,1245
OFF-PA-10002036,138.672,59.3568,0.9816462057242582,1246
OFF-PA-10002250,138.532,59.1696,0.9817065104204623,1247
OFF-AR-10003156,138.176,32.9184,0.981766660145455,1248
FUR-FU-10000771,138.16,58.0272,0.9818268029054494,1249
OFF-BI-10003694,137.808,-14.4072,0.9818867924354822,1250
OFF-BI-10003460,137.53199999999998,55.538399999999996,0.9819466618192949,1251
FUR-FU-10001918,137.17,47.7257,0.9820063736200217,1252
OFF-LA-10004484,137.11599999999999,54.5986,0.9820660619138796,1253
OFF-PA-10000246,136.816,55.33,0.98212561961402,1254
OFF-BI-10003429,136.728,4.367700000000001,0.98218513900667,1255
FUR-TA-10001691,136.464,15.3522,0.9822445434768486,1256
OFF-BI-10001072,136.44,13.644000000000002,0.9823039374995299,1257
FUR-FU-10002597,136.344,56.1184,0.9823632897322215,1258
OFF-PA-10001593,136.344,54.119,0.9824226419649132,1259
OFF-SU-10003567,136.32,-21.983999999999998,0.9824819837501074,1260
TEC-AC-10004209,136.276,42.4214,0.9825413063815566,1261
OFF-BI-10003476,135.80100000000002,43.4334,0.9826004222396196,1262
FUR-FU-10002960,135.648,44.588,0.9826594714948869,1263
OFF-PA-10004451,134.784,60.6528,0.982718144640248,1264
OFF-BI-10004040,134.68,23.724400000000003,0.9827767725131205,1265
OFF-BI-10004139,133.86,21.825000000000003,0.9828350434298319,1266
OFF-PA-10004285,133.6,60.6544,0.9828932011653215,1267
FUR-FU-10000732,133.136,39.187200000000004,0.9829511569158617,1268
TEC-PH-10004348,133.128,3.6979999999999995,0.9830091091839026,1269
OFF-PA-10001838,132.888,60.9168,0.9830669569769694,1270
TEC-MA-10003173,131.1,60.306,0.9831240264314808,1271
OFF-BI-10003712,131.097,18.412499999999998,0.9831810945800548,1272
OFF-PA-10000743,130.928,61.455999999999996,0.9832380891608347,1273
OFF-EN-10001990,130.64,61.400800000000004,0.9832949583716458,1274
OFF-PA-10004040,129.168,55.9728,0.9833511868026169,1275
OFF-AP-10000252,128.7,37.44,0.9834072115073889,1276
OFF-FA-10000624,128.164,60.144,0.9834630028847189,1277
OFF-AR-10001419,128.03,29.736,0.9835187359301885,1278
TEC-PH-10004700,127.87200000000001,52.3476,0.9835744001963003,1279
OFF-AR-10003504,127.54400000000001,30.3024,0.9836299216799478,1280
OFF-PA-10001534,127.008,56.2464,0.9836852098361534,1281
TEC-PH-10003875,126.36000000000001,36.644400000000005,0.9837402159099293,1282
OFF-PA-10002893,125.84,60.4032,0.9837949956212618,1283
FUR-FU-10001196,125.786,20.772,0.9838497518257251,1284
OFF-BI-10004364,125.334,1.1879999999999988,0.9839043112689875,1285
OFF-EN-10001141,125.172,52.3746,0.9839588001916424,1286
TEC-AC-10001590,125.0,30.0,0.9840132142405661,1287
OFF-PA-10002870,124.8,56.16,0.9840675412270115,1288
FUR-FU-10000073,124.74,37.037,0.9841218420947135,1289
OFF-PA-10002606,124.608,49.104,0.9841760855011799,1290
OFF-BI-10001900,124.592,42.0498,0.984230321942648,1291
FUR-FU-10000260,124.586,26.211599999999997,0.9842845557722417,1292
OFF-AR-10003696,124.488,26.2808,0.984338746941221,1293
OFF-PA-10001937,124.416,43.5456,0.9843929067677083,1294
OFF-AR-10003631,123.904,26.619999999999997,0.9844468437142511,1295
OFF-AR-10001761,123.80799999999999,34.1056,0.9845007388708044,1296
OFF-AR-10001374,123.12,30.5856,0.9845543345324324,1297
OFF-PA-10004438,122.8,57.716,0.9846077908940949,1298
OFF-BI-10003708,122.18,7.449999999999999,0.984660977362075,1299
OFF-PA-10000304,121.82400000000001,47.6928,0.9847140088588437,1300
OFF-PA-10001994,121.392,48.5568,0.9847668523006593,1301
OFF-LA-10002475,121.34599999999999,51.6086,0.9848196757181048,1302
FUR-FU-10001867,121.296,21.7056,0.9848724773699309,1303
OFF-AR-10004757,120.70400000000001,32.8,0.9849250213168211,1304
OFF-PA-10002787,120.528,46.3968,0.9849774886487306,1305
OFF-PA-10001569,120.52799999999999,56.5056,0.98502995598064,1306
OFF-PA-10002246,119.97,47.601,0.9850821804082351,1307
OFF-BI-10002072,119.922,46.057,0.9851343839408353,1308
FUR-BO-10002206,119.833,-12.6882,0.9851865487306327,1309
FUR-FU-10004666,119.556,27.701999999999998,0.9852385929388977,1310
TEC-PH-10000148,119.508,-20.5242,0.9852906162521679,1311
OFF-PA-10003883,119.21,52.007,0.9853425098423454,1312
OFF-AR-10000034,118.72,43.7144,0.9853941901294513,1313
OFF-PA-10000349,118.524,52.539,0.9854457850953285,1314
OFF-AR-10000122,118.296,17.856,0.9854972808099804,1315
OFF-BI-10001116,117.744,-8.5536,0.9855485362321922,1316
OFF-BI-10002799,117.58599999999998,5.697999999999999,0.9855997228750463,1317
FUR-FU-10002553,117.28,-16.4925,0.9856507763123084,1318
OFF-PA-10001471,116.96000000000001,53.8016,0.9857016904496053,1319
OFF-BI-10001097,116.501,14.827399999999999,0.9857524047785147,1320
OFF-BI-10003981,116.224,37.5004,0.9858029985258915,1321
OFF-PA-10000791,115.434,47.223,0.9858532483764791,1322
OFF-BI-10000404,115.24000000000001,42.312000000000005,0.9859034137764631,1323
FUR-FU-10001706,115.192,44.7216,0.9859535582814519,1324
OFF-BI-10001634,115.024,37.0552,0.9860036296539593,1325
OFF-PA-10001526,114.54,43.4256,0.986053490335269,1326
OFF-PA-10000327,113.84800000000001,47.936,0.9861030497804041,1327
OFF-LA-10001613,113.472,48.8448,0.9861524455480799,1328
OFF-ST-10003327,113.202,21.548099999999998,0.98620172378141,1329
OFF-BI-10001757,112.66799999999999,-10.135200000000001,0.9862507695579232,1330
OFF-PA-10000289,111.456,50.803200000000004,0.9862992877358179,1331
OFF-AR-10002399,110.76,42.8982,0.986347502936288,1332
OFF-BI-10001553,110.59400000000001,6.032400000000001,0.9863956458749015,1333
OFF-BI-10002309,110.48400000000001,29.239199999999997,0.9864437409291519,1334
OFF-LA-10003766,110.25,52.92,0.9864917341203026,1335
OFF-PA-10003363,110.16,52.8768,0.9865396881333381,1336
OFF-PA-10003072,110.16,46.137600000000006,0.9865876421463737,1337
OFF-PA-10000520,110.16,46.1376,0.9866355961594093,1338
OFF-BI-10002437,110.01599999999999,39.880799999999994,0.9866834874874604,1339
OFF-PA-10001892,110.01599999999999,43.7772,0.9867313788155114,1340
OFF-LA-10001934,109.64999999999999,51.535500000000006,0.9867791108192273,1341
OFF-PA-10004569,109.584,49.084500000000006,0.9868268140923253,1342
OFF-PA-10003893,109.568,43.656,0.9868745104004251,1343
FUR-FU-10001546,108.936,-11.214,0.9869219315910935,1344
OFF-EN-10002312,108.682,52.123,0.9869692422124147,1345
OFF-BI-10001308,108.644,5.023999999999999,0.9870165362918647,1346
OFF-PA-10001745,108.416,44.985600000000005,0.9870637311200897,1347
FUR-FU-10003194,108.08,6.755000000000001,0.9871107796833511,1348
FUR-FU-10001935,108.03999999999999,36.001,0.9871578108341169,1349
TEC-AC-10001090,107.964,9.5968,0.987204808901141,1350
TEC-AC-10001542,107.912,14.924,0.9872517843319207,1351
OFF-AP-10002222,107.508,25.229699999999998,0.9872985838964942,1352
OFF-PA-10002615,106.72200000000001,47.187,0.9873450413055281,1353
OFF-LA-10001641,106.47,49.14,0.9873913890158396,1354
OFF-PA-10002464,106.352,50.343799999999995,0.9874376853592886,1355
OFF-PA-10000587,106.288,49.504000000000005,0.9874839538427447,1356
OFF-AP-10003278,106.172,2.794,0.9875301718299633,1357
OFF-BI-10003305,105.846,21.8868,0.9875762479053423,1358
OFF-PA-10004610,105.288,44.084,0.987622081076407,1359
TEC-AC-10002134,105.14399999999999,0.8087999999999997,0.9876678515624873,1360
OFF-PA-10003309,104.976,40.9536,0.9877135489160856,1361
TEC-PH-10003442,104.5,17.875,0.9877590390609859,1362
TEC-AC-10003237,103.88,37.418,0.9878042593122034,1363
OFF-PA-10003256,103.86,37.8512,0.9878494708571731,1364
OFF-BI-10000343,102.619,-11.882200000000001,0.9878941421794651,1365
OFF-AR-10000914,102.608,16.324,0.9879388087133208,1366
OFF-PA-10000069,102.49199999999999,37.1059,0.9879834247509393,1367
OFF-BI-10002071,102.256,-4.415600000000001,0.9880279380548332,1368
OFF-SU-10004661,102.0,20.23,0.988072339918755,1369
TEC-MA-10002694,101.994,-71.3958,0.9881167391708023,1370
FUR-FU-10003095,101.94,30.582,0.9881611149159807,1371
OFF-PA-10002586,101.592,43.5252,0.9882053391724468,1372
OFF-AR-10003560,100.928,20.671999999999997,0.9882492743814849,1373
OFF-BI-10002412,100.92,30.739999999999995,0.988293206108024,1374
OFF-EN-10001028,100.63199999999999,42.4092,0.9883370124645944,1375
OFF-BI-10003963,100.464,38.7296,0.9883807456886831,1376
OFF-BI-10001758,100.392,35.297399999999996,0.9884244475702795,1377
OFF-PA-10000210,99.9,46.953,0.9884679352781792,1378
OFF-BI-10002571,99.80000000000001,-0.698599999999999,0.9885113794548399,1379
OFF-BI-10001031,99.324,22.9086,0.9885546164228023,1380
OFF-ST-10003572,99.11999999999999,7.434,0.9885977645870369,1381
OFF-PA-10004675,99.06,40.766999999999996,0.988640886632528,1382
FUR-FU-10000409,98.868,42.2436,0.9886839250980398,1383
OFF-PA-10003177,98.49600000000001,41.2128,0.9887268016273421,1384
FUR-FU-10003919,98.13600000000001,-78.5088,0.9887695214441835,1385
FUR-FU-10002030,97.812,-1.7783999999999978,0.9888121002198101,1386
OFF-SU-10000952,97.68,27.3504,0.9888546215342011,1387
OFF-PA-10004255,97.2,46.656,0.9888969338986443,1388
OFF-PA-10004782,97.2,46.656,0.9889392462630875,1389
OFF-LA-10000305,97.02,42.588,0.9889814802713002,1390
OFF-AR-10003056,96.72800000000001,26.8356,0.9890235871682945,1391
OFF-BI-10002432,96.646,26.9192,0.9890656583696729,1392
TEC-AC-10000290,96.418,29.197,0.989107630319826,1393
FUR-FU-10001424,96.03,15.364799999999999,0.989149433368771,1394
OFF-AR-10003405,95.94,17.0235,0.9891911972396009,1395
OFF-PA-10000029,95.904,38.6208,0.9892329454391848,1396
OFF-PA-10003349,95.904,39.7224,0.9892746936387687,1397
OFF-PA-10000788,95.904,35.2512,0.9893164418383525,1398
OFF-LA-10003148,95.75999999999999,41.328,0.989358127352952,1399
OFF-LA-10000407,95.616,41.832,0.9893997501825671,1400
OFF-SU-10001165,95.076,21.0168,0.9894411379434909,1401
OFF-AR-10004269,94.99000000000001,23.6236,0.989482488267549,1402
OFF-AR-10000716,94.86,26.784,0.9895237820009962,1403
OFF-PA-10002947,94.856,39.2784,0.9895650739931939,1404
OFF-BI-10000756,94.128,11.447999999999999,0.9896060490779707,1405
FUR-FU-10001731,93.984,32.7342,0.9896469614777632,1406
OFF-LA-10001771,93.624,34.4616,0.9896877171650946,1407
FUR-FU-10000755,93.6,23.4,0.9897284624049287,1408
FUR-FU-10002506,93.52799999999999,2.0784000000000002,0.9897691763022706,1409
OFF-PA-10001001,93.248,31.4712,0.989809768312143,1410
OFF-EN-10002600,93.22,39.53,0.9898503481332684,1411
OFF-AR-10003829,93.152,23.288,0.989890898353151,1412
OFF-FA-10002780,92.976,33.4356,0.9899313719580528,1413
OFF-BI-10002557,92.82,24.569999999999997,0.9899717776542216,1414
OFF-PA-10003845,92.48,45.3152,0.9900120353441773,1415
OFF-PA-10004971,92.47999999999999,39.4196,0.990052293034133,1416
OFF-FA-10000585,92.136,35.598,0.9900924009766261,1417
OFF-BI-10000138,91.728,16.2864,0.9901323313116636,1418
OFF-AP-10004868,91.68599999999999,-10.4118,0.9901722433635807,1419
OFF-ST-10000321,91.524,-6.9432,0.9902120848948903,1420
TEC-MA-10003493,91.475,-1.8295,0.9902519050958927,1421
OFF-BI-10000605,91.44,34.8996,0.9902917100609614,1422
OFF-LA-10002195,91.168,43.120000000000005,0.9903313966210596,1423
FUR-BO-10001567,90.882,-190.8522,0.990370958681814,1424
OFF-SU-10002503,90.88,26.3552,0.9904105198719435,1425
OFF-AR-10003158,90.744,22.4472,0.9904500218595877,1426
OFF-LA-10000121,90.72,39.69,0.9904895133997347,1427
OFF-BI-10003727,90.706,12.456400000000002,0.990528998845508,1428
OFF-AR-10003045,90.55199999999999,38.808,0.9905684172531732,1429
OFF-PA-10002751,89.7,40.365,0.990607464774681,1430
OFF-PA-10002709,89.7,40.9032,0.9906465122961887,1431
OFF-BI-10003274,89.55,13.611600000000001,0.9906854945208375,1432
OFF-PA-10002365,89.424,38.879999999999995,0.9907244218961253,1433
OFF-LA-10002787,89.25,42.45,0.9907632735270568,1434
OFF-SU-10004737,88.92,24.0084,0.9908019815048992,1435
OFF-AR-10004685,88.896,26.854,0.9908406790352442,1436
OFF-LA-10002034,88.38,43.3062,0.9908791519443952,1437
OFF-AR-10000817,88.16,27.968,0.9909175290848202,1438
OFF-PA-10001260,88.11,39.6495,0.9909558844596256,1439
TEC-AC-10002018,88.074,32.2938,0.9909942241631848,1440
OFF-EN-10003448,88.008,35.898,0.9910325351361262,1441
OFF-AP-10003622,87.75,20.8325,0.9910707337984707,1442
OFF-FA-10002763,87.69,20.54,0.9911089063420716,1443
OFF-BI-10003355,87.648,22.908,0.9911470606025522,1444
FUR-FU-10004020,87.52,25.162,0.9911851591430466,1445
OFF-LA-10003223,87.398,39.8201,0.9912232045754293,1446
OFF-BI-10000546,87.264,13.824,0.9912611916759515,1447
OFF-PA-10001461,86.84,38.2096,0.9912989942040198,1448
OFF-AR-10003732,86.73599999999999,18.848399999999998,0.9913367514595994,1449
OFF-AR-10004441,86.112,30.8844,0.9913742370802469,1450
OFF-AR-10000411,86.076,19.128,0.9914117070296481,1451
OFF-BI-10004410,85.995,15.0969,0.9914491417187457,1452
OFF-BI-10002949,85.728,18.0576,0.9914864601794348,1453
OFF-PA-10000295,85.536,34.992000000000004,0.9915236950601447,1454
OFF-PA-10003001,85.50399999999999,40.3472,0.9915609160108582,1455
OFF-BI-10000279,85.255,8.669999999999998,0.991598028568786,1456
OFF-LA-10003720,84.87,35.9775,0.9916349735314434,1457
FUR-FU-10004712,84.84,22.0584,0.9916719054347288,1458
FUR-FU-10002885,84.83200000000001,28.0524,0.9917088338555151,1459
OFF-PA-10003270,84.48,32.208,0.9917456090463398,1460
OFF-LA-10004689,84.388,35.373599999999996,0.9917823441884243,1461
OFF-PA-10000223,84.24000000000001,37.0656,0.991819014904275,1462
OFF-PA-10000552,84.24000000000001,33.696,0.9918556856201258,1463
OFF-AR-10000475,83.952,15.857600000000001,0.9918922309660078,1464
TEC-PH-10000004,83.944,6.2958,0.9919287728293907,1465
OFF-AP-10002287,83.904,12.7604,0.9919652972802779,1466
OFF-PA-10000533,83.712,30.738,0.9920017381511859,1467
OFF-LA-10004853,83.664,32.569199999999995,0.9920381581270991,1468
FUR-FU-10003096,83.49,31.5744,0.9920745023586562,1469
TEC-AC-10002857,83.44,11.473,0.9921108248245938,1470
OFF-AR-10000390,83.426,36.5918,0.9921471411961579,1471
OFF-BI-10003669,83.16,10.151999999999997,0.992183341774626,1472
OFF-BI-10002827,82.95,-15.5946,0.9922194509374919,1473
FUR-FU-10000320,82.832,26.720000000000002,0.9922555087334954,1474
OFF-AR-10002375,82.656,22.107200000000002,0.9922914899145181,1475
OFF-PA-10004733,82.368,29.8584,0.992327345725572,1476
OFF-PA-10001952,82.22399999999999,32.8896,0.9923631388516416,1477
OFF-BI-10000145,81.744,11.7312,0.9923987230277633,1478
OFF-AR-10002053,81.652,19.4296,0.992434267155145,1479
OFF-SU-10004115,81.424,12.431700000000001,0.9924697120313016,1480
OFF-AR-10000634,81.32,9.4588,0.9925051116349694,1481
FUR-FU-10004586,81.00800000000001,25.763199999999998,0.992540375421171,1482
OFF-AR-10001149,80.952,23.778,0.9925756148298788,1483
OFF-PA-10001560,80.936,32.918,0.9926108472735884,1484
TEC-AC-10000521,80.78,16.156,0.9926460118085648,1485
OFF-AR-10003602,80.592,34.164,0.9926810945048118,1486
OFF-BI-10003314,80.494,23.955399999999997,0.9927161345404443,1487
OFF-PA-10004609,80.352,33.1776,0.9927511127617172,1488
OFF-SU-10001225,80.224,-6.3296,0.992786035263004,1489
OFF-AR-10001246,79.96799999999999,13.1712,0.9928208463243187,1490
OFF-ST-10001034,79.4,5.955,0.992855410128195,1491
TEC-PH-10002185,79.22999999999999,29.537499999999998,0.9928898999289648,1492
OFF-PA-10004355,79.05600000000001,31.8816,0.9929243139853785,1493
OFF-PA-10001293,79.056,35.2512,0.9929587280417921,1494
OFF-LA-10003190,78.336,34.272,0.9929928286732841,1495
OFF-EN-10002621,78.24,34.23,0.9930268875147865,1496
OFF-ST-10002957,78.144,-6.336,0.9930609045662993,1497
OFF-BI-10001890,78.044,14.749600000000001,0.9930948780865729,1498
OFF-EN-10004955,77.904,36.5175,0.9931287906631119,1499
OFF-AR-10001988,77.87,22.582299999999996,0.9931626884390294,1500
OFF-PA-10001801,77.74000000000001,38.0926,0.9931965296243361,1501
OFF-FA-10004395,77.244,-3.297,0.9932301548946967,1502
OFF-FA-10002975,77.112,28.1232,0.9932637227038216,1503
OFF-PA-10001215,77.088,27.72,0.993297280065449,1504
OFF-PA-10000466,76.836,36.396,0.993330727728354,1505
OFF-SU-10001574,76.64999999999999,20.44,0.9933640944231539,1506
OFF-PA-10003936,76.464,32.6592,0.9933973801498492,1507
OFF-PA-10002259,76.092,29.5416,0.9934305039403349,1508
OFF-AR-10000255,75.92,19.7392,0.9934635528570892,1509
OFF-PA-10000213,75.696,33.4656,0.9934965042638678,1510
OFF-AR-10001662,75.62400000000001,15.618,0.9935294243281543,1511
OFF-SU-10002557,75.492,13.4208,0.9935622869312051,1512
TEC-PH-10003356,75.49199999999999,10.0656,0.993595149534256,1513
OFF-BI-10004140,75.432,-13.47,0.9936279860185633,1514
OFF-AR-10001221,75.348,20.0928,0.9936607859366298,1515
OFF-AR-10001954,75.306,14.6211,0.9936935675715758,1516
OFF-EN-10000781,75.164,28.842,0.9937262873921622,1517
TEC-AC-10000387,75.1,1.2015999999999998,0.9937589793527556,1518
OFF-PA-10001609,73.696,29.281,0.9937910601347514,1519
OFF-BI-10000285,72.912,-13.328,0.9938227996318324,1520
OFF-PA-10003016,72.848,31.400000000000002,0.9938545112689205,1521
OFF-BI-10001267,72.806,8.638000000000002,0.993886204622888,1522
OFF-PA-10004734,72.8,36.4,0.9939178953649811,1523
FUR-FU-10000550,72.708,9.3126,0.9939495460583343,1524
OFF-PA-10002749,72.25200000000001,31.3092,0.9939809982492369,1525
OFF-BI-10002003,72.038,15.0842,0.994012357283288,1526
TEC-MA-10003329,71.976,24.2919,0.9940436893279705,1527
OFF-BI-10001679,71.928,-12.432,0.9940750004776584,1528
OFF-EN-10003068,71.28,24.948,0.9941060295449166,1529
OFF-LA-10001982,71.25,32.25,0.994137045552803,1530
OFF-PA-10000528,70.752,30.096,0.9941678447751187,1531
OFF-PA-10000807,70.19200000000001,31.629199999999997,0.994198400222495,1532
OFF-PA-10000232,69.98400000000001,30.3264,0.9942288651248941,1533
OFF-BI-10002764,69.768,13.759799999999998,0.9942592359998166,1534
OFF-FA-10001561,69.76,20.0996,0.9942896033922398,1535
OFF-PA-10001846,69.36,28.090799999999998,0.9943197966597066,1536
OFF-ST-10000617,69.136,2.6224,0.9943498924171977,1537
OFF-BI-10003166,68.88,-68.4208,0.9943798767347166,1538
OFF-LA-10000248,68.634,31.475699999999996,0.9944097539653873,1539
OFF-AR-10000203,68.48,13.781600000000001,0.9944395641579497,1540
OFF-EN-10003798,68.28,23.0445,0.9944692872880336,1541
OFF-PA-10002659,68.276,29.9468,0.9944990086768682,1542
OFF-BI-10000136,68.172,30.8568,0.994528684793214,1543
OFF-EN-10001509,68.136,30.293999999999997,0.9945583452383137,1544
OFF-AR-10000614,67.83000000000001,17.6358,0.9945878724778217,1545
OFF-PA-10002230,67.72800000000001,27.0912,0.9946173553154658,1546
OFF-BI-10000822,67.25,19.6908,0.9946466300737867,1547
OFF-FA-10000936,67.116,25.497500000000002,0.9946758465002472,1548
OFF-AR-10003394,67.032,15.5232,0.994705026360467,1549
OFF-LA-10004559,66.816,31.564799999999998,0.9947341121932101,1550
OFF-BI-10004506,66.663,15.307799999999999,0.9947631314231574,1551
OFF-BI-10000773,66.566,-39.699,0.9947921084278026,1552
FUR-FU-10001617,66.56,18.512,0.9948210828205736,1553
OFF-LA-10000443,66.42,23.3946,0.9948499962696097,1554
OFF-BI-10002414,66.40899999999999,-13.2818,0.9948789049302095,1555
OFF-LA-10003121,66.08,28.166600000000003,0.9949076703730326,1556
OFF-FA-10000992,66.03,30.2815,0.9949364140502359,1557
OFF-AR-10003481,65.6,9.7088,0.9949649705431112,1558
OFF-AR-10000127,65.6,14.3664,0.9949935270359864,1559
OFF-EN-10003160,65.52,31.4496,0.9950220487038702,1560
OFF-AR-10003183,65.464,9.352,0.9950505459942602,1561
TEC-PH-10000347,65.34,3.9105000000000003,0.9950789893059137,1562
FUR-FU-10003829,65.296,17.1248,0.9951074134638218,1563
OFF-AR-10000940,65.268,13.7592,0.9951358254329832,1564
OFF-BI-10002976,65.25399999999999,19.287100000000002,0.995164231307771,1565
OFF-PA-10003657,65.056,22.683999999999997,0.9951925509907051,1566
TEC-PH-10002365,64.972,12.994399999999999,0.9952208341073986,1567
OFF-PA-10003036,64.06400000000001,20.8208,0.9952487219604405,1568
OFF-FA-10004248,64.042,20.0244,0.9952766002366098,1569
FUR-FU-10002874,63.824,9.5736,0.9953043836146779,1570
OFF-BI-10001525,63.627,-13.906500000000001,0.9953320812362049,1571
TEC-PH-10000307,63.510000000000005,-10.074,0.9953597279261819,1572
OFF-BI-10001132,62.946,-0.16139999999999866,0.9953871290999703,1573
OFF-EN-10003072,62.856,26.5392,0.9954144910956436,1574
FUR-FU-10002191,62.82,22.8944,0.9954418374200706,1575
OFF-LA-10003537,62.650000000000006,29.445500000000003,0.9954691097413911,1576
OFF-PA-10000673,62.608000000000004,28.537599999999998,0.9954963637795913,1577
OFF-AR-10003651,62.32,15.744,0.9955234924478227,1578
OFF-EN-10004007,62.28,29.2716,0.9955506037035583,1579
OFF-BI-10001787,62.13,5.4282,0.9955776496624353,1580
OFF-AP-10000804,61.824,1.3439999999999994,0.9956045624157206,1581
OFF-AR-10000246,61.716,14.4004,0.9956314281552676,1582
TEC-PH-10000912,61.544,14.0672,0.9956582190210834,1583
OFF-AR-10001547,61.438,13.039,0.9956849637437857,1584
OFF-PA-10000809,60.912000000000006,23.846400000000003,0.99571147949217,1585
OFF-AR-10001166,60.64,23.6496,0.9957378768355839,1586
OFF-PA-10000682,60.112,24.7384,0.9957640443340553,1587
OFF-PA-10004519,60.032,25.759999999999998,0.9957901770075352,1588
TEC-AC-10000926,59.976,11.9952,0.9958162853035212,1589
OFF-BI-10001759,59.817,13.1826,0.9958423243848368,1590
OFF-AR-10001427,59.800000000000004,11.1228,0.9958683560658418,1591
OFF-AR-10003759,59.696,24.660999999999998,0.9958943424743583,1592
FUR-FU-10002111,59.696,14.56,0.9959203288828746,1593
OFF-AR-10004587,59.489999999999995,17.847,0.9959462256170385,1594
FUR-FU-10001379,58.784,-1.0687999999999995,0.995971815020654,1595
OFF-FA-10002988,58.69199999999999,24.8637,0.9959973643755293,1596
OFF-EN-10004030,58.644,24.109199999999998,0.9960228928354099,1597
OFF-LA-10003077,58.48,27.4856,0.9960483499040584,1598
OFF-FA-10004968,58.344,-0.29920000000000013,0.9960737477702217,1599
OFF-PA-10002105,58.32,27.9936,0.9960991351888875,1600
OFF-PA-10001947,57.408,26.91,0.9961241256026523,1601
OFF-BI-10002393,57.4,7.8064,0.996149112533918,1602
OFF-PA-10000130,57.352,19.688000000000002,0.996174078570189,1603
OFF-LA-10000134,56.672,24.64,0.9961987485940338,1604
OFF-LA-10000262,56.376,23.959799999999998,0.9962232897654109,1605
OFF-PA-10003971,56.212,25.714,0.9962477595455556,1606
TEC-PH-10004924,56.164,13.0064,0.9962722084307055,1607
OFF-AR-10002766,56.156,11.5092,0.9962966538333564,1608
FUR-FU-10002685,56.099999999999994,21.317999999999998,0.9963210748585134,1609
OFF-AP-10004052,56.09,3.4759999999999995,0.9963454915305464,1610
OFF-LA-10004345,55.974000000000004,23.4207,0.996369857706342,1611
OFF-PA-10004965,55.944,17.4825,0.996394210822766,1612
OFF-BI-10004094,55.755,-2.9205000000000014,0.9964184816651479,1613
OFF-FA-10000304,54.936,20.2086,0.9964423959866814,1614
OFF-PA-10000551,54.908,25.848200000000002,0.9964662981194677,1615
OFF-EN-10001415,54.684,23.994,0.9964901027422784,1616
OFF-PA-10001307,54.599999999999994,22.47,0.9965138707988483,1617
TEC-AC-10002558,54.57599999999999,17.6235,0.9965376284079208,1618
OFF-BI-10000216,54.474000000000004,-3.891,0.9965613416151293,1619
OFF-PA-10000556,54.432,24.105600000000003,0.9965850365392175,1620
OFF-AR-10002280,54.348,22.3215,0.9966086948970648,1621
OFF-FA-10000735,54.312,23.798000000000002,0.996632337583666,1622
OFF-EN-10002973,53.760000000000005,25.8048,0.996655739977827,1623
OFF-LA-10004425,53.754000000000005,21.5883,0.9966791397601138,1624
OFF-LA-10004409,53.568,22.464,0.9967024585742958,1625
FUR-FU-10001025,53.46,6.3666,0.9967257303747395,1626
OFF-ST-10003221,53.4,14.418,0.9967489760564396,1627
OFF-BI-10004099,52.992,-23.808,0.9967720441306842,1628
OFF-PA-10003063,52.8,21.6,0.9967950286249495,1629
FUR-TA-10003837,51.782,-17.514499999999998,0.9968175699712005,1630
OFF-AR-10004817,51.6,11.3004,0.9968400320905964,1631
OFF-BI-10004465,51.480000000000004,-23.76,0.9968624419725051,1632
OFF-BI-10002012,51.480000000000004,5.6160000000000005,0.9968848518544138,1633
OFF-PA-10000350,51.36,24.139200000000002,0.9969072094988355,1634
OFF-BI-10002954,51.184000000000005,3.6559999999999993,0.9969294905282764,1635
OFF-PA-10000007,51.120000000000005,21.96,0.9969517436977242,1636
OFF-LA-10000452,51.03,23.183999999999997,0.9969739576890568,1637
OFF-EN-10003845,50.922,19.0404,0.9969961246666511,1638
OFF-AR-10002257,50.768,9.2852,0.9970182246061372,1639
OFF-FA-10002815,50.616,20.0244,0.9970402583781398,1640
OFF-AP-10001626,50.57,1.6338000000000008,0.9970622721257723,1641
OFF-FA-10001843,50.388,21.5878,0.9970842066465495,1642
OFF-LA-10000081,50.25,22.950000000000003,0.9971060810942168,1643
OFF-EN-10004147,50.232,22.7838,0.9971279477062611,1644
OFF-PA-10004000,50.138000000000005,18.778100000000002,0.9971497733989405,1645
OFF-PA-10001583,49.980000000000004,22.7115,0.9971715303122621,1646
OFF-PA-10001763,49.95,22.4775,0.9971932741662122,1647
OFF-PA-10000605,49.708,23.177799999999998,0.9972149126745634,1648
OFF-PA-10000697,49.504,20.372799999999998,0.9972364623791868,1649
OFF-PA-10003953,49.248000000000005,22.2912,0.9972579006438381,1650
OFF-AR-10004752,49.128,12.6024,0.9972792866710023,1651
OFF-AR-10001573,48.93,14.189699999999998,0.997300586506313,1652
FUR-FU-10001847,48.852,17.0568,0.9973218523872572,1653
OFF-PA-10004947,48.792,20.544,0.9973430921494579,1654
OFF-LA-10002271,48.048,22.4224,0.9973640080392394,1655
OFF-FA-10000053,48.006,-5.707800000000001,0.9973849056459004,1656
OFF-AR-10004956,47.988,8.37,0.9974057954169384,1657
OFF-AR-10004790,47.88,2.9925,0.9974266381742382,1658
OFF-LA-10001175,47.808,22.8384,0.9974474495890457,1659
FUR-FU-10002963,47.752,14.224,0.9974682366263594,1660
OFF-AP-10004655,47.544000000000004,10.188,0.9974889331186957,1661
OFF-AR-10003190,47.232,11.9808,0.9975094937935658,1662
OFF-AR-10004511,47.080000000000005,14.5948,0.9975299883009524,1663
OFF-PA-10004239,47.08,18.832,0.9975504828083391,1664
OFF-AR-10003217,46.944,8.2152,0.9975709181132405,1665
OFF-PA-10003729,46.656,16.3296,0.9975912280481732,1666
OFF-LA-10001317,46.620000000000005,22.05,0.9976115223118599,1667
FUR-FU-10004415,46.592,-2.8672,0.9976318043867995,1668
OFF-PA-10001204,46.464,17.424,0.9976520307417531,1669
OFF-FA-10002983,46.376000000000005,19.778,0.9976722187892163,1670
OFF-ST-10001414,46.26,12.0276,0.997692356340442,1671
OFF-AR-10001940,45.919999999999995,17.875999999999998,0.9977123458854545,1672
OFF-AR-10003856,45.592,8.5624,0.9977321926480028,1673
OFF-BI-10002897,45.507999999999996,15.560799999999999,0.9977520028443102,1674
OFF-LA-10004178,45.43,18.6676,0.9977717790862511,1675
FUR-FU-10000206,45.396,14.55,0.9977915405275707,1676
OFF-PA-10001246,45.36,21.7728,0.9978112862976442,1677
OFF-AR-10000657,45.15,13.459,0.9978309406521153,1678
OFF-SU-10004290,45.144,10.1916,0.9978505923947122,1679
FUR-FU-10002508,45.036,16.0128,0.9978701971235707,1680
OFF-AR-10002335,44.891999999999996,8.6172,0.997889739167445,1681
OFF-LA-10001045,44.37,19.000799999999998,0.997909053978251,1682
OFF-LA-10001404,44.28,18.8559,0.9979283296109417,1683
OFF-SU-10002522,44.232,11.1744,0.9979475843486375,1684
TEC-AC-10000199,44.03,-2.0229999999999997,0.9979667511532303,1685
OFF-AR-10003251,43.924,15.568000000000001,0.9979858718147098,1686
OFF-BI-10003196,43.758,-19.822000000000003,0.9980049202143322,1687
OFF-AR-10003772,43.75,13.125,0.9980239651314555,1688
OFF-AP-10000595,43.7,11.362,0.9980429882829593,1689
OFF-SU-10002189,43.67,-3.4936000000000003,0.9980619983750912,1690
OFF-AR-10003469,42.944,18.233600000000003,0.9980806924304272,1691
OFF-AR-10001177,42.64,10.0368,0.9980992541507961,1692
TEC-AC-10001445,42.42,8.9082,0.9981177201024388,1693
OFF-BI-10004187,42.111999999999995,16.6944,0.9981360519778651,1694
OFF-BI-10002160,41.910000000000004,8.2296,0.9981542959201883,1695
TEC-MA-10000752,41.905,-20.519,0.9981725376859495,1696
OFF-SU-10000432,41.64,-7.8075,0.998190664093927,1697
OFF-BI-10001982,41.344,-19.6928,0.9982086616494367,1698
OFF-EN-10001137,41.3,16.7678,0.998226640051201,1699
OFF-FA-10001332,40.896,18.0,0.9982444425867593,1700
OFF-PA-10004470,40.896,16.3584,0.9982622451223176,1701
OFF-BI-10004528,40.32,12.6,0.9982797969179384,1702
OFF-PA-10001826,40.176,16.5888,0.9982972860285749,1703
OFF-AR-10003811,39.78,10.7406,0.9983146027555043,1704
FUR-FU-10003026,39.688,13.116399999999999,0.9983318794336938,1705
OFF-BI-10000848,39.384,-1.9691999999999992,0.9983490237769164,1706
OFF-AR-10001868,38.976,18.816,0.998365990512683,1707
OFF-BI-10003350,38.918,1.0208000000000004,0.9983829320003312,1708
OFF-AR-10001315,38.72,7.48,0.9983997872961259,1709
OFF-BI-10004022,38.641999999999996,-4.892799999999999,0.998416608637554,1710
OFF-BI-10002194,38.304,-12.4488,0.9984332828433938,1711
OFF-AP-10000124,38.272,-3.6608,0.998449943119237,1712
OFF-PA-10001622,38.135999999999996,15.663,0.9984665441925951,1713
OFF-BI-10004656,38.016,4.32,0.998483093028466,1714
OFF-PA-10000955,37.932,13.2108,0.9984996052980962,1715
OFF-AR-10000799,37.696,7.478400000000001,0.9985160148340021,1716
OFF-AR-10002467,37.548,9.267800000000001,0.998532359943674,1717
OFF-AR-10004930,37.52,10.586,0.9985486928645989,1718
FUR-FU-10002107,37.464,13.736799999999999,0.99856500140803,1719
OFF-BI-10003655,37.239999999999995,15.085999999999999,0.9985812124414855,1720
OFF-AR-10002804,37.164,14.083200000000001,0.998597390391199,1721
OFF-PA-10004248,36.96,13.728,0.9986134795371847,1722
OFF-BI-10003529,36.919999999999995,12.2972,0.9986295512706749,1723
OFF-ST-10001627,36.744,3.6744,0.998645546389184,1724
OFF-EN-10004846,36.708,15.0024,0.9986615258364472,1725
OFF-AR-10001545,36.608,7.8671999999999995,0.9986774617524712,1726
FUR-FU-10002505,36.396,-4.8528,0.9986933053822683,1727
OFF-PA-10001837,36.288,12.700800000000001,0.9987091019983272,1728
FUR-FU-10003489,36.162,3.6162,0.9987248437650246,1729
OFF-FA-10000611,36.112,15.3328,0.9987405637661025,1730
OFF-PA-10003205,35.948,14.2975,0.9987562123759481,1731
FUR-FU-10003274,35.904,15.206399999999999,0.9987718418320487,1732
OFF-BI-10004352,35.775,15.525,0.9987874151328506,1733
OFF-ST-10004835,35.712,2.6784,0.9988029610089718,1734
OFF-SU-10004768,35.587999999999994,7.462,0.9988184529063566,1735
OFF-LA-10003663,35.258,15.3459,0.9988338011506522,1736
OFF-PA-10002960,34.86,16.3842,0.9988489761406161,1737
OFF-FA-10003021,34.592,7.707999999999999,0.998864034466859,1738
OFF-AR-10001770,34.58,8.9908,0.9988790875693534,1739
OFF-AR-10002578,34.56,10.0224,0.9988941319655998,1740
OFF-FA-10003059,34.39,8.923300000000001,0.9989091023587398,1741
OFF-PA-10002741,34.24,15.408,0.9989240074550211,1742
FUR-FU-10001852,33.756,8.9088,0.9989387018601048,1743
OFF-FA-10004838,33.480000000000004,-2.604,0.9989532761189686,1744
OFF-BI-10000042,33.108000000000004,7.1556,0.9989676884416226,1745
OFF-PA-10001752,32.868,15.0894,0.9989819962893028,1746
OFF-BI-10004716,32.647999999999996,1.7807999999999993,0.9989962083682569,1747
OFF-PA-10002552,32.400000000000006,15.552,0.9990103124897379,1748
OFF-LA-10000634,32.364000000000004,14.041799999999999,0.9990244009399729,1749
OFF-BI-10002609,31.588,-7.032800000000001,0.9990381515877921,1750
OFF-AR-10002255,31.104,8.6112,0.9990516915444138,1751
OFF-AR-10001919,30.832,8.1404,0.999065113096065,1752
OFF-AR-10001026,30.799999999999997,13.552,0.9990785207177199,1753
OFF-AR-10002833,30.576,6.6612,0.9990918308293989,1754
OFF-PA-10004022,29.97,13.4865,0.999104877141769,1755
OFF-BI-10004967,29.952,-0.9152000000000005,0.9991179156185159,1756
OFF-BI-10004182,29.952,9.7968,0.9991309540952628,1757
FUR-FU-10003981,29.952,10.6496,0.9991439925720097,1758
TEC-MA-10004086,29.925,-21.945,0.999157019295322,1759
OFF-PA-10001243,29.900000000000002,14.651,0.9991700351358245,1760
OFF-PA-10004948,29.88,14.0436,0.9991830422700791,1761
OFF-FA-10001229,29.868000000000002,10.7682,0.9991960441805852,1762
OFF-EN-10001749,29.808,10.8054,0.9992090199723478,1763
FUR-FU-10004164,29.7,13.068000000000001,0.9992219487503722,1764
OFF-FA-10003467,29.7,0.0,0.9992348775283965,1765
OFF-SU-10001935,29.648000000000003,-3.8368,0.9992477836701764,1766
OFF-AR-10001231,29.4,8.232,0.9992605818544833,1767
OFF-AR-10000422,29.346,3.7668,0.999273356531921,1768
OFF-PA-10004405,29.204,12.1584,0.9992860693949991,1769
OFF-BI-10002049,28.851,-5.4768,0.9992986285928029,1770
OFF-BI-10002813,28.512,-16.137,0.9993110402197063,1771
OFF-AR-10001473,28.208,4.264,0.9993233195116427,1772
OFF-PA-10000141,27.468,11.2924,0.9993352766724093,1773
TEC-AC-10002380,27.192,0.3399,0.999347113686956,1774
TEC-AC-10004127,27.168,-1.3584,0.9993589402540052,1775
OFF-FA-10003485,26.724,9.7464,0.9993705735423527,1776
OFF-AR-10001216,26.688000000000002,6.116,0.9993821911594541,1777
OFF-LA-10004677,26.568,8.9667,0.9993937565390686,1778
OFF-AR-10003876,26.08,9.6496,0.9994051094862361,1779
OFF-BI-10000591,26.063,9.8806,0.9994164550330928,1780
OFF-AR-10004165,25.992,10.6704,0.9994277696727699,1781
TEC-AC-10000487,25.96,5.5165,0.9994390703824504,1782
OFF-PA-10003543,25.92,9.072,0.9994503536796352,1783
OFF-AR-10003770,25.92,7.5168,0.99946163697682,1784
OFF-BI-10000201,25.83,-4.919999999999999,0.9994728810958896,1785
OFF-FA-10003472,25.704,0.3024,0.9994840703655978,1786
OFF-PA-10003424,25.228,10.388,0.9994950524266079,1787
OFF-FA-10002676,24.978,7.602,0.99950592565952,1788
OFF-AR-10003087,24.92,5.696,0.9995167736443135,1789
OFF-FA-10004076,24.552,5.841,0.999527461434147,1790
OFF-AR-10004582,24.272,8.938,0.9995380273365106,1791
OFF-AR-10000896,24.272,4.8544,0.9995485932388745,1792
OFF-LA-10004008,24.192,8.64,0.9995591243162468,1793
OFF-LA-10002381,24.023999999999997,11.211200000000002,0.9995695822611377,1794
OFF-SU-10002301,23.864,-4.1133999999999995,0.9995799705560459,1795
OFF-AR-10001227,23.52,6.3504000000000005,0.9995902091034914,1796
OFF-AR-10000315,23.332,4.912000000000001,0.9996003658122072,1797
OFF-BI-10003094,22.88,2.3584000000000005,0.9996103257597222,1798
OFF-AR-10000462,22.4,9.632,0.9996200767572893,1799
OFF-LA-10003714,21.75,8.100000000000001,0.999629544801802,1800
OFF-AR-10001972,21.168,3.7632000000000003,0.999638759494503,1801
OFF-LA-10000476,20.65,9.498999999999999,0.9996477486953851,1802
OFF-AR-10003723,20.279999999999998,7.5036000000000005,0.9996565768306824,1803
OFF-PA-10001450,19.92,9.7608,0.9996652482535189,1804
OFF-FA-10000254,19.782,-3.768,0.9996738596032454,1805
FUR-FU-10002240,19.7,0.7879999999999998,0.9996824352573559,1806
OFF-FA-10000089,19.6,9.604,0.9996909673802271,1807
OFF-AR-10000823,19.292,3.5672,0.9996993654268818,1808
TEC-AC-10003709,19.008,7.3656,0.9997076398448173,1809
OFF-PA-10000859,18.308,8.358,0.999715609544079,1810
OFF-PA-10001274,18.25,8.5775,0.9997235539952218,1811
OFF-AR-10002221,18.2,3.016,0.9997314766807452,1812
OFF-AP-10001634,18.096,-2.5056000000000003,0.9997393540937798,1813
OFF-AR-10003896,17.94,6.4584,0.9997471635980812,1814
OFF-LA-10000973,17.64,6.1739999999999995,0.9997548425086654,1815
OFF-AR-10004027,17.64,5.7456000000000005,0.9997625214192496,1816
OFF-BI-10004141,17.49,-4.8336,0.9997701350329751,1817
OFF-PA-10000308,16.896,5.28,0.9997774900711401,1818
OFF-LA-10002368,16.704,6.8382,0.9997847615293258,1819
OFF-BI-10004876,16.402,5.0596000000000005,0.9997919015231693,1820
OFF-AR-10001118,16.176000000000002,6.739999999999999,0.9997989431364125,1821
TEC-AC-10002370,15.76,3.7036,0.9998058036597006,1822
OFF-FA-10000490,15.623999999999999,7.0804,0.9998126049805036,1823
OFF-PA-10002333,15.552,5.6376,0.9998193749588146,1824
OFF-AR-10001130,15.469999999999999,6.0996,0.9998261092415095,1825
OFF-PA-10002109,15.232,4.9504,0.9998327399198551,1826
OFF-AR-10002704,14.98,4.494,0.999839260899478,1827
OFF-LA-10004055,14.73,7.2177,0.9998456730510032,1828
OFF-AR-10001022,14.2,4.402,0.999851854486961,1829
OFF-SU-10003936,13.992,-1.7489999999999999,0.9998579453779415,1830
TEC-PH-10003655,13.86,2.2967999999999997,0.9998639788076861,1831
OFF-AR-10000369,13.622,2.3074,0.9998699086330816,1832
TEC-AC-10003133,13.616,3.5742,0.9998758358466027,1833
OFF-FA-10002701,13.440000000000001,0.5376000000000001,0.999881686445143,1834
OFF-FA-10001135,13.068000000000001,-0.5147999999999999,0.9998873751074736,1835
OFF-AP-10003914,13.0,1.3,0.9998930341685617,1836
OFF-FA-10000840,12.996,5.1414,0.9998986914884,1837
OFF-PA-10002001,12.96,6.3504,0.9999043331369925,1838
OFF-PA-10001661,11.952,4.3326,0.9999095359906944,1839
TEC-AC-10003433,11.682,4.6035,0.9999146213100506,1840
OFF-PA-10003739,11.56,5.6644,0.9999196535212951,1841
OFF-LA-10004272,11.56,5.4332,0.9999246857325396,1842
OFF-BI-10000494,11.484,-5.742,0.9999296848600424,1843
OFF-BI-10003784,11.088000000000001,-2.016,0.9999345116038382,1844
OFF-BI-10000831,10.824,-2.0064,0.9999392234251625,1845
OFF-AR-10003958,10.496,1.1808,0.9999437924640224,1846
OFF-SU-10003002,10.08,0.3024,0.9999481804129278,1847
OFF-AR-10004707,9.92,3.472,0.9999524987118503,1848
OFF-AR-10004974,9.84,2.8536,0.9999567821857814,1849
OFF-AP-10002906,9.768,0.4439999999999999,0.9999610343172206,1850
TEC-PH-10004875,9.588,-2.0774,0.9999652080924293,1851
OFF-SU-10001212,9.568,2.2880000000000003,0.9999693731613901,1852
OFF-LA-10002473,9.216,3.3408,0.9999733850003891,1853
OFF-AR-10004272,8.4,2.1,0.9999770416244768,1854
OFF-FA-10001754,8.096,3.404,0.9999805659135974,1855
OFF-AR-10003477,8.04,2.7336,0.9999840658252243,1856
OFF-PA-10003919,7.968,2.6892,0.9999875343943587,1857
OFF-AR-10003986,7.7,3.157,0.9999908862997725,1858
OFF-EN-10001535,7.072,2.3868,0.9999939648290045,1859
OFF-PA-10000048,6.48,3.1104,0.9999967856533007,1860
OFF-LA-10003388,5.76,2.8224,0.999999293052675,1861
OFF-AP-10002203,1.624,-4.466,0.9999999999999986,1862
