order_id,sales,profit,robust_z,outlier_flag
CA-2014-145317,23661.228,-1789.7327,2.6494508252504416,0
CA-2016-118689,18336.74,8762.3891,2.5154826983795817,0
CA-2017-140151,14052.48,6734.472000000001,2.37564311709978,0
CA-2017-127180,13716.458,4597.1657000000005,2.3629248485426957,0
CA-2014-139892,10539.896,-1878.7892,2.2244960069975095,0
CA-2017-166709,10499.97,5039.9856,2.222501655492713,0
CA-2014-116904,9900.19,4668.693499999999,2.1915936756347185,0
CA-2016-117121,9892.74,4946.37,2.1911980977943957,0
US-2016-107440,9135.19,2381.1596,2.1493348121466496,0
CA-2016-158841,8805.04,2825.2862,2.129992270669442,0
CA-2016-143714,8539.02,1094.9532,2.113871821878852,0
CA-2014-143917,8319.289999999999,376.8324,2.10017316393387,0
US-2017-168116,8167.419999999999,-3825.3394000000003,2.0904920077457665,0
US-2015-126977,7678.228,543.2819,2.058036966932035,0
CA-2017-100111,7359.918,1571.7964,2.0357888777027724,0
CA-2014-145541,6999.96,2239.9872,2.0094400564315906,0
CA-2015-145352,6412.7699999999995,3192.0681999999997,1.9634033818080354,0
CA-2014-128209,6160.616,676.4639000000001,1.9423252370132333,0
US-2016-143819,6125.822,2253.4265,1.9393491990340361,0
CA-2015-114811,5850.514,2509.0870999999997,1.9151874447785848,0
CA-2017-138289,5802.7,2602.0939,1.9108755625166347,0
US-2014-106992,5579.9400000000005,-761.9928,1.8903070458671676,0
US-2016-140158,5549.41,2640.4798,1.8874242779036585,0
CA-2017-143112,5509.142,1398.3494,1.8835976625562023,0
CA-2017-135909,5325.884,1938.3775999999998,1.8658220792310092,0
CA-2017-149881,5282.648,445.1748,1.8615391550674316,0
CA-2016-108196,5016.548999999999,-6892.3748,1.8343821540096055,0
CA-2016-136301,4940.87,203.8564,1.8263952333155422,0
US-2015-128587,4909.610000000001,2306.7423,1.8230603971614263,0
CA-2016-128818,4835.976,1322.131,1.8151204207743858,0
CA-2016-100300,4823.09,626.4,1.8137185016260295,0
CA-2014-164973,4807.372,2242.8404,1.812003399451196,0
CA-2017-158379,4749.327,-1030.6439,1.8056207498939683,0
CA-2016-138478,4685.076,1691.3097,1.7984641002778852,0
CA-2014-168494,4630.5105,242.9916,1.7923087991699729,0
US-2017-167402,4619.33,206.6524,1.791038626006882,0
CA-2015-111829,4607.27,1930.4623,1.789665085838532,0
CA-2017-129021,4590.344,358.546,1.78773127115625,0
CA-2014-144624,4548.81,1228.1787,1.7829555896702562,0
CA-2017-121559,4472.32,1372.366,1.7740453890651244,0
CA-2016-129714,4438.686,1453.4346,1.7700790849132448,0
CA-2017-118892,4416.174,-630.882,1.767407525311389,0
CA-2016-103982,4406.072,-747.1021000000001,1.7662042650354022,0
CA-2015-117086,4404.9,1013.127,1.7660644883118721,0
CA-2014-167199,4374.88,1343.4814,1.7624714697673187,0
US-2017-102183,4337.639999999999,1464.3546000000001,1.7579798966163185,0
CA-2016-113831,4317.3,1069.9440000000002,1.7555103514564074,0
CA-2015-116638,4297.644,-1862.3124,1.7531127761426144,0
CA-2014-160766,4283.792,1599.6806,1.7514165595049898,0
CA-2014-102988,4251.92,112.2737,1.747492826338312,0
CA-2015-137113,4210.650000000001,598.0776000000001,1.7423681948415757,0
CA-2015-147830,4190.206,-1980.3794,1.7398109669050261,0
CA-2017-127432,4189.38,1455.5515,1.7397073850998637,0
CA-2016-159016,4173.812,371.0568,1.7377513031614915,0
CA-2017-168109,4150.972,981.3004999999999,1.7348682707696417,0
CA-2016-107104,4104.174,487.8992,1.7289112157452118,0
CA-2015-120782,3999.7019999999998,1947.981,1.7153638881126825,0
CA-2016-122903,3963.57,921.1416,1.7105960225448051,0
CA-2017-117457,3955.507,431.8162,1.7095261249606077,0
CA-2015-149846,3862.0980000000004,425.8189,1.6969700413881865,0
CA-2017-119809,3859.488,1255.2411,1.6966148592074703,0
CA-2014-116246,3785.292,420.588,1.6864161511817901,0
CA-2014-163223,3769.56,1038.5751,1.6842280203752023,0
CA-2015-102491,3747.9300000000003,1605.7021,1.6812045970217893,0
CA-2014-131926,3745.6299999999997,1154.6735,1.6808820794384942,0
CA-2017-102204,3740.51,-457.7308,1.6801634157446157,0
CA-2014-115812,3714.304,300.76869999999997,1.6764695692247416,0
CA-2015-158421,3631.96,756.0033,1.6646909326873451,0
US-2017-110576,3629.9360000000006,-543.6025999999999,1.6643980656229862,0
CA-2016-124590,3588.096,4.565399999999997,1.6583070873950367,0
CA-2016-160717,3528.488,391.759,1.64950570846761,0
CA-2014-125997,3519.37,992.7092,1.6481463027483196,0
CA-2017-165323,3505.84,1676.3121999999998,1.6461226078666276,0
CA-2017-137596,3480.96,1234.3688,1.6423808194132141,0
US-2014-148838,3455.13,-1031.6701,1.6384677629403985,0
CA-2015-124891,3419.872,480.6405,1.63307896424688,0
CA-2017-166093,3397.732,902.0742,1.629666645299203,0
CA-2015-164301,3393.68,610.8624,1.629039726683025,0
CA-2015-131338,3385.614,800.0789000000001,1.6277895382362397,0
US-2015-160857,3384.518,1082.9507,1.6276194341386077,0
CA-2016-169663,3384.45,382.8315,1.627608878420505,0
CA-2017-133865,3359.952,1049.985,1.6237921614558393,0
CA-2016-145625,3354.98,639.577,1.6230141430349467,0
US-2016-126452,3339.1220000000003,275.9,1.6205249602025202,0
CA-2014-117639,3333.8999999999996,1449.5187,1.6197026912604837,0
US-2015-134558,3332.974,426.81389999999993,1.61955674663394,0
US-2015-150630,3329.4339999999997,-1647.9386000000002,1.6189984418387289,0
CA-2017-122490,3321.2780000000002,354.8955,1.6177098708661295,0
CA-2017-143567,3291.0699999999997,829.6397000000001,1.6129095796680522,0
CA-2014-144414,3290.516,1073.143,1.6128211339351894,0
CA-2015-135580,3251.34,490.6038,1.6065286635871572,0
US-2014-131275,3247.1580000000004,764.5337999999999,1.6058524761597253,0
CA-2016-133711,3236.41,1556.6952,1.6041106305016808,0
US-2015-163825,3184.356,1177.386,1.5955919731610249,0
CA-2015-121720,3165.744,-129.5882,1.5925122860719434,0
CA-2016-135265,3136.868,965.8569,1.5876982278558551,0
CA-2014-119375,3116.49,833.7633,1.5842741742395834,0
CA-2017-133263,3098.6099999999997,1488.0236,1.581251366739874,0
CA-2017-141439,3083.94,905.6228,1.5787581935073873,0
CA-2017-159366,3059.982,679.996,1.5746609162942948,0
CA-2017-152912,3013.78,991.3617999999999,1.5666681332269632,0
US-2017-105935,3002.6499999999996,788.8426,1.564724375745641,0
CA-2017-161956,2971.7920000000004,926.335,1.559297391546746,0
CA-2017-145219,2970.4320000000002,1041.9132,1.5590569146376305,0
CA-2017-119284,2942.784,286.35949999999997,1.55414415057298,0
US-2017-163300,2911.7839999999997,895.6084999999999,1.5485805980568859,0
US-2016-163881,2904.572,618.7338,1.5472777754609524,0
CA-2017-115602,2888.518,669.7832,1.544366027254325,0
CA-2014-136567,2884.37,623.1933,1.5436110656086128,0
US-2016-116729,2875.544,355.6392,1.542001060985774,0
CA-2014-120474,2854.48,686.4744000000001,1.5381385970887114,0
CA-2014-133592,2846.22,1071.7254,1.5366161946962733,0
CA-2016-129630,2824.23,953.7237,1.5325415817511987,0
CA-2015-164777,2803.92,0.0,1.5287499908379012,0
US-2015-100377,2799.96,874.9875,1.528007517105928,0
CA-2016-163804,2781.77,782.5165999999999,1.524583472153877,0
CA-2017-157854,2747.25,1280.5143,1.5180235176206756,0
US-2017-141677,2737.672,370.80559999999997,1.5161887709027377,0
CA-2014-154627,2735.952,341.994,1.5158586108882195,0
CA-2015-139731,2717.31,-307.6095,1.5122668434166346,0
CA-2014-127299,2692.329,-937.4184,1.5074149224455748,0
CA-2017-123967,2690.74,247.7558,1.5071047792412666,0
US-2016-164196,2678.94,241.1046,1.5047958947590707,0
CA-2015-111038,2676.672,267.6672,1.5043509547599256,0
CA-2016-163167,2673.6899999999996,431.2023,1.503765367206211,0
CA-2015-124450,2670.19,974.3135,1.5030772244656811,0
CA-2016-114489,2657.81,775.9808,1.5006359093012094,0
CA-2014-169019,2656.716,-3791.1634,1.5004196279778788,0
CA-2015-146563,2645.021,-133.18769999999998,1.498101974080515,0
CA-2015-123113,2643.06,739.5186,1.497712350777413,0
CA-2017-112333,2633.5099999999998,632.4618999999999,1.4958107594309484,0
CA-2015-160227,2621.322,553.3902,1.493373853538995,0
CA-2016-108987,2620.9376,-345.6218,1.493296811311655,0
CA-2017-134845,2613.309,-3424.3546,1.491765531024782,0
US-2017-161935,2610.73,-201.04760000000002,1.4912468404419668,0
CA-2017-107174,2595.388,326.268,1.4881506187331734,0
CA-2014-141313,2583.19,654.9194,1.4856758145194093,0
CA-2015-155306,2572.5,625.8474,1.4834973388006327,0
CA-2015-120677,2567.84,770.352,1.4825448609616256,0
CA-2017-156776,2563.314,533.3393,1.4816181164973088,0
CA-2016-169670,2563.056,313.2624,1.4815652391101053,0
CA-2015-164882,2562.171,349.8456,1.4813838169383033,0
US-2016-114013,2550.587,-928.2666,1.4790033407958618,0
CA-2016-168354,2545.12,757.561,1.4778761329511578,0
CA-2015-162782,2541.98,1270.99,1.4772276204525383,0
CA-2015-105627,2531.88,596.7203,1.4751361971431678,0
CA-2017-168858,2521.4799999999996,634.555,1.4729739193091136,0
CA-2015-109575,2503.82,497.44079999999997,1.4692817014757222,0
CA-2016-104157,2503.47,421.22339999999997,1.4692082633638517,0
CA-2017-160885,2479.96,743.988,1.4642516749443886,0
US-2017-118087,2457.141,-344.0748,1.4593956442481006,0
CA-2016-105081,2445.602,681.3864,1.4569228820625515,0
US-2017-162558,2437.672,-1034.8361,1.4552167435989536,0
US-2017-135013,2399.96,839.986,1.4470263334929627,0
CA-2016-107202,2396.4,179.73,1.4462465269375897,0
CA-2017-128363,2382.9260000000004,-1145.1882,1.443284568439448,0
CA-2016-147256,2377.56,972.2454,1.4421003092258695,0
CA-2016-105732,2374.73,696.2947,1.4414746606650968,0
CA-2017-138975,2361.52,617.5645,1.4385443369240893,0
CA-2014-122931,2358.672,-413.5152,1.4379104292218743,0
CA-2014-126683,2354.98,402.2562,1.4370875242900039,0
CA-2017-121027,2340.06,595.74,1.4337488376651732,0
CA-2015-169796,2339.84,1117.5618,1.4336994486712065,0
CA-2016-114727,2331.84,16.2408,1.4319003247842617,0
CA-2014-126403,2304.37,543.5698,1.4256752730997806,0
CA-2015-137974,2298.8999999999996,397.9448,1.4244268492252676,0
US-2016-113677,2294.9,599.6619999999999,1.4235120440510942,0
CA-2017-120376,2283.4300000000003,577.1258,1.4208799755429293,0
CA-2017-150091,2258.28,160.4214,1.4150621398484116,0
CA-2017-157987,2255.868,297.8179,1.4145007832769634,0
CA-2015-135685,2233.02,538.0962,1.409153301106604,0
CA-2017-149048,2229.1800000000003,754.7022000000001,1.4082491993345105,0
CA-2015-113145,2220.06,841.9446,1.4060957033457313,0
CA-2014-110408,2216.8,444.6902,1.405323777001872,0
CA-2015-130659,2201.864,578.5957999999999,1.4017725528736744,0
US-2015-128090,2200.328,319.16429999999997,1.4014059848131373,0
CA-2017-142090,2165.658,-571.6885,1.3930631939545293,0
CA-2015-121783,2165.12,644.3432,1.3929326834488123,0
CA-2014-128524,2158.694,784.8075,1.3913713242331018,0
CA-2015-121797,2147.3360000000002,297.8469,1.38860021411678,0
CA-2016-143805,2145.25,706.3045,1.3880896824722049,0
CA-2014-126361,2126.034,576.5563,1.3833632463500452,0
CA-2014-145387,2116.5060000000003,472.0844,1.3810038468697998,0
CA-2017-121790,2113.567,209.1466,1.380273925400705,0
CA-2017-117212,2110.72,299.1056,1.3795658847719707,0
CA-2017-149559,2089.412,273.873,1.3742361407399883,0
CA-2015-135622,2079.112,281.1181,1.3716403055529702,0
US-2016-108504,2075.51,688.7151,1.3707294847999598,0
CA-2016-131737,2073.35,640.1885,1.3701825376839005,0
CA-2016-168032,2067.7960000000003,-397.12760000000003,1.3687735554077893,0
CA-2014-166954,2061.01,290.8953,1.3670468864592487,0
CA-2014-169726,2060.744,643.9825,1.366979088203706,0
CA-2017-123372,2059.85,530.9545,1.3667511607751481,0
CA-2016-133935,2056.0060000000003,131.24200000000002,1.3657699959239031,0
CA-2014-131450,2049.816,604.5839,1.3641861643611606,0
CA-2017-141733,2049.534,568.1281,1.3641138953839227,0
CA-2015-113404,2048.8559999999998,-140.3973,1.3639401016299013,0
US-2014-135972,2046.354,729.7065,1.3632982586914577,0
CA-2017-111738,2031.3919999999998,685.6176,1.3594435806990566,0
CA-2016-125087,2027.188,-82.8626,1.3583553914686803,0
CA-2014-134313,2027.144,252.3136,1.358343990314599,0
CA-2015-125976,2026.7800000000002,631.269,1.3582496621881863,0
CA-2015-121188,2017.532,356.63239999999996,1.3558474086459524,0
US-2017-118941,2017.3200000000002,438.40799999999996,1.3557922107318918,0
US-2017-167318,2012.3020000000001,705.274,1.3544839909649062,0
CA-2017-107517,2011.9,501.156,1.3543790463576888,0
US-2016-131611,2007.9048,-366.6311,1.3533349338173524,0
CA-2016-155530,2003.52,-325.572,1.3521866097582549,0
CA-2014-163748,2003.1200000000001,616.4554999999999,1.3520817297847025,0
CA-2016-157791,1999.96,899.982,1.3512524413485398,0
CA-2017-123491,1993.772,557.3313,1.3496247054837303,0
CA-2017-155880,1986.52,482.5819,1.3477106487502482,0
CA-2016-133725,1979.928,148.4946,1.3459647199206446,0
CA-2014-120768,1979.8899999999999,240.6027,1.3459546385702896,0
CA-2015-110863,1971.46,439.31379999999996,1.3437133767150944,0
CA-2015-111514,1966.5569999999998,343.9643,1.342405419150726,0
CA-2017-167752,1958.544,316.5442,1.3402607845587446,0
CA-2015-114069,1952.808,330.80159999999995,1.338720183570762,0
CA-2016-142335,1949.31,311.4315,1.3377784531103412,0
CA-2015-157084,1941.81,641.469,1.335753599445912,0
CA-2016-165330,1937.924,272.3826,1.3347013788412985,0
CA-2017-136308,1919.976,215.9973,1.3298140364016613,0
CA-2015-102582,1918.79,506.9794,1.3294894752867628,0
US-2017-112347,1915.6239999999998,-316.46400000000006,1.3286220837625515,0
CA-2015-160171,1910.7,556.596,1.3272702003794676,0
CA-2014-154893,1897.92,184.908,1.3237451407184522,0
CA-2017-159100,1893.786,-964.4829,1.3225997949783235,0
CA-2014-126760,1891.316,110.6962,1.3219142757441993,0
US-2017-122714,1889.99,-2929.4845,1.3215458909421245,0
CA-2014-151330,1885.27,312.9472,1.3202324970956818,0
CA-2015-140984,1884.144,592.242,1.3199186892288708,0
CA-2017-147760,1883.7240000000002,-73.0503,1.3198015903382991,0
CA-2017-144491,1875.128,-98.07039999999999,1.3173992167079704,0
CA-2015-126725,1873.606,175.3879,1.3169727078619506,0
US-2017-105998,1872.934,108.8048,1.3167842836271053,0
US-2014-147627,1859.4,437.2475,1.3129749891505789,0
CA-2016-106950,1854.241,162.1988,1.3115156316564152,0
CA-2017-151799,1843.402,432.3557,1.3084362730149954,0
CA-2014-154599,1840.0430000000001,120.8373,1.3074783076184011,0
US-2017-167920,1827.51,764.8837,1.3038884832953437,0
US-2017-142188,1820.208,494.4205,1.3017856118163014,0
CA-2015-146262,1816.6960000000001,-1196.0595999999998,1.3007712014565014,0
CA-2017-117324,1816.3600000000001,419.3294,1.3006740481009915,0
US-2017-158526,1814.6799999999998,494.86490000000003,1.3001880117347087,0
CA-2014-124688,1812.0100000000002,481.4421,1.299414634998524,0
CA-2017-119452,1805.88,523.7052,1.2976347368624583,0
CA-2016-126732,1804.2479999999998,136.618,1.2971598537951023,0
CA-2015-134719,1801.632,-337.806,1.2963977478251993,0
US-2017-117723,1801.632,-337.806,1.2963977478251993,0
CA-2016-105459,1800.168,220.1534,1.2959707653486967,0
CA-2014-116666,1799.97,239.996,1.2959129910774654,0
CA-2016-101546,1793.98,843.1706,1.294162164172588,0
CA-2017-141789,1793.98,843.1706,1.294162164172588,0
CA-2014-152268,1793.98,843.1706,1.294162164172588,0
US-2015-127040,1782.17,162.96679999999998,1.290693018280744,0
CA-2017-112515,1782.104,247.5869,1.290673566522631,0
CA-2014-107818,1771.52,235.2232,1.2875448593553018,0
CA-2017-152975,1770.1899999999998,329.6405,1.2871503810539953,0
CA-2014-103310,1769.784,187.6596,1.2870299023467855,0
CA-2016-153598,1761.8500000000001,711.4540000000001,1.2846699621747444,0
CA-2015-141243,1757.8536,-352.0866,1.2834772216708552,0
CA-2017-105669,1749.902,4.223399999999998,1.28109595504864,0
CA-2016-169838,1745.9099999999999,400.1121,1.2798963897608306,0
CA-2015-147788,1745.71,209.63500000000002,1.2798362192133406,0
CA-2015-126557,1745.399,109.9847,1.2797426403243801,0
CA-2014-108147,1745.3600000000001,109.524,1.279730904175267,0
US-2017-100930,1735.8505,-361.5705,1.2768613880273265,0
CA-2014-125829,1729.416,159.6372,1.27491083522045,0
CA-2017-131254,1729.286,-2330.2698,1.274871352344376,0
US-2015-126214,1717.9699999999998,392.8934,1.271423102695817,0
CA-2015-115567,1716.16,410.2088,1.2708694484166174,0
CA-2017-113418,1704.89,767.2005,1.2674089243451014,0
CA-2016-152555,1702.38,40.7136,1.2666351006301384,0
CA-2017-145884,1702.0300000000002,437.28560000000004,1.2665271063487378,0
US-2016-102239,1691.6080000000002,322.322,1.2633011337095623,0
CA-2017-105914,1687.2600000000002,246.8132,1.2619493998512974,0
US-2015-163279,1685.4560000000001,250.1694,1.2613875387369982,0
CA-2014-131387,1679.96,125.997,1.2596720812064277,0
CA-2014-157147,1679.749,249.14939999999999,1.2596061103729268,0
US-2016-121013,1678.0,325.83680000000004,1.2590589525063776,0
US-2016-165505,1672.31,452.4404,1.2572749389793485,0
US-2016-100461,1671.93,456.9723,1.257155579712018,0
CA-2016-162390,1671.08,482.662,1.2568884936979925,0
CA-2017-148446,1669.6,116.872,1.2564231256376173,0
CA-2015-102281,1668.988,210.9114,1.2562305691557805,0
CA-2017-158729,1665.62,33.3124,1.2551696148596754,0
CA-2015-141565,1664.1319999999998,-972.0496,1.2547001966582285,0
CA-2014-105984,1661.028,-244.9116,1.2537196285041852,0
CA-2016-125220,1649.75,544.4175,1.2501413753165618,0
CA-2017-143063,1645.87,438.68039999999996,1.2489046850299168,0
CA-2014-140858,1639.711,106.72200000000001,1.2469356026659277,0
CA-2014-165309,1639.496,-1340.5041,1.2468667319712996,0
CA-2015-167010,1636.356,-257.9199,1.2458598696884862,0
CA-2015-155600,1635.018,-1053.3600000000001,1.245430244098827,0
US-2017-120390,1633.188,-1306.5504,1.2448420703244552,0
CA-2016-127138,1632.362,139.0491,1.2445763728374422,0
CA-2017-118724,1629.712,123.654,1.243723045605418,0
CA-2016-121370,1628.6100000000001,167.994,1.2433677819756912,0
CA-2016-130946,1616.704,-1790.2708,1.2395141239603666,0
CA-2014-150798,1614.124,72.1372,1.2386753077178931,0
CA-2016-102162,1611.01,757.3965,1.2376610895725848,0
CA-2014-124856,1609.32,445.9008,1.2371098424164715,0
CA-2016-105207,1604.73,355.773,1.235609743765699,0
CA-2016-152247,1603.136,100.196,1.2350877911452391,0
CA-2016-128594,1603.136,100.196,1.2350877911452391,0
CA-2016-150350,1599.864,115.09819999999999,1.2340147532884163,0
CA-2016-109869,1588.323,-857.1918000000001,1.230212344309467,0
CA-2017-163006,1584.866,-63.961200000000005,1.229067992391254,0
CA-2017-103877,1577.94,757.4112,1.2267677917541713,0
CA-2017-146983,1577.94,757.4112,1.2267677917541713,0
CA-2014-150245,1573.488,196.686,1.2252839002209561,0
CA-2015-101889,1568.862,-457.9902,1.223737561281845,0
CA-2016-165848,1562.694,397.39149999999995,1.221668672724261,0
CA-2016-146934,1562.086,356.8186,1.2214642939023264,0
CA-2017-111556,1559.6680000000001,344.053,1.2206506971802975,0
CA-2015-156482,1558.4199999999998,350.5498,1.2202302829599279,0
CA-2016-107783,1556.694,-990.543,1.2196482899317225,0
CA-2015-142944,1555.244,473.7518,1.2191588631793675,0
CA-2014-151995,1549.77,379.4924,1.2173070734782463,0
CA-2015-138009,1542.47,444.2672,1.2148273725650953,0
CA-2017-103212,1541.51,363.6841,1.2145004026669,0
CA-2014-153850,1537.5439999999999,-240.7248,1.2131474479165298,0
CA-2015-166947,1522.638,169.182,1.2080310633527809,0
US-2014-119137,1520.376,144.4608,1.2072502755525296,0
US-2017-109253,1520.15,203.84709999999998,1.2071722020300828,0
CA-2014-144666,1517.574,201.211,1.2062814815411793,0
CA-2016-142594,1517.049,335.3556,1.2060997634932964,0
US-2017-109316,1515.186,137.4528,1.2054544164450667,0
CA-2014-125731,1508.768,156.30880000000002,1.203225120764928,0
CA-2014-127614,1508.13,186.7374,1.2030029934956528,0
CA-2016-114867,1507.938,-372.3033,1.2029361280350175,0
CA-2016-135776,1506.02,133.46620000000001,1.202267702543262,0
CA-2016-139997,1499.95,449.985,1.200146679375892,0
CA-2017-116680,1491.616,96.72879999999999,1.1972205372755544,0
CA-2016-114972,1489.7240000000002,469.9156,1.196553963733662,0
CA-2014-103492,1488.774,117.4008,1.1962189486065575,0
US-2017-134481,1488.424,-297.6848,1.1960954681260711,0
CA-2015-146675,1483.528,481.08869999999996,1.1943651040946826,0
CA-2014-114251,1476.8339999999998,-127.15079999999999,1.191990025687998,0
CA-2017-162691,1476.27,-251.2959,1.1917894233586535,0
CA-2016-131289,1475.584,-171.2236,1.191545325072606,0
US-2017-155425,1475.054,-256.5716,1.1913566583515587,0
CA-2016-158694,1467.1339999999998,485.1744,1.1885292383688217,0
CA-2016-169103,1466.32,81.409,1.1882377784973834,0
CA-2016-163328,1465.032,134.03719999999998,1.1877762682570063,0
US-2014-138247,1461.172,188.7825,1.1863907384959889,0
CA-2017-162015,1455.55,288.3215,1.1843661895591504,0
CA-2016-123540,1454.9,378.274,1.1841316130507145,0
US-2015-122784,1454.838,-169.703,1.184109232589747,0
CA-2015-100146,1452.7875,151.5779,1.1833685154681586,0
CA-2017-109085,1448.853,-127.2337,1.1819442970353957,0
CA-2015-162047,1448.82,209.274,1.1819323352901907,0
CA-2017-146535,1446.8400000000001,376.8408,1.1812141318777696,0
CA-2015-132486,1446.784,161.109,1.18119380477459,0
CA-2015-159534,1445.674,456.5333,1.1807907302224638,0
CA-2017-127397,1443.72,253.1925,1.180080421770842,0
CA-2014-132612,1441.3,245.021,1.1791993824177238,0
CA-2016-147417,1439.976,191.9968,1.1787167333954094,0
US-2017-147886,1435.96,106.9836,1.1772500293617056,0
CA-2017-116988,1433.19,294.3627,1.176235992707535,0
CA-2016-129868,1431.078,80.7403,1.1754615187308175,0
CA-2016-144764,1427.308,-17.953899999999997,1.174076209940237,0
US-2016-143448,1424.9,356.225,1.1731894611621807,0
CA-2015-153381,1423.34,401.126,1.1726141896828348,0
CA-2016-158099,1422.252,-807.777,1.172212601629707,0
CA-2014-108609,1421.664,-734.5264,1.1719954391024932,0
CA-2017-143686,1418.21,608.1851,1.1707179789549673,0
CA-2014-114321,1417.35,575.9101,1.1703994249692844,0
US-2016-160528,1416.304,-216.2264,1.1700117139912367,0
CA-2016-112697,1410.066,-349.3705,1.1676935749320074,0
US-2017-133200,1407.2048,-195.9448,1.1666268776110165,0
CA-2014-124247,1403.92,70.196,1.1653995803580701,0
CA-2016-146913,1403.92,70.196,1.1653995803580701,0
CA-2016-155845,1399.944,52.4979,1.1639101860782155,0
CA-2016-159891,1396.35,694.4142,1.1625602456543978,0
CA-2014-165764,1395.673,-362.6668,1.1623055694712232,0
CA-2014-119151,1393.872,17.952600000000004,1.1616274616209776,0
CA-2016-113243,1388.7800000000002,-191.56,1.159705487293323,0
CA-2015-104626,1388.46,409.8546,1.1595844682931238,0
CA-2016-111213,1384.924,312.4121,1.158245349690406,0
CA-2017-102379,1378.948,80.4412,1.1559743931719764,0
CA-2016-147137,1376.445,255.59060000000002,1.1550202974856993,0
CA-2017-153045,1370.5349999999999,-143.0117,1.1527606213350536,0
CA-2014-163552,1368.6200000000001,413.6125,1.1520263359445797,0
CA-2014-111192,1367.84,259.8896,1.151726959349358,0
CA-2016-110492,1366.04,182.99800000000002,1.1510354386963995,0
CA-2014-110786,1365.6299999999999,479.94960000000003,1.150877798340976,0
CA-2017-122364,1365.48,252.37800000000001,1.150820113223627,0
CA-2016-105256,1363.96,85.2475,1.1502352132525866,0
CA-2015-119879,1363.674,-504.2467,1.150125086901953,0
CA-2017-104640,1362.056,439.2271,1.1495016294501137,0
CA-2015-105571,1361.6309999999999,-1044.4553,1.1493377431756104,0
CA-2017-157966,1358.866,344.8139,1.1482702686807509,0
US-2017-111423,1358.484,400.0254,1.1481226205714907,0
CA-2016-138968,1356.576,86.1492,1.1473845313810642,0
CA-2014-166863,1353.5296,-220.376,1.1462039113537628,0
CA-2015-154284,1349.63,253.3058,1.1446887562194896,0
CA-2017-107167,1347.52,84.22,1.1438671094432742,0
US-2015-114741,1347.27,248.6358,1.143769672755353,0
CA-2015-140410,1345.418,160.5256,1.1430472986085964,0
US-2017-169551,1344.838,-62.289500000000004,1.1428208647960914,0
CA-2016-149279,1344.4199999999998,152.41559999999998,1.1426576157758086,0
CA-2014-143903,1340.9759999999999,-115.8528,1.1413106351588849,0
US-2015-129007,1336.352,272.58299999999997,1.1394966989666648,0
CA-2017-105851,1332.496,-299.8116,1.1379792370992354,0
CA-2017-142034,1331.82,469.614,1.1377127570385444,0
CA-2016-101791,1328.128,62.269200000000005,1.1362549768778674,0
CA-2014-128146,1326.69,358.2815,1.1356860889005425,0
CA-2017-108574,1324.574,198.86939999999998,1.134847855574866,0
CA-2017-147207,1322.75,-151.3382,1.1341242207467774,0
CA-2017-102750,1322.352,-99.1764,1.1339661898402769,0
CA-2016-147375,1321.467,156.8385,1.1336146190475977,0
US-2016-138408,1319.96,527.984,1.1330154137974546,0
CA-2016-139269,1311.97,167.6508,1.1298270085535331,0
CA-2017-111689,1311.372,285.4993,1.1295875970923708,0
CA-2016-133550,1311.03,301.0482,1.129450627116075,0
CA-2014-166471,1310.3359999999998,24.364399999999996,1.1291725724245811,0
CA-2014-136399,1308.196,142.8458,1.1283142429332977,0
CA-2015-157322,1305.81,-39.8683,1.1273555898880936,0
CA-2016-162355,1302.83,301.0897,1.1261558168531325,0
US-2014-115196,1299.99,-571.9956,1.1250098542995326,0
US-2017-142573,1298.896,-482.5883,1.1245677490590928,0
CA-2017-100650,1295.78,310.9872,1.12330647481979,0
CA-2017-142342,1295.0249999999999,255.23700000000002,1.123000414702379,0
US-2016-150140,1294.75,336.635,1.1228888915514739,0
CA-2016-128223,1293.488,80.843,1.1223767979481223,0
CA-2015-113152,1293.4679999999998,427.51199999999994,1.1223686783420765,0
CA-2015-148635,1288.848,91.1622,1.1204896797531507,0
CA-2016-117590,1288.4640000000002,-24.4893,1.120333200422021,0
CA-2016-134887,1287.45,244.6155,1.1199197730903174,0
CA-2014-162775,1287.26,326.5672,1.119842270237121,0
CA-2016-109722,1284.8000000000002,266.1728,1.1188377788770654,0
CA-2015-133585,1283.3264,-29.893200000000004,1.118235143240454,0
CA-2016-152730,1282.6100000000001,509.11740000000003,1.117941918265939,0
CA-2014-106376,1280.992,174.2904,1.1172790626783968,0
CA-2017-126067,1278.158,295.57620000000003,1.1161160227076912,0
CA-2014-127446,1273.6229999999998,-117.8601,1.11424954104075,0
CA-2015-112452,1273.606,326.27459999999996,1.1142425318205618,0
US-2014-144078,1272.704,104.2478,1.1138704967089035,0
US-2014-123183,1271.42,353.61240000000004,1.1133404487797864,0
CA-2017-167395,1271.17,364.6807,1.1132371840944302,0
CA-2015-120621,1270.3790000000001,242.5149,1.1129103208996902,0
US-2016-141544,1269.8700000000001,-316.8514,1.1126998803947927,0
CA-2016-145905,1264.14,207.2624,1.1103250421654902,0
CA-2016-142545,1263.67,98.2864,1.1101297703382655,0
CA-2014-106726,1261.33,327.9458,1.109156484572801,0
CA-2016-162187,1252.636,-263.5685,1.1055244813207834,0
CA-2014-101931,1252.602,18.614,1.1055102281008082,0
CA-2017-128265,1247.64,349.3392,1.1034259404666318,0
CA-2017-122693,1245.86,361.2994,1.102676232486054,0
US-2015-139675,1242.896,194.7256,1.1014254642277725,0
CA-2017-110443,1242.6319999999998,185.4324,1.1013139152531033,0
CA-2017-150266,1240.418,-162.94140000000002,1.100377491907708,0
CA-2017-127026,1239.833,362.3067,1.100129784033698,0
CA-2015-160472,1238.33,279.5512,1.0994928294875654,0
US-2015-138121,1233.61,252.88649999999998,1.0974875126740127,0
CA-2017-105214,1231.5,99.6858,1.096588587216698,0
CA-2015-111780,1230.5,239.23950000000002,1.0961620185490155,0
CA-2015-117415,1228.9532,15.048000000000002,1.0955015193887112,0
CA-2014-164315,1220.67,341.38239999999996,1.0919503146638403,0
CA-2016-163573,1219.96,381.2375,1.0916448012336295,0
CA-2017-123085,1219.7920000000001,423.7296,1.0915724847396906,0
CA-2015-153423,1217.568,456.588,1.0906142130955512,0
US-2014-117968,1217.3799999999999,318.929,1.0905331279650472,0
US-2014-118997,1215.92,316.1392,1.0899029980888655,0
US-2016-155768,1215.72,258.4088,1.0898166200590966,0
CA-2015-150714,1215.269,-56.351399999999984,1.0896217854818226,0
CA-2014-141796,1214.85,352.3065,1.0894407103379697,0
CA-2014-139192,1213.494,163.2654,1.088854272995352,0
CA-2014-152100,1212.96,-69.312,1.088623151140246,0
CA-2016-113607,1203.89,327.8429,1.0846819371355632,0
CA-2015-166219,1203.441,66.23570000000001,1.0844860619099992,0
CA-2016-110499,1199.976,374.9925,1.0829720029225984,0
CA-2014-111871,1198.33,70.49,1.082251239198831,0
US-2017-166688,1196.316,92.0209,1.0813679858150749,0
CA-2014-121006,1194.8700000000001,299.7966,1.0807329159222139,0
US-2014-137869,1190.84,109.5012,1.0789589163434483,0
CA-2014-134572,1190.53,-222.016,1.0788222064767172,0
CA-2016-152289,1184.6999999999998,14.718000000000004,1.076244533282278,0
CA-2016-110975,1179.822,53.27839999999999,1.0740780192961021,0
CA-2016-155516,1179.27,311.3476,1.0738322906385345,0
CA-2014-116932,1173.616,103.1748,1.0713087146701967,0
CA-2015-103835,1173.03,340.4769,1.0710464681739147,0
CA-2017-152933,1171.792,160.1547,1.0704920082432696,0
CA-2015-130974,1170.9180000000001,242.671,1.070100219504177,0
CA-2015-146486,1170.72,70.6522,1.070011421277613,0
CA-2017-130841,1170.5639999999999,108.05359999999999,1.0699414484693666,0
CA-2017-125451,1169.98,-54.1212,1.0696794162282803,0
CA-2017-121839,1169.694,-253.4337,1.0695510445457226,0
US-2016-169040,1169.454,297.4051,1.0694432958539037,0
CA-2014-163419,1167.296,132.29399999999998,1.0684734618764886,0
US-2016-167339,1167.056,70.25280000000001,1.0683654920010766,0
CA-2015-153549,1166.92,131.2785,1.0683042992237841,0
CA-2014-146283,1166.7160000000001,53.919200000000004,1.0682124966959095,0
US-2016-150861,1165.328,46.3184,1.0675874533867222,0
CA-2016-123946,1159.06,314.6962,1.0647555559406408,0
US-2017-163790,1158.882,282.4405,1.0646749118576457,0
CA-2014-159520,1158.448,-292.18989999999997,1.0644782333876346,0
CA-2017-158561,1158.12,130.2885,1.0643295427440804,0
CA-2016-114601,1157.98,328.6762,1.0642660644128163,0
CA-2016-134803,1157.6799999999998,219.8832,1.064130013592765,0
US-2017-162670,1152.8700000000001,287.244,1.0619438422185652,0
CA-2016-116911,1148.806,266.1649,1.0600896174239143,0
CA-2014-104563,1143.8220000000001,85.51060000000001,1.0578066692105068,0
CA-2015-165624,1142.43,364.3753,1.0571672803431054,0
CA-2014-130428,1142.165,89.4226,1.0570454694132272,0
US-2014-125521,1139.92,284.98,1.0560123896469509,0
US-2016-111290,1137.4,197.5665,1.0548503390219217,0
CA-2015-136469,1136.896,260.1058,1.05461762023713,0
CA-2014-117464,1136.092,162.7472,1.0542461649119543,0
CA-2015-132626,1133.8200000000002,435.01980000000003,1.053195058710249,0
CA-2015-117800,1132.8400000000001,288.6394,1.05274102685852,0
CA-2017-130036,1132.56,213.93900000000002,1.0526112313921065,0
CA-2016-109344,1127.976,126.8973,1.0504817230917598,0
CA-2015-110016,1126.8300000000002,131.1225,1.0499479950028785,0
CA-2017-160633,1126.2939999999999,78.646,1.0496981768441598,0
CA-2014-168984,1122.968,-249.49400000000003,1.048145338837163,0
CA-2016-136406,1121.568,0.0,1.0474903342497737,0
CA-2016-157280,1120.73,165.8033,1.0470978762839405,0
CA-2016-142958,1120.368,43.995000000000005,1.0469282512458058,0
CA-2016-148852,1119.1480000000001,76.94850000000001,1.046356183236135,0
CA-2016-136812,1117.92,55.896,1.0457797344098057,0
CA-2015-165162,1117.92,55.896,1.0457797344098057,0
US-2015-161991,1116.48,372.678,1.0451029619138315,0
CA-2017-100097,1115.25,302.4705,1.0445241944476622,0
CA-2016-132304,1115.17,334.551,1.0444865289495961,0
CA-2015-123141,1114.192,119.5878,1.044025849879047,0
CA-2017-140872,1111.698,48.0533,1.0428492399239713,0
CA-2016-153178,1111.4180000000001,383.943,1.042716977947246,0
CA-2014-138128,1110.6480000000001,135.5822,1.0423530857831995,0
CA-2016-163776,1110.5,363.4222,1.0422831139950544,0
CA-2016-106530,1110.344,104.23349999999999,1.0422093498613476,0
CA-2015-158491,1109.95,431.98199999999997,1.0420230020292034,0
CA-2014-124478,1109.725,436.102,1.041916555471004,0
CA-2014-163468,1109.372,-284.74739999999997,1.0417495091883089,0
CA-2017-122035,1107.68,329.93359999999996,1.0409480847238894,0
CA-2014-103100,1107.66,498.5208,1.0409386043091626,0
CA-2016-162236,1106.924,-322.8988,1.0405896060437803,0
CA-2014-154963,1106.77,-20.0355,1.0405165526204565,0
CA-2015-126697,1102.472,148.9446,1.0384735904940066,0
CA-2017-138149,1100.62,367.0544,1.0375908277358163,0
CA-2015-154956,1099.96,285.9896,1.0372758775352295,0
CA-2017-150420,1099.5,362.835,1.0370562551159306,0
US-2015-116981,1098.53,285.6178,1.036592837230109,0
CA-2017-102407,1096.4879999999998,93.2382,1.0356159332480692,0
CA-2016-112123,1094.25,428.9291,1.0345431718881084,0
CA-2016-158001,1091.4399999999998,297.67080000000004,1.0331931201595022,0
CA-2014-166086,1091.35,215.8138,1.0331498226972264,0
CA-2017-150910,1090.348,-220.5622,1.0326675365277762,0
CA-2016-160108,1085.87,209.27140000000003,1.0305067443916296,0
CA-2016-155978,1085.688,104.7642,1.030418734844229,0
CA-2016-144218,1085.42,282.2092,1.030289111531074,0
CA-2017-164112,1085.42,282.2092,1.030289111531074,0
CA-2015-127509,1085.16,243.861,1.0301633270087247,0
CA-2017-162789,1083.07,175.34310000000002,1.0291511177863923,0
CA-2015-132465,1082.15,167.111,1.0287049332797935,0
CA-2017-121888,1081.69,338.0639,1.0284816988897076,0
US-2017-165456,1079.316,-15.4188,1.0273281053985144,0
CA-2017-161774,1078.4379999999999,36.7115,1.0269008181966912,0
CA-2017-151981,1077.47,327.6762,1.0264293286228796,0
CA-2014-140662,1075.3700000000001,432.7264,1.025405012436227,0
CA-2017-117702,1071.7400000000002,281.054,1.0236296867969514,0
US-2017-117534,1069.132,188.8396,1.0223504786887858,0
US-2017-128951,1065.8400000000001,213.73319999999998,1.0207313141998664,0
US-2017-106145,1065.2160000000001,371.9775,1.0204238376658545,0
CA-2016-115917,1064.624,277.8048,1.0201319627697287,0
US-2015-168704,1061.328,-140.5778,1.0185039591915932,0
US-2016-125402,1059.088,250.74169999999998,1.0173946635650242,0
CA-2016-124352,1058.27,339.7367,1.016988988201648,0
CA-2015-112130,1058.1879999999999,-20.435299999999998,1.0169483042034388,0
CA-2017-108560,1058.108,502.92440000000005,1.0169086094623838,0
CA-2017-152310,1057.168,271.22450000000003,1.0164419715294886,0
CA-2016-102092,1056.86,158.529,1.0162889829748754,0
CA-2015-109638,1055.1419999999998,432.9348,1.015434806721908,0
CA-2016-146633,1054.928,394.6446,1.0153283102797372,0
CA-2017-131828,1051.912,116.1207,1.0138251072762263,0
CA-2014-112158,1050.6,-41.93959999999999,1.0131698496005141,0
CA-2014-143371,1049.97,43.2636,1.0128549154686288,0
US-2017-164056,1048.35,-69.89,1.0120442171638022,0
CA-2015-133242,1046.47,250.8226,1.011101836324396,0
CA-2016-137743,1045.872,54.952400000000004,1.0108017244178975,0
CA-2016-105816,1045.21,304.9421,1.010469293511929,0
CA-2015-106320,1044.63,240.2649,1.0101778669226533,0
US-2017-102890,1044.63,-295.9785,1.0101778669226533,0
CA-2014-102673,1044.44,127.9659,1.0100823644396912,0
CA-2015-124800,1044.075,-126.5346,1.0098988504348634,0
CA-2016-129280,1043.041,-237.2885,1.009378629708513,0
CA-2014-131002,1040.19,291.99269999999996,1.0079415761735253,0
CA-2015-130890,1038.84,51.942,1.0072597320207153,0
CA-2017-124205,1038.26,265.5332,1.0069665196708033,0
US-2014-157385,1037.19,-27.319900000000004,1.006425163778399,0
CA-2015-145758,1035.8,269.308,1.0057210732707875,0
CA-2015-143105,1033.234,357.36310000000003,1.0044188085431474,0
CA-2017-100622,1030.742,316.938,1.0031510031098652,0
CA-2016-132997,1030.4940000000001,274.0774,1.0030246655722095,0
CA-2016-101672,1027.676,155.737,1.0015869670277895,0
CA-2017-148404,1027.21,18.174299999999988,1.001348841840798,0
CA-2016-158778,1024.637,-70.4747,1.0000320972056673,0
CA-2015-135174,1022.97,-255.7425,0.9991772377258601,0
CA-2014-129091,1022.61,460.34450000000004,0.9989924422824068,0
CA-2016-146206,1020.8900000000001,19.604999999999997,0.9981086327170386,0
CA-2017-145233,1020.2629999999999,91.39,0.9977860832735406,0
US-2016-103674,1018.3019999999999,227.83679999999998,0.9967760005890878,0
US-2015-157154,1018.104,-373.3048,0.9966739056687096,0
CA-2017-115882,1017.136,117.5134,0.9961744892368855,0
CA-2016-107328,1016.184,154.77720000000002,0.9956828642905671,0
CA-2014-153913,1015.816,102.0528,0.9954927010774192,0
US-2016-144057,1013.7919999999999,-46.03800000000001,0.994445571638033,0
CA-2015-153388,1011.696,-172.5108,0.9933589889716364,0
CA-2015-142601,1009.13,37.3537,0.9920256886311686,0
CA-2014-103660,1007.944,75.5958,0.9914082950147017,0
CA-2014-106439,1007.936,122.54350000000001,0.9914041280071912,0
CA-2017-147956,1003.62,0.0,0.9891511963333808,0
CA-2016-168753,1002.7,285.761,0.9886697093213778,0
US-2015-134026,1001.76,-131.3742,0.9881772991545276,0
CA-2016-140249,1001.584,125.198,0.9880850519066636,0
CA-2015-150875,1001.1959999999999,183.03480000000002,0.9878816314419724,0
CA-2014-160094,1000.95,260.247,0.9877526178742948,0
CA-2015-121650,1000.4300000000001,235.8448,0.9874798019907408,0
CA-2017-138380,1000.02,290.0058,0.9872645972599349,0
CA-2015-156104,999.98,449.991,0.9872435969574455,0
CA-2016-166429,999.98,449.991,0.9872435969574455,0
CA-2014-121629,998.85,-199.77,0.986649991436801,0
CA-2016-140382,997.9340000000001,142.005,0.986168310707343,0
CA-2017-164756,997.83,349.1955,0.9861135941469271,0
CA-2017-121489,994.4639999999999,84.8382,0.9843395885996395,0
CA-2016-152156,993.9000000000001,261.49559999999997,0.9840417532516715,0
CA-2014-145254,992.828,115.0252,0.9834751891269473,0
CA-2015-130113,991.26,136.55700000000002,0.9826453817462616,0
CA-2017-121048,988.204,155.00369999999998,0.981024329023118,0
US-2017-141558,987.1880000000001,-233.054,0.9804842832073827,0
CA-2017-166436,983.172,176.622,0.9783441650578375,0
US-2015-108966,979.9455,-380.51460000000003,0.976618433787386,0
US-2017-166324,979.626,-52.07,0.9764472367063574,0
CA-2015-137946,979.104,342.0882,0.9761674143872406,0
CA-2017-105410,976.828,-27.878,0.9749456021205475,0
CA-2016-112669,976.512,109.3204,0.9747757408243218,0
CA-2015-109512,976.347,146.2125,0.974687025603212,0
CA-2015-104941,976.29,346.28430000000003,0.9746563750461178,0
US-2017-113992,974.988,-97.4988,0.9739557645778374,0
CA-2015-154326,974.9000000000001,287.3705,0.973908377774734,0
CA-2017-134915,972.08,76.7596,0.9723875793254326,0
CA-2015-166583,971.88,109.3365,0.9722795539659014,0
CA-2014-146969,968.3,299.0266,0.9703421344368438,0
CA-2016-145730,962.406,-82.0947,0.9671367854925195,0
US-2016-164630,959.968,119.996,0.9658051845765899,0
CA-2016-114104,959.55,243.10389999999998,0.9655765397055943,0
US-2017-116652,959.1999999999999,179.03480000000002,0.9653850141021143,0
CA-2017-112753,956.8035,94.6449,0.9640717323914493,0
US-2016-110170,956.6648,-225.0976,0.9639956242485486,0
CA-2017-151750,954.902,-390.9563,0.9630273705393152,0
CA-2017-108441,954.548,173.3126,0.9628327135701954,0
CA-2017-104731,951.98,195.5652,0.961418462950319,0
CA-2017-147277,949.7719999999999,-9.289599999999993,0.9601994213584845,0
CA-2014-148383,946.764,-694.2936,0.9585341347455424,0
CA-2015-110548,946.344,118.293,0.958301194266265,0
US-2014-155502,944.61,105.5586,0.9573383882701338,0
US-2016-115441,941.1800000000001,265.9253,0.9554286645214323,0
CA-2015-162201,937.6080000000001,96.5101,0.9534324750560654,0
US-2017-130953,935.74,283.5701,0.9523855278602049,0
CA-2014-120838,935.1519999999999,123.701,0.9520555428304699,0
CA-2016-156748,933.95,82.9499,0.951380336202811,0
CA-2017-132290,933.408,-173.3472,0.9510755913002552,0
CA-2017-139199,927.44,252.709,0.9477082858556042,0
CA-2014-124429,926.44,-21.169600000000003,0.9471419425353551,0
CA-2015-136805,925.83,265.2858,0.9467961731715613,0
CA-2017-128944,921.228,-34.634100000000004,0.9441802402159016,0
CA-2016-132829,921.024,104.4948,0.9440639777477983,0
CA-2015-142755,919.49,258.2784,0.9431889047244896,0
CA-2016-100993,918.9659999999999,32.561499999999995,0.9428896538062603,0
CA-2017-143245,916.59,260.5332,0.9415306028912765,0
CA-2017-119578,916.14,85.58340000000001,0.9412728105609377,0
CA-2017-104801,914.12,367.2789,0.9401140490085955,0
CA-2017-107132,913.168,291.0276,0.9395670525252074,0
CA-2015-120362,912.75,118.6575,0.9393266997107195,0
CA-2017-142622,911.82,8.863000000000003,0.9387915487643183,0
CA-2016-156685,911.256,111.5262,0.9384667399577108,0
CA-2015-133452,910.792,-27.7534,0.9381993707682869,0
CA-2017-154410,909.12,9.0912,0.9372347899287398,0
CA-2017-128853,908.82,227.205,0.9370615317198452,0
CA-2014-140396,907.5600000000001,251.172,0.936333222847287,0
US-2014-141215,906.43,-90.1178,0.9356791973510648,0
CA-2017-116519,904.9,253.372,0.9347923592989741,0
US-2014-165659,904.13,238.4038,0.9343454753676456,0
CA-2017-161410,904.116,114.5788,0.9343373466868181,0
CA-2016-168893,903.7700000000001,183.6164,0.934136412184488,0
CA-2016-118745,902.712,33.8517,0.9335215169052337,0
CA-2017-155460,901.1999999999999,304.74899999999997,0.9326415123079954,0
CA-2016-150945,900.08,117.0104,0.9319887056958399,0
CA-2015-103933,899.91,395.9604,0.9318895480566526,0
CA-2016-145177,899.59,18.497,0.9317028476135965,0
CA-2017-105333,899.1099999999999,170.87900000000002,0.9314226725267462,0
CA-2015-108665,896.38,229.515,0.9298263298282987,0
CA-2015-149342,896.3100000000001,381.6627,0.929785334135561,0
CA-2017-130302,895.944,190.3881,0.9295709331386119,0
CA-2017-147291,895.92,421.0824,0.9295568710004852,0
US-2016-123750,895.06,-14.743599999999995,0.9290527292424857,0
CA-2015-107678,893.0899999999999,228.89280000000002,0.9278960668619071,0
CA-2017-115154,892.98,80.3682,0.927831406549119,0
CA-2015-161452,892.224,89.2224,0.9273867984949582,0
CA-2016-123358,891.962,147.1346,0.9272326269425476,0
CA-2014-109897,891.7760000000001,82.00880000000001,0.9271231494510862,0
CA-2017-111332,891.53,216.5907,0.9269783216031183,0
CA-2017-127782,891.504,-181.3609,0.9269630122624399,0
CA-2014-137274,890.841,-152.7156,0.9265724733142354,0
US-2017-100048,889.29,313.0254,0.9256577243744004,0
CA-2016-161907,887.966,-191.16740000000001,0.9248755938088665,0
CA-2014-168130,887.103,177.4206,0.9243651638330673,0
US-2014-106299,886.28,248.02759999999998,0.9238779299957824,0
CA-2016-127761,885.5699999999999,221.8475,0.9234572313522268,0
CA-2016-133795,885.03,179.7389,0.9231370377423499,0
CA-2016-114860,884.6800000000001,213.16240000000002,0.9229294005988006,0
CA-2015-135538,883.84,99.432,0.9224307364869053,0
CA-2016-160535,883.3199999999999,185.97840000000002,0.9221218023666109,0
CA-2017-135937,882.99,-142.1216,0.9219256537840381,0
CA-2017-121853,878.816,180.272,0.9194383314357897,0
CA-2016-164399,878.328,17.0676,0.9191467579197984,0
CA-2014-125556,876.7299999999999,254.2444,0.9181908403826683,0
CA-2017-113705,874.8,144.8492,0.9170339987327986,0
US-2016-105578,874.308,33.042699999999996,0.9167386862436636,0
CA-2017-168389,873.811,-447.3414,0.9164402040328224,0
CA-2017-147032,872.5,401.9111,0.9156520452578049,0
CA-2016-113292,871.8,87.18,0.9152307283952777,0
US-2017-124821,871.4,148.138,0.9149898241647327,0
CA-2017-121503,871.028,142.2009,0.9147656840811023,0
CA-2016-148684,870.04,364.8721,0.9141699227746003,0
CA-2017-166695,868.452,-55.2156,0.9132109457125901,0
CA-2016-100944,868.14,199.627,0.913022326227954,0
CA-2015-145814,867.744,252.1544,0.9127828270424898,0
CA-2014-124702,867.74,149.942,0.9127804073019006,0
CA-2016-118514,866.4,225.264,0.911969166522611,0
CA-2017-155705,866.4,225.264,0.911969166522611,0
CA-2014-102274,865.5,323.127,0.9114235994711825,0
CA-2017-117401,865.0,220.95100000000002,0.9111202617601739,0
CA-2016-127698,863.928,86.3928,0.9104693150000764,0
CA-2017-117079,863.88,107.985,0.9104401492621984,0
CA-2016-144148,863.128,-32.3673,0.9099830079217796,0
CA-2014-137092,862.202,97.99130000000001,0.909419544997856,0
CA-2015-143364,860.9159999999999,-200.0,0.9086360217723567,0
CA-2015-154746,860.07,339.16290000000004,0.9081199402839147,0
CA-2016-108056,859.2,75.18,0.9075886890861348,0
CA-2016-137043,859.14,249.1506,0.9075520312694279,0
CA-2014-111451,855.272,20.8692,0.905183411822801,0
CA-2014-142839,853.092,-227.4912,0.9038437418783745,0
CA-2017-128734,850.92,107.2194,0.9025055832274554,0
CA-2017-140326,849.846,-111.468,0.9018426359349442,0
CA-2017-121083,847.46,262.18539999999996,0.9003668316531757,0
CA-2015-140025,847.2,-1133.2884000000001,0.9002057640624979,0
CA-2015-138898,845.728,84.5728,0.8992929416451019,0
US-2016-162852,845.488,-12.0784,0.8991439614587814,0
CA-2017-101042,843.84,224.4492,0.8981198219080748,0
CA-2016-149797,841.568,294.5488,0.8967046209371469,0
CA-2014-121573,840.712,240.6926,0.8961704390690224,0
CA-2016-157336,840.0,190.9008,0.8957257055531511,0
CA-2016-153682,839.988,69.999,0.8957182068185144,0
CA-2016-152471,839.9440000000001,56.4925,0.8956907105427159,0
CA-2017-155376,839.43,218.2518,0.8953693974389603,0
CA-2017-161046,839.25,336.78499999999997,0.8952568288799089,0
US-2017-105389,837.796,46.1593,0.8943466399423863,0
CA-2016-127649,837.6,62.82,0.8942238253128814,0
US-2015-130512,837.444,-230.1632,0.8941260543765022,0
US-2016-142685,835.17,16.7034,0.892698786005261,0
CA-2017-132178,832.96,65.27199999999999,0.891307962947187,0
US-2015-126753,832.446,-115.9042,0.8909839581764248,0
CA-2014-162992,832.1379999999999,104.47849999999998,0.8907897117018155,0
CA-2016-168046,831.502,-76.4367,0.8903883780035459,0
CA-2017-167941,831.368,-1.4835999999999956,0.8903037811707648,0
CA-2017-157931,830.24,238.18959999999998,0.8895911122854228,0
CA-2017-160325,829.83,241.1094,0.8893318351695846,0
CA-2014-136336,828.84,0.0,0.8887052479419381,0
CA-2015-110765,824.97,214.4922,0.8862486680829138,0
CA-2017-140963,823.7249999999999,2.0524999999999984,0.885455925421935,0
US-2016-168620,823.6099999999999,9.003,0.8853826398303271,0
US-2015-164308,821.94,213.7044,0.8843172522038206,0
CA-2017-122504,821.514,80.42819999999999,0.8840451365692205,0
CA-2016-169943,821.2239999999999,112.773,0.8838598128923778,0
CA-2017-114055,819.2800000000001,372.8058,0.8826158149567891,0
CA-2017-144498,817.829,57.6973,0.881685372920451,0
CA-2014-111962,817.798,156.61249999999998,0.8816654764364977,0
US-2016-146066,815.292,-339.705,0.8800545734881122,0
CA-2016-131835,815.12,352.7596,0.8799438274236034,0
US-2017-116897,814.526,66.0072,0.8795611876105415,0
CA-2016-164770,812.6800000000001,-128.346,0.8783702595892963,0
CA-2017-137022,811.28,24.3384,0.8774652609676264,0
CA-2015-115798,810.2,214.5488,0.8767660527740729,0
US-2014-140914,808.928,-64.9594,0.8759413460687623,0
CA-2017-110905,808.92,125.3079,0.8759361551365785,0
CA-2015-157770,808.6659999999999,101.8869,0.8757713163767888,0
US-2017-165358,807.898,56.948499999999996,0.8752725915270531,0
CA-2014-158372,807.6859999999999,136.8365,0.8751348392923359,0
CA-2015-146255,807.54,271.4153,0.8750399511871616,0
CA-2015-102876,806.4090000000001,-142.9152,0.8743043123354162,0
CA-2017-120168,806.05,228.1843,0.8740705916950735,0
CA-2017-118199,805.99,226.0716,0.8740315196098729,0
CA-2014-101602,803.9599999999999,-30.961,0.8727078660467531,0
CA-2014-127558,803.0400000000001,155.3241,0.8721068840494342,0
CA-2016-145919,802.02,110.13300000000001,0.8714397735580932,0
CA-2015-165050,801.988,233.9924,0.8714188308950014,0
US-2016-157490,801.5500000000001,-961.5321,0.8711320942730678,0
CA-2014-120670,799.92,239.976,0.8700636385068493,0
CA-2016-157259,799.56,207.8856,0.8698273673972632,0
CA-2017-153871,798.9300000000001,355.8785,0.8694136371821032,0
CA-2015-124975,796.425,-525.6405,0.867765337128112,0
US-2015-159982,796.3240000000001,32.680800000000005,0.8676987701766807,0
CA-2017-102925,796.036,118.909,0.86750890918954,0
CA-2014-141649,795.408,59.6556,0.8670946687507427,0
CA-2015-161718,794.5740000000001,98.1968,0.866544041666703,0
CA-2015-113628,792.5079999999999,-51.9419,0.8651775282950577,0
CA-2014-100916,788.8600000000001,122.9662,0.8627559229492707,0
US-2014-119081,787.8499999999999,180.42579999999998,0.8620834904343118,0
CA-2015-110457,787.53,165.3813,0.8618702628992585,0
CA-2016-136770,787.044,-56.7554,0.8615462580165447,0
CA-2016-153318,783.96,78.396,0.8594855582068807,0
CA-2014-114790,782.6300000000001,223.9838,0.8585943648609545,0
CA-2017-100524,782.4,220.23060000000004,0.8584400953295398,0
CA-2017-106859,780.086,322.93909999999994,0.8568854847377427,0
CA-2014-103373,779.796,-168.9558,0.8566903298579586,0
CA-2017-130386,779.1600000000001,28.271100000000004,0.8562620811016258,0
US-2015-138093,776.44,220.1711,0.8544266290693989,0
CA-2017-126914,776.0799999999999,48.489999999999995,0.8541832205207982,0
US-2014-115189,775.7280000000001,-242.43959999999998,0.853945111992962,0
US-2015-123218,775.01,-8.619199999999992,0.8534590899957399,0
US-2015-132836,774.47,290.681,0.85309326175546,0
CA-2014-166051,773.7,230.9727,0.8525711769364088,0
US-2016-124163,773.59,243.6661,0.8524965510332309,0
CA-2016-161025,772.68,108.1752,0.8518787845021668,0
CA-2017-121419,771.8,199.606,0.8512806924333655,0
CA-2014-149104,770.61,50.844300000000004,0.850470824740532,0
CA-2017-124436,770.21,35.7941,0.8501983198046319,0
CA-2015-168746,769.332,-191.64319999999998,0.849599675530108,0
CA-2015-131856,769.024,95.29660000000001,0.8493895110828837,0
CA-2014-163447,767.214,161.9674,0.8481527526746043,0
US-2017-124968,765.625,-566.5625,0.8470645974327156,0
CA-2014-103429,765.494,239.35989999999998,0.8469747873569128,0
CA-2015-102260,763.5079999999999,-65.819,0.8456113557364394,0
CA-2017-152093,762.594,-1143.891,0.8449826845796503,0
US-2017-148551,760.98,-1141.47,0.8438706967193305,0
CA-2017-135279,760.8,116.9461,0.8437465372435637,0
CA-2014-138940,758.352,265.4232,0.8420550496850161,0
CA-2015-144806,757.712,68.6566,0.8416119315232587,0
CA-2016-120369,756.8,75.68,0.8409798418841733,0
US-2016-157945,756.486,-92.7666,0.8407620384737838,0
US-2015-138303,755.096,-137.481,0.839796791163384,0
CA-2016-156300,754.45,60.356,0.8393475900663399,0
CA-2016-102981,754.212,101.445,0.8391819980905953,0
CA-2017-131807,753.112,-14.044500000000001,0.8384159784300641,0
CA-2014-128846,752.9200000000001,224.0423,0.8382821586517919,0
US-2016-100839,752.4100000000001,-461.2,0.8379265343083624,0
CA-2017-137631,751.984,84.5982,0.8376292988166205,0
CA-2014-129189,751.886,-79.1232,0.8375608969068852,0
CA-2015-109386,750.93,205.24439999999998,0.8368931618425928,0
CA-2017-121741,750.68,37.534,0.8367184048994446,0
CA-2017-112529,749.8919999999999,-63.0732,0.8361671904446115,0
CA-2016-107146,749.488,41.0352,0.8358843637607659,0
US-2015-154389,748.752,-162.2296,0.8353687235933885,0
CA-2017-108539,745.2800000000001,217.327,0.832929400961175,0
CA-2016-151561,744.15,301.425,0.8321330485779844,0
CA-2016-133816,743.988,-123.998,0.8320187822796525,0
CA-2015-127173,743.426,340.9117,0.8316221842643174,0
US-2014-167262,742.336,83.5128,0.8308521274897798,0
CA-2015-120880,740.73,219.0102,0.8297154700806002,0
CA-2017-129462,740.5899999999999,210.16479999999999,0.8296162675349849,0
CA-2017-113481,740.214,-61.5156,0.8293497451214307,0
CA-2016-127243,740.088,-108.6367,0.8292604015140603,0
CA-2017-103380,739.736,71.97399999999999,0.8290107261571695,0
CA-2015-168207,738.899,49.093,0.8284165610756729,0
CA-2017-137449,738.7052,-190.5318,0.8282788915386486,0
CA-2016-121223,737.394,-155.2983,0.8273465069109024,0
US-2014-102715,737.2,129.5495,0.8272084143558538,0
CA-2015-124107,736.4730000000001,152.51579999999998,0.8266906001665245,0
CA-2016-140130,736.26,100.77959999999999,0.8265387917535693,0
CA-2017-150497,735.98,331.191,0.8263391646626017,0
US-2014-137155,733.5600000000001,246.954,0.8246106490051692,0
CA-2015-130785,733.283,-15.831800000000001,0.8244124351408669,0
US-2017-159205,732.93,213.7604,0.8241597292995622,0
CA-2014-134551,732.3119999999999,87.4533,0.8237170223060322,0
CA-2016-139395,732.17,203.25420000000003,0.8236152472755374,0
CA-2016-164574,732.156,6.338100000000001,0.8236052120501149,0
CA-2014-119144,730.8525,17.552400000000002,0.8226700203629441,0
CA-2015-104346,730.038,-332.41360000000003,0.8220848141260072,0
US-2014-159926,730.009,-161.257,0.8220639660349074,0
CA-2017-113558,729.648,47.8878,0.8218043739944622,0
CA-2017-164378,729.396,107.24640000000001,0.8216230869026488,0
CA-2017-165204,728.968,-59.6666,0.821315043228215,0
CA-2016-108882,727.8779999999999,260.706,0.820529723040062,0
CA-2017-161053,726.9100000000001,333.6796,0.8198313158560778,0
CA-2017-113530,726.828,55.8998,0.8197721105996875,0
CA-2014-128055,726.548,267.4224,0.8195698960223683,0
CA-2017-163979,725.84,210.4936,0.8190582346379766,0
CA-2014-159310,725.332,1.3483,0.8186908031759077,0
US-2017-165344,725.0790000000001,-934.3099000000001,0.8185077148607035,0
CA-2016-112109,725.072,53.891,0.81850264826916,0
CA-2017-166184,724.846,160.7012,0.8183390434902145,0
CA-2016-116736,724.55,144.6682,0.8181246875972709,0
CA-2017-124765,723.92,-81.441,0.81766816586328,0
CA-2015-104948,723.164,-23.2588,0.817119815790043,0
CA-2015-106257,721.488,26.895000000000003,0.8159021172959485,0
CA-2014-127131,721.476,79.7394,0.815893388509851,0
CA-2017-100951,720.76,54.057,0.8153723083667779,0
CA-2014-140473,719.976,134.9955,0.814801146941229,0
US-2014-140116,719.576,-6.553799999999999,0.8145094987269605,0
CA-2017-134565,719.408,197.9385,0.8143869581961634,0
CA-2017-154074,719.298,50.5413,0.814306707842819,0
US-2017-117247,719.095,-473.26980000000003,0.8141585772807267,0
CA-2016-100790,718.95,91.125,0.8140527441673607,0
CA-2015-142202,717.12,152.388,0.8127152221806224,0
CA-2016-112585,715.64,178.91,0.8116310150950147,0
CA-2015-162887,715.2,178.8,0.8113082514396863,0
CA-2017-113670,715.19,106.8035,0.8113009135977616,0
CA-2014-162089,714.966,192.3929,0.8111365190812704,0
US-2016-152051,714.498,-96.8898,0.8107928859177435,0
CA-2016-127369,714.3,207.147,0.8106474349883023,0
CA-2015-158659,714.3,207.147,0.8106474349883023,0
US-2017-101539,712.966,54.468999999999994,0.8096664270421328,0
CA-2017-124296,712.85,300.53380000000004,0.8095810353975191,0
US-2015-156496,711.784,21.885399999999997,0.8087956653255933,0
CA-2014-152443,711.6800000000001,297.0884,0.8087189809795152,0
CA-2017-141929,711.394,219.5875,0.8085080413132785,0
CA-2017-149888,710.322,-212.1348,0.8077166320417389,0
CA-2014-169775,709.0425,-436.74309999999997,0.8067704720601127,0
CA-2014-167927,708.616,183.5546,0.8064547064760178,0
CA-2014-140732,707.628,115.3796,0.8057224964150005,0
CA-2016-168543,706.86,197.9208,0.8051526235278275,0
CA-2014-129924,706.064,-14.6632,0.8045613211403659,0
CA-2014-169061,705.562,261.19010000000003,0.8041880719767328,0
CA-2016-118626,705.544,70.5544,0.8041746836162622,0
CA-2015-137925,705.068,53.4716,0.8038205120353039,0
CA-2017-163265,705.0020000000001,-10.7121,0.803771385363641,0
US-2016-156097,703.68,-53.56,0.8027863947554551,0
CA-2017-159149,702.8424,-52.062599999999996,0.8021613622642509,0
US-2015-147242,702.74,224.8294,0.8020848984846023,0
CA-2017-169327,702.52,190.421,0.8019205831963357,0
US-2017-109610,701.96,168.4704,0.801502094124893,0
CA-2017-143756,701.96,168.4704,0.801502094124893,0
CA-2014-155887,700.056,-130.0104,0.8000767334079816,0
CA-2017-100902,699.4000000000001,201.674,0.7995847459450537,0
CA-2014-100090,699.192,-19.089,0.7994286536993349,0
CA-2016-144309,698.5,229.7008,0.7989090128527998,0
CA-2015-105690,697.8208,92.93280000000001,0.7983984837246727,0
CA-2017-143378,697.612,-41.105000000000004,0.7982414368865332,0
CA-2017-161067,697.525,209.5822,0.7981759868503149,0
CA-2014-130624,697.32,196.5762,0.798021733260878,0
CA-2016-127670,697.16,146.4036,0.797901308748497,0
CA-2014-100678,697.074,61.7937,0.7978365691689505,0
CA-2017-107321,696.08,79.72680000000001,0.7970877207082053,0
CA-2017-118885,695.944,-21.598200000000002,0.7969851795328594,0
CA-2016-147368,695.7,-27.828,0.7968011584366186,0
CA-2017-143574,694.6700000000001,201.79160000000002,0.7960236371663226,0
CA-2014-156594,694.534,216.3634,0.7959208881378391,0
CA-2014-156160,693.992,125.91999999999999,0.7955112033606833,0
CA-2017-121300,693.13,-123.27420000000002,0.7948589796780193,0
CA-2016-154662,692.94,173.235,0.7947151091399736,0
US-2015-136987,692.728,240.2588,0.794554533403342,0
CA-2016-120355,692.5020000000001,166.5056,0.7943832995606341,0
CA-2015-166975,692.472,190.4298,0.7943605652093133,0
CA-2015-137064,692.2139999999999,-126.35340000000001,0.7941650091792453,0
CA-2017-144526,691.476,-167.366,0.793605225860996,0
CA-2017-159667,691.144,69.5932,0.793353204632797,0
CA-2015-163587,688.46,323.411,0.7913113298385814,0
CA-2014-169803,687.4499999999999,113.1375,0.7905409050786337,0
CA-2015-103954,687.4,48.118,0.790502735883009,0
CA-2016-158260,686.4,77.22,0.7897387692275648,0
CA-2016-126158,686.244,163.2002,0.7896194902269947,0
US-2014-133130,685.9,85.4642,0.789356369028977,0
CA-2017-147361,685.26,27.2532,0.7888664904001463,0
CA-2017-148922,684.78,280.7697,0.7884987815232005,0
CA-2017-136448,684.11,-378.93080000000003,0.7879850906366158,0
CA-2017-102337,683.022,-120.4686,0.7871498467649861,0
CA-2014-158274,682.91,180.26559999999998,0.7870637903704554,0
US-2017-136868,681.9100000000001,133.2009,0.7862948044564361,0
CA-2016-131968,681.432,43.4442,0.7859268313352766,0
US-2015-166520,680.78,231.5992,0.7854244940716346,0
US-2016-167472,678.87,280.8057,0.7839501535780802,0
CA-2017-116715,678.1,208.81019999999998,0.783354614129825,0
CA-2016-157749,677.9490000000001,-462.9528,0.7832377473328885,0
CA-2015-142237,676.734,-39.385799999999996,0.7822964482336426,0
CA-2017-163902,676.716,67.5516,0.7822824903801538,0
CA-2017-146192,675.06,87.7578,0.7809967793473803,0
CA-2017-168655,674.872,125.152,0.7808506179668576,0
US-2014-161613,674.058,-19.2588,0.7802173008245447,0
US-2015-115343,673.576,-1.4697000000000005,0.7798419298582233,0
CA-2017-130505,673.344,-76.9536,0.7796611577481203,0
CA-2015-110744,671.93,20.1579,0.7785580364432558,0
CA-2015-163181,671.002,-142.6601,0.777832803788954,0
CA-2014-159835,670.3779999999999,-90.1,0.7773445840043846,0
CA-2015-156734,670.001,59.037400000000005,0.7770493979444154,0
US-2017-120418,668.7439999999999,2.8781999999999925,0.7760639836654846,0
CA-2017-155698,668.5400000000001,178.3744,0.7759038852172775,0
CA-2015-130456,667.378,37.7332,0.7749910206028932,0
CA-2015-107937,665.88,106.5408,0.773811850555248,0
CA-2014-105893,665.88,13.3176,0.773811850555248,0
CA-2016-137050,663.9639999999999,48.5239,0.7722997799249876,0
US-2016-135720,663.952,8.3077,0.7722902960315132,0
US-2017-120089,663.936,82.992,0.7722776505739769,0
US-2017-124779,663.87,11.27640000000001,0.7722254848450949,0
CA-2014-124646,663.75,9.7164,0.7721306247970524,0
CA-2014-107811,661.5039999999999,68.949,0.7703519942134615,0
CA-2016-125080,661.176,-231.4116,0.7700917431544969,0
CA-2017-117198,659.9,217.767,0.7690780753578157,0
CA-2015-124499,659.8800000000001,89.07929999999999,0.7690621715744399,0
CA-2016-120530,658.746,146.388,0.7681596388656348,0
CA-2016-132731,657.552,49.3164,0.7672076749548369,0
CA-2017-139717,656.6400000000001,68.3856,0.7664793833677424,0
US-2016-139087,656.4,163.4177,0.7662875598214837,0
CA-2017-159506,656.22,296.8818,0.7661436461990788,0
CA-2015-141040,655.88,314.1048,0.7658717017843529,0
CA-2016-111682,655.09,102.2808,0.7652392870601936,0
CA-2015-164084,654.7719999999999,-80.6772,0.7649845051388514,0
CA-2017-131954,654.242,164.4266,0.7645595939218368,0
CA-2017-130764,652.505,41.291,0.7631645945680635,0
CA-2015-116876,652.414,197.3757,0.7630914095215183,0
CA-2014-113880,651.588,-166.4388,0.7624266479660553,0
CA-2016-142398,651.496,-27.291600000000003,0.7623525546563596,0
US-2016-127334,651.363,-295.9485,0.7622454230321516,0
CA-2014-135608,649.5999999999999,66.3068,0.760823257574103,0
CA-2017-109183,649.0,-272.58,0.7603383743445046,0
CA-2014-136644,647.84,32.392,0.7593996629667011,0
US-2015-120161,646.776,-145.5246,0.7585371612241569,0
CA-2015-163055,646.6300000000001,138.12679999999997,0.7584186998992816,0
CA-2014-163034,646.2,-8.0775,0.7580696517411575,0
US-2016-113649,645.136,78.1812,0.7572049626265847,0
CA-2015-124058,644.904,20.301899999999996,0.7570162323125259,0
US-2016-100720,644.198,-143.4208,0.7564414891377638,0
CA-2014-117765,643.78,178.27100000000002,0.7561009056210894,0
CA-2017-156951,643.52,81.7,0.7558889480162145,0
CA-2016-113978,642.016,-69.8378,0.7546611744325938,0
CA-2016-100510,641.98,307.7496,0.75463175105567,0
CA-2016-157245,641.96,179.7488,0.7546154040233117,0
CA-2014-151295,641.024,37.3136,0.7538497935997314,0
US-2017-148362,639.83,103.9546,0.7528715278431433,0
US-2014-156559,638.82,172.4814,0.7520425925283003,0
CA-2017-133004,638.73,166.0698,0.7519686635198929,0
CA-2017-146164,638.68,104.9932,0.7519275873543163,0
CA-2015-154823,637.27,-55.624199999999995,0.750767915655104,0
US-2017-127292,637.1800000000001,196.316,0.7506938071019226,0
CA-2016-115756,634.46,129.3967,0.7484491370808235,0
CA-2016-160745,633.1759999999999,60.346199999999996,0.7473861803757809,0
CA-2016-109666,633.04,54.9122,0.7472734670371104,0
CA-2015-135020,632.856,197.79029999999997,0.7471209340320228,0
CA-2015-144267,632.148,82.6192,0.7465336002933795,0
CA-2017-119193,631.5989999999999,93.18090000000001,0.7460777155093347,0
CA-2017-155075,631.176,-462.8624,0.745726190083413,0
CA-2014-122336,630.746,-388.396,0.7453686062867813,0
CA-2016-130820,630.024,-199.5076,0.7447676503618018,0
CA-2017-159156,629.95,163.787,0.7447060176970962,0
CA-2017-128755,629.86,189.9348,0.7446310493082643,0
CA-2017-103968,629.64,107.0388,0.7444477482119295,0
CA-2016-159373,628.937,22.3656,0.7438615889613293,0
CA-2015-169397,627.924,-365.987,0.7430158012086756,0
CA-2017-101805,627.84,41.8846,0.742945605629977,0
CA-2015-112144,627.664,48.6246,0.7427984987692806,0
CA-2017-104885,627.48,177.7068,0.7426446611921674,0
CA-2015-116092,627.4800000000001,189.9751,0.7426446611921674,0
CA-2014-105648,626.352,-23.4882,0.7417005844397401,0
US-2016-161396,624.576,88.65679999999999,0.7402107199480016,0
CA-2015-139248,623.96,38.9975,0.7396929770135507,0
CA-2016-135461,623.96,38.9975,0.7396929770135507,0
CA-2017-120404,623.9300000000001,181.5081,0.7396677492301541,0
CA-2014-154158,619.848,11.2614,0.736223746161986,0
US-2014-134614,617.7,-407.682,0.7344023643522885,0
CA-2014-134215,617.12,256.9266,0.7339094730458934,0
CA-2016-140501,616.16,174.263,0.7330926357806395,0
CA-2014-104283,616.14,76.1052,0.7330756048296624,0
US-2016-115455,615.606,-308.50980000000004,0.7326206742203448,0
CA-2016-161746,615.406,26.804199999999998,0.7324501868043777,0
CA-2015-130183,613.9992,-18.0588,0.7312494130205066,0
CA-2015-137526,612.4580000000001,155.4968,0.7299307651727537,0
US-2016-146570,612.14,268.48199999999997,0.7296582727002092,0
CA-2016-122063,611.94,112.8474,0.7294868213840168,0
CA-2016-126004,611.028,90.6378,0.7287042935267171,0
CA-2016-145261,610.418,-298.70239999999995,0.7281802411466356,0
US-2015-165512,610.3069999999999,-176.59189999999998,0.7280848245723438,0
CA-2015-143147,610.1560000000001,-113.0912,0.7279549958275342,0
CA-2014-104738,609.614,63.2508,0.7274887236625935,0
CA-2014-129147,609.4380000000001,-131.5086,0.7273372252285986,0
CA-2015-149972,609.4359999999999,2.528,0.7273355034044959,0
CA-2017-162565,608.552,-77.3036,0.7265739043183591,0
CA-2017-162173,608.4300000000001,173.8755,0.7264687100271862,0
CA-2014-153983,606.3199999999999,87.19,0.7246460269227347,0
CA-2016-116799,606.2139999999999,-40.833800000000004,0.7245542938752728,0
CA-2017-154039,605.752,-258.4183,0.7241542891651936,0
CA-2014-100895,605.47,176.92719999999997,0.7239099807248043,0
CA-2014-115084,605.34,145.2816,0.7237973180087532,0
CA-2014-132451,604.9920000000001,82.5252,0.7234956096660062,0
CA-2017-157273,604.768,60.4768,0.7233013149261884,0
CA-2014-128888,604.656,204.0714,0.7232041406123597,0
US-2015-103471,604.098,-785.1645,0.722719736357371,0
US-2015-131359,603.4340000000001,153.46600000000004,0.7221427302734366,0
CA-2014-127866,602.43,185.3866,0.7212690643283809,0
CA-2015-120915,601.5,165.6294,0.7204584942509443,0
CA-2015-129322,601.44,255.429,0.7204061564512032,0
US-2014-152030,600.558,-8.5794,0.7196361887113597,0
CA-2015-158939,599.99,233.9961,0.7191397386373402,0
CA-2017-159282,599.985,-479.988,0.7191353663952409,0
CA-2015-104129,599.9,-27.1642,0.719061032713563,0
CA-2014-148915,599.896,-39.7414,0.7190575343989093,0
CA-2016-144939,599.292,93.2232,0.7185290214619321,0
US-2016-108497,599.165,35.245,0.7184178260811649,0
CA-2015-117884,598.352,55.74700000000001,0.7177054426057895,0
US-2017-132297,598.3100000000001,162.9957,0.7176686142622904,0
CA-2017-128041,598.1600000000001,149.1876,0.7175370633918113,0
CA-2014-108189,598.144,133.7632,0.7175230293551794,0
CA-2017-158169,597.86,171.7944,0.7172738628205105,0
CA-2014-138681,596.664,69.8868,0.7162232576295942,0
CA-2015-109470,596.48,278.3802,0.7160614394828358,0
CA-2016-103464,595.0,95.2,0.7147580433607537,0
CA-2017-120019,594.5,88.4765,0.7143169752948029,0
CA-2015-131884,594.002,-108.6522,0.7138773032321073,0
CA-2017-152436,592.74,160.0398,0.7127614642154607,0
US-2014-150119,592.568,-21.5416,0.7126092011082866,0
CA-2017-153822,592.308,17.511400000000002,0.7123789521685223,0
CA-2014-103989,590.762,68.6353,0.7110077693460416,0
CA-2015-142475,590.352,206.6232,0.7106435299537003,0
CA-2016-121671,589.52,91.8224,0.7099036136679349,0
CA-2014-166891,589.41,-6.549,0.7098057101802804,0
CA-2016-167115,588.784,183.995,0.7092482028221602,0
CA-2017-117667,588.008,-20.3828,0.7085562854473869,0
CA-2014-166744,587.14,113.5934,0.707781255709066,0
CA-2014-123225,586.336,46.8264,0.707062349917788,0
US-2014-141257,585.552,73.194,0.7063603790382338,0
CA-2016-133613,584.7700000000001,159.67669999999998,0.7056592635930155,0
CA-2014-152618,583.358,158.68699999999998,0.704390936796907,0
CA-2015-130848,582.336,-29.1168,0.703471013557756,0
CA-2017-130141,582.304,-31.491200000000003,0.7034421836835263,0
CA-2017-130211,582.0699999999999,78.0919,0.7032313171467771,0
CA-2014-160773,581.1039999999999,68.3612,0.7023599201216565,0
US-2017-136721,580.8599999999999,151.0236,0.7021395869345599,0
CA-2015-147690,577.584,43.3188,0.6991723618515747,0
CA-2016-153577,577.1220000000001,4.466400000000001,0.6987525558505219,0
CA-2016-119865,576.2719999999999,29.0968,0.6979793083438518,0
CA-2014-156349,576.234,79.00919999999999,0.697944713049142,0
CA-2014-131009,574.194,-61.157700000000006,0.6960841411747047,0
CA-2016-113845,574.056,39.804100000000005,0.6959580407704953,0
CA-2016-134334,573.741,-38.3121,0.6956700894823862,0
CA-2016-136329,573.286,87.40960000000001,0.6952538811048177,0
CA-2016-122581,573.174,63.686,0.6951513792362342,0
CA-2015-156566,572.8,50.12,0.6948089512926857,0
CA-2015-119291,570.492,113.4179,0.6926908350168893,0
CA-2016-102813,569.9019999999999,14.5152,0.6921480026075635,0
CA-2015-129917,569.336,73.9472,0.6916267240331452,0
CA-2015-153416,568.86,94.6068,0.6911879336537281,0
CA-2015-147501,564.768,44.0292,0.687400621994476,0
CA-2017-133256,564.38,143.4358,0.6870400915509741,0
CA-2016-138597,563.94,112.788,0.6866309430932603,0
CA-2016-140935,563.9399999999999,116.868,0.6866309430932599,0
CA-2016-118332,563.92,7.049,0.6866123378653635,0
CA-2017-128965,562.702,59.487899999999996,0.6854780361798894,0
US-2017-130687,562.6519999999999,76.2656,0.6854314197160212,0
CA-2017-115546,562.5500000000001,140.8633,0.6853363093058922,0
CA-2016-118073,562.2925,-255.5875,0.6850961255374218,0
CA-2017-144904,562.026,118.9848,0.6848474313493266,0
CA-2016-109365,561.73,255.44420000000002,0.684571070140991,0
CA-2014-142769,561.73,201.5525,0.684571070140991,0
CA-2016-166674,560.78,116.3488,0.6836831170591694,0
CA-2014-121762,560.55,114.1104,0.6834679131694354,0
CA-2014-134278,559.992,174.9975,0.6829454432786637,0
CA-2015-140557,559.93,167.979,0.6828873589923113,0
CA-2014-158281,559.71,-121.2705,0.6826812016391076,0
CA-2017-108112,559.2,55.016,0.682202980142185,0
CA-2017-108791,558.81,140.00029999999998,0.6818369874984063,0
CA-2016-146171,558.24,156.6804,0.6813016162627095,0
CA-2016-117681,556.665,6.549,0.6798194591482402,0
CA-2015-157805,555.96,41.697,0.6791546606535576,0
CA-2014-161508,554.1659999999999,-4.5604,0.6774591580794206,0
CA-2017-104864,552.856,34.89619999999999,0.6762176173587822,0
CA-2016-122133,552.56,0.0,0.6759366793113906,0
CA-2017-116953,552.0,34.5,0.6754047637095725,0
US-2014-169789,551.985,-459.9875,0.6753905085640749,0
US-2017-107384,551.55,176.522,0.6749769410521803,0
US-2015-145436,551.264,15.566400000000002,0.6747048548579422,0
CA-2017-117632,551.038,2.6339999999999995,0.67448975,0
CA-2016-149272,550.8159999999999,-179.2486,0.6742783665524545,0
CA-2016-145982,549.775,165.87689999999998,0.6732860138710955,0
CA-2016-112830,548.96,34.974,0.6725077900068599,0
CA-2016-143406,547.997,-387.67589999999996,0.6715867567103994,0
CA-2016-118101,547.97,229.0057,0.6715609100694973,0
CA-2016-164091,547.33,165.29379999999998,0.6709478764729107,0
CA-2017-132234,547.3,175.136,0.6709191229697311,0
US-2015-147739,547.136,-68.392,0.6707619093392436,0
CA-2015-109190,546.792,172.15429999999998,0.6704319912973193,0
CA-2016-120824,546.616,-271.0642,0.6702631158955169,0
CA-2014-109232,545.94,87.3504,0.6696139758564367,0
CA-2014-155796,545.928,-242.75119999999998,0.6696024454143042,0
CA-2015-136798,545.9100000000001,138.97799999999998,0.6695851492767485,0
CA-2017-140053,545.85,114.6285,0.6695274913733408,0
CA-2016-149762,545.01,7.846,0.6687196158073797,0
US-2016-133879,544.99,-3.2454,0.6687003655300979,0
US-2015-163433,544.41,22.287200000000002,0.6681418005325928,0
CA-2017-130309,544.38,157.8702,0.6681128930855204,0
CA-2017-148474,544.14,109.893,0.6678815762481001,0
CA-2014-101560,542.34,110.8402,0.6661434469525469,0
CA-2015-111948,542.178,163.9204,0.6659867329783149,0
CA-2016-134180,542.155,0.9670000000000005,0.6659644796745753,0
CA-2017-129294,540.934,165.28130000000002,0.6647817646374286,0
CA-2014-122882,539.0740000000001,-561.1412,0.6629749544427765,0
CA-2015-138485,538.92,80.838,0.6628250795059025,0
CA-2016-140081,538.022,32.4336,0.6619502811263968,0
CA-2017-167899,538.02,78.0183,0.6619483311742808,0
US-2016-129469,537.616,-26.328200000000002,0.6615542924299956,0
CA-2017-162075,537.544,47.0351,0.661484036673976,0
CA-2017-113355,536.858,6.6099,0.6608141839764798,0
CA-2017-124744,536.48,262.8752,0.6604447162936852,0
US-2017-135986,536.36,141.542,0.6603273706261813,0
CA-2016-168774,535.41,160.623,0.6593974581281418,0
CA-2015-115938,535.36,174.25940000000003,0.6593484697550415,0
CA-2014-168368,535.27,106.7911,0.659260279174157,0
US-2017-125717,535.264,-52.2346,0.659254399275863,0
CA-2016-167241,533.0899999999999,75.0936,0.6571195740167534,0
CA-2016-108875,532.496,-88.31899999999999,0.656534766088149,0
CA-2017-148411,531.888,-11.1576,0.6559355000882473,0
CA-2014-142587,531.382,-109.1754,0.6554362473161172,0
US-2016-135923,530.272,-56.9024,0.6543393843058459,0
CA-2015-103177,529.14,51.1548,0.6532184188475881,0
CA-2017-167640,528.7139999999999,177.5779,0.6527959514383752,0
CA-2016-128531,527.224,19.5371,0.6513156301971554,0
CA-2014-118976,526.96,141.77280000000002,0.6510529096838764,0
CA-2015-134075,526.88,115.3438,0.6509732714703989,0
CA-2015-127453,526.736,51.652,0.6508298922671453,0
CA-2017-157091,526.45,31.587,0.6505450091875294,0
CA-2017-145128,526.45,31.587,0.6505450091875294,0
US-2017-106551,526.344,-75.192,0.6504393839136292,0
CA-2015-103135,525.95,174.0094,0.6500465905521693,0
CA-2017-159464,524.85,166.2205,0.6489484027917859,0
CA-2016-116722,524.616,21.936,0.6487144919980039,0
US-2017-160836,524.0180000000001,-66.8442,0.6481162465373834,0
CA-2016-106243,523.92,-26.196,0.6480181413312025,0
CA-2017-119494,523.392,52.3392,0.6474892591298415,0
CA-2015-164539,523.25,141.2775,0.6473469310038307,0
CA-2016-128517,523.18,137.0828,0.6472767550646914,0
CA-2017-153843,523.16,148.8568,0.6472567030750772,0
CA-2017-121580,522.79,147.521,0.6468856031964941,0
CA-2017-143126,521.96,88.7332,0.6460521814161376,0
CA-2014-153087,521.92,195.9808,0.6460119831088756,0
CA-2014-125542,521.2239999999999,87.38589999999999,0.6453120398998958,0
CA-2015-163237,520.03,160.2692,0.6441090995570165,0
US-2014-134733,519.9830000000001,52.0116,0.6440616912602024,0
CA-2015-111206,519.96,176.7864,0.6440384898967768,0
CA-2016-112277,519.68,58.464,0.6437559563476255,0
CA-2017-168641,518.868,76.45459999999999,0.6429357490467746,0
CA-2017-117114,518.68,41.379000000000005,0.6427456661950222,0
CA-2017-165841,517.9100000000001,178.99779999999998,0.6419664171114855,0
CA-2015-143119,517.5,155.25,0.6415510203738248,0
CA-2017-141705,517.405,-81.3065,0.6414547230384579,0
CA-2017-156237,517.2570000000001,-226.00869999999998,0.64130466676004,0
CA-2014-135657,515.88,113.4936,0.6399064773892026,0
CA-2017-126928,514.05,235.134,0.6380425416362449,0
CA-2014-157784,514.03,179.39239999999998,0.6380221341894527,0
CA-2014-168312,513.861,-34.445100000000004,0.6378496596167417,0
CA-2015-111164,513.73,159.3106,0.6377159273541124,0
CA-2016-131065,513.52,121.2536,0.6375014763632451,0
US-2017-132031,513.496,-13.240799999999998,0.6374769621055935,0
CA-2017-127474,512.3679999999999,146.2936,0.6363235002144596,0
CA-2017-167094,512.0640000000001,56.407399999999996,0.6360122045692154,0
CA-2016-139010,511.948,27.1952,0.6358933720831456,0
CA-2016-116596,511.522,98.00729999999999,0.6354567393438476,0
CA-2017-147354,510.82399999999996,69.6355,0.6347405325339471,0
CA-2017-113908,508.78799999999995,-57.02040000000001,0.6326458317501809,0
CA-2014-100762,508.62,219.07739999999998,0.6324726146035342,0
CA-2015-109337,508.11,197.9888,0.6319464268345395,0
CA-2014-110184,505.68600000000004,73.7478,0.6294382591176424,0
US-2016-155103,505.368,173.313,0.6291083273219756,0
US-2014-164406,505.282,93.7844,0.6290190648895351,0
CA-2017-116855,504.9,80.784,0.6286223902773231,0
CA-2017-129357,504.59000000000003,208.82129999999998,0.6283002613354306,0
CA-2014-120411,504.55,-67.015,0.6282586819244679,0
CA-2017-132199,504.50600000000003,-164.4722,0.6282129407724789,0
CA-2017-111269,503.872,109.7832,0.6275534099969872,0
CA-2016-142902,503.4,59.8556,0.6270618648218567,0
CA-2017-122707,503.22,11.1036,0.6268742899897976,0
CA-2014-150518,503.13,136.4532,0.6267804774616047,0
CA-2017-162978,502.474,40.432199999999995,0.6260961820152725,0
US-2016-155173,502.221,-85.99849999999999,0.6258320310203009,0
US-2014-160444,502.2,-79.3332,0.6258100994748225,0
CA-2017-129000,501.81,0.0,0.6254026329238679,0
CA-2014-150581,499.55199999999996,142.4758,0.6230372761618836,0
CA-2016-109827,499.303,-393.3384,0.6227757845121181,0
CA-2015-134257,498.93,244.2543,0.6223838285226704,0
CA-2016-167556,498.60799999999995,155.2339,0.6220452291031235,0
CA-2015-162950,498.492,-371.25,0.62192319571635,0
CA-2017-145653,498.26,134.5302,0.6216790438981394,0
CA-2017-118003,498.15,65.2902,0.6215632426082799,0
CA-2017-156958,497.04400000000004,125.8218,0.6203974929939486,0
CA-2015-129896,496.89599999999996,-41.9724,0.6202413012135347,0
CA-2017-140949,496.634,140.9972,0.619964685669154,0
CA-2015-141012,495.736,101.1671,0.6190154849170906,0
CA-2017-120936,495.3,128.778,0.6185540067529024,0
US-2016-126893,494.982,-115.4958,0.6182171683079929,0
CA-2016-145548,492.966,76.2816,0.6160767020911742,0
US-2016-143280,492.84999999999997,75.9713,0.6159532746950416,0
CA-2016-119165,492.835,-14.081,0.6159373121390717,0
CA-2017-114258,492.768,55.4364,0.6158660068023603,0
CA-2015-166464,492.584,66.04599999999999,0.6156701334077653,0
US-2016-131149,492.28000000000003,-16.452,0.6153463564612928,0
CA-2017-108035,491.888,67.831,0.6149285599434885,0
CA-2014-144281,491.55,240.8595,0.6145680501690834,0
CA-2017-132682,490.39200000000005,59.4036,0.6133310524665302,0
CA-2016-119025,490.32,137.2896,0.6132540444619706,0
CA-2014-124723,489.23,41.934,0.6120868482183227,0
CA-2015-109197,487.984,152.495,0.610749420576776,0
CA-2017-105823,487.96,146.388,0.6107236260902285,0
US-2016-111528,487.704,127.2978,0.6104484060945529,0
CA-2016-103730,487.5,167.151,0.6102289869235656,0
CA-2016-149979,487.22,115.4659,0.609927674114253,0
CA-2017-135419,486.368,36.4776,0.6090097582250796,0
CA-2015-137302,485.784,78.489,0.608379649048091,0
CA-2015-122756,485.29999999999995,-336.861,0.6078568621463937,0
CA-2014-111500,484.78999999999996,187.7404,0.6073054283590812,0
CA-2015-126445,484.65,92.0835,0.6071539531052892,0
US-2017-147669,484.32300000000004,-60.596399999999996,0.6067999800147933,0
US-2016-166660,483.748,-52.062799999999996,0.6061769714659649,0
CA-2017-145765,483.48,79.4328,0.6058863427753417,0
US-2014-126571,483.336,78.5547,0.6057301176704745,0
CA-2016-156265,482.584,53.413799999999995,0.6049135200757266,0
CA-2016-123512,482.006,132.6196,0.6042850056869773,0
US-2015-164448,481.69800000000004,216.2889,0.6039497807382029,0
US-2017-133361,481.59,96.4755,0.6038321836733517,0
CA-2017-128076,481.524,61.694199999999995,0.6037603058440875,0
CA-2017-152807,481.472,-49.569599999999994,0.6037036679022671,0
CA-2015-161767,479.988,55.9986,0.6020847300112538,0
CA-2014-124618,479.984,89.997,0.6020803595508267,0
CA-2017-126662,479.984,89.997,0.6020803595508267,0
CA-2016-168830,479.97,163.1898,0.6020650626531027,0
CA-2016-138233,479.97,177.5889,0.6020650626531027,0
CA-2014-122749,479.96,134.3888,0.6020541360249747,0
US-2015-153374,479.952,89.991,0.6020453945588987,0
CA-2014-145926,479.9,81.583,0.6019885714849691,0
CA-2016-125094,479.72,52.7692,0.6017918287723458,0
CA-2015-149083,479.716,51.871199999999995,0.6017874558753895,0
CA-2016-129126,479.05,230.96630000000002,0.6010588606763442,0
CA-2015-109001,479.026,-96.3098,0.6010325861279208,0
CA-2014-147543,478.48,47.848,0.600434484992451,0
CA-2017-151484,478.416,58.981100000000005,0.600364333308613,0
CA-2017-112900,478.24,219.9904,0.6001713678792789,0
CA-2017-148929,478.08,133.8624,0.5999958832563168,0
CA-2016-148747,477.666,84.294,0.5995415446374763,0
CA-2017-160899,477.51,219.6546,0.5993702426374178,0
CA-2016-116526,477.5,114.6576,0.5993592598353622,0
CA-2017-136882,477.3,138.417,0.5991395555806023,0
CA-2016-119186,477.142,-87.1517,0.5989659242537201,0
CA-2017-121293,477.09200000000004,-46.1199,0.5989109656797508,0
CA-2014-106971,475.944,95.1888,0.5976475333470814,0
US-2014-133949,475.944,59.493,0.5976475333470814,0
CA-2016-154767,475.86,175.7344,0.5975549677131115,0
CA-2014-144029,475.788,5.7378,0.5974756127622437,0
CA-2016-100244,475.694,175.6262,0.5973719924281106,0
US-2014-112949,475.41999999999996,157.41660000000002,0.5970698335508449,0
CA-2017-149699,474.95,142.485,0.5965511268972836,0
CA-2017-144463,474.43,199.2606,0.5959766414898254,0
CA-2015-123155,473.4,52.2915,0.5948368611944026,0
CA-2014-118962,472.044,84.36160000000001,0.593332555607724,0
CA-2014-157609,471.92,29.495,0.5931947786119403,0
CA-2016-134936,471.624,-230.6928,0.5928657454929694,0
US-2016-139262,471.07800000000003,2.949399999999997,0.5922582717816336,0
CA-2017-126788,470.376,52.9173,0.5914762009397347,0
CA-2017-112039,470.376,47.0376,0.5914762009397347,0
CA-2015-107902,470.36,122.2936,0.5914583623908379,0
CA-2017-140480,469.65999999999997,127.40880000000001,0.5906773325474757,0
CA-2015-123939,469.398,55.5471,0.5903847054472814,0
CA-2014-105165,469.043,-12.3729,0.5899879467540382,0
CA-2014-140795,468.9,206.316,0.5898280409766635,0
CA-2015-135251,467.6532,-91.21629999999999,0.5884317761866086,0
CA-2015-109708,467.04,58.38,0.5877437032555897,0
CA-2017-143259,466.84200000000004,34.6365,0.5875213345160278,0
US-2017-160465,466.81399999999996,-50.25,0.5874898808365625,0
CA-2014-157924,465.488,-56.736000000000004,0.5859981647632913,0
CA-2015-156755,465.18,120.9468,0.5856510658227005,0
CA-2016-108434,465.18,120.9468,0.5856510658227005,0
CA-2016-131744,465.074,89.005,0.5855315566489527,0
CA-2017-154011,464.373,-95.9823,0.5847405327883678,0
CA-2014-154095,463.04,169.0512,0.58323305356052,0
CA-2017-143035,462.52000000000004,91.8899,0.5826438152042103,0
CA-2017-152737,461.592,152.76119999999997,0.5815906069789862,0
CA-2015-150770,460.844,164.1658,0.5807401458373864,0
CA-2014-113362,460.21999999999997,14.0752,0.5800296157474547,0
CA-2014-105249,460.092,15.180000000000001,0.5798837471707526,0
CA-2016-121748,459.98,42.5988,0.5797560789450622,0
CA-2016-123666,459.95,18.398,0.5797218768318922,0
US-2015-168935,459.4335,-158.0592,0.5791326811263068,0
CA-2017-147228,458.98400000000004,61.160199999999996,0.5786193773073888,0
CA-2016-142405,458.574,157.006,0.5781507426636402,0
CA-2017-137785,458.43,-124.431,0.5779860498208218,0
CA-2016-127236,458.351,-204.94039999999998,0.5778956755681737,0
US-2015-153500,458.072,29.532399999999996,0.5775763813182138,0
CA-2015-129532,457.96000000000004,44.5592,0.5774481512606519,0
CA-2014-156244,457.74399999999997,72.60040000000001,0.5772007620433045,0
CA-2014-104269,457.568,51.4764,0.5769990995044784,0
CA-2017-107629,457.176,-299.65259999999995,0.5765496637189361,0
CA-2015-154291,457.03999999999996,88.6738,0.5763936471682356,0
CA-2017-125199,456.51200000000006,-40.1114,0.5757874965015768,0
CA-2015-157287,456.193,1.6784,0.5754209413902768,0
US-2014-112991,455.63199999999995,58.6966,0.5747756891622088,0
US-2014-150434,455.23,100.99640000000001,0.5743128281674716,0
CA-2015-149650,454.272,-73.8192,0.5732081451559551,0
CA-2015-132101,453.576,39.6879,0.5724041191211029,0
CA-2016-138695,452.464,-4.957000000000001,0.5711169676527174,0
CA-2014-153969,451.28400000000005,110.4268,0.5697476490715578,0
CA-2015-134117,450.19399999999996,108.685,0.5684795921206861,0
CA-2015-109862,450.09000000000003,117.02340000000001,0.56835844315319,0
CA-2016-118311,450.0,162.0,0.5682535801540819,0
US-2017-166037,449.91,157.4685,0.5681486962267879,0
CA-2017-136350,449.454,82.4374,0.567616962382876,0
CA-2015-168088,449.0496,-43.8962,0.567144947866806,0
US-2017-139465,448.81800000000004,129.0747,0.5668744339693453,0
CA-2016-112102,448.81,124.5025,0.5668650873048173,0
CA-2016-101980,448.792,154.1413,0.5668440567018252,0
CA-2016-118759,448.44599999999997,83.0488,0.5664396381205367,0
US-2016-127971,448.418,-34.0652,0.5664068969896039,0
CA-2016-138520,448.404,21.7512,0.5663905256591807,0
CA-2015-122406,448.21,107.5103,0.5661636132805357,0
CA-2014-140816,447.944,89.5888,0.5658523266467604,0
CA-2015-125416,447.93,49.2723,0.5658359380310375,0
CA-2014-162278,447.88,41.592,0.5657774030882017,0
CA-2014-159338,447.84,11.196,0.5657305704392619,0
CA-2016-104276,447.783,-99.7584,0.5656638267027154,0
CA-2017-142636,446.99600000000004,92.6086,0.564741427229587,0
CA-2014-129938,445.802,-108.2662,0.5633389067485686,0
CA-2017-152135,445.44,-81.664,0.5629129464810083,0
CA-2016-114482,445.4,129.1592,0.5628658578586272,0
CA-2017-108329,444.768,44.4768,0.5621212971040899,0
CA-2015-101154,443.92,8.8784,0.5611206060567531,0
CA-2016-146941,442.5,185.4264,0.5594406418855113,0
CA-2016-132479,442.372,-729.9138,0.5592889443025619,0
CA-2017-112431,441.71999999999997,132.33960000000002,0.5585155544123378,0
CA-2016-101987,440.91,123.4548,0.5575531599639355,0
CA-2017-150987,440.31,212.8185,0.5568391372055175,0
CA-2016-136686,440.15999999999997,138.5904,0.5566604798319659,0
CA-2015-141327,440.144,30.782400000000003,0.5566414194602195,0
CA-2014-151946,440.04799999999994,-12.374399999999998,0.5565270427102754,0
CA-2015-149097,439.536,51.281400000000005,0.5559166126072902,0
CA-2017-144484,438.96000000000004,125.4976,0.5552290301461631,0
CA-2017-166317,438.01,158.2877,0.5540930274711059,0
CA-2017-152695,437.65000000000003,128.8733,0.5536618998460259,0
CA-2016-152688,436.96000000000004,160.60860000000002,0.5528345820011394,0
CA-2015-134894,436.86,112.2738,0.5527145727362182,0
CA-2017-135076,436.704,-38.2116,0.5525273035434565,0
CA-2017-169894,436.596,-56.784800000000004,0.5523976165382718,0
CA-2014-153808,436.48800000000006,174.2022,0.5522678975219962,0
CA-2017-109393,435.999,5.1294,0.5516801576164653,0
CA-2016-153269,435.84999999999997,124.1886,0.5515009404893666,0
CA-2015-151589,435.53999999999996,163.92079999999999,0.5511278766726107,0
CA-2017-137505,435.168,7.324800000000001,0.5506798502358627,0
US-2014-167738,435.132,59.6964,0.5506364725618492,0
CA-2016-139556,434.646,62.7822,0.5500505232597361,0
US-2015-136749,433.78,121.11259999999999,0.5490048023011421,0
CA-2017-145226,433.78000000000003,51.5692,0.5490048023011421,0
CA-2014-166191,433.56,78.5007,0.5487388139241915,0
US-2015-107944,432.69,178.8948,0.5476856299594668,0
CA-2017-139402,432.405,136.8195,0.5473401619593808,0
US-2016-109260,431.976,-75.5958,0.5468197131248823,0
CA-2017-138310,431.928,64.7892,0.5467614490139115,0
US-2016-147711,430.94,68.6802,0.5455607423054647,0
US-2017-128447,429.592,122.30120000000001,0.5439180937294992,0
US-2017-134642,428.70399999999995,-16.340200000000003,0.5428331808909883,0
CA-2017-125913,427.59200000000004,-6.8909,0.5414714302955759,0
US-2015-147662,427.548,-92.83680000000001,0.5414174754385201,0
CA-2014-169684,426.942,-172.4535,0.5406738058325676,0
US-2014-117163,426.67,9.6827,0.5403396710523579,0
CA-2016-157217,425.954,137.0878,0.5394590933761741,0
US-2014-117135,425.66999999999996,98.92980000000001,0.539109404859191,0
CA-2017-111591,425.056,24.317,0.5383525918768718,0
US-2016-146794,424.9575,19.998,0.5382310798155034,0
CA-2014-124737,424.376,98.5848,0.5375131537928,0
CA-2017-121398,424.172,54.53,0.5372610606804045,0
CA-2014-154669,423.28,110.0528,0.5361573485824759,0
CA-2016-160941,423.04999999999995,198.865,0.5358723828403705,0
CA-2017-122539,422.909,-28.9195,0.5356976100199511,0
CA-2015-169656,422.856,15.8571,0.5356319002389811,0
CA-2016-128412,422.662,151.2443,0.5353913075428763,0
CA-2017-100384,421.42,123.6446,0.5338484029061141,0
CA-2014-166716,421.372,-6.0196,0.5337886827303213,0
CA-2017-147410,421.1,105.275,0.5334501401524495,0
CA-2015-144274,420.64000000000004,142.1284,0.5328771081614848,0
CA-2017-137463,420.234,110.207,0.5323708255147004,0
CA-2017-102820,419.944,52.493,0.5320088962046355,0
CA-2016-101966,419.944,52.493,0.5320088962046355,0
CA-2016-159912,419.87,-143.5582,0.5319165018983867,0
CA-2017-105487,419.832,133.6767,0.5318690498603413,0
CA-2015-110814,419.726,102.354,0.5317366609990006,0
CA-2017-148999,419.136,-68.1096,0.5309991695508769,0
CA-2017-129490,419.136,-57.6312,0.5309991695508769,0
CA-2017-105921,418.296,5.2287,0.5299473928592018,0
CA-2015-118871,418.192,144.25639999999999,0.529817026324362,0
CA-2016-105781,416.616,79.5102,0.5278375034011745,0
CA-2017-140242,415.15200000000004,77.2803,0.5259919529056227,0
CA-2015-143980,414.96,124.488,0.5257494320546332,0
CA-2014-124730,414.63,139.1934,0.5253323376761182,0
CA-2015-115945,413.942,42.1019,0.524461693130739,0
CA-2017-129378,413.784,91.3466,0.5242615447756882,0
US-2016-161683,413.008,79.2152,0.5232774295977345,0
CA-2017-104619,412.996,104.9548,0.5232621968432133,0
US-2015-101511,412.682,-15.108699999999999,0.5228634494201516,0
CA-2015-130883,412.664,106.6904,0.5228405821161297,0
CA-2015-134747,412.24,112.2084,0.5223016420962615,0
CA-2017-101245,410.71000000000004,174.7561,0.5203522736409121,0
CA-2014-110555,410.104,124.94579999999999,0.5195781672332908,0
CA-2016-141397,409.76,36.1662,0.5191382326101774,0
US-2017-132444,409.548,114.1184,0.5188669265781959,0
CA-2014-115889,409.30400000000003,110.46499999999999,0.518554495224453,0
US-2017-105046,408.96000000000004,129.9066,0.5181137024684955,0
CA-2014-102330,408.76800000000003,80.3964,0.5178675177456761,0
CA-2014-116834,408.47,77.691,0.5174851899906466,0
US-2015-114839,408.422,-5.8346,0.5174235809790164,0
CA-2016-161389,407.976,132.5922,0.5168507849817047,0
US-2016-162859,407.072,128.0602,0.5156878627619633,0
CA-2017-128300,406.93999999999994,196.91320000000002,0.515517840017666,0
CA-2016-160304,405.91999999999996,105.541,0.5142021698385001,0
CA-2014-140165,405.45599999999996,-329.56239999999997,0.513602577180721,0
CA-2016-133368,405.344,64.046,0.5134577453692482,0
US-2016-168410,405.3,110.9779,0.5134008362353822,0
CA-2015-144519,403.94,64.2482,0.511638780704573,0
CA-2016-143609,403.92,25.245,0.5116128239925566,0
US-2016-164189,403.168,25.198,0.5106359201051234,0
US-2014-123519,403.114,-9.147799999999997,0.5105657001600848,0
US-2016-108777,402.645,62.45910000000001,0.5099554319912342,0
CA-2017-113453,401.36400000000003,-81.4582,0.5082849598534587,0
CA-2017-116127,400.784,-5.0098,0.5075268682004296,0
CA-2017-144848,400.61,51.6661,0.5072992272955608,0
CA-2017-163510,400.39,85.70649999999999,0.5070112642364479,0
CA-2017-118346,399.95,143.982,0.5064348643215435,0
CA-2017-117513,399.672,-14.9877,0.5060703582070849,0
CA-2017-134096,399.53,26.978,0.5058840740348451,0
CA-2015-125934,399.49,163.888,0.5058315876979083,0
CA-2017-118773,397.74399999999997,-436.2648,0.5035354358163453,0
CA-2017-100223,396.394,-359.7987,0.5017531577461373,0
CA-2016-134208,396.0,190.08,0.5012318550941722,0
CA-2016-130162,395.436,48.735,0.5004847238340558,0
CA-2017-112956,394.47999999999996,172.95919999999998,0.49921587870219297,0
CA-2016-145611,393.25,129.7725,0.49757884937963615,0
CA-2015-132388,393.18600000000004,-39.416399999999996,0.4974935308895198,0
US-2016-122245,393.165,-204.4458,0.49746553274157057,0
US-2015-140200,393.165,-204.4458,0.49746553274157057,0
CA-2015-168004,392.94,43.2234,0.49716545894073894,0
CA-2014-161032,392.94,43.2234,0.49716545894073894,0
CA-2016-123533,392.832,16.158,0.4970213626339735,0
US-2017-140907,392.21999999999997,49.1856,0.4962040697549808,0
CA-2016-162082,392.06,4.056899999999999,0.49599018866346734,0
CA-2017-122196,391.98,113.6742,0.49588321546687775,0
CA-2017-116225,390.75,171.93,0.49423575560136124,0
CA-2014-132010,389.74,35.273,0.49287909113229345,0
CA-2015-128608,389.43399999999997,-58.142,0.49246736986516687,0
CA-2014-148040,388.70399999999995,-12.129600000000003,0.49148385441565734,0
CA-2017-132339,387.99,182.3553,0.49052011163621934,0
CA-2016-135636,387.72,-67.851,0.4901552100674386,0
CA-2015-118444,387.136,24.196,0.4893650737267581,0
CA-2016-139549,387.136,4.8392,0.4893650737267581,0
CA-2016-165995,387.0,58.4886,0.4891808987104853,0
CA-2017-137414,386.62,38.237899999999996,0.48866594965688603,0
CA-2015-111395,386.488,79.149,0.4884869544720209,0
CA-2016-165169,386.48,103.36120000000001,0.48847610431934885,0
CA-2016-115224,386.43,90.5814,0.4884082857893952,0
CA-2014-109680,386.34,54.0876,0.48828619037659243,0
CA-2017-150623,386.14,113.5333,0.4880147656366824,0
CA-2016-161816,385.288,47.2729,0.48685692306949413,0
CA-2014-138317,385.26099999999997,-137.9707,0.48682018914222563,0
CA-2015-165085,384.85999999999996,117.3894,0.48627431983052616,0
CA-2017-141425,384.592,-81.7258,0.4859091830900576,0
CA-2017-144589,384.176,138.47729999999999,0.4853419006646415,0
CA-2017-160423,383.992,1.841000000000001,0.4850907918295033,0
CA-2017-157903,383.84,47.98,0.48488326355934264,0
CA-2016-148796,383.8,38.38,0.48482863723324665,0
CA-2015-140144,383.616,147.7206,0.48457728297319996,0
CA-2015-105347,383.61,187.3809,0.4845690846142825,0
CA-2016-140928,383.438,-167.3184,0.48433401059159203,0
CA-2016-152170,383.14,163.172,0.4839264821074877,0
CA-2016-153661,381.804,106.2516,0.4820955473238627,0
CA-2017-140515,381.36,106.7808,0.48148564804174865,0
CA-2016-136924,380.864,38.0864,0.4808034810561867,0
CA-2014-109855,380.744,65.43039999999999,0.4806383075407525,0
CA-2016-110772,380.546,18.6194,0.48036565769301215,0
CA-2017-121258,380.136,48.3464,0.47980062960962766,0
CA-2016-132661,379.4,178.318,0.4787848087114648,0
CA-2014-146591,378.594,-287.9976,0.477670117253352,0
US-2015-156867,378.138,-56.5317,0.4770384241636947,0
CA-2014-100006,377.97,109.6113,0.476805503595226,0
CA-2016-155005,377.97,94.4925,0.476805503595226,0
CA-2015-163965,377.902,-91.074,0.476711196865758,0
US-2017-121251,377.52799999999996,4.612399999999997,0.47619220713191224,0
CA-2016-164784,377.346,-142.78699999999998,0.4759394651179582,0
CA-2015-117611,376.97,69.3546,0.4754169315142836,0
CA-2016-129861,376.866,-213.5574,0.4752723091687035,0
US-2016-116365,376.64,2.097999999999999,0.47495789640612585,0
CA-2017-135860,376.1,68.8809,0.47420588210695086,0
CA-2017-168123,375.71,131.8881,0.47366209064628423,0
CA-2017-106782,375.34,18.767,0.47314566526563745,0
CA-2014-154641,375.34,18.767,0.47314566526563745,0
CA-2017-141117,374.61800000000005,-386.2183,0.4721364742418107,0
CA-2017-147039,374.48,96.505,0.4719433609718001,0
CA-2017-137099,374.376,46.797,0.47179777942859724,0
CA-2015-141810,374.076,-8.215999999999994,0.47137760657458977,0
CA-2017-102155,373.94,99.9364,0.4711870174931116,0
CA-2015-118738,373.281,-60.4002,0.470262521108824,0
CA-2016-116561,372.812,19.6172,0.4696035794866044,0
CA-2017-135587,372.64,113.17920000000001,0.46936171351102524,0
CA-2017-100314,372.44599999999997,56.8968,0.46908877754161954,0
CA-2014-114181,372.28499999999997,-211.6773,0.4688621611428419,0
CA-2014-169446,372.12,34.1499,0.4686298130867109,0
US-2015-120502,372.096,64.7964,0.46859600844655896,0
CA-2015-114300,371.65999999999997,101.18539999999999,0.4679815119449971,0
CA-2014-164721,371.52,115.872,0.467784044056358,0
CA-2016-123932,371.504,52.2742,0.46776147157247316,0
CA-2014-149958,370.78200000000004,33.598,0.4667418779367906,0
US-2017-116659,370.782,-92.6955,0.4667418779367906,0
CA-2016-142895,370.184,2.0358,0.4658958942859526,0
CA-2015-101000,370.14,144.3546,0.46583359417684833,0
US-2017-133312,369.97900000000004,-26.7762,0.46560556943942993,0
CA-2015-142027,369.912,-13.8717,0.46551064799607,0
CA-2015-141593,369.56,45.6519,0.46501167439101826,0
CA-2017-128370,369.536,29.421400000000002,0.4649776362052016,0
US-2016-153815,368.432,20.89,0.46340949167065165,0
CA-2017-123022,367.53000000000003,114.387,0.46212478971048987,0
CA-2015-139164,366.99,29.829,0.46135417210742424,0
CA-2014-148586,366.786,65.2064,0.4610627555704007,0
CA-2016-169957,366.78,101.9774,0.46105418204900794,0
CA-2015-104871,366.744,-110.0232,0.46100273798321145,0
CA-2016-109400,366.744,-110.0232,0.46100273798321145,0
CA-2015-111339,366.666,-87.3009,0.46089125856195573,0
CA-2015-128139,365.91,149.48430000000002,0.4598095385956378,0
US-2015-159499,365.496,32.4028,0.45921622327785055,0
CA-2016-140571,365.44,168.1024,0.45913591660997727,0
CA-2014-149538,364.93,67.975,0.4584039869736266,0
CA-2017-141873,364.3879999999999,3.684400000000001,0.4576250133808916,0
CA-2017-102197,364.272,171.44400000000002,0.4574581456760744,0
CA-2015-119480,364.07,131.0797,0.4571674391802334,0
CA-2014-151162,362.466,-36.781800000000004,0.4548533308756544,0
CA-2016-154018,362.342,-133.22269999999997,0.4546740096813941,0
US-2014-127978,362.24199999999996,-204.7542,0.45452935123225363,0
CA-2014-116407,362.176,37.3976,0.4544338548384483,0
CA-2014-139598,361.608,-22.6371,0.45361128900467806,0
CA-2017-161130,361.376,27.1032,0.4532749407257103,0
CA-2016-148740,361.376,27.1032,0.4532749407257103,0
CA-2016-158834,361.104,33.004799999999996,0.45288032702848396,0
US-2017-108343,361.044,63.1536,0.45279323998479654,0
CA-2016-110044,359.976,35.9976,0.4512406710580964,0
CA-2017-122994,359.97,79.1934,0.4512319357914186,0
US-2015-145422,359.499,-29.6058,0.45054576389627615,0
CA-2015-118423,359.058,-35.9058,0.4499024840663975,0
CA-2017-113278,358.7,111.17939999999999,0.44937969536386385,0
CA-2014-133158,358.696,48.6048,0.4493738512104938,0
CA-2016-116337,358.548,1.8465000000000025,0.4491575718354332,0
CA-2015-133445,357.462,-118.41900000000001,0.4475678201440994,0
CA-2017-121706,356.79,99.9012,0.44658169238324863,0
CA-2017-167913,356.65,98.50399999999999,0.44637601598634197,0
CA-2014-145800,355.455,-184.8366,0.4446171373703211,0
CA-2016-136133,355.32,99.4896,0.44441806501856285,0
CA-2014-116239,354.9,17.745,0.4437982461286888,0
US-2016-106600,354.9,88.725,0.4437982461286888,0
CA-2017-145807,354.9,17.745,0.4437982461286888,0
US-2017-107888,354.77,77.1936,0.44360624917834685,0
CA-2015-117772,353.88,17.694,0.44228992122057836,0
CA-2016-113621,352.47,96.7425,0.440197729784135,0
US-2015-113327,352.168,114.55760000000001,0.439748529923041,0
US-2016-128909,351.968,-18.9824,0.4394508350972374,0
CA-2015-129546,351.916,87.8361,0.4393734068124893,0
CA-2017-119011,351.65999999999997,79.3908,0.43899205499849697,0
CA-2016-162138,351.51,116.7405,0.43876847802656477,0
US-2014-165862,351.216,4.3902,0.4383299910558422,0
CA-2015-130365,349.082,-79.0382,0.43513621873864045,0
CA-2015-154620,348.928,34.8928,0.4349049877075284,0
US-2017-148831,348.56,104.568,0.43435202324350886,0
US-2016-148110,347.802,-24.843,0.4332111998760048,0
CA-2017-136511,347.58,17.379,0.4328766106998537,0
CA-2017-100615,347.378,-20.7596,0.43257197948231013,0
US-2015-109015,346.37,103.4915,0.4310491947932182,0
US-2015-164238,346.158,-201.648,0.43072836421981187,0
CA-2016-117583,345.46999999999997,160.9451,0.42968582693311125,0
CA-2016-130393,345.324,-49.83,0.4294643245635274,0
CA-2015-149748,345.26,154.42139999999998,0.42936719819457153,0
CA-2017-159226,344.981,28.4102,0.42894357811169775,0
CA-2014-164469,344.91999999999996,38.5212,0.4288509131586573,0
US-2014-143581,344.91,10.3473,0.42883572062379294,0
CA-2017-121643,344.704,38.7792,0.4285226566529474,0
CA-2015-110891,344.372,-93.4724,0.42801771413845197,0
US-2014-151015,344.274,102.7609,0.42786857205356493,0
US-2015-138919,344.22,-103.266,0.42778637363091904,0
CA-2016-144092,344.01800000000003,100.4089,0.4274787765930377,0
CA-2016-142097,342.76,163.3604,0.42555908488438854,0
CA-2017-145702,342.23999999999995,-25.255200000000002,0.4247635186880307,0
CA-2016-164924,341.991,-319.1916,0.42438213802873037,0
CA-2017-161739,341.96,-427.45,0.4243346375230885,0
CA-2017-101322,340.704,-34.0704,0.42240648109006795,0
US-2014-112914,340.31280000000004,-89.928,0.42180448019123273,0
CA-2017-104220,340.22,105.9391,0.4216615729997494,0
CA-2014-113859,340.116,-9.7176,0.4215013721964052,0
CA-2016-159940,339.98,-33.0869,0.4212918051254044,0
CA-2015-129476,339.96,67.992,0.4212609793888362,0
CA-2015-143490,339.334,52.8206,0.4202952187003955,0
CA-2017-128328,338.86,156.541,0.41956277331459263,0
CA-2016-160220,338.53999999999996,88.4908,0.41906771757496936,0
CA-2017-106068,337.81800000000004,-74.30619999999999,0.417949031988238,0
US-2017-106131,337.688,-0.03850000000000087,0.4177473533760825,0
CA-2016-155747,337.176,-118.0116,0.416952296386724,0
CA-2014-114335,337.088,16.8544,0.41681552475198563,0
CA-2017-166142,336.993,-35.7744,0.41666783358937903,0
CA-2014-113383,336.82,98.58840000000001,0.41639877354895505,0
US-2016-168095,335.8,57.321999999999996,0.4148096014829111,0
CA-2015-142930,335.52,117.432,0.4143725162099141,0
CA-2016-111913,335.12,41.2868,0.413747477399638,0
CA-2014-146640,334.768,108.7996,0.41319682764411325,0
CA-2014-111003,334.68,104.7888,0.41305907500682437,0
CA-2017-105235,334.52,93.0864,0.41280852312139604,0
CA-2015-115392,334.43,103.92099999999999,0.4126675351742776,0
CA-2016-113733,334.256,46.5934,0.4123948511785334,0
US-2016-108637,334.2,106.5112,0.4123070607076494,0
US-2014-126340,333.576,25.0182,0.41132783058177996,0
US-2017-123862,332.8,80.6888,0.41010751908839116,0
CA-2014-103191,331.536,-82.884,0.4081137082634834,0
CA-2016-167682,331.08,146.828,0.40739256134736546,0
CA-2016-158155,330.82,127.699,0.40698093768381455,0
CA-2017-122763,330.76800000000003,121.91159999999999,0.406898574248424,0
US-2014-117380,330.588,-143.2548,0.40661337033115064,0
CA-2016-139157,330.588,-115.7058,0.40661337033115064,0
CA-2017-106432,330.4712,-95.281,0.40642822184130384,0
CA-2015-153878,330.15,92.44200000000001,0.40591872690024483,0
CA-2016-119963,329.972,5.319600000000001,0.4056361662855371,0
US-2015-155369,329.96,-564.9804,0.40561711178798326,0
CA-2015-119627,329.44,-23.007600000000004,0.4047907525724792,0
US-2014-112872,328.914,-166.1292,0.4039535343830168,0
CA-2014-113257,328.59200000000004,93.4032,0.40344035785118826,0
CA-2016-100041,328.54,157.37770000000003,0.40335743760552356,0
CA-2016-125318,328.224,28.7196,0.4028532561239227,0
CA-2016-124100,327.996,54.666,0.40248917897436454,0
CA-2017-124674,327.7328,-14.4588,0.4020685795426946,0
CA-2015-126739,327.564,21.8376,0.4017986561238648,0
CA-2014-143210,327.56,97.6772,0.4017922581524654,0
US-2016-105452,327.42,-388.28,0.4015682800682739,0
CA-2017-113474,325.86,149.8956,0.39906604481739627,0
CA-2015-110870,325.7,129.4894,0.39880873037698716,0
CA-2017-157413,324.744,-77.1267,0.3972686457223065,0
CA-2016-165316,324.38700000000006,-102.3419,0.39669237106730265,0
CA-2015-135853,324.21999999999997,103.178,0.3964225801149376,0
CA-2015-147529,324.10999999999996,152.5909,0.39624479780988703,0
CA-2017-132353,323.976,20.2485,0.3960281453505466,0
CA-2016-108105,323.88,37.5988,0.3958728767154606,0
CA-2017-126242,323.71,83.35849999999999,0.39559780924553634,0
CA-2014-110849,323.458,108.1437,0.39518979710006846,0
CA-2015-162369,323.1,61.389,0.394609615592562,0
CA-2017-151358,323.1,61.389,0.394609615592562,0
CA-2015-136196,322.59,64.518,0.3937819922976027,0
CA-2014-126193,321.978,-536.1275999999999,0.3927871208263035,0
CA-2016-154739,321.568,28.1372,0.3921195669027668,0
CA-2017-152142,321.568,28.1372,0.3921195669027668,0
CA-2014-131905,321.56,91.2541,0.39210653302248855,0
CA-2014-100867,321.552,20.097,0.39209349881894545,0
CA-2017-152583,321.39,-72.5666,0.39182948661912875,0
CA-2017-143798,321.248,26.9448,0.3915979593864524,0
CA-2017-163125,321.202,-26.7895,0.39152293572829844,0
CA-2016-130911,320.12600000000003,-239.5436,0.3897649722250059,0
CA-2015-158351,319.984,91.9954,0.3895325334649229,0
US-2016-125969,319.98400000000004,17.0814,0.3895325334649229,0
CA-2015-123232,319.968,35.9964,0.38950633673645263,0
CA-2017-131366,319.53200000000004,68.2117,0.38879197279043753,0
CA-2017-110198,318.96,-14.219999999999999,0.3878533046734165,0
CA-2017-144596,318.96,149.9112,0.3878533046734165,0
CA-2014-131947,318.293,59.6202,0.3867566172860504,0
CA-2017-124401,317.624,82.83890000000001,0.38565433777933317,0
CA-2014-120278,317.48,90.4306,0.3854167731389287,0
CA-2017-149160,316.32,149.2776,0.38349913093288224,0
CA-2016-106558,316.0,31.6,0.382968892452051,0
CA-2017-103443,315.896,77.41460000000001,0.38279644969253723,0
CA-2017-161172,315.041,44.21620000000001,0.3813766223781882,0
CA-2017-166296,314.55,150.984,0.3805595222494021,0
US-2014-140452,314.54999999999995,-180.1676,0.38055952224940165,0
US-2017-132381,314.532,-83.8752,0.3805295433044859,0
CA-2016-144344,314.39300000000003,25.1082,0.38029798161847067,0
CA-2016-102561,313.84,32.829,0.3793757208493689,0
CA-2015-152891,313.626,-15.325499999999998,0.37901838947879296,0
CA-2016-130288,313.176,-120.0508,0.3782661981792999,0
US-2016-151827,312.76599999999996,-59.636700000000005,0.3775799297525691,0
CA-2017-137085,312.552,101.5794,0.3772213748433042,0
CA-2016-152072,311.97,117.7404,0.37624500037102054,0
US-2017-126179,311.96000000000004,83.26960000000001,0.37622820831536674,0
CA-2014-106810,310.88,23.316,0.37441150086858327,0
CA-2016-103709,310.86,84.563,0.3743777988408206,0
CA-2014-152254,310.688,108.7408,0.3740878721494147,0
CA-2016-130638,310.55999999999995,33.1044,0.3738720088979597,0
US-2014-155544,310.528,17.8716,0.3738180292281661,0
CA-2015-139584,310.364,-64.1304,0.37354129636459565,0
CA-2014-127586,310.12,80.6312,0.37312930198857364,0
CA-2014-156587,309.592,15.0033,0.3722366659656882,0
CA-2017-146269,309.488,33.8598,0.3720606648458231,0
CA-2016-110898,309.082,-303.15700000000004,0.3713730187986301,0
CA-2017-108070,308.753,-3.9898000000000002,0.37081512764476177,0
US-2014-147704,308.6,107.7118,0.370555480933421,0
US-2016-159856,307.92,-34.641,0.3693999409625348,0
CA-2017-111577,307.776,111.5688,0.36915491204406303,0
US-2017-148054,307.74,87.22200000000001,0.3690936369595895,0
CA-2017-104003,307.666,-14.4784,0.3689676601781965,0
CA-2015-112711,307.168,30.7168,0.3681190841379998,0
CA-2017-118017,306.36,50.2934,0.366739356293787,0
CA-2014-155264,306.11199999999997,97.8651,0.36631514791856323,0
CA-2016-160500,305.49600000000004,9.8214,0.36525998510547397,0
US-2017-137491,305.312,-8.7232,0.36494439524458244,0
CA-2016-156503,305.248,79.1866,0.3648345804196341,0
CA-2015-162964,304.22400000000005,61.0262,0.36307441526253037,0
CA-2017-140186,304.046,74.0986,0.36276784669430645,0
CA-2016-108210,303.92,19.194000000000003,0.3625507293312796,0
CA-2016-118129,303.92,-30.392,0.3625507293312796,0
US-2017-110604,303.544,46.303200000000004,0.3619022898129862,0
US-2017-147221,303.372,-769.7316,0.36160539630255767,0
CA-2017-140627,303.32,-34.430099999999996,0.3615156047702475,0
CA-2014-110100,302.376,37.797,0.35988287016323345,0
CA-2014-100881,302.376,22.6782,0.35988287016323345,0
CA-2017-100202,302.376,22.6782,0.35988287016323345,0
CA-2016-115378,301.96,33.2156,0.35916174661684497,0
CA-2015-108119,301.96,45.294,0.35916174661684497,0
CA-2015-146087,301.96,60.392,0.35916174661684497,0
CA-2017-140088,301.96,33.2156,0.35916174661684497,0
CA-2015-141250,301.742,-21.712200000000003,0.35878345463448963,0
CA-2017-127096,300.904,11.2839,0.35732674583162377,0
US-2014-159611,300.512,-43.3442,0.35664393730047694,0
CA-2014-115791,299.964,-5.933499999999999,0.3556879094167606,0
US-2017-143770,299.96,65.962,0.3556809247134459,0
CA-2015-123673,299.9,74.975,0.35557614302239365,0
US-2017-146906,299.9,74.975,0.35557614302239365,0
CA-2015-146948,299.75,112.33359999999999,0.35531409735766184,0
CA-2017-161655,299.52,149.76,0.35491204005583776,0
US-2016-169369,299.07,43.0824,0.35412451545291734,0
CA-2016-108616,298.83,109.377,0.3537040192920084,0
CA-2017-127460,298.464,26.1156,0.3530621141688627,0
CA-2017-167549,298.116,-4.2588,0.35245105013440886,0
CA-2017-137498,298.0,9.467,0.3522472041284398,0
CA-2017-133046,297.99,61.673,0.35222962749438963,0
CA-2017-123036,296.952,-47.51,0.3504019679992146,0
CA-2014-101364,296.712,100.1403,0.34997848152509264,0
US-2016-110156,296.668,28.1341,0.34990080530785195,0
CA-2016-142524,296.51,74.9712,0.3496217824005264,0
US-2017-119438,296.022,-364.3734,0.348759053559608,0
CA-2015-145394,295.968,13.082099999999999,0.3486635005743938,0
US-2015-103996,295.68,134.8101,0.34815359102544674,0
CA-2016-131093,295.4,-62.7725,0.3476573708512454,0
CA-2017-165008,295.056,106.9578,0.34704708679874585,0
US-2014-120740,294.71999999999997,108.0,0.34645031044281105,0
US-2014-146353,292.82,27.1956,0.34306287162740473,0
CA-2016-109953,292.796,72.6159,0.3430199429744048,0
CA-2017-145429,291.988,47.8326,0.3415726281712506,0
CA-2017-117485,291.96,102.186,0.3415224021717975,0
CA-2016-131205,291.73999999999995,79.0364,0.3411276022032865,0
CA-2016-123337,291.146,-8.333599999999999,0.34006015844930976,0
CA-2017-104850,291.136,-25.4744,0.34004216944503507,0
CA-2016-120873,290.98,75.6548,0.33976146121986267,0
CA-2017-167703,290.781,31.510800000000003,0.3394031605268472,0
CA-2014-115161,290.666,3.4196,0.3391959909080069,0
CA-2015-123092,288.85,-50.5032,0.33591363840494554,0
CA-2014-112326,288.06,-65.9901,0.3344793187773623,0
CA-2015-151722,288.0,57.6,0.33437022299388974,0
CA-2017-135377,287.976,7.1994,0.33432657833846846,0
CA-2014-113768,287.456,24.7992,0.33338005299822554,0
CA-2017-148810,287.42400000000004,-8.9958,0.33332174956510724,0
CA-2016-123274,287.4,24.3894,0.33327801774506893,0
CA-2017-164707,287.326,62.4082,0.3331431550533448,0
CA-2015-152611,286.79,74.5654,0.3321652772000984,0
CA-2014-153927,286.65000000000003,104.8788,0.3319095613610394,0
CA-2017-140585,286.485,61.2374,0.3316080221523852,0
CA-2016-121377,286.4,25.06,0.3314526162233636,0
CA-2014-137589,286.344,-64.4274,0.33135020602335075,0
CA-2017-169978,286.14,53.1655,0.33097697143811794,0
CA-2017-163629,286.09,84.4434,0.33088545191265567,0
CA-2017-126144,285.576,-57.1152,0.3299437059729373,0
CA-2017-123001,284.98400000000004,52.325,0.3288569538695835,0
CA-2015-103870,284.44,14.4298,0.32785633154954413,0
CA-2017-122154,284.19,79.625,0.327395846994442,0
CA-2015-101910,283.92,17.745,0.32689807005863675,0
US-2017-110996,283.92,-46.137,0.32689807005863675,0
CA-2017-117947,283.774,90.7187,0.32662870525275595,0
US-2017-129777,283.46,104.74719999999999,0.32604891822797155,0
CA-2017-169285,283.17999999999995,135.9842,0.3255313706357602,0
US-2016-127425,282.95,95.7325,0.32510586063754987,0
CA-2017-122595,282.688,46.9312,0.3246207291169419,0
CA-2016-106278,281.916,28.2921,0.32318864817543985,0
US-2014-118486,281.85200000000003,-16.404200000000003,0.32306975108473757,0
US-2015-115238,281.15999999999997,89.1994,0.32178245552255036,0
CA-2017-111815,280.96,90.0462,0.32140981665723795,0
CA-2014-114510,280.276,46.9632,0.320133390951464,0
US-2016-144547,279.944,48.9902,0.31951271992079466,0
US-2017-147984,279.9,137.151,0.3194304072748806,0
CA-2015-135489,279.86,134.3328,0.319355566407518,0
CA-2016-101336,279.81,76.4295,0.3192620003329332,0
CA-2016-101161,279.67,99.8526,0.3189999266658849,0
US-2017-111024,279.004,-81.6628,0.3177514119993921,0
CA-2016-160815,278.4,80.736,0.3166165549176847,0
CA-2017-162481,278.23,55.1765,0.3162966990574116,0
CA-2017-115994,277.71,39.2283,0.31531710621450515,0
CA-2015-127824,277.634,27.6248,0.3151737818921939,0
CA-2015-161998,277.632,29.748,0.3151700096716047,0
US-2014-143287,277.57,133.6953,0.3150530574013046,0
CA-2015-112767,277.5,-188.7,0.3149209832272338,0
CA-2016-126102,276.784,89.9548,0.31356814357080676,0
CA-2014-169642,276.28,0.0,0.3126137725867871,0
CA-2017-126074,275.65000000000003,107.6926,0.31141836644635157,0
CA-2015-119550,275.058,-90.3762,0.310292580677898,0
CA-2016-103107,274.856,37.5995,0.30990789181758294,0
CA-2017-154760,274.491,-228.7425,0.3092120707975193,0
CA-2017-155621,274.2,112.422,0.30865665953411947,0
CA-2014-142510,274.096,23.541599999999995,0.3084580195734338,0
CA-2014-149643,273.96,10.9584,0.3081981462843869,0
CA-2017-154116,273.92600000000004,41.7843,0.3081331578780858,0
CA-2016-149503,273.92,99.296,0.30812168850150207,0
US-2017-101840,273.7,81.56939999999999,0.30770097174623195,0
CA-2016-159212,273.59,124.4453,0.3074904869988553,0
CA-2017-139353,273.08799999999997,2.3374000000000006,0.3065288394619819,0
CA-2017-113460,272.97,43.6752,0.30630253916461714,0
CA-2017-100636,272.94,0.0,0.30624498965061797,0
CA-2017-134810,272.23199999999997,47.8908,0.30488498852841306,0
CA-2017-161333,272.09999999999997,84.6396,0.30463103927940527,0
CA-2016-152121,271.992,23.7993,0.304423171307448,0
CA-2017-133235,271.96,16.9975,0.30436156500414435,0
CA-2015-150791,271.764,60.392,0.30398406873094974,0
CA-2017-122308,271.764,60.392,0.30398406873094974,0
CA-2017-131695,270.8,76.8951,0.30212344655830425,0
CA-2016-105662,270.728,51.4377,0.3019842141903598,0
CA-2015-113173,270.356,-3.1479999999999997,0.30126425872669055,0
US-2015-119312,270.34,75.6952,0.3012332707661449,0
CA-2015-135314,269.982,40.4973,0.300539436891464,0
US-2015-100069,269.98,72.8946,0.3005355581503735,0
CA-2017-167381,269.68,54.4388,0.2999534225411706,0
US-2014-168501,269.592,17.298299999999998,0.2997825403727089,0
CA-2015-128027,269.49,5.3898,0.2995844028528963,0
CA-2017-134495,269.4,-20.9436,0.2994095135714811,0
CA-2014-101392,269.36,70.0336,0.29933176631640446,0
CA-2014-106229,268.935,-209.7693,0.29850499061719454,0
CA-2017-141782,268.576,90.6444,0.29780559349506136,0
CA-2015-106187,268.4,102.0138,0.2974623732568303,0
CA-2017-113873,267.7912,-21.0854,0.29627341154612163,0
CA-2014-132962,267.552,58.993199999999995,0.29580552659295467,0
CA-2017-117646,266.52,29.9409,0.29378210331414484,0
CA-2015-127754,266.352,13.3176,0.2934519702183076,0
CA-2015-135545,266.294,106.8083,0.2933379475223031,0
CA-2017-165491,265.93,63.8232,0.29262179143427497,0
CA-2015-153794,265.86,79.758,0.2924839571545316,0
CA-2014-129364,265.784,13.8141,0.29233426756533104,0
CA-2014-157882,265.784,17.3504,0.29233426756533104,0
CA-2017-155957,265.408,33.7788,0.2915930701018514,0
US-2017-122672,265.072,-49.9172,0.2909298378044272,0
CA-2014-164742,264.92,36.5278,0.29062952895477195,0
CA-2017-121195,264.32,19.824,0.2894424207704673,0
CA-2014-106572,264.32,19.824,0.2894424207704673,0
CA-2016-146150,264.18,68.6868,0.2891650425933874,0
US-2015-151407,263.96,76.5484,0.28872886659467784,0
CA-2015-102855,263.78,32.8302,0.288371725860762,0
CA-2015-132941,262.72,49.8082,0.2862636264439514,0
CA-2016-144015,262.1,26.152,0.28502665615557227,0
CA-2017-151225,261.536,16.674799999999998,0.28389887768120137,0
CA-2017-122770,261.52,83.5272,0.2838668486362296,0
CA-2016-136126,261.1,112.123,0.28302538728727883,0
CA-2014-103940,260.79,77.17930000000001,0.28240344330807976,0
CA-2015-103772,260.31,97.2226,0.28143897875342044,0
CA-2015-137512,259.942,-25.9938,0.28069835538512494,0
CA-2015-138674,259.864,36.8418,0.28054124128239594,0
CA-2017-163139,259.44,19.7043,0.2796863625218203,0
CA-2014-165806,259.29,78.2361,0.2793835956843415,0
CA-2014-123295,259.136,-25.9136,0.27907257349059694,0
CA-2016-168081,258.696,64.674,0.2781829230423604,0
CA-2017-149895,258.528,-47.3968,0.27784284063170167,0
CA-2015-122210,258.495,-108.95419999999999,0.2777760128617398,0
CA-2014-153976,258.279,-70.1043,0.27733838475538974,0
CA-2015-100454,258.01800000000003,28.9647,0.2768090974460123,0
CA-2016-139878,257.98,74.8142,0.27673199198349835,0
CA-2014-107769,257.98,74.8142,0.27673199198349835,0
CA-2014-122070,257.752,124.78689999999999,0.27626912148816596,0
CA-2017-111220,257.508,-53.7226,0.2757733168385676,0
CA-2016-108735,257.499,24.2352,0.27575502001423785,0
CA-2015-140221,257.32,-483.2092,0.2753909841187177,0
CA-2014-116190,256.47999999999996,104.14150000000001,0.2736792828824443,0
CA-2017-164168,256.36,-66.7672,0.27343429838430977,0
CA-2015-123568,256.35,92.6823,0.27341387785353344,0
CA-2016-145583,256.19599999999997,97.5074,0.27309930143799316,0
US-2015-160563,255.99,92.4768,0.2726782097896136,0
CA-2015-100769,255.968,31.996,0.27263321888941894,0
CA-2016-134474,255.904,46.4568,0.27250231436597067,0
US-2014-134054,255.85,112.574,0.27239183830594954,0
CA-2015-153717,255.58,50.3498,0.27183910937734157,0
US-2017-163657,255.248,3.5953999999999997,0.2711586596455558,0
CA-2016-142370,254.98999999999998,107.6297,0.2706292673925157,0
CA-2014-128839,254.97,111.8871,0.27058820695263786,0
US-2015-101399,254.744,-312.0614,0.27012400089815514,0
CA-2017-152702,254.604,-18.186,0.2698362338135053,0
CA-2017-169054,254.352,0.0,0.2693178556427428,0
CA-2017-125472,253.86,38.7854,0.26830430792355014,0
CA-2017-144694,253.82399999999998,87.9882,0.2682300690910902,0
CA-2016-162943,253.764,31.0156,0.268106314393846,0
CA-2017-135692,253.3856,-30.5176,0.2673251626027025,0
CA-2015-118955,253.34000000000003,-6.1662,0.2672309495918226,0
CA-2017-131233,253.12800000000001,12.5904,0.2667927198065103,0
CA-2016-158435,253.03000000000003,43.0947,0.26659001831417056,0
US-2014-150574,252.61200000000002,-22.2742,0.26572455539425915,0
CA-2016-137729,252.148,22.5563,0.2647621780144359,0
CA-2016-150483,252.007,-40.707800000000006,0.2644693819569087,0
CA-2017-155152,252.0,93.24,0.2644548417312265,0
CA-2017-121314,251.64,88.074,0.2637065158192316,0
CA-2016-137239,251.15800000000002,51.184200000000004,0.2627029192297371,0
CA-2017-131282,251.112,-426.274,0.26260704004487695,0
CA-2016-156251,250.48000000000002,28.370800000000003,0.2612879692159493,0
CA-2016-163594,250.416,-13.3758,0.26115420762450897,0
CA-2014-150203,250.26,72.5754,0.2608280210410636,0
CA-2014-118339,249.92000000000002,108.1918,0.2601163993077768,0
CA-2017-101434,249.79,76.8028,0.25984405378708136,0
CA-2014-138450,249.472,-12.213999999999999,0.25917725925809465,0
CA-2017-128783,248.82,84.4272,0.2578074694975032,0
CA-2016-104150,248.82,61.742999999999995,0.2578074694975032,0
CA-2014-147298,248.568,28.743,0.25727708342970285,0
CA-2017-156622,248.481,1.875300000000001,0.2570938495828066,0
CA-2017-102610,248.396,-18.0329,0.2569147662862851,0
CA-2017-167101,247.92,118.22160000000001,0.2559107705114125,0
CA-2014-109932,247.784,24.4867,0.2556235619245318,0
CA-2017-141572,247.44,101.4504,0.254896391744366,0
CA-2015-108532,246.5,47.0866,0.2529042104034148,0
US-2017-107272,246.38,28.6682,0.25264934494268165,0
CA-2015-140718,246.364,55.2796,0.2526153535405882,0
CA-2015-150308,246.168,21.5397,0.25219878033982174,0
CA-2015-124919,244.77999999999997,95.839,0.24923927493755002,0
CA-2014-143336,244.76,25.877399999999998,0.2491965087276774,0
CA-2017-108553,244.64999999999998,72.1756,0.24896123234487672,0
CA-2017-115175,244.55,114.9385,0.24874725328258349,0
US-2016-141264,244.3,-187.96040000000002,0.24821192414417656,0
CA-2015-110289,244.24,119.3436,0.24808336396828412,0
US-2016-128902,244.006,-31.3722,0.2475816785668483,0
CA-2017-118402,243.92,-54.882,0.24739717804447905,0
CA-2016-115525,243.88,27.4365,0.24731134177320097,0
CA-2014-109043,243.60000000000002,46.819,0.2467100949987661,0
CA-2017-108854,243.584,93.8998,0.24667571725493667,0
CA-2017-119914,243.16,72.948,0.24576388666278037,0
US-2014-106334,243.12,28.805999999999997,0.24567778318593833,0
CA-2017-116288,242.94,9.7176,0.24529014286777764,0
CA-2016-124149,242.56,73.5726,0.244470850900826,0
CA-2014-103317,242.546,14.4922,0.24444064205109634,0
US-2017-152842,242.352,15.147,0.24402185485573644,0
CA-2016-160241,242.176,-302.72,0.24364163527409916,0
CA-2017-166128,241.81,36.2269,0.24285006943933862,0
CA-2016-163048,241.5,0.0,0.24217868364974196,0
CA-2017-137624,241.424,-36.2136,0.2420139548442937,0
US-2015-124219,241.34,47.1344,0.2418318260711204,0
US-2014-138758,241.19400000000002,-34.6598,0.24151511864706768,0
CA-2017-115105,240.784,30.098,0.24062471286360584,0
CA-2014-134103,240.5,11.6502,0.24000705837066186,0
CA-2017-119746,240.368,16.814799999999998,0.23971973222383652,0
CA-2017-118213,240.14999999999998,115.5072,0.2392448645173609,0
CA-2016-155551,240.04,-45.6933,0.23900508939272846,0
CA-2016-110086,239.984,23.9984,0.23888298002042582,0
CA-2016-121020,239.976,17.9982,0.23886553350802525,0
CA-2014-151792,239.976,53.9946,0.23886553350802525,0
CA-2017-163531,239.97,67.1916,0.23885244824362425,0
CA-2016-127775,239.97,71.991,0.23885244824362425,0
CA-2017-141719,239.96,83.986,0.23883063874557225,0
US-2017-102904,239.92,23.992,0.23874339170133915,0
CA-2015-164427,239.7,105.468,0.23826327387657056,0
US-2017-153255,239.666,14.098,0.23818903470138758,0
CA-2016-117604,239.5,114.96,0.23782642217250327,0
CA-2016-155166,239.43,32.97,0.23767343824494205,0
CA-2016-131296,239.372,-23.9372,0.23754664638803538,0
CA-2017-111717,239.358,-47.8716,0.2375160368734289,0
US-2017-152492,239.24,23.924,0.23725797152786168,0
CA-2015-161263,239.204,-70.1181,0.23717921449251203,0
US-2017-111241,239.12,77.714,0.23699540216455223,0
CA-2017-148691,238.684,72.9897,0.23604029439775073,0
CA-2015-145835,238.384,22.278799999999997,0.23538210060677298,0
CA-2017-105809,238.19799999999998,26.2331,0.2349736060838211,0
CA-2015-113215,238.152,89.307,0.23487253156398324,0
CA-2015-121608,238.11,85.6753,0.23478022915239521,0
CA-2014-124709,238.0,38.08,0.23453840788243457,0
CA-2017-145037,237.64,113.8064,0.23374621392494227,0
CA-2017-110821,237.608,-38.5469,0.23367573885849194,0
US-2017-103247,236.722,28.798399999999997,0.23172069763173614,0
US-2015-137008,235.97,100.932,0.2300556144913303,0
CA-2016-140018,235.851,-17.796599999999998,0.2297916397957684,0
US-2014-102071,235.76999999999998,44.3808,0.229611883667711,0
CA-2017-165904,235.44,20.3978,0.2288789077114769,0
CA-2016-133669,235.152,-47.0304,0.22823838312020578,0
US-2015-129637,234.688,-34.0126,0.22720478193777446,0
CA-2015-100818,234.516,-11.901399999999994,0.22682111963436202,0
CA-2017-123687,234.2,63.30479999999999,0.22611552085725486,0
CA-2017-156664,233.53199999999998,38.4219,0.22462081326555755,0
CA-2016-139381,233.48,63.0396,0.224504280239801,0
CA-2014-112291,233.45,85.6044,0.2244370378918455,0
CA-2014-102869,233.24399999999997,-26.0068,0.2239750745795952,0
CA-2015-136147,233.064,-102.3195,0.22357108461055772,0
US-2017-139969,233.058,-53.2704,0.2235576129283098,0
CA-2014-125150,232.88,17.466,0.22315779585030318,0
CA-2016-113236,232.62400000000002,25.8328,0.22258224419171452,0
CA-2016-111416,232.4,78.435,0.22207811890202103,0
US-2015-149629,231.92,5.798,0.2209962192512992,0
CA-2017-135069,231.776,28.3668,0.22067121455959793,0
US-2014-135881,231.16,62.1914,0.21927864331375516,0
CA-2017-104136,230.69,111.1411,0.2182136421612052,0
US-2017-119662,230.376,-48.9549,0.21750092625380718,0
CA-2016-151148,230.088,14.3805,0.21684637411721389,0
US-2017-135062,229.544,83.2097,0.21560776912331525,0
CA-2017-132122,228.92,14.3075,0.21418341228214632,0
CA-2015-163734,228.92,14.3075,0.21418341228214632,0
CA-2016-136231,228.586,-45.4718,0.21341942700577157,0
US-2017-132059,228.572,-240.1842,0.21338737940569247,0
CA-2017-155873,228.28,105.90480000000001,0.21271851218455573,0
CA-2017-112809,228.188,-32.0998,0.21250759671362068,0
CA-2016-134138,227.96,36.4736,0.2119845280293066,0
CA-2016-157707,227.65800000000002,-180.26250000000002,0.21129088897184184,0
US-2017-155866,226.64,95.644,0.20894596068548316,0
CA-2015-155334,226.13,98.7874,0.20776724738899632,0
CA-2015-120103,225.928,50.114799999999995,0.20729965256151087,0
CA-2016-105494,225.82799999999997,66.57419999999999,0.20706801592056714,0
CA-2017-140676,225.61,91.8274,0.2065626938742083,0
CA-2015-164567,225.576,22.5576,0.20648383836055872,0
US-2017-108315,225.54600000000002,-11.827200000000001,0.20641425013877726,0
CA-2016-154690,225.296,22.5296,0.2058339896692069,0
CA-2014-158029,225.296,22.5296,0.2058339896692069,0
CA-2014-103849,225.016,-70.7293,0.20518333641074252,0
CA-2015-138954,224.93400000000003,68.0811,0.2049926353544711,0
CA-2016-127208,224.9,64.2384,0.20491354388546,0
CA-2016-153157,224.75,62.93,0.20456446876818726,0
CA-2017-164028,223.58,87.1962,0.20183369582356472,0
CA-2016-154081,222.384,22.2384,0.1990274951161938,0
CA-2017-137428,222.03199999999998,31.0424,0.19819872776518774,0
CA-2015-125234,221.79,76.1691,0.19762819111887547,0
CA-2014-133690,221.35,-161.5825,0.19658926221565212,0
US-2016-140172,221.044,52.0866,0.19586552160820075,0
CA-2017-166835,221.024,-55.256,0.1958181835815847,0
CA-2017-166576,221.024,-55.256,0.1958181835815847,0
CA-2017-122700,220.752,-40.4712,0.1951739627275174,0
CA-2015-168480,220.31,38.6283,0.19412541659682156,0
CA-2017-144456,220.056,19.2549,0.19352191050737808,0
CA-2016-115483,219.84,79.692,0.19300814688832452,0
CA-2016-159730,219.472,17.884,0.19213168746511652,0
CA-2016-125738,219.12,95.84389999999999,0.19129196498307635,0
US-2017-152380,219.075,-131.445,0.19118451730320554,0
CA-2017-148264,218.81,52.9647,0.19055132386479995,0
CA-2016-147109,217.44,11.933999999999997,0.18726561038694747,0
CA-2014-151708,217.352,-13.8317,0.18705385345567538,0
CA-2016-118570,217.056,78.6828,0.1863409533049221,0
CA-2014-146864,216.4,56.264,0.1847575573864338,0
CA-2016-146325,216.22400000000002,25.887800000000002,0.18433193092618963,0
CA-2017-111388,215.976,-2.6997,0.18373159886047688,0
CA-2017-158246,215.976,-2.6997,0.18373159886047688,0
CA-2016-134789,215.83999999999997,59.0848,0.18340209311691325,0
CA-2016-100965,215.65,73.321,0.18294140800471603,0
US-2017-167570,215.544,-58.5048,0.18268421859995326,0
CA-2015-145849,215.18,19.720399999999998,0.18180008044028842,0
US-2015-164175,213.115,-15.2225,0.1767559451945604,0
US-2017-136679,212.992,-22.788200000000003,0.17645396224237467,0
CA-2014-108903,212.952,5.5236,0.17635571900096733,0
CA-2014-140487,212.94,57.4938,0.17632624244689057,0
CA-2017-102309,212.91,70.2048,0.1762525438276655,0
CA-2016-139885,212.88,0.0,0.17617883487178618,0
CA-2015-124933,212.64,99.9408,0.17558879075696046,0
CA-2014-146703,211.96,8.4784,0.17391339249121354,0
CA-2014-123344,211.96,8.4784,0.17391339249121354,0
CA-2016-164672,211.96,42.392,0.17391339249121354,0
CA-2017-155985,211.84,76.2624,0.17361717872870822,0
US-2014-114188,211.66000000000003,81.3994,0.17317254480064914,0
CA-2014-140228,211.57600000000002,-33.1954,0.17296492015724338,0
CA-2016-151092,211.168,18.4772,0.1719552891588114,0
CA-2015-110667,210.992,58.2019,0.17151916251989627,0
CA-2017-145142,210.98,21.098,0.1714894134287372,0
CA-2015-149909,210.82,88.06710000000001,0.17109259787823167,0
US-2014-122959,210.392,-336.6272,0.17002964117318906,0
CA-2014-163867,210.176,-24.8722,0.16949237831869637,0
CA-2014-158225,210.13,42.769299999999994,0.169377890254102,0
CA-2017-131037,210.008,2.6251,0.16907412714681344,0
US-2017-139647,209.979,-356.9643,0.1690018953266567,0
CA-2014-120096,209.96800000000002,65.3808,0.16897449445276352,0
CA-2017-127726,209.88,57.5508,0.16875523601461873,0
CA-2016-163755,209.88,35.6796,0.16875523601461873,0
CA-2017-158673,209.7,100.656,0.16830646772247962,0
CA-2015-159786,209.67,-13.978,0.16823163573577657,0
CA-2017-103499,209.568,-23.5764,0.16797712724812697,0
CA-2015-115742,209.55,73.3529,0.1679322011881583,0
CA-2017-126221,209.3,56.511,0.1673078307099021,0
CA-2015-115511,208.008,64.2852,0.16406920788885615,0
CA-2017-157252,207.846,2.3094,0.1636617149340822,0
US-2015-123960,207.82,68.9878,0.1635962853955002,0
CA-2016-123806,207.76,85.1816,0.1634452630553456,0
CA-2016-131499,207.48,62.244,0.1627399177307642,0
CA-2014-142314,207.24,58.0272,0.16213458162651778,0
CA-2015-131422,207.0,25.875,0.16152854746010928,0
CA-2015-139094,206.962,-32.5226,0.16143252793089566,0
US-2017-103828,206.67000000000002,55.8441,0.16069410771489387,0
US-2016-152415,206.64,67.60679999999999,0.160618183816508,0
CA-2015-112557,206.43,90.8292,0.16008640918061406,0
CA-2015-155761,206.328,40.6308,0.15982792436202903,0
US-2017-150595,205.922,-54.7089,0.1587977913909803,0
CA-2017-121125,205.744,14.2053,0.1583455192526572,0
CA-2015-121965,205.73,94.87389999999999,0.15830993077077402,0
CA-2014-131247,205.666,-12.098,0.15814720987008085,0
CA-2015-116484,205.37599999999998,-16.967399999999998,0.15740924874135742,0
CA-2017-154907,205.3328,-36.2352,0.15729922924530895,0
CA-2017-139311,205.29600000000002,3.8081999999999994,0.15720549076356766,0
CA-2015-141740,205.164,13.6776,0.15686911728942282,0
CA-2017-104066,205.03,67.6599,0.15652742688720997,0
CA-2017-155292,204.98000000000002,38.321,0.15639987353357523,0
US-2017-113201,204.95,100.4255,0.1563233266585244,0
CA-2015-137750,204.85,57.358,0.15606808985422024,0
CA-2017-142461,204.6664,-6.0196,0.15559915210979597,0
CA-2015-112571,204.6,53.196,0.15542945498436414,0
CA-2017-147333,204.55,78.8145,0.15530163482813814,0
CA-2015-121405,204.48000000000002,22.098,0.15512263436473223,0
US-2014-157070,204.07999999999998,78.8848,0.15409860331248396,0
CA-2017-124086,203.983,16.7986,0.15384997488117075,0
CA-2015-146038,203.92,22.941,0.15368843152992062,0
CA-2016-112256,203.648,10.2258,0.15299040394972768,0
CA-2016-123050,203.63,53.2902,0.1529441782241268,0
US-2014-159618,203.1212,17.784999999999997,0.1516358463607234,0
US-2016-113985,203.108,75.6516,0.15160186040419285,0
CA-2014-117345,202.89600000000002,57.644800000000004,0.15105572401920722,0
CA-2014-159709,201.73,81.8437,0.14804178661318862,0
CA-2016-161928,201.584,12.599,0.1476631776408885,0
US-2015-122910,201.584,20.1584,0.1476631776408885,0
CA-2015-122826,201.568,22.6764,0.1476216696581061,0
CA-2017-132934,201.262,33.5956,0.1468271979195276,0
CA-2017-151211,201.09,58.1931,0.14638010426130063,0
CA-2015-149734,200.984,62.8075,0.1461043802420889,0
CA-2017-140844,200.94,56.2874,0.14598988626223308,0
CA-2015-102316,200.73600000000002,-19.585800000000003,0.14545872437323432,0
CA-2016-166275,199.99,85.9957,0.14351175424748602,0
CA-2014-102652,199.99,64.5077,0.14351175424748602,0
CA-2017-102834,199.98,69.993,0.14348560639715688,0
CA-2014-137575,199.98,83.9916,0.14348560639715688,0
CA-2014-167486,199.9,39.98,0.14327637674584898,0
CA-2015-118843,199.86,44.4615,0.1431717306742703,0
CA-2017-142391,199.8,71.928,0.14301472248615843,0
CA-2016-120803,199.75,87.89,0.14288384648754118,0
CA-2015-102036,199.74,47.9376,0.14285766737623898,0
CA-2017-130351,199.73,74.8437,0.14283148696077383,0
CA-2015-131534,199.64000000000001,40.968,0.14259580451281526,0
CA-2017-112004,199.49099999999999,-49.254599999999996,0.14220538663690252,0
CA-2014-123400,199.296,1.347999999999999,0.14169399849714695,0
CA-2014-115259,199.256,67.7109,0.1415890368299522,0
CA-2016-157161,199.18,71.7182,0.1413895518896412,0
CA-2017-158743,199.17,92.93079999999999,0.14136329823309818,0
CA-2016-104633,198.84,89.8668,0.14049619097400246,0
US-2016-104815,198.744,0.0,0.14024367271669042,0
CA-2016-102127,198.67000000000002,31.645899999999997,0.14004894038079288,0
CA-2017-112844,198.54999999999998,43.198,0.1397330047549866,0
US-2017-126060,198.272,-32.2192,0.13900035671627448,0
CA-2016-140438,197.97,53.4519,0.138203299316592,0
CA-2016-159009,197.96800000000002,-16.3242,0.13819801675931184,0
CA-2015-138002,197.916,76.9434,0.13806065162886358,0
CA-2015-120810,197.76,70.9218,0.1376483406768152,0
CA-2015-138625,197.72,55.3616,0.13754256779334825,0
US-2017-107979,197.29999999999998,-44.432100000000005,0.13643066531173206,0
US-2016-102232,197.05,59.115,0.13576769995355578,0
CA-2016-124793,196.784,-22.1382,0.1350613852630989,0
CA-2014-142048,196.752,56.5662,0.13497635107016517,0
CA-2015-150560,196.62,96.3438,0.1346254395145565,0
CA-2017-118857,196.45,70.722,0.13417316248836605,0
US-2016-165078,196.33,91.46079999999999,0.13385367360691272,0
CA-2014-109302,196.21,98.105,0.13353399037929345,0
CA-2016-137337,196.016,73.2276,0.13301675748872935,0
US-2016-103646,195.976,-206.9232,0.13291004820091892,0
CA-2017-166919,195.96,19.596,0.13286735841821148,0
CA-2016-141957,195.92000000000002,6.1412,0.13276061878755477,0
US-2017-120607,195.64,91.9508,0.13201283372630704,0
CA-2015-138534,195.466,-13.7976,0.1315476020935919,0
CA-2016-149314,195.184,19.5184,0.13079273027316507,0
US-2016-114293,195.136,-12.196,0.13066413339575383,0
US-2017-129203,195.136,-43.9056,0.13066413339575383,0
CA-2016-157686,194.848,12.178,0.12989189061381795,0
CA-2017-107209,194.848,12.178,0.12989189061381795,0
CA-2016-113341,194.352,19.4352,0.1285592510725894,0
US-2014-109456,194.322,91.4088,0.12847853939419276,0
CA-2015-117828,194.32,56.3528,0.12847315817486912,0
CA-2015-122266,194.1395,-76.1798,0.1279872761021131,0
CA-2017-117870,193.974,-34.2405,0.12754137691888345,0
CA-2017-132619,193.95,9.6975,0.12747668338019658,0
CA-2014-167850,193.93599999999998,27.7412,0.12743894180455967,0
CA-2017-116946,193.63400000000001,-197.232,0.1266241415486274,0
US-2017-151316,193.266,-317.02950000000004,0.1256295617420758,0
CA-2015-102015,193.26,44.7494,0.1256133301621117,0
CA-2014-131541,193.152,34.6984,0.12532107596299416,0
CA-2016-146766,192.8,55.912,0.12436741409086094,0
CA-2014-138527,192.424,24.680699999999998,0.12334681460155815,0
CA-2015-104241,192.22,69.1992,0.12279225457127958,0
CA-2014-163412,192.186,36.3018,0.12269977097932232,0
CA-2016-133319,192.16,92.2368,0.12262903724927887,0
CA-2017-114636,192.16,67.256,0.12262903724927887,0
CA-2017-161480,191.984,4.7996,0.12214997379793532,0
US-2017-162124,191.968,28.7952,0.12210640091260003,0
CA-2015-135727,191.968,16.7972,0.12210640091260003,0
CA-2016-140543,191.88,19.188,0.12186668544465287,0
CA-2014-168473,191.88,19.188,0.12186668544465287,0
CA-2016-124772,191.82,74.8098,0.12170318036589607,0
CA-2016-124254,191.808,-24.403200000000002,0.12167047324484215,0
CA-2017-123638,191.646,31.941,0.1212287277638807,0
CA-2015-117961,191.62,67.76559999999999,0.12115779574894137,0
US-2014-122021,191.34,-4.9704,0.12039330517603035,0
US-2016-148901,191.018,-37.6126,0.11951276397723848,0
CA-2014-160157,190.848,-21.4704,0.11904728621835857,0
CA-2015-102848,190.72,11.92,0.11869653656550606,0
CA-2017-102519,190.67,75.3001,0.11855946137504451,0
US-2017-153948,190.04999999999998,83.95920000000001,0.11685675193595323,0
CA-2017-102974,190.01,42.4073,0.11674671004271113,0
CA-2015-165057,189.99,53.198100000000004,0.11669168045420734,0
CA-2017-106831,189.918,-26.916199999999996,0.11649352621041553,0
US-2016-120929,189.882,-94.941,0.11639442106339402,0
CA-2017-117443,189.71200000000002,41.6096,0.11592617186259496,0
CA-2015-145184,188.94,30.8595,0.11379450461750276,0
US-2016-114174,188.7,20.8524,0.11313004442606936,0
CA-2015-122371,188.63,77.1055,0.11293608518056385,0
CA-2017-139773,188.552,-2.6936,0.11271987480656258,0
CA-2017-109960,188.24,76.977,0.11185414269587202,0
CA-2015-113901,188.23,62.5938,0.11182637127040314,0
CA-2015-149713,187.94,90.7036,0.11102036087774132,0
US-2016-162677,187.61599999999999,-12.077900000000001,0.11011838821995973,0
US-2016-137295,187.228,-7.8320000000000025,0.10903620721610348,0
CA-2016-154060,187.056,11.691,0.1085557636772369,0
CA-2016-144911,186.95,85.298,0.1082594574807014,0
CA-2014-127166,186.908,-37.6056,0.108142006911494,0
CA-2016-168844,186.85199999999998,90.3774,0.10798536530981781,0
CA-2017-123778,186.78400000000002,57.32639999999999,0.1077950948611277,0
CA-2015-154921,186.69,87.7443,0.10753196046254426,0
CA-2015-110877,186.67199999999997,27.739199999999997,0.10748155799099704,0
CA-2016-163174,186.54,41.0388,0.1071117920876336,0
CA-2017-168942,186.54,50.3658,0.1071117920876336,0
CA-2014-116568,186.304,13.9728,0.10645004638625277,0
CA-2016-124051,186.048,67.4424,0.105731277105879,0
CA-2016-113747,185.88,50.1876,0.10525904995169148,0
CA-2016-108224,185.528,48.7011,0.1042682435450781,0
CA-2015-156853,184.66,84.9436,0.10181699257758962,0
CA-2017-124898,184.66,84.9436,0.10181699257758962,0
CA-2016-159023,184.149,-255.4524,0.10036855247430322,0
CA-2017-166926,183.82,60.005399999999995,0.09943387815825108,0
CA-2014-159800,183.61,46.7761,0.09883640718117505,0
CA-2017-168228,183.61,51.455799999999996,0.09883640718117505,0
CA-2017-147452,183.58999999999997,89.06439999999999,0.0987794697412782,0
CA-2017-119655,183.42000000000002,88.7728,0.09829525227738935,0
CA-2015-156335,183.4,79.403,0.09823825617411427,0
CA-2017-136651,183.38,64.6962,0.09818125388871421,0
CA-2017-165386,183.372,-36.6744,0.09815845124325877,0
CA-2016-130400,183.168,43.6122,0.0975766492398132,0
CA-2017-160122,182.97,-4.633199999999999,0.09701134243182039,0
CA-2014-112851,182.94,85.9818,0.09692563681290889,0
CA-2015-132318,182.91,53.0439,0.09683991721455681,0
CA-2015-109603,182.72,84.0512,0.09629670149690953,0
CA-2017-142909,182.55,-135.087,0.09581018997549537,0
CA-2017-127929,181.95,38.2095,0.09408948152508435,0
CA-2017-157483,181.86,50.9208,0.09383088863680823,0
CA-2017-122056,181.86,50.9208,0.09383088863680823,0
CA-2016-140746,181.797,-15.5826,0.09364979787568149,0
CA-2014-164210,181.78799999999998,-86.73360000000001,0.09362392267222099,0
CA-2015-109169,180.96,81.432,0.09123793719626157,0
CA-2014-107139,180.96,67.86,0.09123793719626157,0
CA-2014-143840,180.93,46.580999999999996,0.09115128476213222,0
CA-2016-125661,180.71200000000002,-7.461500000000001,0.09052118090214835,0
CA-2016-148516,179.97,86.3856,0.0883708359123703,0
CA-2015-139374,179.886,-2.5698,0.08812684528266958,0
CA-2016-145303,179.53680000000003,-91.1114,0.0871113253406252,0
CA-2017-109701,178.89000000000001,58.3446,0.08522514578357374,0
CA-2015-130204,178.79,58.4918,0.0849329234841565,0
CA-2015-140921,178.37,62.0658,0.08370381233648112,0
CA-2017-132647,178.20999999999998,45.7104,0.0832348223385027,0
CA-2015-136728,177.89600000000002,-9.213999999999999,0.08231321103242926,0
CA-2016-159142,177.78,19.0695,0.08197233392450913,0
CA-2014-160276,177.68,46.1968,0.08167829678276414,0
CA-2017-134404,177.636,-31.974200000000003,0.0815488683038541,0
CA-2017-116939,177.55,47.9385,0.081295802383744,0
US-2016-139710,177.48,19.9665,0.08108972849442012,0
CA-2015-156328,177.48,19.9665,0.08108972849442012,0
CA-2017-101581,177.225,-120.513,0.08033834666287742,0
CA-2017-145443,177.2,83.284,0.08026462392028175,0
US-2014-143231,177.17000000000002,50.7368,0.08017614297559378,0
CA-2017-102736,177.07999999999998,11.5196,0.07991061072418564,0
US-2016-108098,177.0,30.09,0.07967446937232125,0
CA-2014-123260,176.8,22.984,0.07908365135648895,0
US-2016-112977,176.784,-22.098,0.07903635720871317,0
CA-2014-130421,176.772,-459.6072,0.07900088380458459,0
CA-2015-104038,176.63,16.3896,0.07858093327603959,0
CA-2014-141726,176.494,78.7312,0.0781784122806823,0
CA-2014-146815,176.28400000000002,15.126800000000001,0.0775562663047046,0
CA-2014-104178,176.14,58.69799999999999,0.0771292258435309,0
CA-2017-168396,175.70999999999998,35.9964,0.07585196646118987,0
CA-2017-142643,175.37,79.5342,0.07483983816766959,0
CA-2017-154109,175.324,-14.749399999999998,0.07470275333864121,0
CA-2015-101868,175.32,-77.9315,0.07469083122864342,0
CA-2015-167255,175.29,83.97359999999999,0.07460140678163374,0
CA-2017-127306,175.08599999999998,19.9304,0.07399291666765057,0
CA-2017-104080,174.56,65.0736,0.07242070860699536,0
CA-2015-142454,174.49,47.1123,0.07221112432915021,0
CA-2015-156146,174.304,-5.3644,0.07165382251024523,0
CA-2017-107713,174.3,81.921,0.07164183103108887,0
CA-2017-166198,174.14,37.608000000000004,0.07116194735913534,0
CA-2015-153752,173.94,50.4426,0.07056147589329145,0
CA-2017-119305,173.8,43.45,0.07014073726635568,0
US-2017-155999,173.72,22.639499999999998,0.06990016387248588,0
CA-2016-152765,173.488,54.215,0.06920187761263044,0
US-2017-165869,173.4,62.9676,0.0689367675078569,0
CA-2015-148712,172.606,60.6615,0.06653868480574458,0
CA-2017-161578,172.26,14.357800000000001,0.06549024345123639,0
CA-2014-121769,172.11,-94.6605,0.06503506609530071,0
CA-2014-113271,172.097,29.4738,0.06499559882046367,0
CA-2015-112116,171.96,44.7096,0.06457949415669664,0
CA-2017-117422,171.848,12.5556,0.06423907606418308,0
US-2017-169320,171.43,16.6721,0.06296663634045203,0
CA-2017-167003,171.288,-6.4233,0.06253367009486632,0
CA-2017-101749,171.288,-6.4233,0.06253367009486632,0
CA-2016-114748,170.976,0.1584,0.06158110923083564,0
CA-2017-157469,170.916,-23.4718,0.0613977263402549,0
CA-2016-102456,170.88,49.5552,0.06128766588242831,0
US-2017-120147,170.872,20.6063,0.061263204872405906,0
CA-2016-105746,170.786,0.0,0.06100017708349721,0
CA-2017-163160,170.572,-131.409,0.06034509414100106,0
CA-2015-161627,170.352,-17.0352,0.05967079207288884,0
US-2014-109162,170.352,10.647,0.05967079207288884,0
CA-2015-131597,170.136,-8.5068,0.05900790724123051,0
CA-2015-153535,169.54399999999998,15.479199999999999,0.05718681386380219,0
CA-2017-118437,169.28,50.6437,0.05637266564561882,0
US-2017-106663,169.253,-74.9161,0.05628932934979708,0
CA-2017-107958,169.192,51.3259,0.056101002383052476,0
CA-2017-124716,168.58,80.2436,0.05420781353583276,0
CA-2016-112739,168.168,20.564100000000003,0.052929461926426793,0
US-2017-115609,168.1,43.706,0.0527181725628267,0
CA-2017-111647,167.968,62.988,0.05230777996293613,0
CA-2016-118899,167.888,14.6902,0.05205890111298677,0
CA-2015-136735,167.86,78.8942,0.051971765662969654,0
CA-2016-129728,167.84,11.7488,0.0519095172092715,0
CA-2017-144862,167.638,44.7732,0.05128039417450469,0
CA-2015-124653,167.31,80.30879999999999,0.050257240825506505,0
CA-2016-162313,167.292,29.7408,0.05020103446746846,0
CA-2015-116687,167.232,16.8468,0.05001363651357508,0
CA-2016-168956,167.182,-224.60940000000002,0.049857420489984636,0
CA-2015-120341,166.998,-110.0988,0.049282145324975254,0
CA-2015-129525,166.92,-116.844,0.049038088494583305,0
US-2017-110646,166.692,-2.9785000000000013,0.04832404105687326,0
US-2017-109582,166.44,79.8912,0.04753370034018528,0
CA-2017-136875,166.44,79.8912,0.04753370034018528,0
CA-2014-100972,166.44,79.8912,0.04753370034018528,0
CA-2016-129238,166.292,36.0024,0.04706897736545519,0
US-2015-137960,166.24,24.936,0.046905598712016064,0
CA-2014-127691,165.94,59.261599999999994,0.04596203648045079,0
CA-2016-143154,165.6,-6.21,0.04489061394882841,0
CA-2016-148208,165.55200000000002,-4.372500000000002,0.04473917818664376,0
CA-2014-164224,165.168,9.5076,0.04352611857869497,0
CA-2016-105585,165.13,74.6154,0.04340592382737634,0
CA-2014-154592,164.88,80.7912,0.04261448280292491,0
CA-2017-144225,164.88,80.7912,0.04261448280292491,0
CA-2014-166555,164.85,47.8065,0.04251942973485803,0
CA-2017-141992,164.768,-31.797800000000002,0.04225953026259591,0
CA-2017-135307,164.34,52.5888,0.04090089160015317,0
CA-2017-160416,163.96,70.5028,0.03969167292255458,0
CA-2017-145737,163.96,59.4355,0.03969167292255458,0
US-2017-136784,163.96,80.3404,0.03969167292255458,0
CA-2016-166772,163.88,40.97,0.03943674564628141,0
CA-2014-125612,163.62,51.1464,0.038607376927076595,0
CA-2017-159597,163.55,47.1736,0.03838386153724268,0
CA-2017-160395,163.408,55.5597,0.0379301523735376,0
CA-2017-166898,163.392,27.325200000000002,0.03787900565138215,0
CA-2017-106180,163.38,76.4616,0.03784064234283051,0
CA-2016-115476,162.51999999999998,78.335,0.035083954045871564,0
CA-2016-158568,162.388,8.781500000000001,0.03465955144345977,0
CA-2016-165218,162.344,49.594300000000004,0.03451800771215677,0
US-2017-158218,162.16,-69.062,0.03392568416900143,0
CA-2015-157812,162.072,-41.793899999999994,0.03364216282677824,0
CA-2015-120901,162.064,-27.4784,0.033616380573002355,0
US-2017-150070,161.568,-28.2744,0.032015405508037664,0
CA-2016-148096,161.28,12.096,0.03108356403302443,0
CA-2017-161200,161.14000000000001,30.7104,0.030629988024581327,0
CA-2014-127964,161.07,54.6459,0.030403053133905927,0
CA-2017-161809,160.776,10.0485,0.029448855040072604,0
CA-2014-138240,160.59199999999998,38.9355,0.02885078718384239,0
CA-2016-129686,160.384,-4.995999999999999,0.0281738898935398,0
US-2015-165743,160.272,-258.5952,0.02780904529016053,0
CA-2017-134194,160.162,-122.60159999999999,0.027450469054942268,0
US-2017-111745,159.99,54.3966,0.026889295381751315,0
US-2016-151862,159.984,13.9986,0.026869708735508546,0
CA-2016-158358,159.98,57.5928,0.0268566505657809,0
CA-2017-123029,159.98,47.994,0.0268566505657809,0
CA-2014-132983,159.98,57.5928,0.0268566505657809,0
US-2017-146213,159.96,51.1872,0.02679135484975848,0
CA-2016-130267,159.88,73.5448,0.02653009082760805,0
US-2017-164147,159.73,24.343200000000003,0.026039870429139057,0
US-2017-128398,159.56,59.0372,0.02548373394688451,0
CA-2016-110254,158.81,63.3456,0.02302314058705558,0
CA-2014-158771,158.70999999999998,50.7928,0.022694189293308242,0
CA-2015-168564,158.672,15.819,0.0225691337939749,0
US-2014-115413,158.61,54.9951,0.022365031967170265,0
CA-2014-131800,158.388,43.5849,0.021633565003018412,0
US-2015-110261,158.376,13.8579,0.021593997229745622,0
CA-2016-159695,158.368,13.8572,0.021567617059084002,0
CA-2017-132521,158.28,44.3996,0.02127734775055474,0
CA-2016-166282,158.256,48.355999999999995,0.021198155560677206,0
US-2015-136476,157.794,-115.7156,0.019671375381541362,0
CA-2015-134201,156.70999999999998,44.3655,0.0160715502099534,0
US-2016-115819,156.516,51.2064,0.01542469156631532,0
US-2017-105830,156.512,-35.2152,0.015411345893682678,0
CA-2016-114944,156.512,52.8228,0.015411345893682678,0
CA-2017-116645,155.94,45.2226,0.01349941681424382,0
US-2015-164966,155.88,38.97,0.013298461141768424,0
CA-2014-156790,155.456,-7.7728,0.011876179976683457,0
CA-2017-120061,155.372,-35.5136,0.011593949889105238,0
US-2016-134488,155.372,-13.3176,0.011593949889105238,0
US-2014-143721,155.372,-35.5136,0.011593949889105238,0
CA-2017-146360,155.34,55.9224,0.011486393784509866,0
CA-2015-112305,155.16,43.3824,0.010880980197225311,0
CA-2017-149076,154.9,69.705,0.01000526078591073,0
CA-2014-111157,154.624,33.2,0.009074051458880478,0
CA-2016-144729,154.44,1.5444,0.008452327285664292,0
CA-2015-128013,154.14000000000001,73.5864,0.007437066676782385,0
CA-2014-115049,153.824,38.456,0.00636553353378336,0
CA-2017-122175,153.41000000000003,57.7628,0.004958375110986573,0
CA-2014-122609,153.112,18.686600000000002,0.003943155745864944,0
CA-2017-133487,152.94,41.2938,0.003356296310528787,0
CA-2015-151253,152.916,24.444300000000002,0.0032743568212928393,0
CA-2015-134943,152.8,76.4,0.0028781357539673902,0
CA-2014-167997,152.64000000000001,44.7684,0.0023311332900822893,0
CA-2017-100055,152.59,46.1733,0.0021600781931281733,0
CA-2016-122017,152.51999999999998,46.9392,0.0019205074821889846,0
CA-2017-155607,152.07399999999998,47.3529,0.0003915298020512373,0
CA-2015-157133,151.96,-182.352,0.0,0
CA-2015-163923,151.96,36.4704,0.0,0
CA-2017-132262,151.96,41.5092,0.0,0
CA-2014-110065,151.95000000000002,43.7397,-3.435863946378509e-05,0
CA-2017-110842,151.93,51.68260000000001,-0.00010308265809623266,0
CA-2016-128671,151.82,70.48519999999999,-0.00048122548828213207,0
CA-2017-151008,151.72,58.0272,-0.0008252279681513113,0
CA-2014-158540,151.72,27.3096,-0.0008252279681513113,0
CA-2016-107790,151.192,13.2293,-0.002645303755071835,0
CA-2017-154676,151.056,7.5528,-0.0031151338558043553,0
CA-2015-100734,150.76,-32.2976,-0.004139159515147935,0
CA-2014-146843,150.232,-13.014600000000002,-0.005970768783359344,0
CA-2015-101707,150.22,63.233599999999996,-0.00601247054654863,0
CA-2017-118577,150.17999999999998,72.0864,-0.00615150032771202,0
CA-2014-114433,149.97,52.4895,-0.006882010719330447,0
US-2015-156797,149.96,37.6096,-0.00691682226968511,0
CA-2014-103366,149.95,65.978,-0.006951636126127195,0
CA-2016-116547,149.9,47.6618,-0.007125740010353818,0
US-2014-114377,149.9,40.473,-0.007125740010353818,0
CA-2017-100230,149.872,42.3643,-0.007223263385582383,0
CA-2014-159184,149.56,56.1248,-0.008311178539323298,0
US-2015-152128,149.2,68.2124,-0.009569270143640497,0
US-2017-102288,148.884,41.19,-0.010676082592282112,0
CA-2017-134796,148.48,16.704,-0.01209452493713931,0
CA-2017-141201,148.257,15.6978,-0.012879119981061057,0
US-2017-132675,148.16000000000003,45.283100000000005,-0.013220767146331674,0
CA-2017-101014,148.02,41.4456,-0.01371425809253095,0
CA-2016-164511,147.91199999999998,25.784799999999997,-0.01409526798752101,0
US-2017-104661,147.636,-31.3862,-0.015070216774579115,0
CA-2017-138156,147.568,-3.6892,-0.015310699509437212,0
CA-2015-148250,147.44,41.185599999999994,-0.015763671638741896,0
CA-2014-146731,147.344,49.7286,-0.01610365713967068,0
CA-2016-123120,147.26,51.9779,-0.016401324986615926,0
CA-2017-120705,147.184,-29.4368,-0.01667078887304742,0
CA-2017-120999,147.168,16.5564,-0.016727535722225784,0
CA-2017-169691,146.89000000000001,53.8191,-0.01771449163846633,0
CA-2016-112942,146.82,73.41,-0.01796329810810462,0
US-2017-157896,146.82,73.41,-0.01796329810810462,0
US-2015-139759,146.744,34.257,-0.018233564285175273,0
CA-2015-122973,146.698,40.063900000000004,-0.018397213992413952,0
US-2014-139640,146.688,18.1296,-0.018432796760042246,0
US-2016-102141,146.688,45.84,-0.018432796760042246,0
CA-2017-146346,146.352,-32.9292,-0.019629780353906327,0
CA-2016-153101,146.04,-12.7785,-0.020743711596231444,0
CA-2015-168529,145.9,62.737,-0.021244321008532227,0
CA-2017-133249,145.9,62.737,-0.021244321008532227,0
US-2017-168613,145.764,3.2392,-0.021731084347540192,0
CA-2016-143910,145.764,-8.098,-0.021731084347540192,0
US-2014-151925,145.568,0.0,-0.022433390260273394,0
CA-2015-164007,145.504,-392.85949999999997,-0.022662918055473602,0
CA-2016-139941,145.5,60.219,-0.02267726687172904,0
CA-2014-106803,144.35999999999999,54.796800000000005,-0.02678272960263362,0
CA-2016-124506,143.96,-0.8572,-0.02823087758354416,0
CA-2014-164385,143.952,14.3952,-0.028259881285073653,0
US-2017-103814,143.856,48.5514,-0.028608050614696002,0
CA-2017-133102,143.808,-123.5122,-0.028782221817041154,0
CA-2017-135650,143.728,-32.3388,-0.02907263549028666,0
CA-2016-153836,143.702,42.2492,-0.02916705449902632,0
CA-2016-117849,143.7,68.976,-0.029174318202383642,0
CA-2015-158701,143.51999999999998,41.1372,-0.02982846296944797,0
CA-2017-107825,143.48,41.7572,-0.029973939114247353,0
CA-2016-124667,143.32999999999998,35.832499999999996,-0.030519833595378975,0
CA-2016-165918,143.24,61.9622,-0.030847642673310974,0
CA-2014-105270,143.128,19.1896,-0.03125586862604899,0
CA-2017-115119,142.98000000000002,-78.4845,-0.031795796897126645,0
CA-2017-139913,142.92000000000002,56.604400000000005,-0.03201484486267308,0
CA-2014-133753,142.344,17.153999999999996,-0.03412236384066066,0
CA-2017-112725,142.344,-5.473800000000001,-0.03412236384066066,0
CA-2016-132066,142.182,-37.9152,-0.03471662952941734,0
CA-2017-100412,141.96,35.49,-0.03553208656745423,0
CA-2015-114237,141.96,39.7488,-0.03553208656745423,0
CA-2015-151680,141.96,22.7136,-0.03553208656745423,0
CA-2016-146157,141.576,17.1082,-0.036945600999524576,0
CA-2016-115574,141.372,-14.1372,-0.0376980797854192,0
US-2016-123470,141.21,-1.6140000000000008,-0.03829640494648191,0
CA-2017-105620,141.0,-1.4249999999999998,-0.03907302687905291,0
US-2015-110569,140.986,0.9055999999999997,-0.039124842503641434,0
CA-2017-169999,140.86800000000002,10.224599999999999,-0.03956177731379411,0
CA-2016-157763,140.81,39.4268,-0.03977667511671956,0
CA-2015-161445,140.736,12.3144,-0.04005098271438006,0
CA-2014-121664,140.736,52.776,-0.04005098271438006,0
CA-2016-101525,140.52,67.5444,-0.04085248423290029,0
CA-2015-136420,139.816,57.192400000000006,-0.04347330266102687,0
CA-2014-123855,139.8,12.2325,-0.043533018878320826,0
CA-2017-151281,139.58,39.0824,-0.04435480570681014,0
US-2015-157014,139.544,-40.1648,-0.044489402344690926,0
CA-2014-163559,139.44,47.061,-0.04487843082850449,0
CA-2015-166135,139.424,17.428,-0.04493830693313027,0
CA-2015-105102,139.216,37.3324,-0.045717317726458505,0
CA-2017-158876,138.696,0.4618000000000002,-0.047669911760542465,0
CA-2016-166380,138.53,39.6192,-0.04829477059785011,0
CA-2017-139080,138.43200000000002,31.0752,-0.048664012243324284,0
CA-2017-143021,138.382,-11.071299999999997,-0.048852500832622214,0
US-2017-104437,137.94,35.8644,-0.05052168681934472,0
CA-2014-140403,137.632,21.2518,-0.05168797230858528,0
CA-2014-108861,136.96,51.36,-0.05424161508739008,0
CA-2015-157959,136.92,41.076,-0.054394009628035374,0
US-2015-123918,136.72,-93.3772,-0.05515664591008133,0
CA-2017-139304,136.526,44.766999999999996,-0.05589746201938439,0
US-2016-126431,136.43,53.9888,-0.05626443803550537,0
CA-2017-107125,136.328,47.14960000000001,-0.05665463103862216,0
CA-2017-145506,136.26,5.4504,-0.05691492074882256,0
CA-2017-160927,136.2,59.875699999999995,-0.057144695249196194,0
CA-2016-160234,135.95,39.4255,-0.05810317184121829,0
US-2015-146745,135.936,-10.807599999999999,-0.058156898252809903,0
CA-2016-121447,135.8,66.542,-0.058679098002672854,0
CA-2017-169859,134.91,54.3,-0.06210930333141132,0
CA-2016-167759,134.85,37.758,-0.062341360695970155,0
CA-2014-160262,134.6,55.312,-0.06330937086049068,0
CA-2017-164826,134.524,56.4337,-0.06360399971183348,0
CA-2015-137897,134.5,42.866,-0.06369707472885412,0
CA-2014-131310,134.4,17.6544,-0.06408506483118138,0
CA-2015-159863,134.376,6.7188,-0.06417822509432584,0
US-2016-164945,134.272,46.9952,-0.06458211050964134,0
US-2017-125647,133.89600000000002,-199.314,-0.06604490679785292,0
CA-2017-138464,133.576,45.6732,-0.06729305503859123,0
US-2016-157728,133.54000000000002,44.1476,-0.06743365740057028,0
CA-2016-146143,133.38,58.6872,-0.0680590123096799,0
CA-2014-104472,133.128,41.4336,-0.06904545775231799,0
US-2017-147998,133.12,49.92,-0.06907680382430427,0
CA-2016-133697,132.95,9.2561,-0.06974335024002343,0
CA-2015-125185,132.94,-12.5528,-0.06978258519242711,0
CA-2016-133340,132.809,51.638999999999996,-0.07029683377694645,0
US-2016-156986,132.709,-22.145899999999997,-0.07068972890490755,0
CA-2017-156818,132.6,17.238,-0.07111831943703047,0
CA-2017-106103,132.52,54.3332,-0.07143310385478685,0
CA-2017-157448,132.35999999999999,28.4592,-0.07206323890597989,0
CA-2016-125017,132.224,-18.1808,-0.07259944839855285,0
US-2016-134908,132.168,-20.718,-0.07282039966089177,0
CA-2014-109918,131.84,48.520399999999995,-0.07411641158708658,0
CA-2015-148180,131.48000000000002,37.2649,-0.07554255240728285,0
CA-2016-149783,131.104,21.1644,-0.07703622080173315,0
CA-2017-159793,130.98,-89.0664,-0.07752974591825572,0
CA-2014-124394,130.756,-35.2444,-0.07842245168406876,0
CA-2017-136364,130.602,12.080300000000001,-0.07903706771975609,0
CA-2017-162572,130.56799999999998,36.916199999999996,-0.07917285909012743,0
CA-2015-161711,130.4,57.1984,-0.0798443437097504,0
CA-2016-143924,130.36,63.0588,-0.08000434753797118,0
CA-2016-108868,130.328,27.892699999999998,-0.0801323856844768,0
US-2015-122140,130.288,-79.3074,-0.08029247724745707,0
CA-2015-127481,130.28,64.816,-0.08032450141307633,0
CA-2014-127187,129.98,62.3904,-0.08152681850059461,0
CA-2016-104969,129.976,-97.7039,-0.08154286799195246,0
CA-2017-123134,129.93,12.993,-0.08172747238021583,0
CA-2014-151967,129.92,10.3936,-0.08176761235119054,0
CA-2014-117429,129.92,21.112,-0.08176761235119054,0
CA-2017-161340,129.832,-59.909000000000006,-0.08212097635894441,0
US-2015-168732,129.64,34.3474,-0.08289277809315744,0
CA-2017-134152,129.6,17.676000000000002,-0.08305371288839207,0
US-2014-110674,129.568,-24.294,-0.08318249621801568,0
CA-2015-111094,129.52,62.038000000000004,-0.08337573040443046,0
CA-2014-100706,129.44,17.7202,-0.08369794535611308,0
CA-2017-169124,129.39,54.3438,-0.08389943006882639,0
CA-2014-158470,129.32999999999998,60.9174,-0.0841413137351393,0
US-2014-113124,129.3,6.465,-0.08426229732997918,0
CA-2017-164329,129.3,6.465,-0.08426229732997918,0
CA-2017-143252,129.29,33.8443,-0.08430263138500747,0
CA-2016-166226,129.032,24.436,-0.08534432165616312,0
CA-2015-119690,128.928,-4.352399999999997,-0.08576481242526568,0
CA-2017-129581,128.85,3.8655,-0.08608040144104812,0
CA-2015-139738,128.744,12.8744,-0.0865095828203371,0
US-2016-123610,128.67,49.140899999999995,-0.08680940789697122,0
CA-2015-148376,128.51999999999998,41.3672,-0.08741768672146626,0
CA-2016-121356,128.4,62.916,-0.08790481720874527,0
CA-2016-164637,128.4,64.2,-0.08790481720874527,0
CA-2015-100685,128.36,60.4876,-0.08806729443054732,0
CA-2016-135965,128.34,37.2186,-0.08814855188254216,0
CA-2015-142419,128.322,47.9097,-0.0882216943330798,0
CA-2016-146374,128.07,60.326899999999995,-0.08924675896015884,0
CA-2017-156895,128.058,-23.7822,-0.0892956214690016,0
CA-2017-157980,127.984,25.5968,-0.08959704070483354,0
CA-2014-112837,127.95,21.7515,-0.08973558860836174,0
CA-2016-154235,127.95,21.7515,-0.08973558860836174,0
CA-2017-129028,127.95,21.7515,-0.08973558860836174,0
CA-2014-110219,127.869,-9.1335,-0.09006580585029375,0
CA-2015-142734,127.764,2.8392,-0.09049417428816517,0
CA-2017-130771,127.688,16.0696,-0.0908044494187512,0
CA-2017-147942,127.46000000000001,40.7416,-0.09173637544810313,0
CA-2016-155474,127.28,15.4786,-0.09247327564324916,0
CA-2017-115931,126.98,26.9093,-0.09370374347236109,0
CA-2017-118731,126.656,43.9322,-0.09503589265140337,0
CA-2014-127859,126.624,41.1528,-0.0951676463518069,0
CA-2016-137848,126.17599999999999,53.794399999999996,-0.09701567487498577,0
CA-2017-163860,125.97999999999999,-9.7236,-0.09782623535033891,0
US-2015-136427,125.944,15.743,-0.0979752498006241,0
CA-2015-146290,125.93,35.2604,-0.0980332112774487,0
CA-2016-125843,125.91999999999999,62.5136,-0.0980746162465255,0
CA-2016-141082,125.81,57.909499999999994,-0.0985302863390821,0
US-2015-148817,125.64,47.3544,-0.09923528180368978,0
CA-2017-158386,124.75,57.385,-0.10294165626976763,0
CA-2016-145898,124.58,44.4003,-0.10365259846114477,0
CA-2015-121776,124.55,58.5385,-0.10377815874599262,0
US-2017-123834,124.404,-21.3264,-0.10438964741592767,0
CA-2017-144827,124.36,33.5772,-0.10457407128303405,0
CA-2014-107454,124.2,40.157399999999996,-0.10524524962423987,0
US-2016-144211,124.056,13.7547,-0.10585004390204739,0
CA-2014-119977,123.92,55.764,-0.10642187829043098,0
CA-2016-104983,123.92,38.725,-0.10642187829043098,0
CA-2016-158547,123.92,9.294,-0.10642187829043098,0
CA-2016-124485,123.65600000000002,26.2924,-0.10753368912285158,0
CA-2017-138611,123.588,13.1952,-0.10782044600067738,0
US-2014-155894,123.552,-29.3436,-0.10797232183468262,0
CA-2014-135699,123.28,60.273599999999995,-0.10912124894937207,0
CA-2014-123323,123.144,46.179,-0.10969665580719293,0
US-2017-152002,122.97,60.2553,-0.1104337579628479,0
CA-2015-151869,122.62199999999999,16.458,-0.11191107108038871,0
CA-2017-145877,122.6,36.898,-0.11200460415240145,0
CA-2017-122798,122.53,36.2185,-0.11230232017931081,0
CA-2016-122448,122.352,13.7646,-0.11306013009353207,0
CA-2016-114307,122.34,47.3484,-0.11311125774130137,0
CA-2016-122728,122.22,34.8606,-0.11362280797935473,0
US-2017-101784,122.136,-13.7403,-0.11398118965114863,0
CA-2014-119172,122.05199999999999,-166.87859999999998,-0.11433981588451936,0
US-2016-155971,121.95,57.537000000000006,-0.11477561986322292,0
CA-2015-125563,121.888,24.4176,-0.11504069702797495,0
US-2016-112396,121.83,50.73779999999999,-0.11528879354195078,0
CA-2017-167661,121.816,48.5818,-0.1153486964590283,0
CA-2016-162159,121.78,30.445,-0.11550276389209604,0
CA-2017-110940,121.536,15.192,-0.11654819092743395,0
US-2016-139486,121.436,14.751999999999999,-0.11697724616552059,0
CA-2014-146500,121.24,21.485,-0.11781921191369296,0
CA-2016-136021,121.09200000000001,43.238400000000006,-0.11845587702373135,0
CA-2017-105991,120.783,-152.8739,-0.11978762198280564,0
CA-2015-128125,120.756,27.8283,-0.1199041485304296,0
CA-2014-102295,120.712,-18.1068,-0.120094099023471,0
CA-2016-163972,120.666,21.294,-0.1202927570656568,0
CA-2015-126137,120.666,18.4548,-0.1202927570656568,0
CA-2017-163097,120.576,33.1584,-0.12068165317269634,0
US-2015-104185,120.33,31.2858,-0.12174610655262497,0
US-2014-105137,120.258,-84.7894,-0.12205806218218426,0
CA-2016-144554,119.976,22.4955,-0.12328167448776592,0
CA-2015-103205,119.96,11.996,-0.1233511847808017,0
CA-2017-118864,119.96,7.4975,-0.1233511847808017,0
US-2017-118598,119.94,5.997,-0.123438085577979,0
CA-2015-154886,119.9,43.164,-0.12361193029333617,0
CA-2014-132864,119.8,29.95,-0.12404679384295798,0
CA-2014-144071,119.32,39.7648,-0.1261391625116334,0
CA-2016-119935,119.25999999999999,56.4988,-0.12640129531434058,0
CA-2017-126354,119.17800000000001,37.7656,-0.12675975506187434,0
CA-2017-144932,118.32,28.923000000000002,-0.13052520507701842,0
CA-2016-147431,117.96,5.898,-0.1321131845050301,0
CA-2016-101693,117.958,-32.2586,-0.1321220200293662,0
CA-2015-165799,117.882,1.3098,-0.1324578800752708,0
CA-2014-148488,117.704,42.446,-0.1332453407414267,0
CA-2017-133095,117.62,58.428399999999996,-0.13361736158804047,0
CA-2017-110884,117.51,51.2034,-0.1341049303209467,0
CA-2015-142433,117.456,44.046,-0.13434444788259478,0
CA-2014-107181,117.136,45.1064,-0.13576605575490225,0
CA-2016-169887,116.96,36.0402,-0.13654958236616227,0
CA-2014-163293,116.85,43.055099999999996,-0.1370398803761156,0
CA-2017-152856,116.832,33.5892,-0.13712015452750223,0
CA-2017-127313,116.512,16.183,-0.1385493010190464,0
CA-2017-117023,116.47999999999999,31.6896,-0.1386924296560671,0
CA-2015-139780,116.4,52.38,-0.13905042188362401,0
CA-2017-149706,116.312,23.2624,-0.13944449520159166,0
CA-2014-143413,116.28,56.9772,-0.1395878678855341,0
CA-2016-137673,116.0,29.0,-0.1408440501425499,0
US-2017-115301,115.96,25.5112,-0.14102375011685434,0
CA-2014-113929,115.952,44.2956,-0.1410596974864588,0
CA-2017-158071,115.916,17.0961,-0.14122149108506787,0
CA-2016-105354,115.84,54.4448,-0.14156321901253904,0
CA-2016-134516,115.47999999999999,-10.001100000000001,-0.14318495632814524,0
CA-2016-130407,115.46000000000001,29.619799999999998,-0.1432751997506615,0
US-2015-113593,115.44,30.0144,-0.14336545867226272,0
CA-2015-104514,115.39999999999999,34.5112,-0.14354602303402225,0
US-2014-157231,115.36,56.5264,-0.14372664945605548,0
CA-2014-107755,115.36,49.6048,-0.14372664945605548,0
CA-2015-111199,115.296,40.3536,-0.14401578092321063,0
CA-2017-136609,115.296,40.3536,-0.14401578092321063,0
CA-2016-111318,115.136,11.5136,-0.14473930629354312,0
CA-2016-134425,114.95,2.299,-0.14558165851554405,0
CA-2017-131625,114.9,39.066,-0.14580832773179583,0
CA-2017-140508,114.848,35.89,-0.14604416747224383,0
US-2016-146710,114.84,-1.9188,-0.1460804599048211,0
US-2014-117744,114.78399999999999,-47.3384,-0.14633457713341963,0
US-2017-119816,114.684,-76.1086,-0.14678866374792143,0
CA-2016-111976,114.55999999999999,-26.680799999999998,-0.14735227659748923,0
CA-2016-125206,114.46,28.615,-0.14780724378868904,0
CA-2017-103352,114.414,38.2827,-0.14801666103383196,0
CA-2017-132976,114.376,24.6492,-0.14818972085297696,0
CA-2015-137708,114.37,47.5602,-0.14821705129787438,0
CA-2014-151379,114.2,52.532,-0.14899200513439562,0
US-2014-154879,113.72,32.9398,-0.15118629880133005,0
CA-2017-168102,113.568,-21.294,-0.1518830728348671,0
CA-2016-113425,113.568,12.7764,-0.1518830728348671,0
US-2017-169502,113.41,32.4527,-0.15260833167367285,0
CA-2015-110947,113.1,56.55,-0.15403422285182772,0
CA-2014-157546,112.542,41.0079,-0.15661061702543613,0
CA-2016-151372,112.12,51.848,-0.1585674955553532,0
CA-2015-105970,112.03999999999999,53.581599999999995,-0.15893929080943964,0
CA-2017-140494,111.96,21.2724,-0.15931134928142712,0
CA-2016-159345,111.96,54.8604,-0.15931134928142712,0
CA-2016-127642,111.96,54.8604,-0.15931134928142712,0
CA-2014-159121,111.93,34.6983,-0.15945093914538408,0
US-2015-130519,111.904,8.0564,-0.15957194702615865,0
CA-2016-144792,111.888,22.3776,-0.1596464272657577,0
CA-2014-167360,111.79,43.5981,-0.16010284920383736,0
CA-2017-141138,111.79,43.5981,-0.16010284920383736,0
CA-2015-148873,111.76,-1.7688000000000006,-0.16024264948922806,0
CA-2016-155992,111.75,29.754,-0.16028925784983947,0
CA-2016-169334,111.672,6.9795,-0.16065294499727875,0
CA-2016-100671,111.672,6.9795,-0.16065294499727875,0
CA-2016-118052,111.49600000000001,28.8301,-0.1614744982473799,0
CA-2017-166856,111.42,11.635200000000001,-0.1618296573007133,0
CA-2014-122217,111.15,48.906,-0.16309335113513188,0
CA-2016-111283,111.104,8.3328,-0.16330895039799195,0
CA-2014-164182,111.05000000000001,-10.3644,-0.1635621580972926,0
CA-2015-134082,110.528,38.6848,-0.16601614283517593,0
US-2017-118556,110.43299999999999,-35.2443,-0.16646398436033785,0
CA-2014-153479,110.098,37.8771,-0.16804626767236353,0
CA-2017-132213,109.968,12.048,-0.168661573409123,0
CA-2017-143658,109.9,32.97,-0.1689837128421257,0
CA-2016-138079,109.9,37.366,-0.1689837128421257,0
CA-2014-114517,109.83600000000001,-3.7235999999999994,-0.16928708338544596,0
CA-2015-100657,109.764,8.5372,-0.169628584706314,0
CA-2017-167626,109.704,24.759,-0.16991333875615722,0
CA-2017-147844,109.62,38.3642,-0.17031225381260928,0
CA-2015-127110,109.36,-6.721200000000001,-0.17154891352101187,0
CA-2016-158211,109.252,-79.594,-0.17206345962063582,0
CA-2017-122077,109.208,13.894400000000001,-0.17227323403209574,0
CA-2014-158337,108.92,49.014,-0.1736483745543497,0
CA-2017-107748,108.80000000000001,40.962799999999994,-0.17422241346421705,0
CA-2014-130673,108.44399999999999,-19.3413,-0.17592909423314723,0
US-2016-150147,108.42,-37.9432,-0.1760443510293688,0
CA-2017-161557,108.4,-105.69,-0.17614041767249014,0
CA-2017-104927,108.13,25.8185,-0.17743903906112649,0
CA-2017-149489,107.986,5.6562,-0.1781329514842064,0
CA-2015-114923,107.982,-26.9955,-0.17815223991442722,0
CA-2015-123330,107.976,37.7916,-0.17818117388720342,0
CA-2017-125381,107.97,22.6737,-0.1782101094530697,0
CA-2016-140774,107.94,26.985,-0.1783548111849002,0
CA-2016-111794,107.864,30.4407,-0.17872156732271793,0
CA-2016-106894,107.83,24.6018,-0.17888572533824565,0
US-2015-125374,107.772,-29.2524,-0.17916587800013548,0
CA-2015-129217,107.75399999999999,-187.9406,-0.1792528523046026,0
US-2014-131982,107.648,33.64,-0.17976532649348734,0
CA-2017-155712,107.648,33.64,-0.17976532649348734,0
US-2017-117450,107.55199999999999,9.7028,-0.18022988570140192,0
CA-2014-132801,107.44,10.744,-0.18077239098304226,0
CA-2016-157511,107.396,-5.125,-0.18098567137361904,0
CA-2014-166961,107.346,34.3677,-0.1812281405669707,0
CA-2016-169824,107.07000000000001,34.6771,-0.18256858737204076,0
CA-2014-125136,106.944,35.024,-0.1831816690361548,0
CA-2015-107685,106.88,41.5872,-0.18349334971530745,0
CA-2015-138331,106.8,10.68,-0.18388321068996066,0
CA-2015-108672,106.68,33.0708,-0.18446854496587708,0
CA-2015-102722,106.5,41.535,-0.18534777058736737,0
CA-2016-108581,106.336,30.020000000000003,-0.1861501254829859,0
CA-2017-107265,106.32,49.9704,-0.1862284696348502,0
CA-2017-125115,106.104,23.972700000000003,-0.18728726038083643,0
CA-2016-166373,106.08,-9.282,-0.18740503558091026,0
CA-2015-155054,106.08000000000001,32.2658,-0.18740503558091026,0
CA-2017-136539,106.02080000000001,-8.8792,-0.1876956606408915,0
CA-2015-113110,105.688,41.582,-0.18933244284719716,0
CA-2016-108350,105.52,48.5392,-0.19016064338364497,0
CA-2016-154067,105.52,48.5392,-0.19016064338364497,0
CA-2014-159681,105.52,48.5392,-0.19016064338364497,0
CA-2015-134782,105.42,51.6558,-0.19065424027325248,0
CA-2017-119004,105.408,20.774800000000003,-0.1907135030661506,0
US-2014-130379,104.91999999999999,-190.509,-0.1931292027910921,0
CA-2016-112060,104.85,50.328,-0.19347662953917752,0
CA-2017-117807,104.85,50.328,-0.19347662953917752,0
US-2017-139577,104.75,21.9975,-0.193973352231858,0
CA-2016-109743,104.712,10.1817,-0.1941622300242253,0
CA-2016-108959,104.696,6.5435,-0.19424177782877164,0
CA-2015-162537,104.51,36.8692,-0.19516740572987357,0
CA-2017-158407,103.96799999999999,27.1934,-0.19787400007602257,0
CA-2016-158575,103.968,16.8948,-0.19787400007602257,0
CA-2014-149594,103.936,16.8896,-0.19803423563477035,0
CA-2014-144407,103.6,51.8,-0.19971966529629712,0
US-2014-164763,103.5,42.81229999999999,-0.20022232680734198,0
CA-2017-169404,103.48,-5.279399999999999,-0.20032291682960934,0
CA-2016-128867,103.19999999999999,36.1356,-0.20173320250941673,0
CA-2017-108910,103.056,24.4758,-0.20245996862517845,0
CA-2016-162383,103.054,-15.1722,-0.20247006967884706,0
CA-2017-132955,102.93,48.3771,-0.2030967144819847,0
CA-2017-126536,102.83,37.3526,-0.2036026180344645,0
US-2017-100398,102.72,37.236,-0.20415967501430687,0
CA-2017-127285,102.65599999999999,32.949,-0.2044840528162765,0
CA-2017-106747,102.3,26.598,-0.20629206784707646,0
CA-2016-121755,102.21799999999999,15.996500000000001,-0.20670940360456633,0
CA-2017-136623,101.752,14.7089,-0.20908740618119193,0
CA-2014-151001,101.728,7.6296,-0.2092101702626683,0
CA-2014-154781,101.57,31.5238,-0.21001908376802608,0
CA-2017-146626,101.12,37.4144,-0.21232979789551948,0
CA-2017-133823,101.062,43.9519,-0.21262836378148703,0
CA-2015-122287,101.00399999999999,15.6262,-0.2129270993853134,0
CA-2017-132346,100.94,33.3102,-0.21325693586559089,0
CA-2017-161893,100.922,8.3768,-0.21334973968660498,0
CA-2015-105613,100.86,-183.1062,-0.21366952279138093,0
CA-2015-137071,100.8,21.42,-0.21397917569422073,0
CA-2016-163153,100.716,-0.9156,-0.21441299650795748,0
CA-2014-101175,100.704,-1.2588,-0.21447500015405027,0
CA-2016-160129,100.61599999999999,18.6496,-0.21492991722098148,0
CA-2016-134775,100.49600000000001,42.8176,-0.2155508939796693,0
CA-2014-123498,100.398,-17.325599999999998,-0.21605856986795446,0
CA-2014-130449,100.36,39.6308,-0.21625555581064101,0
US-2016-108455,100.25,41.0732,-0.21682619485462018,0
CA-2014-151897,100.24,33.831,-0.21687810186930354,0
CA-2016-109806,100.164,18.0216,-0.2172727628164852,0
CA-2016-113516,100.16,35.056,-0.21729354265752426,0
CA-2014-103058,99.98,7.9984,-0.21822948692936242,0
CA-2014-152233,99.98,34.993,-0.21822948692936242,0
CA-2016-155138,99.87199999999999,31.8076,-0.21879185463388945,0
CA-2017-100825,99.87,23.9688,-0.21880227452800635,0
US-2017-143175,99.87,23.9688,-0.21880227452800635,0
CA-2015-142993,99.85999999999999,3.401,-0.21885437709779396,0
CA-2016-120796,99.846,-83.205,-0.2189273293747523,0
CA-2016-130225,99.568,33.6042,-0.22037805422169496,0
CA-2016-105963,99.39,40.7499,-0.22130904300418955,0
CA-2015-149587,99.26,38.9066,-0.22199002225786044,0
CA-2015-143616,99.2,25.792,-0.22230461823836054,0
US-2017-141509,99.2,25.792,-0.22230461823836054,0
CA-2016-133123,99.15599999999999,27.5286,-0.22253544170698558,0
CA-2014-164259,99.136,8.6744,-0.22264039498948884,0
US-2016-134656,99.136,30.98,-0.22264039498948884,0
CA-2017-139822,98.6,21.61,-0.22546097949659413,0
US-2017-149510,98.446,-7.722800000000001,-0.22627417877602934,0
CA-2015-131072,98.352,35.6526,-0.22677116632355368,0
CA-2017-168193,98.35,28.6879,-0.22678174563467807,0
US-2016-141880,98.328,9.8328,-0.22689813211512724,0
CA-2016-111493,98.16,9.816,-0.2277877525737768,0
CA-2016-130477,97.95999999999998,18.438399999999998,-0.228848791839373,0
US-2017-158505,97.91799999999999,13.8308,-0.22907188251403277,0
CA-2017-138548,97.84,25.4384,-0.22948644518724703,0
CA-2015-113131,97.684,12.598199999999999,-0.23031655289996816,0
US-2015-131842,97.424,10.9602,-0.23170298619926202,0
CA-2017-137918,97.3,28.217,-0.23236549862557607,0
US-2017-152366,97.264,-243.16,-0.23255799748316808,0
US-2017-131961,97.236,-17.3538,-0.23270776758039005,0
CA-2017-153787,97.16,28.1764,-0.23311450170219827,0
CA-2014-111059,97.11200000000001,31.5614,-0.23337154869667529,0
CA-2017-103478,97.056,-169.41840000000002,-0.23367159584712213,0
CA-2015-105725,96.604,27.198999999999998,-0.2360996970847923,0
CA-2017-161018,96.53,40.5426,-0.2364982889449951,0
CA-2017-137323,96.36,25.0536,-0.23741511956240646,0
US-2015-111927,96.1,36.0302,-0.2388204322184963,0
CA-2017-135034,95.984,5.999,-0.23944863222826346,0
CA-2017-137365,95.976,-10.7973,-0.23949198405915872,0
CA-2014-131527,95.968,9.5968,-0.23953533946649552,0
CA-2017-122105,95.92,25.8984,-0.23979554704883638,0
CA-2015-104052,95.84,34.742,-0.24022951286187874,0
CA-2016-103891,95.76,7.182,-0.24066383732439445,0
CA-2017-167227,95.66000000000001,26.7374,-0.24120724815735517,0
CA-2017-139619,95.616,9.5616,-0.24144652704834732,0
CA-2017-137876,95.52,36.4112,-0.2419689685491464,0
CA-2017-131492,95.388,26.4606,-0.24268817469955373,0
US-2017-145366,94.78399999999999,14.1494,-0.24599170192877756,0
CA-2014-134726,94.732,19.7177,-0.24627708481373325,0
CA-2015-153038,94.688,28.424799999999998,-0.24651868374253355,0
CA-2017-140298,94.508,-19.1493,-0.24750820120627648,0
CA-2016-126529,94.452,16.147199999999998,-0.24781643146128948,0
US-2014-102631,94.428,-42.4926,-0.24794858550299134,0
CA-2017-149944,94.36,31.1948,-0.2483232025256024,0
CA-2014-114195,94.264,-4.235199999999999,-0.24885252864360902,0
CA-2017-126634,94.2,39.564,-0.24920570914731235,0
CA-2016-117919,94.08,29.034000000000002,-0.24986856301244156,0
CA-2016-169166,93.98,13.1572,-0.25042158060501934,0
CA-2016-131380,93.9,3.8094,-0.2508644140584235,0
CA-2014-110072,93.888,12.9096,-0.2509308712722116,0
CA-2015-149601,93.78999999999999,24.15,-0.2514739199801948,0
CA-2017-101308,93.724,-16.023799999999998,-0.2518399631327276,0
CA-2017-161102,93.52000000000001,26.7288,-0.2529729838441023,0
US-2016-152373,93.456,-17.523,-0.25332894529686606,0
CA-2016-139808,93.36,0.9336,-0.2538633399566566,0
CA-2014-124079,93.17399999999999,3.5253000000000005,-0.2549002785426216,0
US-2016-119046,93.06,36.5364,-0.2555368343218563,0
CA-2014-128986,93.024,33.7212,-0.25573801222897635,0
CA-2016-101189,93.02,3.7208,-0.25576037008436364,0
CA-2017-126865,92.94,41.823,-0.25620772705517947,0
CA-2014-108273,92.856,-62.2518,-0.2566778620825658,0
CA-2016-119074,92.69999999999999,35.8254,-0.2575520873783041,0
CA-2014-143385,92.52,18.504,-0.25856261928406765,0
CA-2014-132787,92.52,24.9804,-0.25856261928406765,0
CA-2017-120222,92.39399999999999,36.267,-0.25927114955805813,0
CA-2014-128237,92.36,31.462,-0.25946250404115695,0
CA-2015-124541,92.052,-16.3542,-0.26119913235661746,0
CA-2017-169439,92.032,-5.202400000000001,-0.26131209909674674,0
CA-2017-120761,91.96,39.5428,-0.26171898054230175,0
CA-2014-152422,91.92,11.49,-0.2619451619831639,0
CA-2017-144638,91.726,4.230000000000001,-0.2630435250573997,0
CA-2014-148761,91.68,45.84,-0.263304298696912,0
US-2014-131870,91.488,15.5892,-0.2643941445617517,0
CA-2016-140977,91.475,-1.8295,-0.2644680179679764,0
CA-2017-119424,91.416,18.328200000000002,-0.2648034201526867,0
CA-2017-117653,91.275,-67.5435,-0.26560584265002796,0
CA-2016-144540,91.23,-162.1275,-0.26586219305903447,0
US-2017-110149,91.193,12.8767,-0.2660730637784235,0
CA-2017-108749,91.14,44.662800000000004,-0.2663752693190845,0
CA-2014-100293,91.056,31.8696,-0.2668545928539899,0
CA-2017-123239,91.032,-2.2758,-0.2669916227716922,0
CA-2015-127327,90.882,15.147,-0.2678488702127679,0
CA-2017-122007,90.86,26.3494,-0.26797471750505114,0
CA-2017-154809,90.64,38.9752,-0.26923485070108927,0
CA-2014-157721,90.60999999999999,13.9047,-0.2694069213939442,0
US-2017-133081,90.6,36.67,-0.26946429081376305,0
CA-2014-133830,90.58,42.193400000000004,-0.26957904844490627,0
US-2017-113852,90.57,11.7741,-0.2696364366589663,0
CA-2016-146836,90.51599999999999,28.534799999999997,-0.2699464413517163,0
CA-2016-150077,90.48,23.5248,-0.2701532127866591,0
CA-2016-161669,90.396,30.633000000000003,-0.27063599608202926,0
CA-2014-113579,90.24,41.5104,-0.27153377199494944,0
CA-2015-108588,90.168,28.299599999999998,-0.27194864795418133,0
CA-2016-126270,90.05799999999999,42.5419,-0.2725831193215177,0
CA-2017-142293,89.97,37.7874,-0.27309124850756866,0
US-2016-144351,89.97,25.1916,-0.27309124850756866,0
US-2014-124625,89.97,18.8937,-0.27309124850756866,0
CA-2016-147536,89.97,18.8937,-0.27309124850756866,0
CA-2016-137939,89.95,43.176,-0.2732068009639999,0
CA-2017-141103,89.95,43.176,-0.2732068009639999,0
CA-2015-162621,89.86,-47.729,-0.27372710166406333,0
US-2015-118906,89.82,25.1496,-0.27395851187023845,0
CA-2017-142174,89.568,32.4684,-0.2754187440000051,0
CA-2015-140830,89.36,40.5616,-0.276627079057718,0
US-2016-156692,89.32000000000001,19.7976,-0.2768597700377122,0
CA-2017-125388,89.26,23.2076,-0.2772089998011888,0
CA-2015-151547,88.96,10.008,-0.2789586382047493,0
CA-2017-115448,88.92,14.4495,-0.2791923640568258,0
US-2015-120712,88.8,-2.22,-0.27989416594576105,0
CA-2014-148782,88.776,7.7679,-0.2800346388569369,0
CA-2014-137911,88.768,31.0688,-0.28008147150587676,0
CA-2017-121538,88.768,31.0688,-0.28008147150587676,0
CA-2015-145821,88.752,11.094,-0.28017514932604154,0
CA-2016-109176,88.704,13.424,-0.2804562830184086,0
CA-2016-157588,88.15,32.633,-0.28371196614282046,0
US-2014-104759,88.118,0.16939999999999955,-0.2839006376083896,0
US-2017-147655,88.074,-58.716,-0.284160171521676,0
CA-2017-130631,88.06,30.142,-0.2842427773800902,0
CA-2016-149902,88.04,22.8904,-0.2843608082777751,0
US-2017-154872,87.994,-37.027,-0.28463237998593865,0
CA-2017-106033,87.92,26.376,-0.28506955089326225,0
CA-2017-139437,87.92,0.8792,-0.28506955089326225,0
CA-2016-138282,87.84,23.7168,-0.28554257754061796,0
US-2015-142811,87.8,32.925,-0.2857792506226327,0
CA-2017-133648,87.688,25.255300000000002,-0.2864425028495158,0
CA-2017-104577,87.6,42.048,-0.28696421746003115,0
CA-2014-120887,87.54,37.6422,-0.28732022915010413,0
CA-2017-126956,87.52,35.0868,-0.2874389533276636,0
US-2016-101616,87.28,41.0216,-0.28886573946124044,0
CA-2015-141145,87.168,10.896,-0.2895329009560139,0
CA-2014-105417,87.15799999999999,-71.9621,-0.28959251015378346,0
CA-2015-100251,87.1,31.244,-0.2899383768962248,0
CA-2015-169201,86.82,29.5218,-0.2916112878078031,0
CA-2016-113061,86.62,8.662,-0.2928094930002083,0
CA-2016-162747,86.45,38.038,-0.2938301197773227,0
CA-2014-126032,86.376,1.0797,-0.2942750125562305,0
CA-2016-148698,86.352,5.397,-0.29441938302636583,0
CA-2016-140613,86.2,24.998,-0.2953346514941038,0
US-2015-151435,85.98,22.3548,-0.29666221179750574,0
CA-2015-142377,85.96,40.4012,-0.29678306555674416,0
US-2014-164616,85.96,-57.7136,-0.29678306555674416,0
CA-2015-100216,85.92,28.7016,-0.297024856483361,0
CA-2016-113551,85.908,26.9798,-0.2970974154594389,0
CA-2015-153906,85.9,2.577,-0.29714579367633126,0
CA-2015-156013,85.848,37.7204,-0.29746036068650644,0
CA-2015-134859,85.68,13.751999999999999,-0.29847794285537355,0
CA-2017-152709,85.52,22.2352,-0.29944890399943863,0
CA-2017-167150,85.50399999999999,30.1756,-0.29954609885263483,0
CA-2016-152163,85.5,40.756,-0.29957040037490335,0
CA-2015-127593,85.3,14.501,-0.3007869114961961,0
US-2016-148803,85.224,7.4571,-0.3012499250813569,0
CA-2016-129308,85.209,-22.3352,-0.3013413575631428,0
CA-2017-126396,85.2,20.235,-0.3013962246887783,0
CA-2017-147403,85.056,28.7064,-0.3022748786418479,0
CA-2015-104297,85.056,28.7064,-0.3022748786418479,0
CA-2014-135993,85.00800000000001,7.9488,-0.30256809005157315,0
CA-2015-114503,84.96,6.372,-0.30286146514463974,0
CA-2017-102771,84.95,22.087,-0.30292260557513484,0
CA-2014-120852,84.872,-57.7316,-0.30339974521097807,0
CA-2016-109925,84.84,22.9068,-0.303595620192646,0
CA-2014-133228,84.83,26.1601,-0.30365684609936555,0
CA-2016-134544,84.784,-20.1362,-0.3039385771794244,0
CA-2016-116344,84.784,-16.9568,-0.3039385771794244,0
CA-2016-114209,84.62,27.755399999999998,-0.30494424061477887,0
CA-2015-153108,84.61,23.0839,-0.30500562385023183,0
CA-2015-104486,84.55600000000001,25.3814,-0.3053372172707362,0
CA-2017-145779,84.416,27.4352,-0.30619787955703603,0
CA-2016-129847,84.272,-75.8448,-0.3070846051381585,0
US-2016-113509,83.976,-13.6461,-0.30891203098027536,0
US-2016-100566,83.952,-90.2484,-0.3090604795203324,0
CA-2014-110611,83.92,-13.637,-0.309258476158158,0
CA-2017-144750,83.88,29.358,-0.30950607690230564,0
CA-2017-115364,83.76,1.6752,-0.3102495798365967,0
CA-2016-101651,83.72,37.150400000000005,-0.3104976480827567,0
CA-2016-126284,83.7,41.013,-0.31062172613072564,0
CA-2015-132948,83.7,3.348,-0.31062172613072564,0
CA-2016-155187,83.66,23.787200000000002,-0.31086997014560674,0
CA-2017-125269,83.214,-36.4485,-0.3136458630723278,0
CA-2016-157266,83.15,36.983000000000004,-0.3140454031887763,0
CA-2017-123624,82.95,29.0325,-0.3152959274426821,0
US-2016-161844,82.92,-31.386,-0.3154837629970971,0
CA-2016-110366,82.8,10.35,-0.31623577729627206,0
CA-2015-132570,82.74,36.7048,-0.3166121883686355,0
CA-2014-109491,82.63,29.3404,-0.3173029763353428,0
CA-2016-134110,82.408,12.2392,-0.3186998836159927,0
US-2017-136189,82.38,25.5378,-0.3188763341051256,0
US-2016-101196,82.368,-19.5624,-0.31895197388308594,0
CA-2016-113726,82.26,33.7266,-0.31963322223845175,0
US-2017-161193,82.256,29.7014,-0.3196584706263461,0
US-2014-147648,81.98,40.1702,-0.3214035453697622,0
CA-2016-166912,81.98,40.1702,-0.3214035453697622,0
CA-2016-143749,81.94,20.485,-0.3216569361990358,0
CA-2017-128769,81.568,7.1372,-0.32401934097884477,0
CA-2017-126550,81.4,21.164,-0.32508972435303257,0
CA-2016-164735,81.2,12.18,-0.3263668393672775,0
CA-2015-108259,81.135,-14.378999999999998,-0.3267825708768641,0
US-2017-104451,81.08,22.7024,-0.3271346007452202,0
CA-2015-135391,80.88,-17.0556,-0.32841670084374397,0
CA-2014-166989,80.624,19.848,-0.33006236636615166,0
CA-2017-122987,80.564,-12.0292,-0.33044881580611973,0
CA-2017-123351,80.48,24.144,-0.33099032288105945,0
CA-2015-134992,80.38,26.5874,-0.33163570251482877,0
CA-2017-136007,80.36,25.522,-0.3317648736030376,0
CA-2016-147123,80.28,36.9288,-0.33228187568086914,0
CA-2017-163321,79.992,21.9978,-0.3341473058105208,0
CA-2015-127544,79.99,28.7964,-0.33416028336530484,0
CA-2017-159688,79.99,28.7964,-0.33416028336530484,0
CA-2017-104388,79.96,22.3888,-0.33435498515316875,0
CA-2015-137106,79.96,27.986,-0.33435498515316875,0
CA-2015-135272,79.92,28.7712,-0.33461469979632547,0
CA-2015-155040,79.9,35.156,-0.3347446052647242,0
CA-2016-137330,79.80000000000001,20.747999999999998,-0.3353946147102767,0
CA-2016-110982,79.792,22.7292,-0.3354466502140306,0
US-2016-117793,79.74000000000001,34.3419,-0.33578500663344024,0
US-2014-105767,79.638,-10.362,-0.3364493391849759,0
CA-2014-107594,79.56,22.1508,-0.3369579254408635,0
CA-2014-140039,79.4,5.955,-0.3380027221462831,0
CA-2016-141019,79.384,29.769,-0.3381073161499584,0
CA-2015-132374,79.36,20.6336,-0.33826424619732903,0
CA-2015-105844,79.36,23.808,-0.33826424619732903,0
CA-2017-104745,79.344,14.0706,-0.3383688922689077,0
CA-2017-134635,79.14,36.4044,-0.33970495944032825,0
CA-2016-145247,79.14,36.4044,-0.33970495944032825,0
US-2016-159415,79.12,13.846,-0.33983612943220676,0
CA-2017-163335,79.0,27.8791,-0.34062383765322324,0
US-2016-158288,78.759,-57.7566,-0.3422093939646409,0
CA-2017-118640,78.504,2.9992,-0.34389228226636276,0
CA-2015-155068,78.456,-9.9809,-0.34420966480428183,0
CA-2015-112375,78.19200000000001,23.8458,-0.34595870326012856,0
CA-2014-150490,78.12,15.1416,-0.34643672574268874,0
CA-2017-144064,78.04,14.977,-0.3469683722925633,0
CA-2016-101343,77.88,3.894,-0.3480332816128358,0
CA-2015-152527,77.88,3.894,-0.3480332816128358,0
CA-2016-149223,77.88,22.5852,-0.3480332816128358,0
CA-2014-166590,77.86,36.5546,-0.34816654713142253,0
US-2017-158512,77.75999999999999,35.064,-0.34883338210191195,0
US-2015-117492,77.58,20.1708,-0.35003582145389023,0
CA-2015-161214,77.55,21.714,-0.350236495765397,0
US-2016-111563,77.488,-89.9808,-0.35065146565824235,0
CA-2015-101126,77.24,7.724,-0.35231462968855465,0
CA-2014-111150,77.21000000000001,27.7354,-0.352516176218247,0
CA-2015-162376,77.06,33.1366,-0.35352506992363014,0
US-2016-163461,76.864,26.9024,-0.35484628330861384,0
CA-2017-155740,76.776,-53.7432,-0.3554405633274336,0
CA-2015-126669,76.64,26.824,-0.3563603199512922,0
US-2017-128118,76.521,16.536,-0.35716642958012795,0
CA-2014-127012,76.28,26.8774,-0.3588027685137334,0
CA-2014-169460,76.14,26.649,-0.3597556836791372,0
CA-2014-139423,76.12,22.0748,-0.35989195557662895,0
CA-2017-121615,75.9,24.8724,-0.3613932832479933,0
CA-2016-119823,75.88,35.6636,-0.36152998049671103,0
CA-2017-102946,75.792,25.5798,-0.362131871162435,0
CA-2014-168592,75.64,30.5209,-0.3631731269204455,0
CA-2017-150189,75.18,35.3346,-0.3663369237035352,0
CA-2014-152562,75.16,21.1012,-0.36647491308852964,0
CA-2016-166163,75.126,8.7096,-0.3667095782273838,0
CA-2015-115091,75.04,22.453200000000002,-0.3673036111363,0
CA-2017-104913,74.95,36.7255,-0.36792599335623505,0
CA-2015-130022,74.94,34.1838,-0.36799519245696455,0
CA-2017-128335,74.89,35.1983,-0.36834132470271946,0
CA-2017-138870,74.88,32.6776,-0.3684105785171086,0
CA-2015-103093,74.52,35.0244,-0.3709098134136197,0
CA-2017-127117,74.45,20.1015,-0.3713971590123145,0
CA-2015-103793,74.352,23.235,-0.3720802029916221,0
CA-2017-160031,74.352,23.235,-0.3720802029916221,0
CA-2017-162712,74.352,23.235,-0.3720802029916221,0
CA-2016-136322,74.32,-11.401600000000002,-0.3723034301670002,0
CA-2015-111612,74.128,10.343,-0.37364478808690504,0
CA-2015-101091,74.048,-19.3826,-0.3742046992518777,0
CA-2017-161459,74.03999999999999,18.8325,-0.3742607231919907,0
CA-2016-110009,74.0,28.8644,-0.37454093251333553,0
CA-2014-138177,73.915,-45.8273,-0.375136873856283,0
CA-2016-144645,73.784,-77.4732,-0.3760566499965138,0
CA-2015-164336,73.776,-0.2610000000000001,-0.37611287172106384,0
US-2014-120313,73.584,8.2782,-0.3774640006574312,0
CA-2017-144113,73.56,11.967600000000001,-0.3776331362818269,0
US-2016-151260,73.536,9.192,-0.3778023263577844,0
CA-2017-133718,73.512,33.5007,-0.377971570920376,0
CA-2016-132549,73.36,19.8072,-0.37904472071828177,0
CA-2016-145135,73.33,21.4053,-0.3792567857839334,0
CA-2015-121272,73.28,21.2512,-0.37961041783397165,0
CA-2016-102498,73.2,21.228,-0.38017672453718887,0
CA-2014-138359,73.19999999999999,5.736,-0.38017672453718887,0
CA-2017-100335,73.008,26.4654,-0.3815383556210071,0
CA-2016-154711,72.892,22.7764,-0.38236272060530807,0
CA-2017-121804,72.8,19.656,-0.3830174480471315,0
CA-2015-131352,72.78,-70.9605,-0.3831598880994282,0
US-2014-138828,72.69,23.1918,-0.3838013465268781,0
CA-2015-112214,72.65,-19.77,-0.3840866906738269,0
US-2014-100853,72.608,-124.56800000000001,-0.3843864688662132,0
CA-2016-106383,72.294,-98.8018,-0.38663310237981696,0
CA-2015-149811,72.24000000000001,35.4732,-0.38702043583212337,0
CA-2016-160486,72.224,25.2784,-0.3871352561449533,0
CA-2017-128475,71.98,15.1158,-0.3888893814228488,0
US-2017-148768,71.976,8.997,-0.38891818640900166,0
US-2015-159513,71.976,24.2919,-0.38891818640900166,0
CA-2014-110639,71.84,34.9424,-0.389898496528715,0
US-2017-156909,71.372,-1.0196,-0.393285958917378,0
US-2015-118983,71.354,-127.674,-0.39341668299327237,0
CA-2016-155481,71.156,10.532,-0.39485679805688745,0
US-2017-165953,71.096,11.789200000000001,-0.3952939768274047,0
CA-2016-164889,71.088,-1.7772,-0.3953522948177805,0
CA-2016-126165,71.088,-1.7772,-0.3953522948177805,0
CA-2017-109589,71.0,27.69,-0.395994220195139,0
CA-2017-142888,70.98,20.5842,-0.3961402217434407,0
CA-2016-165484,70.97200000000001,5.6982,-0.39619863372190817,0
CA-2017-147725,70.95,18.447,-0.39635930014711307,0
CA-2016-106460,70.88,33.3136,-0.39687083852972754,0
CA-2016-158869,70.88,33.3136,-0.39687083852972754,0
CA-2014-105872,70.368,26.388,-0.4006275935492395,0
CA-2016-114405,70.27199999999999,6.189,-0.40133498466409784,0
CA-2016-125164,70.216,24.207099999999997,-0.4017480696315368,0
CA-2015-164441,70.212,25.7148,-0.401777588129016,0
CA-2017-164042,70.14800000000001,-59.6544,-0.402250109718349,0
CA-2015-122259,70.12,21.036,-0.40245697158668897,0
CA-2017-168172,70.12,21.036,-0.40245697158668897,0
US-2016-128678,70.064,25.8738,-0.40287093976069915,0
CA-2014-101476,69.99,30.0957,-0.4034184697658789,0
US-2017-128832,69.98,4.8986,-0.4034925040788464,0
CA-2016-164938,69.93,0.6993,-0.40386283216811314,0
CA-2017-159352,69.93,32.1678,-0.40386283216811314,0
CA-2014-142727,69.9,21.6012,-0.40408515434715975,0
US-2014-148194,69.86,22.932000000000002,-0.4043817302973172,0
CA-2017-122735,69.66,31.347,-0.40586712577385464,0
CA-2016-158610,69.52,17.38,-0.40690940632179395,0
CA-2017-117926,69.48,20.844,-0.4072075808374422,0
CA-2017-140760,69.26400000000001,23.841,-0.40882065314152793,0
CA-2014-140886,69.216,11.2476,-0.40917978703003643,0
CA-2017-110310,68.967,17.2347,-0.4110467430444572,0
CA-2016-156811,68.952,19.6809,-0.41115942236000647,0
US-2017-166611,68.742,-48.1194,-0.41273947480002804,0
CA-2017-140802,68.712,15.6534,-0.41296558487697294,0
CA-2014-125514,68.71000000000001,21.5198,-0.412980662341642,0
CA-2014-114125,68.70400000000001,19.6202,-0.41302589733124623,0
CA-2015-159779,68.62,32.2514,-0.4136595963523245,0
CA-2014-144974,68.53,3.2926,-0.4143394086106247,0
CA-2016-152457,68.52,31.5192,-0.4144149976175485,0
CA-2017-153080,68.46,25.3302,-0.41486876011780593,0
CA-2016-125724,68.432,8.554,-0.4150806501064562,0
CA-2017-148642,68.416,6.4864,-0.41520176846830437,0
CA-2015-162166,68.28,12.717600000000001,-0.41623240312814275,0
US-2014-103905,68.204,-42.5674,-0.4168092275888658,0
CA-2016-129196,68.112,17.8794,-0.4175083369261142,0
CA-2015-135510,67.96,12.2328,-0.4186654286299961,0
US-2017-152898,67.9,20.37,-0.41912287758074057,0
CA-2017-147767,67.86,-45.24,-0.41942806491204154,0
US-2017-152569,67.824,22.6126,-0.4197028851226904,0
CA-2017-125101,67.78,16.945,-0.42003897177505956,0
US-2014-155817,67.75999999999999,5.082000000000001,-0.4201918095163526,0
CA-2016-164350,67.56,8.445,-0.42172263661022935,0
CA-2014-133305,67.4,29.4844,-0.42295051700463354,0
CA-2017-102967,67.4,17.524,-0.42295051700463354,0
CA-2016-146423,67.32000000000001,29.3724,-0.42356553471055525,0
CA-2017-115651,67.304,-143.1765,-0.4236886246677248,0
US-2014-147774,67.194,-51.5154,-0.4245356494620032,0
CA-2014-141173,67.15,16.7875,-0.4248748420025024,0
US-2016-117387,67.136,25.176,-0.4249828128285904,0
CA-2014-141110,67.112,22.444200000000002,-0.42516795729755913,0
CA-2016-146682,67.0,32.16,-0.4260328283022359,0
CA-2016-139934,66.976,6.6976,-0.426218343125507,0
CA-2016-149916,66.92,23.133000000000003,-0.4266514658895439,0
CA-2016-169194,66.8,11.054,-0.42758078986245135,0
CA-2014-121286,66.616,7.8182,-0.4290089527433656,0
CA-2015-147102,66.36,23.226,-0.43100244046222763,0
CA-2014-138436,66.3,8.619,-0.4314707600266205,0
CA-2016-168536,66.3,8.619,-0.4314707600266205,0
CA-2016-169971,66.288,8.0442,-0.4315644740405519,0
US-2017-116701,66.284,-178.9668,-0.43159571575917866,0
US-2016-118780,66.17,11.999400000000001,-0.4324868863797008,0
CA-2014-124513,66.03,17.1678,-0.4335833779810868,0
CA-2017-123981,65.99,17.1574,-0.43389708195681376,0
CA-2014-104402,65.97,31.0059,-0.4340540041943878,0
CA-2016-167507,65.944,-17.1064,-0.43425807317873166,0
CA-2015-158456,65.856,28.8092,-0.4349493567782039,0
CA-2017-121160,65.84,-34.463,-0.43507514245849105,0
CA-2014-168305,65.8,31.83,-0.4353897384389912,0
US-2014-150126,65.78,32.2322,-0.4355471070791046,0
CA-2017-111262,65.728,-0.5287999999999999,-0.4359564862175527,0
US-2015-142020,65.72,26.302,-0.43601949593763656,0
CA-2017-168739,65.424,-52.3392,-0.4383561824863169,0
CA-2017-132437,65.12,16.9312,-0.44076688657464685,0
CA-2016-121034,65.12,21.164,-0.44076688657464685,0
CA-2016-140417,65.07000000000001,19.0026,-0.4411644450849687,0
CA-2016-125850,65.05,31.698999999999998,-0.44132355273672363,0
US-2014-169390,64.96,9.744,-0.4420401338836664,0
CA-2017-157350,64.96,-43.848,-0.4420401338836664,0
CA-2014-123477,64.864,6.4864,-0.4428055656049457,0
CA-2017-127516,64.784,-12.9568,-0.44344427809208814,0
US-2016-128293,64.784,-12.9568,-0.44344427809208814,0
CA-2015-121699,64.75,29.1375,-0.4437159661388112,0
CA-2015-133396,64.68,8.085,-0.44427576653993184,0
CA-2016-149965,64.59,24.2049,-0.44499638722534085,0
CA-2017-156272,64.384,8.048,-0.44664953668455837,0
CA-2017-156363,64.38,4.547999999999999,-0.44668168819842424,0
CA-2016-145709,64.248,22.357799999999997,-0.44774379315013924,0
CA-2014-133704,64.152,18.433799999999998,-0.44851758357665533,0
US-2015-144771,64.072,-1.6072000000000002,-0.44916328038933856,0
CA-2015-139850,64.032,11.5872,-0.4494864265409035,0
US-2014-120175,64.02,29.4492,-0.4495834091456262,0
CA-2016-166653,63.968,19.99,-0.45000387403598174,0
CA-2017-158344,63.96,19.8276,-0.4500685908108599,0
CA-2014-103702,63.924,-46.8776,-0.45035991496156097,0
US-2016-117037,63.922,-2.9346000000000014,-0.45037610437270226,0
CA-2017-117821,63.92,19.176,-0.45039229428258615,0
CA-2014-150301,63.882,10.647,-0.4506999973722197,0
CA-2016-100153,63.88,24.9132,-0.45071619726339807,0
CA-2017-157672,63.824,13.5626,-0.4511699970804221,0
US-2017-160759,63.686,-9.098,-0.4522899649913307,0
CA-2016-118255,63.44,27.977600000000002,-0.4542923683579863,0
CA-2014-169257,63.381,21.5708,-0.4547737560786556,0
CA-2017-101798,63.339999999999996,21.4772,-0.4551085396196116,0
US-2017-101721,63.312,20.5764,-0.4553372949002885,0
CA-2014-143168,63.304,28.352400000000003,-0.45540267184504296,0
US-2016-147340,63.2,23.384,-0.4562533130575342,0
CA-2015-156510,63.14,28.388599999999997,-0.4567446946452099,0
CA-2014-162866,62.967999999999996,-16.7696,-0.45815587359278265,0
CA-2017-151911,62.96,28.332,-0.45822160213639085,0
CA-2014-141005,62.94,30.2112,-0.45838595946993715,0
CA-2017-165603,62.92,15.7132,-0.45855036822138995,0
CA-2014-115357,62.91,22.6476,-0.45863259188888617,0
CA-2016-127194,62.82,29.5254,-0.45937318437464997,0
CA-2014-149055,62.808,21.1977,-0.4594720089406602,0
CA-2015-145485,62.8,15.7,-0.45953790231040764,0
US-2016-135209,62.752,21.9632,-0.4599334361246617,0
CA-2017-131303,62.65,29.4455,-0.4607749352151915,0
CA-2015-125066,62.459999999999994,17.7352,-0.4623460352484862,0
US-2017-132220,62.352,-10.9116,-0.4632411797340774,0
CA-2014-103590,62.28,29.2716,-0.46383879090815855,0
CA-2014-156342,62.016,22.4808,-0.46603586445734413,0
US-2016-162026,61.96,27.882,-0.46650309354611463,0
CA-2015-115847,61.96,4.3372,-0.46650309354611463,0
CA-2014-149524,61.96,-53.2856,-0.46650309354611463,0
CA-2017-155824,61.876,-6.378400000000001,-0.4672047169673055,0
CA-2015-132507,61.792,6.1792,-0.4679072783581452,0
CA-2016-103947,61.70399999999999,12.876900000000001,-0.46864430382057193,0
CA-2015-154970,61.584,-6.9282,-0.4696510072183767,0
CA-2017-152660,61.568,4.6176,-0.4697853801594643,0
US-2017-156356,61.486,-56.785799999999995,-0.4704745812548994,0
CA-2017-141481,61.44,16.5888,-0.47086160236019714,0
CA-2015-168760,61.44,16.5888,-0.47086160236019714,0
CA-2016-134376,61.44,16.5888,-0.47086160236019714,0
CA-2016-149671,61.38,15.9588,-0.4713668412099417,0
CA-2017-101483,61.216,8.2912,-0.4727503108431554,0
CA-2016-108630,61.12,22.156,-0.4735618398728746,0
CA-2016-105753,61.1,18.33,-0.47373106626935585,0
CA-2015-127019,60.984,4.5738,-0.4747136554161913,0
CA-2015-131758,60.870000000000005,20.349,-0.47568109659481045,0
CA-2015-149517,60.84,19.4688,-0.47593598265739245,0
CA-2017-113208,60.84,23.1192,-0.47593598265739245,0
CA-2016-118913,60.81,17.0268,-0.47619099240104473,0
CA-2017-142125,60.72,29.922,-0.476956764920184,0
CA-2016-120005,60.63,19.6002,-0.47772365490265756,0
CA-2017-145772,60.622,15.155899999999999,-0.47779187709075593,0
CA-2016-156573,60.485,6.234900000000001,-0.4789615586161774,0
US-2016-132577,60.44,-13.632200000000001,-0.479346329276244,0
CA-2014-104773,60.416,6.0416,-0.47955165554169327,0
CA-2017-119389,60.312,5.2773,-0.4804423308616628,0
CA-2014-133424,60.239999999999995,22.2,-0.4810598377056823,0
US-2014-157847,60.208,19.817,-0.48133451826582635,0
CA-2016-149685,60.144,20.2986,-0.4818843104642441,0
CA-2017-146031,60.12,22.2444,-0.4820906309156537,0
CA-2014-141838,60.08,13.146799999999999,-0.4824346784367676,0
CA-2016-113656,59.99,21.5964,-0.4832096098670287,0
US-2016-119298,59.98,17.994,-0.48329578393785083,0
CA-2016-164154,59.94800000000001,-14.1904,-0.48357163595900327,0
CA-2014-101462,59.92,27.5632,-0.4838131253116048,0
US-2017-108014,59.913,-45.9333,-0.48387351499243303,0
CA-2015-114468,59.848,-4.898,-0.48443460795779103,0
CA-2017-103065,59.824,8.8804,-0.4846419322696645,0
CA-2017-129910,59.76,16.7328,-0.48519519729745236,0
CA-2016-121601,59.752,19.4194,-0.48526439639818186,0
CA-2014-124807,59.696,16.2758,-0.4857490454000712,0
CA-2017-143665,59.620000000000005,28.6036,-0.48640749903396213,0
CA-2016-120082,59.52,17.856,-0.4872751442198698,0
CA-2015-130218,59.480000000000004,14.7604,-0.4876226037827624,0
CA-2017-167668,59.2,29.6,-0.4900612743756214,0
CA-2017-101049,59.176,-31.916000000000004,-0.4902708307961819,0
US-2014-158057,59.109,-45.3169,-0.4908562851057552,0
CA-2016-106397,58.94,19.0952,-0.4923359319658781,0
CA-2015-153325,58.72,27.0112,-0.4942683621114985,0
CA-2016-107615,58.58,19.3314,-0.4955018003937513,0
CA-2017-100748,58.48,27.4856,-0.4963846035069908,0
US-2016-131674,58.416,16.7946,-0.4969503767493424,0
CA-2016-133872,58.4,-24.316,-0.49709191528231006,0
CA-2015-112319,58.32,27.9936,-0.49780018030828876,0
CA-2014-131051,58.2,28.518,-0.49886437082326335,0
CA-2015-168459,58.05,16.5354,-0.500197646556731,0
CA-2017-121216,57.984,-64.352,-0.5007853611680665,0
CA-2014-120775,57.908,-23.2796,-0.5014629386259511,0
CA-2016-116379,57.584,20.1544,-0.5043613995289971,0
CA-2016-144400,57.576,21.591,-0.5044331690845516,0
CA-2017-133207,57.568,5.7568,-0.5045049484426818,0
CA-2017-134838,57.510000000000005,15.5277,-0.5050256421945043,0
CA-2015-104493,57.504,20.1264,-0.5050795365220407,0
US-2014-107699,57.42,26.4132,-0.5058346380144993,0
CA-2015-139962,57.32000000000001,28.2712,-0.506734985278971,0
CA-2014-152345,57.266,2.2953,-0.5072218149290988,0
CA-2016-157000,57.239999999999995,9.9774,-0.5074563753301059,0
CA-2017-162033,57.01,22.083499999999997,-0.5095359047710477,0
US-2017-169488,56.86,26.5552,-0.51089656636587,0
CA-2016-101448,56.82,28.41,-0.511260005225259,0
CA-2015-167374,56.80799999999999,17.5428,-0.511369085912626,0
US-2017-157224,56.7,26.082,-0.5123518322863949,0
CA-2014-103219,56.52,21.4776,-0.5139938378324356,0
CA-2017-131016,56.512,-2.4160000000000004,-0.5140669350673724,0
US-2016-140809,56.45,14.677,-0.5146337836344181,0
US-2014-163146,56.4,3.384,-0.5150913653522525,0
CA-2015-115693,56.3,15.764,-0.5160077257757659,0
CA-2015-154340,56.3,15.764,-0.5160077257757659,0
CA-2017-101182,56.136,21.3324,-0.5175140245006513,0
CA-2016-162110,55.992,3.4995,-0.5188401973977541,0
CA-2015-104115,55.984,4.1988,-0.5189139718865019,0
CA-2016-163398,55.971999999999994,-72.1581,-0.5190246530416863,0
US-2014-150532,55.92,6.291,-0.5195045409271386,0
CA-2017-133074,55.86,27.93,-0.5200588027852278,0
US-2014-137680,55.672,18.789299999999997,-0.5217992850002059,0
CA-2017-102729,55.616,5.5616,-0.5223188426992036,0
CA-2014-167164,55.5,9.99,-0.5233967061218647,0
CA-2017-118542,55.488,25.444200000000002,-0.5235083355136673,0
CA-2015-154144,55.48,26.6304,-0.5235827682833878,0
CA-2014-113887,55.48,26.6304,-0.5235827682833878,0
CA-2015-119907,55.424,19.3984,-0.524104093060514,0
CA-2016-149111,55.416,10.4247,-0.5241786102630113,0
CA-2016-112893,55.36,18.684,-0.5247005267403438,0
CA-2017-157420,55.176,-12.4146,-0.5264190537716825,0
CA-2016-141887,54.992,8.9362,-0.5281432189447385,0
CA-2016-111143,54.96,15.9384,-0.5284436520355168,0
CA-2017-102659,54.9,26.901,-0.5290074274191735,0
CA-2016-155565,54.9,15.372,-0.5290074274191735,0
CA-2016-167416,54.9,26.901,-0.5290074274191735,0
CA-2017-104010,54.9,15.372,-0.5290074274191735,0
CA-2017-124576,54.896,18.5274,-0.5290450339575079,0
CA-2014-149020,54.83,22.6537,-0.5296659306805073,0
CA-2017-121909,54.816,17.8152,-0.5297977304049005,0
CA-2016-118969,54.792,-40.1808,-0.530023749720146,0
CA-2017-156769,54.66,18.0378,-0.5312685964997537,0
CA-2017-162929,54.64,20.3448,-0.5314574671467934,0
CA-2016-163986,54.5,14.17,-0.5327814656833761,0
US-2016-146857,54.48,15.2544,-0.5329708809205072,0
CA-2014-139542,54.474000000000004,-9.078899999999999,-0.5330277188068652,0
CA-2015-103716,54.45,11.4345,-0.5332551318440865,0
CA-2015-119697,54.384,1.3596,-0.5338810255897259,0
US-2017-112613,54.368,4.0776,-0.5340328697311268,0
US-2017-145597,54.336,5.4336,-0.5343366896960745,0
CA-2017-117261,54.32,0.5432,-0.5344886655703933,0
US-2015-106873,54.239999999999995,5.6708,-0.5352492048778483,0
CA-2014-154165,54.208,8.8088,-0.5355537290467236,0
CA-2015-155586,54.17,24.4443,-0.535915580836732,0
CA-2017-130967,53.982,-10.7964,-0.5377094696275403,0
CA-2014-126522,53.94,15.6426,-0.5381110701989062,0
CA-2017-146493,53.9,25.872,-0.5384938324661778,0
CA-2014-135090,53.82,24.219,-0.539260194351502,0
CA-2017-132584,53.72,13.9672,-0.5402197209458514,0
CA-2016-107216,53.7,18.316,-0.5404118366744508,0
CA-2016-115588,53.696,-5.747999999999999,-0.5404502682492772,0
CA-2014-157644,53.67,20.168100000000003,-0.5407001420138923,0
CA-2016-130778,53.49,22.857400000000002,-0.5424333033969805,0
CA-2016-132094,53.456,14.837200000000001,-0.542761321092921,0
CA-2016-102932,53.370000000000005,20.8197,-0.5435919279406444,0
CA-2014-142965,53.344,-27.0848,-0.543843300295144,0
CA-2015-122168,53.28,18.2472,-0.5444625757472499,0
CA-2016-148908,53.248,19.968,-0.5447724873409172,0
CA-2015-110093,53.232,16.1266,-0.5449275116988944,0
CA-2015-106208,53.088,-108.8304,-0.5463247926188036,0
CA-2015-145828,53.04,-4.641,-0.5467913797193538,0
CA-2015-167745,52.98,20.8076,-0.5473751967426222,0
CA-2014-122588,52.96,20.1248,-0.5475699466317256,0
CA-2017-114804,52.792,4.6193,-0.5492087012396424,0
CA-2017-111759,52.76,24.2696,-0.5495214251820639,0
CA-2014-115133,52.752,12.828,-0.5495996352528582,0
CA-2017-121818,52.696,4.4919,-0.5501474318906673,0
US-2014-117170,52.608000000000004,14.8718,-0.5510094105029163,0
CA-2015-111017,52.59,15.777,-0.5511858986154571,0
CA-2017-105130,52.495999999999995,17.942,-0.552108522940633,0
US-2017-114657,52.44,24.1224,-0.5526589423802087,0
CA-2016-112389,52.410000000000004,3.4415999999999998,-0.5529540472469607,0
CA-2017-132185,52.344,5.124899999999999,-0.5536038618491579,0
CA-2015-157343,52.248000000000005,-2.1340000000000012,-0.5545504833655034,0
CA-2015-111297,52.2,23.49,-0.555024434309755,0
CA-2016-124016,52.153,1.9730000000000008,-0.5554889258123048,0
CA-2016-121958,52.136,5.8653,-0.5556570345302646,0
CA-2016-149195,52.096000000000004,18.165599999999998,-0.5560527967070611,0
CA-2017-146920,52.064,17.272,-0.5563696211746715,0
CA-2014-132227,52.064,18.8732,-0.5563696211746715,0
CA-2017-102099,51.989999999999995,23.5629,-0.55710301013636,0
CA-2015-154200,51.98,15.0742,-0.5572021952965547,0
CA-2015-138492,51.968,-10.3936,-0.5573212422037873,0
CA-2015-106565,51.84,24.8832,-0.5585927566779406,0
US-2016-126844,51.712,-32.32,-0.5598673550161999,0
CA-2015-149566,51.6,23.598,-0.5609851700800286,0
CA-2015-111073,51.588,-15.4764,-0.5611050771200738,0
CA-2015-132906,51.52,1.5456,-0.5617850676008659,0
CA-2015-119102,51.45,13.8915,-0.5624859780578402,0
US-2017-126053,51.41,15.445599999999999,-0.5628869184318417,0
CA-2017-157833,51.312,17.9592,-0.5638705170427911,0
CA-2016-119123,51.184,19.194,-0.5651579960385382,0
US-2014-115987,51.184,-79.3352,-0.5651579960385382,0
CA-2017-148138,51.168,-6.396,-0.5653191529149105,0
CA-2014-135755,51.072,18.5136,-0.566287133363062,0
CA-2015-120439,51.072,5.1072,-0.566287133363062,0
US-2014-107993,51.016,8.2901,-0.5668526130868433,0
CA-2017-138163,50.94,14.2632,-0.5676210243842259,0
CA-2015-161830,50.912,15.8485,-0.5679044067419858,0
CA-2015-112014,50.8,13.208,-0.5690394667290836,0
CA-2016-119018,50.768,22.763,-0.5693642203743516,0
CA-2016-165827,50.496,8.2056,-0.5721327590626941,0
CA-2015-162761,50.461999999999996,-2.4326,-0.5724798541504075,0
CA-2017-165757,50.415000000000006,-30.7927,-0.5729600398575301,0
CA-2017-144883,50.4,23.184,-0.5731133830195573,0
CA-2017-112473,50.136,-11.2806,-0.5758195721626069,0
CA-2016-135594,50.12,-0.6265,-0.5759840323641469,0
CA-2015-132080,50.112,16.2864,-0.5760662817687645,0
CA-2017-142328,50.04,25.02,-0.5768071062516247,0
CA-2015-126347,50.0,10.5,-0.5772191271035657,0
CA-2015-111458,50.0,12.0,-0.5772191271035657,0
CA-2014-132500,49.98,8.4966,-0.5774252587279898,0
CA-2017-102414,49.896,5.0588999999999995,-0.5782918955386506,0
US-2014-163797,49.792,-11.8256,-0.5793668582935169,0
CA-2017-109757,49.704,-19.142400000000002,-0.5802781627335922,0
CA-2017-100160,49.687999999999995,16.9641,-0.580444024363415,0
CA-2014-169033,49.65,20.853,-0.5808381556584046,0
CA-2014-151078,49.632,4.9632,-0.5810249526480921,0
CA-2017-114370,49.616,4.9616,-0.5811910501746744,0
CA-2014-154837,49.568,17.3488,-0.5816896579632452,0
CA-2014-127383,49.568,17.9684,-0.5816896579632452,0
US-2017-151127,49.56,18.8328,-0.5817728052729244,0
CA-2016-118500,49.5,13.365,-0.5823968297710201,0
CA-2016-131576,49.44,24.2256,-0.5830215961252425,0
US-2014-158400,49.408,18.528,-0.58335510879373,0
CA-2015-151841,49.400000000000006,3.997,-0.5834385200421762,0
CA-2015-129770,49.12,23.0864,-0.5863662856631077,0
CA-2017-147564,49.12,23.0864,-0.5863662856631077,0
US-2017-146822,49.12,23.0864,-0.5863662856631077,0
CA-2017-136672,49.08,4.908,-0.5867858725674177,0
CA-2016-158806,48.996,-1.889100000000001,-0.5876680970013388,0
CA-2014-102008,48.94,24.47,-0.588257070484074,0
CA-2014-111857,48.91,22.9877,-0.5885728637252631,0
CA-2017-110212,48.9,18.093,-0.588678170322095,0
CA-2017-107503,48.896,8.5568,-0.5887202988699337,0
CA-2017-163209,48.88,19.1,-0.5888888468411446,0
CA-2017-155159,48.87,23.9463,-0.5889942167802911,0
CA-2017-100601,48.86,0.9772,-0.5890996078504792,0
CA-2015-110632,48.84,11.834999999999999,-0.5893104534178937,0
CA-2015-155635,48.81,23.9169,-0.5896268804639201,0
CA-2017-133641,48.69,23.8581,-0.5908944973271062,0
CA-2015-123456,48.632,-121.58,-0.5915082766007652,0
CA-2015-166492,48.5,18.3124,-0.5929078315417237,0
CA-2014-129574,48.4,23.232,-0.5939705873533067,0
CA-2014-165477,48.36,6.045,-0.5943962921718311,0
CA-2016-132143,48.16,22.1536,-0.596530004277614,0
CA-2017-128699,47.992,7.1988,-0.5983290416468996,0
CA-2017-149181,47.992,-2.0568,-0.5983290416468996,0
CA-2015-151043,47.984,-1.1996,-0.5984148639006597,0
CA-2017-118367,47.98,23.99,-0.5984577802838227,0
CA-2017-169901,47.976,4.7976,-0.5985007001719377,0
CA-2015-165414,47.976,4.7976,-0.5985007001719377,0
US-2016-163538,47.97,14.8707,-0.5985650865771474,0
US-2015-163685,47.968,4.0352,-0.5985865504653135,0
CA-2017-164917,47.96,4.1965,-0.5986724147853694,0
CA-2015-100888,47.952,16.1838,-0.5987582931366892,0
US-2017-129441,47.94,2.397,-0.5988871369823224,0
CA-2017-124940,47.904,-2.994,-0.5992738581581545,0
CA-2014-133634,47.79,16.2486,-0.6005003560012656,0
CA-2014-156006,47.79,16.2486,-0.6005003560012656,0
CA-2014-107524,47.76,22.8112,-0.6008235949062167,0
CA-2017-100811,47.744,6.5696,-0.6009960703162753,0
CA-2015-122623,47.516,-2.0364,-0.603460015317085,0
US-2014-149034,47.496,-1.1874,-0.6036767029751797,0
US-2015-117184,47.368,-44.989200000000004,-0.6050656236904169,0
CA-2017-167871,47.328,14.872,-0.6055004152844503,0
CA-2014-111934,47.32,22.0028,-0.6055874167861359,0
CA-2014-116757,47.232,16.2648,-0.6065453851128846,0
US-2017-141852,47.12,20.7328,-0.6077671485286944,0
CA-2017-164364,47.1,14.9838,-0.6079856197726352,0
CA-2017-160983,46.96,22.5408,-0.6095174667819058,0
CA-2015-145457,46.9,13.132,-0.6101753419811887,0
CA-2014-150329,46.872,3.5154,-0.6104826324705122,0
CA-2014-139017,46.864,7.6154,-0.6105704627656494,0
CA-2014-117709,46.8,21.06,-0.6112736340627044,0
CA-2016-165015,46.72,17.52,-0.6121539233300551,0
US-2014-157021,46.688,20.3536,-0.6125064523184423,0
CA-2015-144043,46.688,-2.918,-0.6125064523184423,0
CA-2015-169572,46.62,21.4452,-0.6132563625212708,0
CA-2016-113096,46.53,12.0978,-0.6142505389875105,0
CA-2016-155383,46.53,13.0284,-0.6142505389875105,0
CA-2017-151183,46.36,15.2988,-0.6161335747644809,0
CA-2016-148593,46.35,21.7845,-0.6162445519731568,0
CA-2015-143238,46.32,18.0648,-0.6165776242794776,0
CA-2017-107720,46.26,12.0276,-0.6172444028460632,0
CA-2014-107153,46.26,12.4902,-0.6172444028460632,0
CA-2017-148145,46.2,21.252,-0.6179120284743629,0
CA-2015-119634,46.152,12.1149,-0.6184467403092646,0
CA-2014-120544,46.088,-88.0328,-0.6191605367785666,0
CA-2017-116358,46.019999999999996,18.287399999999998,-0.619920009319928,0
CA-2016-161473,46.001999999999995,17.8854,-0.6201212300208434,0
CA-2015-128083,45.976,8.234,-0.6204120182300337,0
CA-2016-116603,45.96,13.788,-0.6205910448268019,0
CA-2017-120327,45.92,21.5824,-0.62103887831767,0
CA-2017-132430,45.888,9.1776,-0.6213974200813516,0
CA-2015-147879,45.68,21.0128,-0.6237339230431174,0
CA-2017-155089,45.66,-33.484,-0.6239591352041521,0
CA-2016-163384,45.616,20.0124,-0.6244549419450784,0
CA-2015-151470,45.584,16.5242,-0.6248158226938393,0
CA-2016-114713,45.584,5.1282,-0.6248158226938393,0
CA-2017-158722,45.528,15.9348,-0.6254479609242148,0
CA-2015-109736,45.36,21.7728,-0.6273489506749735,0
CA-2015-164497,45.28,15.3952,-0.6282566064614457,0
CA-2014-160738,45.248,3.9592,-0.6286201081669163,0
CA-2017-134306,45.08,18.79,-0.6305326280775736,0
CA-2015-142937,45.04,4.504,-0.6309890176587811,0
CA-2014-136742,44.91,-35.928,-0.6324750270026736,0
CA-2016-134222,44.856,-35.8848,-0.633093529760583,0
CA-2017-134880,44.784,16.2342,-0.6339193340557931,0
US-2017-106705,44.75,20.585,-0.6343097487255913,0
CA-2015-130792,44.660000000000004,-36.5239,-0.6353446015110459,0
CA-2015-156440,44.46,14.6718,-0.6376515963032889,0
CA-2016-122322,44.4,12.432,-0.6383456741982326,0
CA-2017-166849,44.4,-52.17,-0.6383456741982326,0
CA-2014-163650,44.34,18.3786,-0.6390406699835406,0
CA-2016-152534,44.040000000000006,20.004,-0.6425295026887531,0
CA-2016-155488,44.02,11.4452,-0.6427629171139677,0
US-2016-131114,43.964,-11.6466,-0.6434170295718348,0
CA-2017-115322,43.92,12.7368,-0.6439315468366476,0
US-2017-100482,43.888000000000005,-3.2788000000000004,-0.6443060578588976,0
CA-2017-129833,43.85,20.483,-0.6447511366180287,0
US-2017-116505,43.8,20.586,-0.6453373414414776,0
CA-2014-120950,43.68,20.9664,-0.6467469066219574,0
CA-2015-119214,43.66,20.8106,-0.6469822021574445,0
CA-2016-139409,43.6,12.208,-0.6476887215151207,0
US-2017-110989,43.5,10.875,-0.6488683686315999,0
CA-2016-100468,43.46,6.4334,-0.6493409698952227,0
US-2017-144582,43.372,-69.3952,-0.6503821911052509,0
CA-2014-111899,43.312000000000005,4.6848,-0.6510932992869966,0
CA-2014-141607,43.31,4.331,-0.6511170194724955,0
CA-2014-137351,43.176,13.4925,-0.6527087157448215,0
CA-2015-144722,43.13,18.1146,-0.6532562323437903,0
CA-2015-143882,43.056,15.6078,-0.6541382185839671,0
CA-2014-148950,43.016,-10.3947,-0.6546155849259295,0
CA-2015-105158,43.0,20.271600000000003,-0.6548066529410251,0
CA-2017-118360,42.93,19.3185,-0.6556433932492841,0
CA-2017-107909,42.91,14.8186,-0.6558827068097636,0
CA-2017-151596,42.76,11.1176,-0.6576810406156682,0
CA-2016-134348,42.622,-5.9478,-0.6593409603912908,0
US-2017-122637,42.616,-68.1856,-0.659413249884937,0
CA-2015-103072,42.32,17.1976,-0.6629919340147594,0
CA-2017-168403,42.28,12.1134,-0.663477414483217,0
CA-2016-128811,42.244,17.7831,-0.6639147306868612,0
CA-2014-155390,42.208,13.7176,-0.6643524111015165,0
CA-2016-112578,41.99,11.3383,-0.6670106246206953,0
CA-2015-119508,41.98,15.2818,-0.6671328841466001,0
CA-2017-146780,41.96,10.9096,-0.6673774885586173,0
CA-2017-169012,41.91,10.8966,-0.6679894981418535,0
CA-2016-133802,41.904,14.1426,-0.6680629872094538,0
CA-2015-125395,41.9,8.799,-0.6681119856309832,0
CA-2016-137736,41.86,10.465,-0.6686022212726258,0
CA-2015-110324,41.620000000000005,19.0642,-0.6715532776170456,0
CA-2016-137393,41.6,14.144,-0.6717999486235605,0
CA-2016-137204,41.568,2.598,-0.6721948632164306,0
US-2015-107349,41.568,-66.5088,-0.6721948632164306,0
US-2016-132423,41.528,8.7749,-0.6726889241437953,0
CA-2017-107797,41.472,14.5152,-0.6733813906888063,0
CA-2017-125752,41.424,8.2848,-0.6739756605256684,0
CA-2017-103506,41.4,19.872,-0.6742730476333294,0
CA-2015-105599,41.374,-13.8847,-0.6745954070180806,0
CA-2017-143329,41.37,17.3754,-0.6746450183246154,0
CA-2016-161095,41.32,14.5589,-0.6752655551421752,0
CA-2017-149468,41.28,19.8144,-0.6757625126919559,0
CA-2017-109099,40.99,20.0851,-0.6793795780023197,0
CA-2015-163090,40.92,3.069,-0.6802564052795232,0
CA-2016-139689,40.896,-29.8968,-0.6805573688668639,0
CA-2016-161781,40.88,10.6288,-0.6807581070548401,0
CA-2017-126123,40.852000000000004,-66.0118,-0.6811095834915901,0
CA-2014-118192,40.846000000000004,10.5716,-0.6811849304634124,0
US-2017-101518,40.776,0.5097,-0.6820647775963189,0
CA-2015-145415,40.74,0.4074,-0.6825178446417265,0
US-2017-138086,40.74,12.222,-0.6825178446417265,0
CA-2016-145842,40.74,0.4074,-0.6825178446417265,0
CA-2017-113075,40.68,-7.119,-0.6832738254525947,0
CA-2016-159989,40.68,-9.153,-0.6832738254525947,0
CA-2016-146010,40.635,-32.508,-0.683841525577125,0
CA-2014-135405,40.544,10.918,-0.6849914187695282,0
CA-2014-166457,40.54,17.6846,-0.6850420212990299,0
CA-2016-113082,40.48,14.5728,-0.6858016445144919,0
CA-2014-143637,40.48,14.5728,-0.6858016445144919,0
CA-2017-152786,40.41,18.5886,-0.6866892615642299,0
CA-2017-137344,40.29,10.4754,-0.6882143873835245,0
CA-2017-125290,40.28,15.7488,-0.6883416812123488,0
CA-2016-152632,40.2,19.296,-0.6893611433549932,0
CA-2017-136000,40.176,14.5638,-0.6896673680328225,0
CA-2017-152485,40.096,6.747199999999999,-0.6906894075804064,0
CA-2014-102645,40.08,19.2384,-0.6908940542222962,0
CA-2014-123925,40.05,11.214,-0.6912779816006754,0
US-2017-131583,40.032,15.012,-0.6915084727292249,0
CA-2016-138667,40.0,0.5,-0.691918484507176,0
US-2016-122182,39.992,7.4985,-0.6920210374531025,0
CA-2016-153353,39.99,11.5971,-0.6920466788168083,0
CA-2017-169362,39.984,-1.4994,-0.6921236104152181,0
CA-2015-105508,39.98,17.991,-0.6921749044047891,0
CA-2015-145324,39.96,14.3856,-0.6924314494768748,0
CA-2015-107020,39.92,12.974,-0.692944915633727,0
US-2016-116400,39.92,11.1776,-0.692944915633727,0
CA-2017-169929,39.9,10.374,-0.6932018369635725,0
CA-2017-140781,39.816,7.4655,-0.6942822802404448,0
US-2016-114230,39.808,3.9808,-0.6943852955440645,0
CA-2017-131212,39.792,13.804200000000002,-0.6945913867505218,0
CA-2016-146437,39.68,10.3168,-0.696036292604998,0
CA-2014-142979,39.68,16.2688,-0.696036292604998,0
CA-2016-128111,39.68,10.3168,-0.696036292604998,0
CA-2017-125990,39.624,13.8684,-0.6967602380088871,0
CA-2015-107083,39.608000000000004,-82.59320000000001,-0.6969672628568396,0
CA-2014-124464,39.48,11.0544,-0.6986264041551294,0
US-2015-100531,39.368,-35.3712,-0.7000824620777125,0
CA-2017-151855,39.252,-9.7101,-0.7015947870630357,0
CA-2014-166730,39.128,-8.8038,-0.7032162374323234,0
CA-2014-155208,39.072,9.768,-0.7039501483721715,0
CA-2016-145492,39.0,11.31,-0.7048952566551837,0
CA-2014-126802,38.976,-50.6688,-0.7052106708307406,0
CA-2016-147473,38.88,18.6624,-0.7064742240014034,0
US-2017-114034,38.88,18.6624,-0.7064742240014034,0
US-2015-140851,38.88,18.6624,-0.7064742240014034,0
US-2017-158946,38.864,7.7728,-0.706685111873307,0
CA-2014-148614,38.66,15.082799999999999,-0.7093813766334064,0
US-2014-161305,38.572,-33.3918,-0.7105487556003052,0
CA-2015-105221,38.528,-3.8068,-0.7111334189493108,0
CA-2015-159380,38.519999999999996,17.334,-0.7112397912945242,0
CA-2017-130148,38.379999999999995,17.4192,-0.7131048011038726,0
CA-2017-156139,38.376,13.4316,-0.7131581844722695,0
CA-2016-105263,38.34,15.7194,-0.7136388789646062,0
CA-2016-166443,38.29,16.4647,-0.7143072404558509,0
CA-2016-130680,38.24,-9.56,-0.7149764530379803,0
US-2017-118038,38.196,-5.0352,-0.715566065855914,0
CA-2016-140641,38.19,-26.733,-0.7156465188813151,0
CA-2017-163188,38.16,19.08,-0.7160489688586587,0
CA-2016-103919,38.08,-29.512,-0.7171236779647513,0
CA-2014-126200,38.064,-59.6184,-0.7173388837702693,0
US-2017-108700,38.016,13.7808,-0.7179850304537964,0
CA-2015-142055,37.94,18.2112,-0.7190097235615339,0
CA-2017-118521,37.94,18.2112,-0.7190097235615339,0
CA-2016-154998,37.94,18.2112,-0.7190097235615339,0
CA-2017-169411,37.93,6.8274,-0.7191447004647368,0
CA-2015-132276,37.775999999999996,10.5336,-0.7212277345083465,0
CA-2016-141523,37.768,12.5795,-0.7213361699920143,0
CA-2015-153738,37.68,16.956,-0.7225304393350273,0
CA-2017-150707,37.66,18.4534,-0.7228022431009679,0
CA-2016-166618,37.629999999999995,10.0634,-0.7232102125118547,0
US-2017-133781,37.608,12.6927,-0.7235095914923245,0
CA-2017-120614,37.52,18.0096,-0.7247088158000811,0
CA-2017-104647,37.44,16.848,-0.7258013994986717,0
CA-2014-138709,37.44,18.564,-0.7258013994986717,0
US-2016-144477,37.312,2.7984,-0.7275542719004081,0
US-2014-139500,37.296,-1.0656,-0.7277737926094194,0
CA-2016-123414,37.263999999999996,6.8468,-0.7282131093077143,0
CA-2017-152926,37.208,-94.8804,-0.7289827983224022,0
CA-2016-149335,37.17,11.151,-0.7295057300382773,0
CA-2016-142762,37.05,16.302,-0.7311605177704598,0
CA-2017-115805,36.792,4.1391,-0.7347360544391653,0
CA-2017-128160,36.672,11.46,-0.7364074198987935,0
CA-2016-104311,36.648,-5.1912,-0.7367423317973709,0
CA-2015-130876,36.63,9.8901,-0.7369936558611201,0
CA-2015-127418,36.624,13.734,-0.7370774572650342,0
CA-2014-126963,36.544,11.8768,-0.7381960881040188,0
CA-2016-101623,36.48,18.24,-0.7390927103214818,0
US-2017-111920,36.44,12.0252,-0.7396538770269454,0
US-2016-117541,36.370000000000005,14.1406,-0.7406373629410606,0
CA-2016-116918,36.364,0.5435999999999996,-0.7407217474360741,0
CA-2014-169852,36.36,12.2715,-0.740778011294565,0
CA-2017-106852,36.352,11.4768,-0.7408905570857076,0
CA-2016-132409,36.352,6.7032,-0.7408905570857076,0
CA-2014-139451,36.29,10.3751,-0.7417636051502533,0
CA-2015-158148,36.27,10.881,-0.7420455432309058,0
US-2014-160780,36.252,-24.9072,-0.7422994168907411,0
CA-2016-125794,36.24,15.2208,-0.7424687341567923,0
CA-2016-130001,36.24,11.325,-0.7424687341567923,0
US-2016-134761,36.192,2.7144,-0.7431465492590068,0
CA-2016-124814,36.16,14.340799999999998,-0.7435989121616796,0
CA-2014-146990,36.1,16.7244,-0.7444481435391493,0
CA-2017-112865,36.048,-0.9012,-0.7451852557500296,0
CA-2017-100580,36.024,11.7078,-0.745525810402663,0
CA-2014-109890,35.98,10.0744,-0.7461507343471239,0
US-2017-114356,35.96,3.596,-0.7464350365286485,0
CA-2017-117933,35.91,9.6957,-0.7471464655932062,0
CA-2014-127523,35.91,9.6957,-0.7471464655932062,0
CA-2016-158617,35.88,16.146,-0.7475737857710244,0
CA-2015-156923,35.88,16.146,-0.7475737857710244,0
CA-2017-148320,35.88,17.5812,-0.7475737857710244,0
CA-2017-151176,35.730000000000004,9.2898,-0.7497156141794887,0
CA-2017-144036,35.712,2.232,-0.7499732211739765,0
CA-2017-163020,35.56,12.0904,-0.7521536192847394,0
CA-2017-154137,35.48,0.0,-0.7533048411464822,0
CA-2017-139787,35.4,13.452,-0.7544585903908492,0
CA-2016-160479,35.4,13.452,-0.7544585903908492,0
CA-2016-126809,35.352,12.8151,-0.7551520577046658,0
CA-2014-149244,35.34,13.4292,-0.7553255676065548,0
CA-2016-136371,35.3,13.7996,-0.7559043480281962,0
CA-2015-116841,35.208,2.6406,-0.7572379670043455,0
US-2017-115595,35.2,16.544,-0.7573540939675252,0
US-2017-116491,35.184,12.3144,-0.7575864249039935,0
CA-2017-126382,35.168,9.6712,-0.7578188585962972,0
CA-2015-147816,35.12,13.17,-0.7585167771181688,0
CA-2017-116498,35.1,10.179,-0.7588078502741732,0
CA-2017-165687,35.04,12.264,-0.7596820382823425,0
CA-2016-101329,35.010000000000005,9.1602,-0.7601196781991522,0
CA-2016-113138,34.992000000000004,11.431799999999999,-0.760382437190631,0
CA-2016-130442,34.944,3.0576,-0.7610837707952489,0
CA-2017-148985,34.92,11.8728,-0.7614347888889391,0
CA-2014-127159,34.79,10.7849,-0.7633402221313849,0
CA-2017-120719,34.76,11.297,-0.763780920328893,0
CA-2014-165428,34.752,4.8672,-0.763898502289274,0
CA-2016-161361,34.68,14.1816,-0.764957925456338,0
CA-2014-104976,34.68,16.9932,-0.764957925456338,0
US-2017-108063,34.65,10.395,-0.7653999828801863,0
CA-2017-115427,34.623999999999995,10.9938,-0.7657834003232684,0
CA-2016-101938,34.58,10.0282,-0.7664328985540265,0
CA-2017-112774,34.504,6.0382,-0.767556653281342,0
CA-2017-160724,34.5,15.525,-0.7676158648829743,0
CA-2017-108294,34.5,15.525,-0.7676158648829743,0
CA-2014-101833,34.44,17.22,-0.7685048404032092,0
CA-2015-131128,34.44,17.22,-0.7685048404032092,0
US-2015-136259,34.418,-3.4938000000000002,-0.7688311752392362,0
CA-2016-101630,34.38,10.7595,-0.7693953222368219,0
CA-2016-151155,34.34,14.3178,-0.7699898161573803,0
CA-2014-130729,34.272,11.1384,-0.77100200178557,0
CA-2017-124261,34.24,9.9296,-0.7714789998394028,0
CA-2017-110373,34.24,4.2438,-0.7714789998394028,0
CA-2014-130155,34.2,9.234,-0.7720758568822425,0
CA-2016-162726,34.048,11.0288,-0.7743501159433863,0
CA-2015-157035,34.02,16.6698,-0.7747701340040061,0
CA-2014-116785,34.0,12.002,-0.7750703525610037,0
CA-2016-140564,33.92,13.2288,-0.77627294477853,0
US-2016-157840,33.9,15.594,-0.7765740233142537,0
US-2016-153129,33.9,15.594,-0.7765740233142537,0
CA-2016-161676,33.8,4.225,-0.778082008767113,0
CA-2017-150931,33.74,15.5204,-0.7789888814161933,0
CA-2017-144680,33.62,-90.774,-0.780807335028942,0
CA-2016-111941,33.568,11.7488,-0.7815972898989063,0
CA-2016-126795,33.568,11.7488,-0.7815972898989063,0
CA-2017-130526,33.568,-53.7088,-0.7815972898989063,0
CA-2014-141152,33.552,12.582,-0.7818405920188684,0
CA-2015-148432,33.48,3.9546,-0.7829368476319565,0
CA-2017-149853,33.472,6.5632,-0.7830587950903833,0
CA-2016-167983,33.44,11.704,-0.7835468680947996,0
CA-2016-105900,33.4,12.358,-0.7841575974717624,0
CA-2016-123526,33.4,16.032,-0.7841575974717624,0
CA-2017-104381,33.376,10.43,-0.7845243760627106,0
CA-2015-138219,33.36,16.68,-0.784769037412442,0
CA-2017-143084,33.3,13.065,-0.7856875332531174,0
CA-2017-105543,33.29,7.9896,-0.785840772084858,0
CA-2016-143476,33.216,11.1576,-0.7869761303100029,0
CA-2016-113390,33.064,4.133,-0.7893159394064727,0
CA-2015-149300,32.985,-1.9791,-0.7905361510674942,0
CA-2015-120397,32.784,-85.2384,-0.793653575148203,0
CA-2017-165715,32.776,2.4582,-0.7937780352008229,0
CA-2014-165974,32.76,3.6855,-0.7940270437673067,0
CA-2016-109820,32.751,-7.4058,-0.7941671629524942,0
CA-2015-148628,32.75,15.065,-0.794182734057212,0
CA-2017-169474,32.67,8.4942,-0.7954299196196724,0
CA-2017-117128,32.67,15.1389,-0.7954299196196724,0
CA-2017-155362,32.56,8.4656,-0.7971496469514107,0
CA-2014-109218,32.4,10.368,-0.799661157440952,0
CA-2014-161634,32.4,15.552,-0.799661157440952,0
CA-2016-152646,32.4,15.552,-0.799661157440952,0
US-2014-158365,32.4,15.552,-0.799661157440952,0
CA-2016-113117,32.4,15.552,-0.799661157440952,0
CA-2016-120558,32.4,15.552,-0.799661157440952,0
CA-2015-133025,32.4,15.552,-0.799661157440952,0
US-2017-148866,32.4,15.552,-0.799661157440952,0
CA-2015-145065,32.308,12.478,-0.8011107295183423,0
CA-2014-168823,32.16,11.1378,-0.8034510722053699,0
CA-2017-124597,32.088,10.4073,-0.8045933968013963,0
US-2016-142251,32.064,11.2224,-0.8049747241150661,0
US-2015-158589,32.04,8.01,-0.8053563283214001,0
US-2016-159093,32.04,14.418,-0.8053563283214001,0
CA-2014-136861,31.984,1.999,-0.8062478172030879,0
CA-2017-121468,31.968,2.3976,-0.8065028063248936,0
CA-2016-126858,31.96,1.598,-0.8066303472962105,0
CA-2015-112053,31.95,2.2365,-0.8067898170500459,0
CA-2015-120320,31.92,2.394,-0.8072685168582151,0
CA-2017-130043,31.872,11.5536,-0.8080353446738392,0
CA-2014-104780,31.84,10.5072,-0.8085471855418926,0
CA-2016-123176,31.830000000000002,13.3743,-0.8087072380997711,0
CA-2017-108756,31.8,13.674,-0.8091876884483932,0
CA-2015-168809,31.782,-26.6026,-0.8094761696320325,0
CA-2017-146185,31.744,8.3328,-0.8100857059958739,0
CA-2017-148355,31.740000000000002,15.481200000000001,-0.810149908863186,0
CA-2014-156433,31.68,15.2244,-0.8111138942812572,0
CA-2016-147578,31.56,10.4148,-0.8130471861110657,0
CA-2016-159639,31.56,10.4148,-0.8130471861110657,0
CA-2015-148495,31.56,10.4148,-0.8130471861110657,0
CA-2015-149636,31.538,7.8934,-0.8134023957019673,0
CA-2017-107986,31.44,8.4888,-0.8149876162653588,0
US-2014-127635,31.408,-19.627,-0.8155062766279426,0
CA-2016-162901,31.4,7.85,-0.8156360217390157,0
CA-2014-103331,31.4,14.1098,-0.8156360217390157,0
CA-2016-165148,31.4,10.048,-0.8156360217390157,0
CA-2016-109407,31.36,15.68,-0.8162852282079024,0
US-2017-131849,31.349999999999998,2.178,-0.8164476552126667,0
CA-2015-167696,31.12,14.6264,-0.8201973993988146,0
US-2016-136581,31.104,10.8864,-0.8204592492147609,0
CA-2016-118178,31.086,-20.724,-0.8207539862922844,0
CA-2015-166800,31.08,8.3916,-0.8208522687293252,0
CA-2017-117044,31.072000000000003,9.71,-0.8209833405768016,0
US-2014-109036,31.05,14.904,-0.8213439568079783,0
CA-2016-160598,31.008,11.2404,-0.8220330938741244,0
CA-2014-138023,30.96,-52.632,-0.8228217872233504,0
CA-2016-153185,30.96,11.223,-0.8228217872233504,0
CA-2017-161970,30.900000000000002,12.6792,-0.8238093213123681,0
CA-2015-129098,30.84,8.3268,-0.824798714581816,0
CA-2014-113320,30.72,9.5754,-0.826783106756068,0
US-2017-119319,30.56,-19.864,-0.8294406728225756,0
CA-2014-133851,30.46,10.7732,-0.8311085021174555,0
CA-2017-127705,30.41,1.7574999999999998,-0.8319444058561698,0
CA-2016-126627,30.392,-32.5272,-0.8322456569791976,0
CA-2017-100783,30.384,3.798,-0.8323796018173719,0
CA-2014-156314,30.36,8.7285,-0.8327816412885147,0
CA-2016-128972,30.36,13.0548,-0.8327816412885147,0
CA-2016-161662,30.352,10.6232,-0.8329157228225325,0
CA-2017-101700,30.351999999999997,10.3614,-0.8329157228225325,0
CA-2016-167605,30.344,-31.8612,-0.833049838574117,0
US-2017-115252,30.336,5.8836,-0.8331839885607373,0
CA-2017-149720,30.336,-17.4432,-0.8331839885607373,0
CA-2016-122511,30.336,9.48,-0.8331839885607373,0
CA-2017-127656,30.32,11.8248,-0.8334523913090289,0
CA-2015-129112,30.264000000000003,-13.8837,-0.8343928819059684,0
CA-2014-107398,30.246000000000002,-23.544,-0.8346955402491655,0
CA-2015-169740,29.99,2.999,-0.839018989591584,0
US-2015-129553,29.97,0.2997,-0.839358261759424,0
CA-2017-109750,29.97,14.0859,-0.839358261759424,0
US-2016-150567,29.97,-23.7792,-0.839358261759424,0
CA-2015-131779,29.9,5.083,-0.840547442156323,0
CA-2017-154102,29.9,13.455,-0.840547442156323,0
CA-2017-161088,29.84,13.428,-0.8415688857621043,0
CA-2015-163762,29.79,12.5118,-0.8424216079510269,0
CA-2016-152940,29.74,4.461,-0.8432757160046725,0
US-2017-160143,29.7,8.019,-0.8439600033015237,0
CA-2017-100013,29.689999999999998,12.216199999999999,-0.8441312144350567,0
CA-2017-138779,29.664,8.0316,-0.8445766246000321,0
CA-2016-169215,29.61,13.3245,-0.8455029152326811,0
CA-2014-138100,29.5,13.282599999999999,-0.8473948689262222,0
CA-2017-107727,29.472,9.9468,-0.8478775466467134,0
CA-2016-152814,29.472,9.9468,-0.8478775466467134,0
CA-2017-122644,29.392000000000003,6.539,-0.8492590736508662,0
CA-2016-139234,29.384,-8.565199999999999,-0.8493974263092227,0
CA-2016-119683,29.34,13.4964,-0.8501590176772166,0
CA-2017-121412,29.328,3.666,-0.850366916105351,0
CA-2015-165813,29.304,2.5641,-0.8507829598555916,0
CA-2017-148068,29.26,12.571800000000001,-0.8515465632218303,0
CA-2014-102085,29.24,13.7428,-0.8518940227847231,0
CA-2015-114048,29.22,12.8568,-0.8522417122249487,0
US-2017-163195,29.16,8.4564,-0.8532861628563723,0
CA-2016-140207,29.12,9.828,-0.8539836182603097,0
US-2016-133508,29.05,9.0055,-0.8552063969366459,0
CA-2016-101378,29.0,7.25,-0.8560815554565132,0
US-2017-104955,28.91,13.2986,-0.8576605228027329,0
US-2016-115952,28.85,14.425,-0.8587158094419283,0
CA-2014-169649,28.836000000000002,-50.052,-0.8589623481984601,0
CA-2017-152198,28.83,-2.8011999999999997,-0.8590680430809399,0
CA-2016-105473,28.8,0.864,-0.8595968365883065,0
CA-2014-147900,28.8,10.08,-0.8595968365883065,0
CA-2017-150959,28.775999999999996,-28.695,-0.8600202548223556,0
CA-2015-143077,28.524,-20.631,-0.8644868654391225,0
CA-2017-133431,28.47,11.2293,-0.8654489553700081,0
CA-2017-123043,28.416,9.0204,-0.8664128098250714,0
CA-2016-154508,28.4,13.348,-0.866698736148627,0
CA-2017-135111,28.38,13.559000000000001,-0.8670563629536711,0
CA-2017-107342,28.16,13.2352,-0.8710064042809317,0
CA-2017-120894,28.08,5.265,-0.8724501759849582,0
CA-2014-138072,27.968,6.992,-0.8744781432137909,0
CA-2016-161207,27.93,8.0997,-0.8751679853678307,0
CA-2016-142615,27.88,3.9032,-0.8760770542153906,0
CA-2016-159765,27.86,9.1938,-0.8764411225151824,0
CA-2016-157742,27.792,10.422,-0.8776808446866186,0
CA-2017-123701,27.76,9.9936,-0.8782652568343964,0
CA-2016-113817,27.68,9.688,-0.8797291368052512,0
CA-2017-154123,27.58,11.5836,-0.8815647396834245,0
CA-2015-111703,27.503999999999998,9.6714,-0.8829640984844357,0
CA-2014-155271,27.46,9.8856,-0.883775959929099,0
CA-2017-110625,27.46,9.8856,-0.883775959929099,0
CA-2017-107874,27.42,11.2422,-0.8845151057186403,0
CA-2016-162614,27.264,8.8608,-0.8874077487170327,0
CA-2016-138037,27.24,9.534,-0.8878541872853484,0
CA-2015-160794,27.216,9.8658,-0.8883010054245486,0
CA-2016-153346,27.21,10.5825,-0.8884127693429648,0
US-2017-103226,27.18,12.231,-0.8889719457423046,0
US-2015-165449,27.168,-1.3584,-0.8891957830012002,0
CA-2015-169278,26.976,8.7672,-0.8927902061537298,0
CA-2015-121391,26.96,7.0096,-0.893090854085117,0
CA-2016-149237,26.94,11.3148,-0.8934669060294146,0
US-2015-145121,26.9,13.181,-0.8942198181492154,0
CA-2017-127621,26.88,9.744,-0.8945966790974064,0
CA-2015-140375,26.82,12.947400000000002,-0.8957288861487539,0
CA-2015-144253,26.8,12.864,-0.8961068311990108,0
CA-2017-154088,26.72,9.352,-0.8976213353299783,0
US-2014-164644,26.632,1.3316,-0.8992923464985039,0
CA-2017-103009,26.4,11.88,-0.9037233785698693,0
CA-2017-163874,26.352,9.5526,-0.9046448269118349,0
CA-2016-130484,26.352,-18.4464,-0.9046448269118349,0
US-2016-155180,26.336,9.2176,-0.9049523357384739,0
CA-2017-127803,26.16,12.8184,-0.9083468620836512,0
CA-2017-155558,26.15,9.7534,-0.9085403927688551,0
CA-2014-115056,26.136,1.9602,-0.9088114555157641,0
CA-2014-145576,26.128,5.0743,-0.9089664113092301,0
CA-2017-108322,26.056,6.9585,-0.9103630733235293,0
CA-2015-118227,25.99,7.5371,-0.9116466157445827,0
CA-2014-107916,25.951999999999998,10.8096,-0.9123870495791944,0
CA-2017-100433,25.92,12.4416,-0.9130113829697983,0
CA-2017-105326,25.92,12.4416,-0.9130113829697983,0
CA-2014-164861,25.92,12.4416,-0.9130113829697983,0
CA-2016-155439,25.92,12.4416,-0.9130113829697983,0
CA-2017-160458,25.92,9.072,-0.9130113829697983,0
CA-2015-115924,25.9,12.691,-0.9134019683238844,0
CA-2015-154900,25.869999999999997,11.736,-0.9139883911889716,0
CA-2017-107314,25.83,9.5571,-0.9147713076387715,0
US-2016-154256,25.83,12.1401,-0.9147713076387715,0
US-2017-105697,25.696,1.9272,-0.9174026087433454,0
US-2017-140074,25.68,11.556,-0.9177176762406312,0
CA-2016-120250,25.632,3.8448,-0.918664013656728,0
CA-2016-103359,25.584,8.9544,-0.9196120582368578,0
CA-2014-120432,25.5,6.63,-0.9212752626940728,0
CA-2017-167976,25.5,6.63,-0.9212752626940728,0
CA-2015-109113,25.488,4.779,-0.9215132936046411,0
CA-2015-112823,25.488,4.4604,-0.9215132936046411,0
CA-2017-131156,25.472,7.6416,-0.9218308359525086,0
CA-2016-165561,25.35,7.605,-0.9242584262563122,0
CA-2015-144386,25.344,8.8704,-0.9243781057428577,0
CA-2017-158883,25.344,9.1872,-0.9243781057428577,0
CA-2014-110422,25.248,4.1028,-0.9262966934645074,0
CA-2014-158442,25.184,7.656000000000001,-0.927579654296329,0
US-2015-150161,25.176,-18.4624,-0.9277402448460071,0
US-2014-165589,25.16,-11.322,-0.9280615732386114,0
US-2017-123281,25.11,6.5286,-0.9290669926570624,0
CA-2016-166625,25.06,11.7782,-0.9300743392751177,0
US-2014-111353,25.06,11.7782,-0.9300743392751177,0
CA-2017-110926,25.06,12.53,-0.9300743392751177,0
CA-2017-147753,25.06,11.7782,-0.9300743392751177,0
US-2015-138716,25.032,7.8225,-0.9306392979393893,0
US-2015-141684,24.96,11.232,-0.9320948437621649,0
CA-2016-131639,24.904,8.2365,-0.9332297286666049,0
CA-2014-147235,24.9,11.703,-0.9333108857310441,0
CA-2016-163937,24.85,7.7035,-0.9343264079209221,0
CA-2016-157868,24.85,11.6795,-0.9343264079209221,0
CA-2015-148859,24.816,1.551,-0.9350180856180617,0
CA-2016-100083,24.784,7.745,-0.9356699090439266,0
CA-2014-165379,24.72,8.113800000000001,-0.936975986310718,0
US-2016-150357,24.703,-7.1091999999999995,-0.9373234593873921,0
CA-2016-124233,24.7,10.374,-0.9373848020215179,0
US-2017-146416,24.678,9.3864,-0.9378348669224768,0
CA-2015-126186,24.64,4.004,-0.9386131607491955,0
US-2017-108245,24.619999999999997,-13.504199999999999,-0.9390232525138459,0
CA-2015-102806,24.588,-18.0312,-0.9396800656844617,0
CA-2017-110478,24.57,9.7178,-0.9400498841545165,0
CA-2015-164623,24.56,11.5432,-0.9402554513661077,0
CA-2014-138296,24.56,6.8768,-0.9402554513661077,0
CA-2015-136105,24.56,6.8768,-0.9402554513661077,0
CA-2017-104822,24.55,12.0295,-0.940461099018793,0
CA-2017-155642,24.5,-11.1669,-0.9414905461055264,0
CA-2017-122112,24.448,8.8624,-0.9425633145406114,0
CA-2017-146136,24.448,8.8624,-0.9425633145406114,0
CA-2015-134922,24.4,7.93,-0.9435555097435732,0
CA-2017-127922,24.288,8.184,-0.9458779428086246,0
CA-2014-162362,24.240000000000002,12.0048,-0.9468764217088507,0
CA-2015-146465,24.192,7.56,-0.9478768012680284,0
CA-2016-116232,24.066,-0.2088000000000001,-0.9505118938908812,0
CA-2017-103156,24.048,7.2144,-0.9508894166055706,0
CA-2017-142867,24.048000000000002,-18.831599999999998,-0.9508894166055706,0
US-2017-166233,24.0,-2.7,-0.9518974717159271,0
CA-2017-100356,23.992,-62.3792,-0.9520656690512503,0
US-2016-106677,23.988,-15.992,-0.9521497879101305,0
CA-2016-116974,23.976,-15.5844,-0.9524022253033751,0
CA-2014-110030,23.976,-14.3856,-0.9524022253033751,0
CA-2016-117408,23.968,2.3968,-0.9525705842891917,0
CA-2016-109057,23.952,2.3952,-0.9529074641531194,0
CA-2016-129903,23.92,11.7208,-0.9535818724198544,0
CA-2015-119942,23.904,7.7688,-0.9539194013779771,0
CA-2017-131618,23.887999999999998,-15.52,-0.9542571472570388,0
CA-2017-107461,23.88,11.2236,-0.9544261016290878,0
CA-2017-164049,23.85,10.7325,-0.9550601647300115,0
CA-2017-160087,23.832,6.5538,-0.9554409701190486,0
CA-2017-158120,23.766000000000002,3.1527000000000003,-0.956839622083859,0
CA-2014-110352,23.68,8.88,-0.9586677111737918,0
CA-2017-105144,23.68,8.88,-0.9586677111737918,0
CA-2016-121993,23.616,7.9704,-0.9600322885577556,0
CA-2017-144568,23.55,1.1775,-0.9614432298764184,0
CA-2014-107573,23.472,7.6284,-0.96311560452582,0
CA-2014-159625,23.472,8.802,-0.96311560452582,0
CA-2014-142951,23.472,4.9878,-0.96311560452582,0
CA-2016-158043,23.36,11.68,-0.9655263086141503,0
CA-2017-108091,23.36,6.0736,-0.9655263086141503,0
CA-2016-169026,23.34,0.2334,-0.965957957566328,0
CA-2017-150609,23.24,7.553,-0.9681215364547845,0
CA-2017-162936,23.18,7.6494,-0.9694239722384745,0
US-2017-141943,23.16,11.58,-0.9698588357880966,0
US-2014-130358,23.119999999999997,2.1006,-0.9707296438907907,0
CA-2016-164035,23.12,8.381,-0.9707296438907907,0
CA-2017-123659,23.12,11.3288,-0.9707296438907907,0
CA-2017-143651,23.1,6.93,-0.971165589639333,0
CA-2017-152968,23.08,6.924,-0.9716018973187996,0
CA-2016-104689,23.04,6.912,-0.9724756008778632,0
CA-2017-152499,22.991999999999997,5.7996,-0.9735259661237181,0
CA-2016-106656,22.979999999999997,10.611600000000001,-0.9737888857838665,0
CA-2017-146458,22.96,6.6584,-0.974227377732319,0
CA-2015-132815,22.96,11.2504,-0.974227377732319,0
CA-2016-112340,22.92,11.2308,-0.9751054607598769,0
CA-2015-133536,22.92,11.2308,-0.9751054607598769,0
CA-2015-152513,22.848,7.4256,-0.9766897169010517,0
CA-2017-119564,22.77,9.7911,-0.9784114010163629,0
CA-2016-149349,22.752,-8.532,-0.9788095150144083,0
CA-2017-130904,22.744,2.5149,-0.978986551421584,0
CA-2017-133333,22.72,10.224,-0.9795180187546574,0
CA-2017-134649,22.630000000000003,7.6137,-0.9815158218480237,0
US-2016-120460,22.608,-10.1736,-0.982005331030039,0
CA-2017-134607,22.58,5.8708,-0.9826290028821827,0
CA-2015-120845,22.549,-4.9428,-0.9833203611546368,0
CA-2016-113803,22.48,10.3408,-0.9848624638287627,0
CA-2017-169264,22.439999999999998,7.1592,-0.9857585127580852,0
US-2014-100279,22.38,10.7424,-0.987105457287989,0
US-2015-167220,22.368,6.4308,-0.9873752609576775,0
CA-2014-148285,22.32,7.6626,-0.9884558629211315,0
CA-2015-154795,22.288,6.7232,-0.9891775006174013,0
CA-2015-129700,22.288,-8.9152,-0.9891775006174013,0
US-2014-154655,22.24,2.502,-0.990261818546223,0
CA-2015-158792,22.2,10.434,-0.991167128967744,0
CA-2015-133627,22.2,9.102,-0.991167128967744,0
CA-2016-169922,22.16,-24.8936,-0.9920740016168241,0
CA-2016-114951,22.14,6.4206,-0.9925280254634062,0
US-2017-140312,22.0,1.375,-0.9957172229300314,0
CA-2017-146724,22.0,9.68,-0.9957172229300314,0
CA-2014-146528,22.0,7.676,-0.9957172229300314,0
CA-2016-128727,22.0,5.5,-0.9957172229300314,0
CA-2017-142489,21.99,-32.985,-0.9959457650383219,0
CA-2014-104829,21.98,9.891,-0.9961744065775958,0
CA-2015-128993,21.98,8.5722,-0.9961744065775958,0
CA-2017-117009,21.96,6.1488,-0.9966319882954305,0
CA-2017-160661,21.93,10.3071,-0.9973191087721328,0
US-2015-134271,21.93,10.3071,-0.9973191087721328,0
CA-2016-120859,21.88,10.94,-0.9984663097728314,0
US-2016-154361,21.88,6.2905,-0.9984663097728314,0
CA-2017-105074,21.744,6.795,-1.0015994257284058,0
CA-2014-130274,21.56,10.3488,-1.0058682993168844,0
CA-2016-155670,21.503999999999998,-5.026800000000001,-1.0071744345491744,0
CA-2016-111115,21.48,10.74,-1.007735202060747,0
CA-2014-141278,21.4,6.206,-1.0096087604434383,0
CA-2017-160934,21.4,6.206,-1.0096087604434383,0
US-2016-152835,21.4,6.206,-1.0096087604434383,0
CA-2014-133809,21.396,-10.7366,-1.0097026139252006,0
CA-2015-127607,21.376,1.7348,-1.0101721329144688,0
CA-2014-100363,21.375999999999998,7.7192,-1.010172132914469,0
CA-2014-165568,21.36,7.209,-1.0105480503623514,0
CA-2015-151624,21.36,8.1168,-1.0105480503623514,0
CA-2015-115420,21.34,9.8164,-1.011018325623918,0
CA-2017-116204,21.336,7.7343,-1.0111124311966884,0
CA-2017-163671,21.312,7.992,-1.0116774187835174,0
CA-2014-127936,21.24,8.0712,-1.0133760351402281,0
CA-2016-155446,21.21,4.4541,-1.0140854155445391,0
CA-2016-136595,21.204,-11.6622,-1.0142274066031047,0
CA-2014-103807,21.19,7.9958,-1.0145588683420852,0
CA-2016-101168,21.12,6.5472,-1.016219320180705,0
CA-2017-150602,21.12,6.5472,-1.016219320180705,0
CA-2015-129392,21.12,6.6,-1.016219320180705,0
US-2015-130491,21.11,7.8221,-1.0164569564360457,0
US-2016-137547,21.072,1.5804,-1.0173609554661502,0
CA-2015-142139,20.96,6.812,-1.0200344554093554,0
CA-2016-128307,20.936,7.0659,-1.0206091220272866,0
CA-2014-110527,20.88,9.6048,-1.0219524596176286,0
CA-2015-101007,20.8,6.5,-1.023877489498025,0
CA-2015-135363,20.784,7.1436,-1.0242633430907857,0
CA-2017-104318,20.768,2.3364,-1.0246494801909876,0
US-2015-168914,20.768,-52.9584,-1.0246494801909876,0
CA-2017-106537,20.736,7.2576,-1.0254226065823262,0
US-2017-141698,20.736,7.2576,-1.0254226065823262,0
CA-2017-141614,20.736,7.2576,-1.0254226065823262,0
CA-2014-151554,20.736,7.2576,-1.0254226065823262,0
US-2015-137533,20.736,7.2576,-1.0254226065823262,0
CA-2017-134173,20.736,7.2576,-1.0254226065823262,0
US-2017-118535,20.7,9.936,-1.0262937354543364,0
CA-2015-121132,20.696,5.4634,-1.0263906167468464,0
US-2017-120908,20.664,6.9741,-1.027166310717537,0
CA-2017-144820,20.64,2.322,-1.0277488334851774,0
CA-2017-112984,20.544,6.42,-1.0300854030388626,0
CA-2015-111325,20.451,-1.1835,-1.0323589048511286,0
CA-2015-148964,20.24,7.8936,-1.0375538300182396,0
CA-2017-169810,20.23,9.5081,-1.0378013141620792,0
CA-2017-151428,20.16,9.8784,-1.0395369741441358,0
US-2016-131058,20.16,9.8784,-1.0395369741441358,0
CA-2017-108931,20.12,9.516399999999999,-1.0405313596247894,0
CA-2015-128860,20.104,1.7591,-1.0409296412427396,0
CA-2017-151190,20.07,9.2322,-1.0417769932246195,0
CA-2014-109134,20.04,8.8176,-1.0425257930232066,0
CA-2014-118304,19.98,5.1948,-1.0440266010010182,0
US-2016-119270,19.98,8.991,-1.0440266010010182,0
CA-2017-163818,19.98,8.5914,-1.0440266010010182,0
CA-2014-153150,19.92,6.972,-1.0455317072414358,0
CA-2017-147144,19.83,5.949,-1.0477974799140322,0
CA-2015-103961,19.824,6.4428,-1.0479488793205813,0
CA-2017-107244,19.76,8.2992,-1.0495665260606284,0
CA-2017-143434,19.76,8.2992,-1.0495665260606284,0
CA-2014-152296,19.752,6.9132,-1.0497690824592556,0
CA-2014-122679,19.68,6.4944,-1.0515956118621395,0
CA-2017-150525,19.669999999999998,5.311,-1.0518497993252482,0
CA-2015-156524,19.65,9.039,-1.0523585433821432,0
CA-2016-144337,19.648,6.6312,-1.0524094448853776,0
CA-2016-117660,19.616,3.021,-1.0532245401549891,0
CA-2015-144288,19.584,6.9696,-1.0540409015925185,0
CA-2017-111178,19.56,1.7115,-1.0546540059627354,0
CA-2015-121552,19.56,5.4768,-1.0546540059627354,0
CA-2016-147683,19.54,7.2298,-1.0551654732242566,0
CA-2014-141817,19.536,4.884,-1.0552678264371094,0
CA-2017-125745,19.52,5.368,-1.0556774387491414,0
CA-2015-144652,19.46,5.0596,-1.0572163346356878,0
CA-2014-156545,19.456,3.4048,-1.0573190880957337,0
CA-2014-155852,19.456,3.4048,-1.0573190880957337,0
CA-2014-130813,19.44,9.3312,-1.0577303029600102,0
US-2016-114776,19.44,9.3312,-1.0577303029600102,0
CA-2015-167479,19.44,9.3312,-1.0577303029600102,0
CA-2015-160213,19.44,9.3312,-1.0577303029600102,0
CA-2017-115777,19.44,9.3312,-1.0577303029600102,0
CA-2015-150196,19.44,9.3312,-1.0577303029600102,0
CA-2016-100307,19.44,9.3312,-1.0577303029600102,0
CA-2017-168179,19.44,9.3312,-1.0577303029600102,0
US-2016-106313,19.44,9.3312,-1.0577303029600102,0
US-2014-112795,19.44,9.5256,-1.0577303029600102,0
CA-2014-133354,19.44,9.3312,-1.0577303029600102,0
CA-2016-132990,19.312,3.1382,-1.0610316570108478,0
US-2014-147606,19.3,-14.475,-1.0613422248735638,0
CA-2016-168921,19.296,6.03,-1.0614457882929023,0
CA-2017-146024,19.198,-21.5615,-1.063989488217952,0
CA-2015-141936,19.152,6.4638,-1.0651877290447431,0
CA-2016-112382,19.136,1.9136,-1.0656051496939576,0
CA-2017-159884,19.119999999999997,3.528,-1.0660229021561236,0
CA-2017-134285,19.104,6.6864,-1.0664409869591853,0
CA-2017-158967,19.104,5.7312,-1.0664409869591853,0
CA-2017-114440,19.05,8.763,-1.0678544837900685,0
CA-2017-117394,19.04,-1.428,-1.068116660183499,0
CA-2017-153654,19.008,-12.672,-1.0689565046606493,0
US-2017-124303,19.002000000000002,3.5616999999999996,-1.0691141250276588,0
CA-2015-130610,19.0,8.93,-1.0691666756571443,0
US-2016-101497,18.97,9.1056,-1.0699555663277729,0
CA-2016-119641,18.96,7.584,-1.0702187932652731,0
CA-2017-105886,18.96,8.532,-1.0702187932652731,0
CA-2015-120446,18.9,8.694,-1.0718009296425592,0
CA-2016-136287,18.9,8.694,-1.0718009296425592,0
CA-2014-105172,18.9,9.072,-1.0718009296425592,0
CA-2016-140046,18.9,8.694,-1.0718009296425592,0
CA-2017-128629,18.84,7.9128,-1.073387843489734,0
CA-2016-147067,18.84,6.0288,-1.073387843489734,0
CA-2014-166884,18.784,3.9883999999999995,-1.0748732989459786,0
CA-2017-122280,18.76,9.0048,-1.0755112102964848,0
CA-2014-100860,18.75,9.0,-1.075777235394411,0
CA-2016-128923,18.72,4.1034,-1.076576119616757,0
CA-2016-151512,18.72,3.51,-1.076576119616757,0
CA-2017-164000,18.704,2.338,-1.0770026882844397,0
US-2014-156216,18.648,-12.432,-1.0784984111839582,0
CA-2015-150511,18.54,8.7138,-1.0813950969667117,0
CA-2017-152261,18.528,-12.352,-1.081717938731589,0
CA-2016-157364,18.48,6.006,-1.083011292714314,0
CA-2014-113964,18.464,6.924,-1.0834431190079057,0
CA-2016-137652,18.432,-12.288,-1.0843078375406907,0
CA-2015-156377,18.416,-17.2886,-1.0847407309504493,0
US-2017-168802,18.368,5.9696,-1.0860415548070177,0
CA-2017-135783,18.28,6.2152,-1.0884347935805503,0
CA-2017-143217,18.24,8.5728,-1.0895262427158132,0
CA-2014-134621,18.24,-14.592,-1.0895262427158132,0
US-2016-114888,18.192,6.0552,-1.0908389808748256,0
CA-2015-102778,18.176,4.7712,-1.0912772899658973,0
CA-2017-150504,18.16,1.816,-1.0917159649243666,0
CA-2016-141586,18.16,6.583,-1.0917159649243666,0
CA-2017-164098,18.16,1.816,-1.0917159649243666,0
CA-2015-106978,18.128,4.2849,-1.0925944148902595,0
CA-2017-141446,18.0,3.24,-1.0961229724666393,0
CA-2015-166604,17.94,8.7906,-1.0977851749163348,0
CA-2014-109904,17.94,4.485,-1.0977851749163348,0
CA-2017-104906,17.94,8.7906,-1.0977851749163348,0
CA-2015-116512,17.94,3.0498,-1.0977851749163348,0
CA-2016-111696,17.94,8.073,-1.0977851749163348,0
CA-2016-150000,17.92,8.6016,-1.0983404127595644,0
CA-2017-130715,17.9,8.771,-1.0988962378454665,0
CA-2017-154935,17.88,5.5875,-1.099452651417541,0
CA-2016-106915,17.856,4.2408,-1.1001211262624715,0
CA-2017-148166,17.856,2.0088,-1.1001211262624715,0
CA-2017-112536,17.798000000000002,-13.278500000000001,-1.1017401262705082,0
CA-2015-105361,17.64,8.1144,-1.1061759742857482,0
CA-2017-101959,17.62,8.2242,-1.1067401531587526,0
US-2016-144393,17.616,-14.0928,-1.1068530616498373,0
CA-2017-117863,17.608,7.289499999999999,-1.107078951431837,0
CA-2017-167542,17.544,5.9211,-1.1088895736181517,0
US-2015-150231,17.52,6.3072,-1.1095701684506782,0
CA-2015-153073,17.496,-7.4358,-1.1102516458356442,0
CA-2015-100573,17.48,8.2156,-1.1107064555306092,0
US-2017-123204,17.48,4.5448,-1.1107064555306092,0
US-2017-112928,17.48,1.311,-1.1107064555306092,0
US-2017-159562,17.48,8.2156,-1.1107064555306092,0
CA-2017-105053,17.472,6.3336,-1.110934008064899,0
CA-2014-134061,17.46,5.9364,-1.1112755217147805,0
US-2014-117058,17.46,-30.555,-1.1112755217147805,0
CA-2017-129567,17.456,5.8914,-1.1113894089337184,0
CA-2016-164483,17.456,5.8914,-1.1113894089337184,0
CA-2015-120551,17.43,8.0178,-1.1121302780480695,0
CA-2016-133144,17.34,8.4966,-1.1147029201873038,0
CA-2016-136434,17.31,5.193,-1.115563273836045,0
CA-2017-122945,17.31,5.193,-1.115563273836045,0
CA-2014-109127,17.28,7.9488,-1.1164250382867,0
CA-2014-104808,17.248,6.0368,-1.1173458139400883,0
CA-2014-121167,17.248,6.0368,-1.1173458139400883,0
CA-2016-102596,17.184,6.2292,-1.1191922192464667,0
US-2015-126235,17.14,6.1704,-1.120465396450401,0
CA-2015-158918,17.12,7.704,-1.1210451345894261,0
CA-2015-153612,17.12,4.9648,-1.1210451345894261,0
CA-2016-105760,17.12,8.0464,-1.1210451345894261,0
CA-2017-157112,17.104,-5.9696,-1.1215093860063061,0
CA-2015-158323,17.088,1.068,-1.1219740479019458,0
CA-2017-143861,17.088,1.068,-1.1219740479019458,0
CA-2016-151323,17.05,8.184,-1.1230792692761338,0
CA-2016-154053,16.99,4.9271,-1.124829101868555,0
CA-2017-109211,16.98,8.49,-1.1251213079198594,0
CA-2016-130029,16.92,6.3,-1.1268779643846556,0
CA-2014-123127,16.78,4.195,-1.1309998095906102,0
CA-2015-155124,16.776,1.6776,-1.1311180529412568,0
CA-2016-126613,16.768,1.4672,-1.1313546194857564,0
CA-2017-132738,16.752000000000002,6.0725999999999996,-1.1318280722833023,0
US-2016-150035,16.74,4.3524,-1.1321834420047658,0
CA-2016-102134,16.74,4.3524,-1.1321834420047658,0
CA-2017-115070,16.739,-1.2453,-1.132213066998135,0
US-2016-147991,16.72,3.344,-1.1327762594051698,0
US-2015-158911,16.712,5.0109,-1.1330135737328564,0
CA-2017-159457,16.68,5.2125,-1.133963904136003,0
CA-2016-138583,16.656,3.3312,-1.134677781406379,0
CA-2015-164833,16.64,6.5244,-1.135154238891174,0
US-2014-157406,16.608,4.1748,-1.1361084517175246,0
CA-2017-118668,16.59,5.8065,-1.1366459587963247,0
CA-2016-101385,16.56,6.9552,-1.137543027411979,0
CA-2017-163566,16.52,5.369,-1.1387415058555204,0
CA-2014-158064,16.52,5.5755,-1.1387415058555204,0
CA-2016-163951,16.52,1.652,-1.1387415058555204,0
CA-2015-129854,16.52,7.5992,-1.1387415058555204,0
CA-2016-151974,16.52,5.369,-1.1387415058555204,0
CA-2017-109946,16.52,2.065,-1.1387415058555204,0
CA-2016-166485,16.496,5.5674,-1.1394619070234786,0
CA-2014-103800,16.448,5.5512,-1.1409056787275051,0
CA-2017-143343,16.4,4.756,-1.1423534277690737,0
US-2014-129609,16.28,6.512,-1.145990345880864,0
US-2014-107405,16.272,-3.8646,-1.1462337043338033,0
CA-2017-130834,16.272,5.2884,-1.1462337043338033,0
CA-2014-114314,16.23,7.3605,-1.147513188353949,0
CA-2014-147914,16.224,5.8812,-1.147696226343748,0
CA-2016-118934,16.218,-10.9566,-1.147879328106148,0
CA-2016-128706,16.192,-6.8816,-1.1486735070897782,0
CA-2014-107706,16.176,6.066,-1.1491628298157548,0
CA-2017-141747,16.06,4.1756,-1.1527241110036985,0
CA-2017-136238,16.032,5.6112,-1.1535873584084335,0
CA-2017-154732,16.03,-25.648,-1.1536490732308555,0
CA-2017-153339,15.992,0.9995,-1.1548230339594567,0
CA-2017-109715,15.984,4.995,-1.1550705181032968,0
CA-2015-163440,15.984,1.1988,-1.1550705181032968,0
CA-2017-134439,15.96,7.98,-1.1558136705765074,0
CA-2016-134362,15.936,5.1792,-1.1565578754255335,0
CA-2016-123722,15.936,5.1792,-1.1565578754255335,0
CA-2017-134978,15.92,5.373,-1.1570545981182139,0
CA-2017-139493,15.92,2.786,-1.1570545981182139,0
CA-2017-137456,15.92,7.0048,-1.1570545981182139,0
CA-2016-122392,15.808,3.7128,-1.1605448652054162,0
US-2016-157308,15.712,5.6956,-1.1635550838589348,0
CA-2016-103037,15.712,5.6956,-1.1635550838589348,0
CA-2015-153220,15.7,7.065,-1.1639325764429125,0
CA-2015-156118,15.696,5.1012,-1.1640584675849044,0
CA-2014-126907,15.696,5.1012,-1.1640584675849044,0
CA-2016-140634,15.648,5.0856,-1.165571518255004,0
US-2016-149790,15.624,-24.9984,-1.166329680304841,0
CA-2016-124681,15.576,3.3099,-1.167849293613479,0
CA-2017-161851,15.57,-11.937,-1.1680395546074347,0
US-2015-153283,15.56,7.3132,-1.1683568094131647,0
US-2014-167633,15.552,5.4432,-1.168610751225176,0
CA-2014-129168,15.552,5.4432,-1.168610751225176,0
CA-2016-147970,15.552,5.4432,-1.168610751225176,0
CA-2016-158925,15.552,5.4432,-1.168610751225176,0
CA-2017-114412,15.552,5.4432,-1.168610751225176,0
CA-2014-117016,15.552,2.3328,-1.168610751225176,0
CA-2016-119515,15.552,5.4432,-1.168610751225176,0
CA-2016-105277,15.528,5.823,-1.1693733137334323,0
CA-2017-165155,15.51,3.8775,-1.1699459626341622,0
CA-2015-124268,15.48,4.4892,-1.1709017662981713,0
CA-2014-106264,15.39,1.2327,-1.1737796518761086,0
CA-2014-143182,15.384,4.0383,-1.1739720724200529,0
CA-2014-132542,15.36,7.68,-1.1747424599067504,0
US-2017-118157,15.28,7.4872,-1.1773186051130264,0
CA-2014-141299,15.28,7.4872,-1.1773186051130264,0
CA-2014-159478,15.24,5.1816,-1.178611428814781,0
CA-2015-130253,15.24,5.1816,-1.178611428814781,0
CA-2016-165673,15.232,5.5216,-1.1788703756393017,0
CA-2017-160962,15.232,1.504,-1.1788703756393017,0
CA-2016-126543,15.168,3.792,-1.180946556392877,0
CA-2017-114552,15.072,4.1448,-1.1840762881424678,0
CA-2016-137176,15.008,-12.0064,-1.186173178983178,0
CA-2017-139416,15.008,1.5008,-1.186173178983178,0
CA-2015-125178,15.008,1.5008,-1.186173178983178,0
US-2017-119039,14.976,5.4288,-1.1872247702689902,0
US-2016-139388,14.96,0.2992,-1.1877513560542625,0
CA-2015-168186,14.94,7.0218,-1.1884103311496734,0
CA-2017-145275,14.94,6.8724,-1.1884103311496734,0
CA-2015-123505,14.94,7.0218,-1.1884103311496734,0
CA-2015-113740,14.91,4.6221,-1.1894003457025466,0
CA-2016-119445,14.9,1.043,-1.1897307654366198,0
CA-2016-128916,14.896,-5.9584,-1.189862991521034,0
CA-2017-126438,14.88,3.72,-1.1903922287961053,0
CA-2015-166338,14.832,-10.3824,-1.1919831459638348,0
US-2017-166394,14.82,6.9654,-1.1923816289120799,0
CA-2016-147585,14.82,6.2244,-1.1923816289120799,0
CA-2017-118136,14.8,5.612,-1.1930464393356284,0
CA-2016-151141,14.78,3.9906,-1.193712091824536,0
CA-2017-161984,14.77,7.156700000000001,-1.194045234510641,0
US-2017-135503,14.76,4.2804,-1.194378588514671,0
US-2016-116442,14.76,4.2804,-1.194378588514671,0
CA-2017-154949,14.73,7.2177,-1.1953799211194163,0
CA-2015-141768,14.73,4.8609,-1.1953799211194163,0
CA-2016-159653,14.73,7.2177,-1.1953799211194163,0
CA-2017-137001,14.7,4.116,-1.1963831652734058,0
CA-2014-163013,14.67,3.9609,-1.197388328288916,0
CA-2014-139283,14.67,6.7482,-1.197388328288916,0
CA-2016-110023,14.624,5.484,-1.1989333219374698,0
CA-2016-138688,14.62,6.8714,-1.199067884111994,0
CA-2014-100391,14.62,6.7252,-1.199067884111994,0
CA-2015-162607,14.592,4.9248,-1.200010785297427,0
CA-2014-141355,14.576,2.3686,-1.2005503465047118,0
CA-2014-125759,14.56,5.5328,-1.201090462245709,0
CA-2014-114643,14.52,4.7916,-1.202443185179792,0
CA-2015-143532,14.496,4.8924,-1.2032564934201129,0
CA-2014-115336,14.48,-23.892,-1.2037993990156393,0
CA-2014-125171,14.4,7.056,-1.2065223717900229,0
CA-2016-117912,14.368,3.9512,-1.207615523655273,0
CA-2016-112676,14.352,5.2026,-1.20816295346491,0
CA-2017-138422,14.352,5.2026,-1.20816295346491,0
CA-2017-101273,14.336,0.896,-1.2087109541086545,0
CA-2015-145401,14.304,5.0064,-1.209808672669084,0
CA-2015-131457,14.28,6.7116,-1.210633468919575,0
CA-2017-157651,14.2,3.3725,-1.2133921764078566,0
CA-2016-117282,14.16,5.133,-1.2147769797644226,0
CA-2017-112172,14.13,0.7065,-1.215817982223791,0
CA-2016-103128,14.112,1.2348,-1.2164435749340763,0
US-2017-136707,14.016,4.9056,-1.2197927051413024,0
CA-2017-136826,14.016,4.7304,-1.2197927051413024,0
CA-2014-132913,13.97,3.6322,-1.2214050920666026,0
CA-2015-143602,13.944,4.5318,-1.222318634237743,0
CA-2014-157623,13.940000000000001,6.002599999999999,-1.2224593202430623,0
CA-2014-111773,13.92,4.872,-1.2231633157532031,0
CA-2017-125367,13.92,4.35,-1.2231633157532031,0
CA-2017-118122,13.904,4.5188,-1.2237271919550807,0
CA-2017-151071,13.904,4.5188,-1.2237271919550807,0
CA-2014-138198,13.904,4.5188,-1.2237271919550807,0
CA-2015-103723,13.9,5.56,-1.2238682555902671,0
CA-2015-160864,13.848,5.193,-1.2257055368501784,0
CA-2016-144785,13.83,3.8739,-1.2263430183122102,0
CA-2014-161249,13.809000000000001,-7.4901,-1.2270877253408632,0
CA-2016-152408,13.776,4.4772,-1.228260115538166,0
CA-2017-103765,13.762,-24.7716,-1.228758284441083,0
CA-2017-117695,13.76,6.3296,-1.22882948999227,0
CA-2017-136497,13.71,-10.054,-1.2306127715463817,0
CA-2016-110730,13.68,3.6936,-1.2316856522927375,0
CA-2015-147011,13.632,3.5784,-1.2334068303696566,0
CA-2014-146885,13.62,6.129,-1.233838007122736,0
US-2016-158708,13.616,3.5742,-1.2339818113566972,0
CA-2017-103415,13.592,-14.2716,-1.23484546408966,0
CA-2016-109652,13.568,3.2224,-1.2357105384738536,0
US-2017-123463,13.48,5.9312,-1.2388947169107032,0
US-2017-104094,13.48,1.8872,-1.2388947169107032,0
CA-2017-114524,13.468,-22.8956,-1.2393304217053704,0
CA-2017-105480,13.464,5.467499999999999,-1.2394757369474774,0
CA-2014-140004,13.456,2.7914,-1.2397664880308172,0
CA-2014-117317,13.44,6.5856,-1.2403484732173513,0
CA-2016-136994,13.38,6.1548,-1.242536675836357,0
CA-2014-101266,13.36,6.4128,-1.2432681061141089,0
CA-2014-133270,13.36,4.9432,-1.2432681061141089,0
US-2016-155404,13.28,6.3744,-1.246204049893781,0
CA-2017-101210,13.152,2.7724,-1.25093594518,0
CA-2017-117240,13.128,4.2666,-1.2518279384403639,0
US-2015-164357,13.12,1.476,-1.252125606287309,0
CA-2015-128958,13.12,2.132,-1.252125606287309,0
CA-2015-138457,13.092,-10.0372,-1.253168773505799,0
CA-2017-164819,13.05,6.003,-1.25473741712149,0
US-2016-160206,12.99,0.2598,-1.2569864900394383,0
CA-2016-115504,12.96,6.2208,-1.2581146462574317,0
CA-2016-114895,12.96,6.3504,-1.2581146462574317,0
US-2015-120957,12.96,6.2208,-1.2581146462574317,0
CA-2016-146318,12.96,6.2208,-1.2581146462574317,0
CA-2016-152520,12.96,6.2208,-1.2581146462574317,0
CA-2015-144190,12.96,6.2208,-1.2581146462574317,0
CA-2017-137470,12.96,6.3504,-1.2581146462574317,0
CA-2017-157196,12.96,6.2208,-1.2581146462574317,0
CA-2017-107853,12.96,6.2208,-1.2581146462574317,0
CA-2016-165820,12.96,6.2208,-1.2581146462574317,0
CA-2014-164903,12.96,6.2208,-1.2581146462574317,0
US-2016-134369,12.96,6.3504,-1.2581146462574317,0
CA-2014-138513,12.96,6.2208,-1.2581146462574317,0
CA-2014-103401,12.96,6.2208,-1.2581146462574317,0
CA-2016-124562,12.957,-9.5018,-1.2582275951928663,0
CA-2016-164896,12.9,6.321,-1.2603782502009715,0
CA-2015-149678,12.88,0.3864,-1.261134956695614,0
CA-2016-141551,12.86,6.0451999999999995,-1.2618927543319387,0
US-2016-164588,12.84,3.7236,-1.2626516462612594,0
CA-2017-165029,12.84,3.7236,-1.2626516462612594,0
CA-2015-168767,12.832,4.3308,-1.262955510143522,0
US-2015-120572,12.828,-8.9796,-1.2631075079955523,0
CA-2014-106054,12.78,5.2398,-1.2649349195258792,0
CA-2016-124583,12.78,5.751,-1.2649349195258792,0
CA-2017-101637,12.768,0.9576,-1.2653927670092289,0
CA-2017-152961,12.7,5.842,-1.26799479757183,0
CA-2017-142776,12.68,6.0864,-1.2687625589497724,0
US-2015-163783,12.672,-3.168,-1.2690699778352463,0
CA-2017-108287,12.672,1.4256,-1.2690699778352463,0
US-2014-134712,12.624,3.945,-1.2709182771720728,0
CA-2014-152905,12.624,-2.5248,-1.2709182771720728,0
CA-2017-130106,12.62,3.5764,-1.2710725959427402,0
CA-2015-106215,12.576,4.0872,-1.2727730999318432,0
CA-2017-163405,12.51,3.4953000000000003,-1.2753342177232752,0
CA-2017-100426,12.48,5.616,-1.2765025010567186,0
US-2014-134971,12.462,-20.5623,-1.2772047197236795,0
CA-2017-134418,12.42,5.2164,-1.2788468881552417,0
CA-2016-125815,12.42,5.2164,-1.2788468881552417,0
CA-2017-126046,12.39,5.6994,-1.2800230152475427,0
CA-2015-168277,12.39,5.6994,-1.2800230152475427,0
CA-2014-129819,12.39,5.8233,-1.2800230152475427,0
CA-2014-139857,12.35,5.8045,-1.2815952903761079,0
US-2016-148957,12.32,5.9136,-1.282777591369101,0
US-2017-146878,12.294,-8.6058,-1.2838044081692745,0
CA-2015-117898,12.224,4.4312,-1.2865789285197857,0
CA-2017-114216,12.192,4.1148,-1.2878521758288048,0
US-2017-106579,12.176,-18.8728,-1.2884899581519023,0
CA-2017-104108,12.16,2.128,-1.2891285154233352,0
CA-2015-116750,12.158000000000001,-5.0447999999999995,-1.289208389664652,0
CA-2015-132633,12.144,4.0986,-1.289767849528623,0
US-2017-127341,12.128,-20.6176,-1.2904079623601756,0
CA-2016-150889,11.992,0.8994,-1.2958806327559984,0
CA-2016-161543,11.96,5.8604,-1.2971766446821935,0
CA-2015-163104,11.96,5.8604,-1.2971766446821935,0
CA-2016-145009,11.952,3.8844,-1.2975011476685656,0
CA-2014-113047,11.85,3.792,-1.3016562210234786,0
CA-2016-143441,11.84,4.44,-1.3020653550026726,0
CA-2017-150469,11.84,5.6832,-1.3020653550026726,0
CA-2017-137582,11.808,4.1328,-1.303376728283829,0
CA-2017-106964,11.808,4.2804,-1.303376728283829,0
CA-2014-133543,11.76,3.1752,-1.305349944255546,0
CA-2015-161242,11.76,5.7624,-1.305349944255546,0
CA-2017-153227,11.76,5.7624,-1.305349944255546,0
US-2016-131912,11.744,3.8168,-1.3060093327607865,0
CA-2015-130554,11.736,1.0269,-1.3063393375249939,0
CA-2017-102218,11.696,3.9474,-1.3079924768866829,0
CA-2015-141754,11.696,3.9474,-1.3079924768866829,0
CA-2017-100237,11.68,4.2048,-1.308655191438226,0
CA-2016-167290,11.68,3.504,-1.308655191438226,0
CA-2017-144365,11.68,5.256,-1.308655191438226,0
CA-2017-110429,11.673,-7.782,-1.3089453920520864,0
US-2015-106495,11.672,-0.7295,-1.3089868623673364,0
CA-2015-105634,11.65,3.3785,-1.3099000382178334,0
US-2017-130603,11.646,-17.469,-1.3100662408029415,0
CA-2014-155593,11.64,3.3756,-1.310315643276846,0
CA-2016-120180,11.632,1.0178,-1.3106483641298283,0
CA-2015-100545,11.61,-9.288,-1.3115644341291637,0
CA-2017-133067,11.598,-9.0582,-1.3120647825354754,0
US-2014-166828,11.56,5.6644,-1.3136523692146231,0
US-2017-125808,11.56,5.6644,-1.3136523692146231,0
CA-2014-120243,11.56,5.4332,-1.3136523692146231,0
CA-2017-152079,11.52,4.176,-1.315328710571339,0
CA-2017-142671,11.52,-7.68,-1.315328710571339,0
CA-2015-105312,11.481,-1.0427999999999997,-1.3169683079349963,0
CA-2016-162404,11.416,-18.8364,-1.3197123891210094,0
US-2017-143028,11.364,-17.046,-1.321918017348549,0
CA-2014-103744,11.364,-4.522500000000001,-1.321918017348549,0
CA-2015-150441,11.36,5.5664,-1.3220880650995008,0
CA-2015-158554,11.352,4.1151,-1.3224283257586726,0
CA-2017-147550,11.352,2.6961,-1.3224283257586726,0
CA-2016-128258,11.34,5.5566,-1.3229391301757525,0
CA-2016-114538,11.328,2.5488,-1.3234504315649396,0
US-2016-163258,11.232,3.9312,-1.3275588504280302,0
CA-2017-166415,11.22,0.2244,-1.328074668466887,0
CA-2017-133620,11.21,3.363,-1.3285049039143562,0
CA-2014-148369,11.12,5.4488,-1.3323929554567453,0
CA-2017-106355,11.12,2.8912,-1.3323929554567453,0
CA-2015-116260,11.12,2.8912,-1.3323929554567453,0
US-2017-132927,11.088,-8.1312,-1.3337823351681266,0
CA-2017-105193,11.05,2.9835,-1.3354370086412937,0
CA-2016-109911,10.96,2.9592,-1.3393768797618377,0
CA-2014-128622,10.95,3.285,-1.3398164720666255,0
CA-2015-128356,10.944,0.9576,-1.340080404056637,0
CA-2015-149993,10.9,3.597,-1.3420199661531944,0
CA-2014-103527,10.896,3.405,-1.3421966454521292,0
CA-2015-165554,10.86,5.3214,-1.3437894377566182,0
CA-2016-150343,10.86,5.1042,-1.3437894377566182,0
CA-2017-101945,10.824,2.5707,-1.345387072200201,0
CA-2017-162635,10.816,3.5152,-1.3457427626163045,0
CA-2017-111808,10.8,5.184,-1.346454866478284,0
CA-2016-145240,10.784,0.8088,-1.3471679365601827,0
CA-2017-122028,10.782,-7.9068,-1.3472571383884089,0
CA-2016-150658,10.776,3.3675,-1.3475248347536832,0
CA-2015-147851,10.752,3.36,-1.3485969858968492,0
CA-2015-133837,10.744,0.8058,-1.3489548562339548,0
CA-2016-143308,10.74,5.2626,-1.3491338828307236,0
CA-2015-113222,10.74,5.1552,-1.3491338828307236,0
CA-2014-121727,10.72,1.742,-1.3500299317600457,0
CA-2017-143294,10.688,3.7408,-1.351466795456861,0
CA-2017-148992,10.688,3.7408,-1.351466795456861,0
US-2017-149006,10.68,2.8836,-1.3518266260561511,0
CA-2017-123246,10.64,2.7664,-1.3536294839811216,0
CA-2016-158302,10.584,3.4398,-1.3561639208519207,0
CA-2016-155033,10.56,5.0688,-1.3572538608963878,0
CA-2015-115168,10.56,4.752,-1.3572538608963878,0
CA-2016-130078,10.56,4.752,-1.3572538608963878,0
CA-2017-160514,10.56,4.752,-1.3572538608963878,0
CA-2016-101742,10.528,3.6848,-1.3587106395692858,0
CA-2015-124044,10.512,3.6792,-1.3594405460334689,0
US-2014-105151,10.5,2.94,-1.3599886419319922,0
CA-2016-106621,10.496,1.1808,-1.3601714676669137,0
CA-2015-111990,10.476,-17.2854,-1.3610865515995518,0
CA-2016-149454,10.44,4.8024,-1.3627377287747922,0
US-2017-150847,10.368,3.6288,-1.3660557286618182,0
CA-2015-143700,10.368,3.6288,-1.3660557286618182,0
CA-2017-160017,10.368,3.6288,-1.3660557286618182,0
CA-2015-121097,10.368,3.6288,-1.3660557286618182,0
CA-2017-138618,10.368,3.6288,-1.3660557286618182,0
CA-2014-108707,10.368,3.6288,-1.3660557286618182,0
CA-2017-143455,10.368,3.6288,-1.3660557286618182,0
CA-2017-123071,10.368,3.6288,-1.3660557286618182,0
CA-2017-117436,10.36,5.0764,-1.3664256917673696,0
CA-2015-106362,10.332,-7.5768,-1.367722617505122,0
CA-2015-136224,10.272,1.1556,-1.3705125686854827,0
US-2017-106796,10.272,1.1556,-1.3705125686854827,0
CA-2016-162222,10.272,3.21,-1.3705125686854827,0
CA-2017-136063,10.192,1.0192,-1.3742556939806554,0
CA-2017-116113,10.16,3.4544,-1.3757604410923934,0
CA-2016-122518,10.08,3.528,-1.3795412672537017,0
CA-2016-116540,10.07,4.5338,-1.3800157887935995,0
CA-2016-157714,9.99,4.4955,-1.383827465120443,0
CA-2016-162348,9.98,2.7944,-1.3843058744113161,0
US-2014-112200,9.98,-16.467,-1.3843058744113161,0
CA-2015-144890,9.96,4.8804,-1.3852640015130473,0
CA-2017-169607,9.96,4.6812,-1.3852640015130473,0
CA-2015-125423,9.96,4.5816,-1.3852640015130473,0
CA-2014-125682,9.96,4.8804,-1.3852640015130473,0
CA-2015-169733,9.952,0.9952,-1.3856477419972257,0
CA-2014-130092,9.94,3.0814,-1.3862238786195893,0
CA-2017-163069,9.912,1.239,-1.387570658777536,0
CA-2014-164749,9.912,3.2214,-1.387570658777536,0
CA-2017-139444,9.856,3.4496,-1.3902746176923886,0
US-2016-112970,9.84,2.8536,-1.3910497396171708,0
CA-2016-102792,9.84,3.2472,-1.3910497396171708,0
CA-2014-130960,9.84,2.8536,-1.3910497396171708,0
CA-2015-169677,9.82,4.8118,-1.3920202524871381,0
CA-2017-154501,9.78,4.0098,-1.39396667163706,0
CA-2017-108000,9.78,4.89,-1.39396667163706,0
CA-2015-101924,9.762,-6.8334,-1.39484491771047,0
CA-2016-106306,9.702,-7.1148,-1.3977830500544866,0
US-2017-156083,9.664,3.2616,-1.399652399367056,0
CA-2016-107475,9.648,3.4974,-1.4004414874578466,0
US-2014-138835,9.64,4.7236,-1.4008364762548935,0
CA-2017-139661,9.64,3.6632,-1.4008364762548935,0
CA-2016-126935,9.584,3.3544,-1.403609741633721,0
US-2014-121734,9.584,3.3544,-1.403609741633721,0
CA-2014-113166,9.568,3.4684,-1.4044047986230792,0
CA-2016-154536,9.555,-7.3255,-1.405051669263527,0
CA-2016-130050,9.552,-3.8208,-1.4052010602447003,0
CA-2017-124828,9.552,1.5522,-1.4052010602447003,0
CA-2016-103163,9.514,3.8724999999999996,-1.4070970309377766,0
CA-2014-115980,9.51,3.9882,-1.4072970052817924,0
CA-2017-168837,9.46,3.6894,-1.4098031262433965,0
CA-2016-137127,9.45,4.536,-1.4103057877544412,0
CA-2017-105445,9.432,3.0654,-1.4112117918343245,0
CA-2017-104024,9.408,0.7056,-1.4124222320694,0
CA-2017-137421,9.344,1.8688,-1.415663769376464,0
US-2017-124926,9.324,-24.7086,-1.4166808638873383,0
US-2014-121566,9.288,3.7439999999999998,-1.4185166092538959,0
CA-2016-112025,9.264,-13.896,-1.4197440116874163,0
CA-2014-130575,9.264,-13.896,-1.4197440116874163,0
CA-2016-160136,9.248,3.3524,-1.4205638754570238,0
CA-2016-164490,9.248,3.3524,-1.4205638754570238,0
CA-2017-103520,9.248,3.3524,-1.4205638754570238,0
CA-2017-101574,9.24,4.4352,-1.4209742874807962,0
CA-2015-111234,9.24,4.4352,-1.4209742874807962,0
CA-2016-116764,9.216,3.3408,-1.422207450118731,0
CA-2015-136378,9.156,-13.734,-1.4253030760128083,0
CA-2017-158036,9.096,1.7055,-1.4284170446520286,0
CA-2014-134677,9.09,1.9089,-1.4287294587520238,0
CA-2014-122567,9.04,-15.658,-1.4313401574629014,0
CA-2015-136700,8.96,4.3904,-1.4355444404436932,0
CA-2014-124023,8.96,2.7776,-1.4355444404436932,0
CA-2014-108182,8.952,-14.7708,-1.4359667245722656,0
CA-2017-166499,8.94,2.4138,-1.4366007876731894,0
CA-2016-168557,8.928,3.1248,-1.437235616705164,0
US-2016-114622,8.904,-6.5296,-1.4385075799797415,0
CA-2017-129707,8.896,0.6672,-1.438932252786472,0
CA-2017-117156,8.856,2.8782,-1.4410607796724577,0
CA-2017-124191,8.856,-6.8634,-1.4410607796724577,0
CA-2014-165540,8.85,-13.7175,-1.4413808035754139,0
CA-2016-127250,8.82,2.3814,-1.4429838528195964,0
CA-2016-159737,8.808,-14.9736,-1.4436264441811721,0
CA-2017-159604,8.76,4.2048,-1.4462046958106174,0
CA-2014-118276,8.736,-4.8048,-1.447498580509506,0
CA-2016-166240,8.712,-19.602,-1.4487956586744848,0
US-2014-111171,8.69,-14.773,-1.449987465858199,0
CA-2017-164959,8.67,4.0749,-1.4510732773389488,0
CA-2017-158106,8.64,2.5056,-1.452706212582511,0
CA-2014-138737,8.64,2.4192,-1.452706212582511,0
CA-2017-106943,8.64,3.024,-1.452706212582511,0
CA-2014-140032,8.608,3.0128,-1.454453620908073,0
CA-2015-132136,8.568,-14.5656,-1.456646083703055,0
CA-2014-126480,8.56,3.852,-1.4570856760078428,0
US-2017-117331,8.559,-6.5619,-1.457140650909272,0
CA-2014-119466,8.544,-7.476,-1.4579659652751937,0
US-2014-166310,8.544,-7.476,-1.4579659652751937,0
US-2015-118766,8.424,-5.256,-1.4646155593011894,0
CA-2017-167080,8.4,4.2,-1.4659556345782587,0
CA-2015-137603,8.4,2.184,-1.4659556345782587,0
CA-2017-103611,8.36,3.0096,-1.4681967150308666,0
CA-2015-113971,8.352,1.2528,-1.468646080231167,0
CA-2016-124527,8.32,2.808,-1.4704473932877085,0
CA-2016-151498,8.32,2.808,-1.4704473932877085,0
CA-2014-106719,8.288,2.6936,-1.472254901758186,0
CA-2015-157028,8.28,3.4776,-1.472707751910922,0
US-2016-100405,8.26,3.7996,-1.4738415874526387,0
CA-2014-133389,8.226,-6.0324,-1.475774739840261,0
CA-2015-110247,8.226,-6.0324,-1.475774739840261,0
CA-2015-129042,8.22,2.2194,-1.4761166237749455,0
CA-2017-161592,8.1,-5.94,-1.4830014283947706,0
CA-2015-146696,8.096,2.7324,-1.4832324825069698,0
CA-2015-112522,8.016,1.002,-1.4878750265653231,0
CA-2014-101427,8.016,1.1022,-1.4878750265653231,0
CA-2016-161158,8.0,3.44,-1.4888084772010208,0
CA-2017-162474,7.992,2.5974,-1.4892758250039249,0
US-2014-103338,7.98,2.0748,-1.4899776268928604,0
CA-2017-126676,7.98,3.9102,-1.4899776268928604,0
CA-2015-157434,7.968,2.8884,-1.490680367228996,0
CA-2017-149146,7.968,2.6892,-1.490680367228996,0
CA-2016-151169,7.92,3.564,-1.4935007634602595,0
CA-2015-155145,7.92,3.4848,-1.4935007634602595,0
CA-2017-141663,7.92,1.683,-1.4935007634602595,0
CA-2016-150007,7.9079999999999995,-1.1435999999999997,-1.4942082339324574,0
CA-2017-139948,7.904,2.1736,-1.4944442692248743,0
CA-2017-113572,7.88,2.5216,-1.4958627115697318,0
US-2015-110163,7.88,1.773,-1.4958627115697318,0
CA-2016-120257,7.872,0.8856,-1.4963363777304426,0
CA-2014-164910,7.872,0.8856,-1.4963363777304426,0
CA-2017-163692,7.857,-6.0237,-1.4972256541055289,0
CA-2014-167724,7.83,3.6018,-1.4988301535011068,0
CA-2017-145310,7.824,2.934,-1.4991873751551001,0
CA-2017-162096,7.8,2.106,-1.5006186948861635,0
CA-2015-168634,7.78,2.0228,-1.5018144464139398,0
CA-2017-162250,7.78,3.501,-1.5018144464139398,0
CA-2016-141180,7.764,-5.176,-1.5027730104183763,0
CA-2014-123316,7.752,2.8101,-1.5034930825608066,0
CA-2016-154788,7.712,2.7956,-1.505900473713921,0
CA-2017-145660,7.712,1.7352,-1.505900473713921,0
CA-2016-101469,7.7,3.157,-1.5066248467710341,0
US-2014-120236,7.68,-11.52,-1.5078343583975145,0
CA-2015-113523,7.656,-6.1248,-1.5092894564283554,0
CA-2014-128538,7.64,3.7436,-1.5102617648828245,0
CA-2014-130918,7.632,-1.8126,-1.5107485945329526,0
US-2017-135230,7.58,2.9562,-1.5139240275761217,0
CA-2016-111010,7.56,0.3024,-1.5151504752033038,0
CA-2015-156153,7.56,0.3024,-1.5151504752033038,0
CA-2015-142041,7.52,2.632,-1.517611990568699,0
CA-2015-169537,7.5,3.6,-1.518847085308118,0
CA-2017-107832,7.476,-5.9808,-1.520333040783696,0
CA-2016-123617,7.434,-5.6994,-1.5229436159837777,0
CA-2017-129805,7.4,3.034,-1.5250664782467285,0
CA-2016-149482,7.38,3.4686,-1.526319238243371,0
CA-2015-125696,7.38,-5.412,-1.526319238243371,0
CA-2016-129693,7.312,2.5592,-1.530601099306802,0
CA-2015-160696,7.24,1.1765,-1.535173185300132,0
US-2014-128685,7.184,2.245,-1.5387569575788658,0
CA-2014-156601,7.16,3.58,-1.5403003729899216,0
CA-2016-105018,7.16,3.4368,-1.5403003729899216,0
CA-2016-106341,7.152,0.7152,-1.5408158537274075,0
CA-2015-169299,7.152,0.7152,-1.5408158537274075,0
CA-2015-151785,7.104,2.4864,-1.5439194015447606,0
CA-2014-130869,7.08,2.478,-1.545478075657376,0
CA-2016-117625,7.072,2.3868,-1.5459986626932412,0
CA-2017-127264,7.056,2.205,-1.5470413863879628,0
CA-2017-140536,7.04,2.0416,-1.5480861830933823,0
CA-2016-127985,7.04,3.0976,-1.5480861830933823,0
US-2015-112508,6.992,0.5244,-1.551233094111648,0
CA-2016-130799,6.96,2.2272,-1.5533415525857373,0
CA-2014-105340,6.928,-11.0848,-1.5554585043696545,0
CA-2016-117226,6.924,-10.386,-1.5557237239411335,0
CA-2015-115399,6.912,2.5056,-1.5565201866897882,0
CA-2017-101077,6.848,2.14,-1.560788494983119,0
CA-2015-107468,6.848,0.5992,-1.560788494983119,0
US-2015-161466,6.848,0.5992,-1.560788494983119,0
CA-2016-132017,6.816,-11.5872,-1.5629357199098899,0
CA-2014-153619,6.72,3.36,-1.569430540819416,0
US-2015-105676,6.688,-4.0128,-1.5716134414438103,0
CA-2017-107552,6.68,3.2064,-1.572160586282126,0
CA-2015-152681,6.68,2.004,-1.572160586282126,0
CA-2017-152275,6.672,0.5004,-1.5727083013600844,0
US-2016-132857,6.672,1.668,-1.5727083013600844,0
CA-2014-148425,6.642,-4.428,-1.5747673319543238,0
CA-2015-118948,6.63,1.7901,-1.5755932083470228,0
CA-2015-121041,6.608,2.1476,-1.5771106941807729,0
CA-2015-130736,6.57,1.2006,-1.5797421712364221,0
CA-2014-117478,6.57,-5.037,-1.5797421712364221,0
CA-2017-110380,6.57,1.7739,-1.5797421712364221,0
US-2017-125213,6.54,2.1582,-1.5818290008602935,0
US-2017-127719,6.48,3.1752,-1.5860276855351765,0
CA-2016-100587,6.48,3.1104,-1.5860276855351765,0
CA-2016-167584,6.48,3.1104,-1.5860276855351765,0
CA-2016-148201,6.48,3.1104,-1.5860276855351765,0
CA-2015-137281,6.48,3.1104,-1.5860276855351765,0
CA-2017-158953,6.37,-9.555,-1.5938134956386372,0
CA-2017-155929,6.368,2.388,-1.5939561289872486,0
CA-2015-130855,6.36,0.0636,-1.5945270498144266,0
CA-2016-144855,6.3,3.024,-1.5988288411168945,0
CA-2015-160059,6.24,3.0576,-1.6031661359126637,0
CA-2017-127712,6.208,0.6984,-1.6054940802274809,0
CA-2015-167269,6.208,2.1728,-1.6054940802274809,0
CA-2014-116673,6.16,1.9712,-1.6090054467631698,0
CA-2016-152800,6.12,2.8764,-1.6119496145179562,0
CA-2014-168158,6.096,2.2098,-1.6137240649479436,0
CA-2014-156993,6.08,3.04,-1.6149103692208309,0
CA-2015-136658,6.08,2.0672,-1.6149103692208309,0
US-2017-102638,6.03,2.9547,-1.6186349246386407,0
CA-2017-154718,6.0,2.1,-1.6208823945061421,0
CA-2016-162733,5.98,2.691,-1.6223860652593922,0
CA-2014-141901,5.98,2.691,-1.6223860652593922,0
CA-2017-161823,5.96,1.6688,-1.623894050712252,0
CA-2017-155047,5.952,0.372,-1.624498458564648,0
CA-2017-106824,5.94,0.1188,-1.625406375697575,0
CA-2014-146997,5.94,0.0,-1.625406375697575,0
US-2014-143707,5.94,1.6038,-1.625406375697575,0
US-2017-132206,5.936,-8.904,-1.6257093636389346,0
CA-2015-111864,5.904,1.9926,-1.6281395763845123,0
CA-2017-152226,5.904,1.9926,-1.6281395763845123,0
US-2014-158638,5.892,-4.1244,-1.6290538112971271,0
CA-2014-128062,5.88,1.9845,-1.629969639416901,0
CA-2015-144302,5.792,-9.5568,-1.6367349268366433,0
CA-2017-154816,5.78,2.8322,-1.63766425080955,0
CA-2015-159590,5.76,1.6128,-1.6392167853795396,0
CA-2016-140256,5.76,1.6704,-1.6392167853795396,0
CA-2015-127502,5.76,2.8224,-1.6392167853795396,0
CA-2017-158736,5.76,1.6704,-1.6392167853795396,0
US-2017-107636,5.76,2.8224,-1.6392167853795396,0
CA-2015-139290,5.76,2.6496,-1.6392167853795396,0
CA-2014-119529,5.76,2.8224,-1.6392167853795396,0
CA-2014-111360,5.742,-4.5936,-1.640617998808542,0
US-2017-154851,5.715,-4.7625,-1.6427268489866023,0
US-2017-109484,5.682,-3.788,-1.6453158778552848,0
CA-2014-162684,5.68,1.917,-1.6454731993860905,0
CA-2017-119669,5.67,0.1134,-1.6462605142445523,0
CA-2014-159849,5.67,0.1134,-1.6462605142445523,0
CA-2015-120516,5.64,2.7072,-1.648629560644324,0
US-2017-145863,5.628,-9.702300000000001,-1.6495801775506127,0
CA-2015-150749,5.56,1.4456,-1.6549997303935322,0
CA-2017-169005,5.56,1.4456,-1.6549997303935322,0
CA-2016-136049,5.553,-4.0722,-1.655560811509609,0
CA-2014-139633,5.484,-4.0216,-1.6611237609464753,0
CA-2014-145212,5.46,1.4742,-1.66307258605883,0
CA-2017-156412,5.346,-4.455,-1.6724294961955852,0
CA-2016-149370,5.344,1.8704,-1.6725951487012063,0
CA-2014-103086,5.312,-1.5936,-1.6752527147677139,0
CA-2016-152331,5.304,0.4641,-1.6759192114578487,0
CA-2015-111507,5.28,1.5312,-1.6779237882165834,0
CA-2015-109939,5.248,0.5904,-1.6806085070551717,0
CA-2014-123064,5.248,1.64,-1.6806085070551717,0
CA-2017-131632,5.248,0.5904,-1.6806085070551717,0
CA-2017-131653,5.22,2.4012,-1.682968939633009,0
CA-2014-160066,5.22,2.4012,-1.682968939633009,0
US-2017-126081,5.184,1.8144,-1.686019443604492,0
CA-2014-126333,5.184,1.8144,-1.686019443604492,0
CA-2017-133501,5.184,1.8144,-1.686019443604492,0
US-2014-150924,5.18,-8.029,-1.6863594841014615,0
US-2015-104430,5.176,-7.764,-1.6866997447606331,0
CA-2015-153626,5.16,0.8385,-1.6880629947332009,0
CA-2017-101665,5.16,1.3416,-1.6880629947332009,0
CA-2015-113040,5.104,1.6588,-1.6928624122882403,0
CA-2016-165470,5.08,1.651,-1.6949327993510344,0
CA-2014-136280,5.04,1.764,-1.698401673792018,0
CA-2015-148705,5.04,1.764,-1.698401673792018,0
CA-2016-123015,4.992,1.6848,-1.7025947750503405,0
CA-2014-165393,4.984,-8.4728,-1.703296889476394,0
CA-2016-154403,4.98,2.4402,-1.7036482987637984,0
CA-2015-162544,4.98,2.3406,-1.7036482987637984,0
CA-2015-128167,4.96,2.3312,-1.7054088785334451,0
CA-2017-111374,4.956,-3.7996,-1.705761703366927,0
CA-2015-130995,4.95,1.3365,-1.7062913851551553,0
CA-2016-163216,4.928,1.7248,-1.7082381320409925,0
CA-2017-126718,4.91,2.4059,-1.7098363063179611,0
CA-2017-126774,4.89,2.0049,-1.711617774361933,0
CA-2017-160801,4.842,-3.3894,-1.7159180989615987,0
US-2016-100419,4.788,-7.9002,-1.7207984020926608,0
CA-2017-145338,4.768,0.4768,-1.7226174851471692,0
US-2014-132745,4.71,0.0,-1.7279287150625244,0
CA-2016-136483,4.704,0.4116,-1.7284812287665423,0
CA-2016-106075,4.616,1.731,-1.7366522177734136,0
CA-2014-127488,4.608,1.6704,-1.7374013733810063,0
CA-2015-110345,4.608,1.6704,-1.7374013733810063,0
US-2017-129224,4.608,1.6704,-1.7374013733810063,0
CA-2015-155453,4.608,1.6704,-1.7374013733810063,0
CA-2017-133928,4.572,-3.81,-1.7407858524327744,0
CA-2017-151218,4.464,0.3348,-1.7510720665505586,0
CA-2016-105284,4.416,1.6008,-1.7557091487214587,0
CA-2014-152849,4.368,0.3822,-1.7603875110984195,0
CA-2017-167017,4.36,0.1744,-1.7611713032940133,0
US-2016-148334,4.312,-6.8992,-1.7658987645855415,0
CA-2015-144099,4.304,1.5602,-1.7666908258805105,0
CA-2017-159135,4.3,1.419,-1.7670873046392115,0
CA-2014-159814,4.272,0.9612,-1.7698710629364018,0
CA-2017-135167,4.26,1.7466,-1.7710686310271277,0
CA-2017-128426,4.24,-6.36,-1.773070662285405,0
CA-2016-149461,4.18,1.5048,-1.7791229276761826,0
CA-2014-133963,3.984,1.4442,-1.7993939143649933,0
CA-2016-138933,3.984,1.3944,-1.7993939143649933,0
US-2016-128195,3.98,-6.567,-1.7998158594456537,0
CA-2014-100328,3.928,1.3257,-1.805332198674418,0
CA-2014-123253,3.912,1.0269,-1.8070412491878796,0
US-2015-141453,3.882,-5.823,-1.8102607767355101,0
CA-2017-162880,3.856,1.3978,-1.8130670776764453,0
CA-2017-106047,3.816,1.1925,-1.8174139392639381,0
CA-2016-125920,3.798,-5.8869,-1.819381818878747,0
CA-2017-102554,3.76,1.0904,-1.8235605890963724,0
CA-2014-119032,3.76,1.316,-1.8235605890963724,0
CA-2015-119592,3.76,1.8048,-1.8235605890963724,0
US-2016-158309,3.744,-2.6208,-1.8253300606997962,0
US-2016-104794,3.68,1.8032,-1.8324681340328273,0
CA-2016-132899,3.64,0.9828,-1.8369791709128824,0
CA-2016-105291,3.62,1.1946,-1.8392492935345306,0
CA-2017-154466,3.6,1.728,-1.8415292648751702,0
CA-2015-156608,3.592,-6.286,-1.8424440302405694,0
CA-2015-142692,3.592,1.1225,-1.8424440302405694,0
CA-2015-133494,3.552,0.444,-1.8470418948244658,0
CA-2016-163636,3.536,0.3094,-1.8488923635311914,0
US-2017-120649,3.52,1.0208,-1.8507493710101814,0
CA-2015-133977,3.444,-2.5256,-1.8596608909451782,0
CA-2015-125710,3.44,0.559,-1.8601341305716927,0
CA-2015-104059,3.424,0.2996,-1.8620313621258435,0
CA-2015-107741,3.408,0.8946,-1.8639354677223774,0
CA-2015-149384,3.366,-2.244,-1.8689668186502852,0
CA-2017-146367,3.318,-5.6406,-1.8747765423377245,0
CA-2015-163895,3.304,1.1151,-1.8764832142102401,0
CA-2017-125640,3.304,1.0738,-1.8764832142102401,0
CA-2016-145499,3.282,-2.6256,-1.8791763755977937,0
CA-2015-137225,3.28,1.4104,-1.8794218942052643,0
US-2016-162103,3.136,-4.704,-1.8974076538072782,0
CA-2017-112487,3.132,-2.61,-1.8979161517373537,0
CA-2017-155936,3.036,-5.0094,-1.9102700816952018,0
CA-2017-156720,3.024,-0.6048,-1.911834944101262,0
CA-2015-161795,3.008,0.3384,-1.9139287021286375,0
CA-2016-111409,3.0,1.05,-1.914978717602283,0
CA-2015-160787,2.946,-2.0622,-1.9221217318630424,0
US-2014-134187,2.94,0.7938,-1.9229214265185919,0
CA-2014-154186,2.92,0.365,-1.9255958982943968,0
CA-2017-109778,2.912,0.91,-1.9266695096376147,0
CA-2017-154214,2.91,1.3677,-1.926938255524183,0
CA-2016-163202,2.907,-2.0349,-1.9273416322125796,0
US-2017-162208,2.896,0.9774,-1.9288233346594528,0
CA-2017-159107,2.88,1.3536,-1.9309860231837133,0
CA-2014-151953,2.816,0.9856,-1.9397268911223449,0
CA-2015-126970,2.808,-4.4928,-1.94082979303759,0
US-2017-168690,2.808,-1.9656,-1.94082979303759,0
CA-2017-107293,2.78,0.7228,-1.9447082797906052,0
CA-2017-159954,2.78,1.3622,-1.9447082797906052,0
US-2015-149692,2.772,-4.851,-1.94582169666838,0
CA-2016-108567,2.694,-2.245,-1.9568029535420874,0
CA-2017-152205,2.655,-1.8585,-1.9623808451266573,0
CA-2017-148012,2.624,0.4264,-1.966857176534565,0
CA-2014-115973,2.624,0.4264,-1.966857176534565,0
CA-2016-111605,2.61,1.2006,-1.9688913112212723,0
US-2014-112564,2.502,-1.7514,-1.9848535949511057,0
CA-2014-126277,2.502,-2.0016,-1.9848535949511057,0
US-2016-158680,2.496,0.9048,-1.985754765625882,0
CA-2015-126466,2.48,1.1656,-1.9881654697142124,0
US-2015-161347,2.412,-2.01,-1.9985361529488372,0
CA-2014-101147,2.394,-6.3441,-2.0013159379357646,0
CA-2017-102267,2.368,0.8288,-2.0053573204112873,0
CA-2017-168900,2.313,-1.9275,-2.0140102000152926,0
CA-2016-134691,2.296,-3.9032,-2.01671380824331,0
CA-2017-101728,2.296,-3.9032,-2.01671380824331,0
CA-2017-156391,2.224,0.556,-2.028321134384244,0
CA-2016-113600,2.214,-1.476,-2.0299537314404046,0
US-2016-131891,2.214,-1.476,-2.0299537314404046,0
CA-2017-145093,2.112,-3.3792,-2.046902504190848,0
US-2017-153633,2.064,0.1548,-2.0550715687233656,0
US-2015-160150,2.025,-1.35,-2.061803725234709,0
CA-2017-160045,1.988,-1.4413,-2.068271362188201,0
CA-2016-108644,1.964,-3.2406,-2.072509551042953,0
CA-2016-146521,1.941,-1.294,-2.076603474914194,0
CA-2017-169817,1.908,-1.5264,-2.0825336369320575,0
CA-2014-101770,1.869,-1.3083,-2.0896293896034734,0
CA-2017-121678,1.824,-1.3984,-2.097937648232447,0
CA-2017-166933,1.81,0.6516,-2.100549459066629,0
CA-2016-108364,1.8,-2.88,-2.10242301744932,0
CA-2017-125878,1.788,-3.0396,-2.104680140044506,0
US-2017-139955,1.744,-0.3488,-2.1130401981414337,0
CA-2015-150413,1.72,-2.838,-2.1176569121925133,0
US-2017-155299,1.624,-4.466,-2.13654035333671,0
CA-2017-165099,1.392,-3.7584,-2.185188921706976,0
CA-2017-106691,1.248,-1.9344,-2.2178186630078462,0
US-2017-162068,1.188,-0.99,-2.2320359205647278,0
CA-2014-112718,1.167,-0.8558,-2.2371042418063936,0
CA-2015-146829,1.112,-1.8904,-2.2506148205718883,0
US-2017-100209,1.08,-0.792,-2.258638374434089,0
US-2014-152723,0.876,-1.4016,-2.312887022143011,0
CA-2014-112403,0.852,-0.5964,-2.319653629397777,0
CA-2016-168361,0.836,-1.3376,-2.324213593535759,0
CA-2017-124114,0.556,-0.9452,-2.411173923192808,0
